Plaintext,Ciphertext
aaaaaaaa,15b1b61a0c7e1d9b
bbbbbbbb,e6d5579905d394e7
cccccccc,46a2bb7dacbc1f40
dddddddd,1bf49642bf0d4258
eeeeeeee,36e3ee1508284d6b
ffffffff,84bc07a586b752a4
gggggggg,c5fd84741e22eb6a
hhhhhhhh,26d63b00f02fe5c7
iiiiiiii,a3b528f6e649f694
jjjjjjjj,8084c086390a860a
kkkkkkkk,bfbffe441226d8d9
llllllll,e8e6497ee95ee8b1
mmmmmmmm,bd88f79bf3b14803
nnnnnnnn,7d0340521b7b6420
oooooooo,6a1b76435ad86c99
pppppppp,1e4a1be886b7ae39
qqqqqqqq,b720385ddc74200b
rrrrrrrr,03e58a6e9e6a41d8
ssssssss,cc3a6d471d4179cb
tttttttt,0d6139325e98cb5b
uuuuuuuu,cbb8e3f3d38a8e90
vvvvvvvv,23268e90fb94cf9a
wwwwwwww,e5eeb80536370890
xxxxxxxx,5e46e7c15f1259d9
yyyyyyyy,f9f4aeaae6beb689
zzzzzzzz,f06994152ea0231d
00000000,2d59fe6aa724b9e7
11111111,f7bf1ab9444a101e
22222222,a4ad98d7a7dc78ea
33333333,820fb71d3dd7504a
44444444,60b5257a9b4b3a77
55555555,cf4c35c3017c3dfc
66666666,8fadd339fb0fbb06
77777777,754f9e8a24ebd664
88888888,6a117e1de379cdc5
99999999,8efde45b7fb21468
Provided,f91d146ece50edc2
 proper ,690de33fb86fc6ce
attribut,e02646384850d473
ion is p,a94bcba07de41e2e
rovided ,88ee516b7ebcc112
Google h,cea6d54251e95ae6
ereby gr,0f689187b41b00c2
ants per,15954b2dfba3a5c6
mission ,4d7dd76f3a3474d3
to repro,578598754fcab028
duce the,c3f268832174ec75
 tables ,627b848e241cc9ac
and figu,0e2e742193c3a934
res in t,d08b2357b75edda9
his pape,ac869dcc60262093
r solely,ca885996cb64af8a
 for use,c895579da0dae042
 in jour,25d7b6cc6029b0d5
nalistic,18aa5b33ba55aa23
 or scho,dce1e46093a06306
larly wo,00adbb6887d52a61
rks Atte,a756e59605026fe5
ntion Is,eea1bb08bf5ede17
 All You,70174b643ffad449
 Need As,2ddee131cc8f4df3
hish Vas,8df6a80dd449a31b
wani Goo,c155ed528f6308d4
gle Brai,116cc86f07ea643b
n avaswa,4e38f25a7f9678ed
nigoogle,b76d4a207f6a24ac
comNoam ,7d1c5186d5c2ac6c
Shazeer ,352ade517c4daa4e
Google B,32c3f38cde2425e2
rain noa,1b464132ad503cde
mgooglec,03f0b46fbfe9d7d1
omNiki P,933620de749dd5b9
armar Go,364b1997197ad700
ogle Res,6a65f4d08c4762ba
earch ni,7155f0686b9a0a2b
kipgoogl,9af8b0c34e7819fb
ecomJako,c14511a696fbf577
b Uszkor,41ebc2f12569362f
eit Goog,24be7919d651e688
le Resea,0ccda71cf91c6146
rch uszg,12c2fd843a59cb1b
ooglecom,da20caaa6201c42f
 Llion J,7537e0e00c69cc3a
ones Goo,8fa8778dfd9bb4a3
gle Rese,4a48f4f9ad9ab9cb
arch lli,dd1f313a246772e5
ongoogle,ffd94e7eeb881555
comAidan,51dd560e1682a00e
 N Gomez,f71cac92ed7b5f9f
  Univer,4f9753bc6341fd39
sity of ,3159b6e8ccbfa023
Toronto ,9391d390b689d452
aidancst,125535502099ac61
orontoed,f496f8b4a9e7be4a
uukasz K,19681d4cc46db11b
aiser Go,ad6a908d384055ac
ogle Bra,3e84ee479ea30cd8
in lukas,b1ff58c55fa29519
zkaiserg,dbbebc7d5893704e
ooglecom,da20caaa6201c42f
 Illia P,1f128e599cad3984
olosukhi,2220e63999acf723
n  illia,457bcd8e96d3f7ed
polosukh,03248b5aa08319db
ingmailc,825c694117c10202
om Abstr,f67cc07e9b6291f7
act The ,c0b9118ab39664fa
dominant,c49d2eef52e60b5e
 sequenc,49078f17a95b63d2
e transd,4ad1c350f1bdbc11
uction m,20da75ddccc4e57b
odels ar,7714a0866cc64b0f
e based ,57e5e8c5b8e46bf3
on compl,fb04a3b5db499993
ex recur,78ae830b5fbc245f
rent or ,839491f88319de73
convolut,ce461099ee2785c9
ional ne,4423f51178948183
ural net,f358f3f805c97adc
works th,b5acfb06308c975f
at inclu,715cf871d5f7c939
de an en,dd088e3e7d4a577e
coder an,23e9938eec84e006
d a deco,600dafcbe66c8b90
der The ,bd69cbb46fb529a7
best per,2e779eb99b5342ed
forming ,524bf053356af54f
models a,e51b7d0be910b04f
lso conn,123221ca19638033
ect the ,c08d0a865f1038a7
encoder ,d0e55b0edcc5fc47
and deco,f6484b3938766e8b
der thro,1fb175e4f3aefa2b
ugh an a,7e989058b9707bb0
ttention,2131bfb31256dfa5
 mechani,efe4c9a7bc558c75
sm We pr,44383a09f57957fe
opose a ,0dc3df6467597de8
new simp,9ffd9009921eab15
le netwo,265ce136b834e68f
rk archi,36f0f1114d1dce6c
tecture ,b2a15c8d2148cc3b
the Tran,f98aec8bf9b118f1
sformer ,b7cf4f1dce448f6a
based so,17e28af6ef9a2ea1
lely on ,9d1c6812e28dc7b4
attentio,89f010d4293abe12
n mechan,cb042100be0d57c8
isms dis,031aad6456b99c1b
pensing ,8735ea496a106f95
with rec,7c096527a1146726
urrence ,18fbe7f41de3e653
and conv,a992ed83ea1ebc53
olutions,b7d74109082dea82
 entirel,5cb527dfbe71e2f0
y Experi,4f1716b4f977bb5b
ments on,8c8ebe5747e018b5
 two mac,7632f725a735c73c
hine tra,5cc9494b13e3e6b0
nslation,d919050e300fa0be
 tasks s,d22e0ed484933ae9
how thes,d045859d4f49f341
e models,5ca9ea60037848cf
 to be s,92bff461d2d3aec8
uperior ,f3098dc9ff7742e2
in quali,a02e55f86993b7a4
ty while,93f3d20b6a4af8ac
 being m,0a8431eb37f83c38
ore para,20e2b6eb1c265869
llelizab,193441ce426de6cd
le and r,9c8715b514a75ef1
equiring,3fb147cc9a215a0c
 signifi,d19764d9178aef7b
cantly l,6736f2628f2fef01
ess time,203b06659e14d320
 to trai,3bbb6212ea89c2e5
n Our mo,53bfa7bc45df296b
del achi,25f8a8d7a73217f9
eves 284,4cf8aff687bcc4ba
 BLEU on,569f48e1430cc504
 the WMT,079db9f864b66f8b
 2014 En,6d2049fc854ed8b6
glish to,e837f00a7ac00dcc
German t,8ce03501d8aeafc4
ranslati,5e5a3809b0678fa2
on task ,ded2aeaf092fc8c2
improvin,549197e610aca18e
g over t,c0955f63c251b7d8
he exist,c8d35ebff1b536e4
ing best,8b57ed1e12dabe5b
 results,d9dbc53d15701239
 includi,e23d972ffa94c232
ng ensem,55d5353bb0a50be9
bles by ,8f4ecb05b5b2ec40
over 2 B,a56df27c350915cc
LEU On t,1eacd48842e24033
he WMT 2,84053e21ac329b81
014 Engl,d449ff465469298f
ishtoFre,17a0caba191699c0
nch tran,359f7848aaeda7e8
slation ,49c9fa4ba0ce583f
task our,ae9efbb17593a310
 model e,8d38b0a6e131c458
stablish,8e01cd3767d6f7a0
es a new,d2be235aea940bd8
 singlem,9804b0ce1f3cd22c
odel sta,dd98b2cfcdbdb5ba
teofthea,9624df6ad4d02cbf
rt BLEU ,7a237f4e57f32d47
score of,8c4aac523023b40a
 418 aft,3dc23b27398f4b38
er train,6ef67389a1fe2ab7
ing for ,6bdbfcc25d40b2fa
35 days ,73ddf968222a02ab
on eight,461c291cf1c7b4d5
 GPUs a ,ec62f3c0b3c1788d
small fr,c179a50f35d32d25
action o,3a1681746edf4063
f the tr,0762557a0cb47c4c
aining c,8bc0019e764565d9
osts of ,3e50849cde8b0e77
the best,6b48523baf3456e4
 models ,744a4671d9f0c2d2
from the,9f68113da4dba6bd
 literat,561c1af93d55a5fd
ure We s,b6e36c06c86a2fe7
how that,93d95eca876f85a4
 the Tra,2b20a05b9b6d4fea
nsformer,c35ddbc3dc59fc09
 general,ad30e360298fc1fb
izes wel,00f20537eed603f0
l to oth,eab2c4da9261a3a6
er tasks,d25d87f41ce277c1
 by appl,2c8e33c2b41a5349
ying it ,e0efc99ec2f3a9b7
successf,db12795ec53ee06a
ully to ,274de6ae9c887b4b
English ,2b9d6e887164fa11
constitu,fc78f3eec0bf8d1b
ency par,bfe77fc10a7e6e90
sing bot,3c1fac5615738416
h with l,07c9515c0c1c3cab
arge and,0ea0d6008f0fcc95
 limited,2231f6da0b1f6c7e
 trainin,a95d310a162279f7
g data E,7ade886679563dd8
qual con,4ce6812f25402a7b
tributio,edf6bd01854b71ac
n Listin,77ee62e595f6db7c
g order ,1840f5fd42530c1f
is rando,cc5d8394d32cb82a
m Jakob ,53fe4d507b82b7d8
proposed,3f3d014d76fb37ad
 replaci,43881b7c9cad043e
ng RNNs ,7dfa55ad4b8c61de
with sel,052b9543d840c105
fattenti,2e9f6f14ee2417ec
on and s,3b6f30db9e7c648f
tarted t,52faddda67758310
he effor,a2aac34bac10bba4
t to eva,c035ac718ee22677
luate th,da9c57ccdd8d9b19
is idea ,6d915bdc17e53cbd
Ashish w,ccc3326382bcd27f
ith Illi,87d34d6f69351444
a design,f4403e6d2cdbcc4f
ed and i,838f091cdc3ec6ff
mplement,6bd9a0ab0be0d7a2
ed the f,4d9dc05aaa8a0b2c
irst Tra,994db2c3d9a762cb
nsformer,c35ddbc3dc59fc09
 models ,744a4671d9f0c2d2
and has ,6023f908c950906f
been cru,55b08db0d507dadf
cially i,3ac631918b840349
nvolved ,d89133fbf56984f1
in every,499d3438015847b0
 aspect ,4d17cf1973fc48c2
of this ,540b8d5c49af1d93
work Noa,4fc19a85b61a968f
m propos,5fa1181eaedc62a7
ed scale,156bb17274ca7bc0
d dotpro,9224f4b8967b63b6
duct att,e6b70305c6b2c310
ention m,0c5df00cc2f076fe
ultihead,f1d4465d1e599b16
 attenti,d2e5f66dab9f9fd1
on and t,c36db0c280fc0f83
he param,099dbf5ca6bd4c9a
eterfree,e1406ef99852f53d
 positio,db3b62a6e9e98943
n repres,7d299af1ca1eb962
entation,74477615ae73ba55
 and bec,a0918c6f9d55242b
ame the ,1238a2d9aa40eb4a
other pe,0ecb17da9797f943
rson inv,62ae978507d3af6a
olved in,d958119a4e5708fa
 nearly ,826fe61cb1a0f753
every de,df6100cab26b97c4
tail Nik,78af18483fa4d40a
i design,aba26be1ac9c0592
ed imple,8ac46c31afdc88fa
mented t,42f5cd8a8c461e39
uned and,d0ac59ad3df94e53
 evaluat,e4c8154356e9e9ff
ed count,97c6ebaa56fb1d12
less mod,3f6cbf004c605622
el varia,78b252d23f1dfb9c
nts in o,4dc7a5d251bcc91c
ur origi,a4d7969c2b354fbc
nal code,a83bea0296902e51
base and,6f74953b33c4b28e
 tensor2,d6452b9aec675cbb
tensor L,599b01e3ea29233c
lion als,1b1964a1b75aa20a
o experi,d31ab6a97b1b81d9
mented w,9df06cbf1043ac18
ith nove,15557728f8cd548d
l model ,1ef3a48b25f3d53a
variants,b1ef7e07368266d8
 was res,c5424af28857001e
ponsible,0b3effde45ef0193
 for our,8c902c2aa9700dd6
 initial,39929b9b407d9036
 codebas,3ba51013c8c83367
e and ef,df752423d4285fd4
ficient ,7d546262443c3ec6
inferenc,142a6d39b702dc13
e and vi,25ac16e9e607ff85
sualizat,11690c1934cffa56
ions Luk,ef0cd15196cce449
asz and ,42c325c34d8e3b33
Aidan sp,f93f103c1b059d6e
ent coun,a238b688d7eaec47
tless lo,c544963200d81dc2
ng days ,3365a46300ad6d81
designin,c735802f97739ca7
g variou,556f344c6cf73fd8
s parts ,3aa4325a033c1df9
of and i,068c90ba8da2bef0
mplement,6bd9a0ab0be0d7a2
ing tens,b8d8130bcdb1901e
or2tenso,d63d3e2966ddf3f2
r replac,78df81d57d8b23e1
ing our ,09b1530f4dd91c47
earlier ,142c2f8848268fdf
codebase,d948b0b2615d6b63
 greatly,a4e87c4e103423a8
 improvi,6d839a92eca23f59
ng resul,4eba4ac38ec8c1d0
ts and m,7e3facaf6860d445
assively,88f8f83fe46d7fc7
 acceler,e985581a2e35e758
ating ou,efd87a9070d68576
r resear,ce86052d62701309
ch Work ,75fc97661e3be876
performe,4f310918c3d77f94
d while ,8b92c0d56600bf67
at Googl,75ee4b0777d4c776
e Brain ,a239e4ba149475e2
Work per,c80e05a2eaffdf16
formed w,5e102ac8d1360ff3
hile at ,8aef3d3e3713bb8c
Google R,42dc45ba9bdfffa8
esearch ,4eb6b904fe67204d
31st Con,12d66730e4e60834
ference ,87526f5b043065bc
on Neura,72523a8fae5f3032
l Inform,423bcc10532761bc
ation Pr,28aa5a7be65d2f67
ocessing,546405c313d4a866
 Systems,3d6290d63d9932f8
 NIPS 20,fc4742f363d1ea4d
17 Long ,eab481104f194f0c
Beach CA,8c0843ddaf41f243
 USAarXi,4c8bd07789572fbb
v1706037,253fbaa219f3c868
62v7  cs,662fed1777b7d3ba
CL  2 Au,029363a1d9854756
g 20231 ,287ff9283a59ac01
Introduc,5f50869fce470727
tion Rec,7e1a96ba969ab6f6
urrent n,e422b092800f719f
eural ne,617d50545aa282e8
tworks l,23a8c532bf50ecb4
ong shor,711a6ec2d3c71e4b
tterm me,9a13ba2d0e0582de
mory  13,c65ff53d8e884dc3
 and gat,23c9ef130993a781
ed recur,9309d9ca12c13b3f
rent  7 ,02e2be4a6b54ef9b
neural n,15e64d1da58c0848
etworks ,07b52fb3457db824
in parti,f132f8bc560acca3
cular ha,b3251aea3a6625f8
ve been ,a1eee4025183695a
firmly e,0b7f76268e9abaf2
stablish,8e01cd3767d6f7a0
ed as st,fc35ab5aa7890f9d
ate of t,d56723f2de6e0a9a
he art a,a68a7e8a6bf938b9
pproache,276114151553da21
s in seq,ec401b1c7cd73065
uence mo,368c074b411df9ed
deling a,030d88ee80973773
nd trans,4bf58126420be8b2
duction ,6774177bc1c010a0
problems,25d8566601901f14
 such as,5a41b40cb1379059
 languag,a9c7529e7f7bd48e
e modeli,497b9fc8bd91af17
ng and m,765af78f8cd59dd4
achine t,691ad38a8d7858f0
ranslati,5e5a3809b0678fa2
on  3525,53e6ecd4edf0b74b
 Numerou,1dd1215efd1ca368
s effort,1b32bcc05ba0cd46
s have s,61b79e0cd63fd2b1
ince con,2b386ace18cd1ec8
tinued t,56bbf3d55e128fc5
o push t,cf65646dd0b97a8a
he bound,0a4c26c5d4ca368f
aries of,e213a24a8ed22531
 recurre,92525d11a1c69131
nt langu,5077e6b46d804cd6
age mode,668b4479fed4ec4b
ls and e,d60844c136d65167
ncoderde,cc84be8565a2815c
coder ar,cd1c129569b44df8
chitectu,b884bda33cc85809
res 38 2,1713e80510184872
4 15 Rec,768dd2695abf8c06
urrent m,0af87deac8db7aee
odels ty,42ee23cc9befbb54
pically ,6f91330d5bc24b63
factor c,f7b851cf2b5c766a
omputati,0c6dfbd0f9b821dd
on along,8cf4cc2061a1553b
 the sym,24f1ecf19efd237a
bol posi,1cc7a743c5aef3c5
tions of,954ad38dfadbc2f3
 the inp,5bde589e050f3d08
ut and o,decc3f88022e3566
utput se,3827dfbcd276d000
quences ,52909b4c5a0fac05
Aligning,45e0d76b828d90f5
 the pos,4fa74717707dc8aa
itions t,ee01f913f4810462
o steps ,a9617b4f2fa43fc8
in compu,72ecb20f00c94a56
tation t,ca0af94c7496428f
ime they,2ec8e819e1a06bfd
 generat,655d29e78bb45d02
e a sequ,9b5f20f605bb2350
ence of ,184051be3f53000f
hidden s,18a072eacdde6e14
tates ht,5b5632572aea9c19
 as a fu,0415bcf87195cce6
nction o,22210556873eb102
f the pr,2c9d92d87e51c281
evious h,64972ed5ed5d179d
idden st,c1e7b0e7bb98569a
ate ht1a,7fb68975410622e5
nd the i,2cec1658a735d055
nput for,99d2ca1b38c56fac
 positio,db3b62a6e9e98943
n t This,347587af0b0e59b2
 inheren,f2b2e6017356598a
tly sequ,a3fdfb0adff7b757
ential n,54405649cc5e213b
ature pr,4f130c8dd07ee9f8
ecludes ,eabdc7462cdd16c2
parallel,92b7bc6a965e4a7e
ization ,6f9c347ebd232698
within t,1774e23fe78ae892
raining ,6c522a8f79a3b922
examples,a186e105a06309da
 which b,13737e691ac03f18
ecomes c,6b0cb9a6b4b5ef0c
ritical ,cf9849b13adac5d5
at longe,f7535f3f416df102
r sequen,83c1ea0e23c1a227
ce lengt,89959bab32f0c37c
hs as me,451570574d781f7e
mory con,9adad71d6ccd579c
straints,ca21adb6c506f578
 limit b,430756a4b0bb7611
atching ,f25606cb8493f867
across e,3a177e56b435c244
xamples ,7ba07f9f0a5e94e5
Recent w,891fbb70bb7b9ef5
ork has ,eb870c1a2e0ddb6a
achieved,427de384371a324f
 signifi,d19764d9178aef7b
cant imp,cd86f279253d549d
rovement,0959857b0fb20a4c
s in com,e69e088c222c1a5b
putation,e240e71b54b99937
al effic,e7c7e95b47aceace
iency th,ab474e35d08a9624
rough fa,0d2295429f4c9d20
ctorizat,7a64ff1d3d662a6c
ion tric,cf7e16f42e87ec23
ks  21 a,d2598b8518ff5059
nd condi,0f3564a330cf9e60
tional c,156026e74d9c2aef
omputati,0c6dfbd0f9b821dd
on  32 w,81cdd40f0902c2c8
hile als,e86c550d79666876
o improv,f58d1041251ea70f
ing mode,6d409c13e425289f
l perfor,75abe099aa08349d
mance in,d77e59cbae317086
 case of,abe85048dc2dce6a
 the lat,7e40b7b049bad32c
ter The ,0096bfec7046e39b
fundamen,375d3a29dc7c46f5
tal cons,56fabbd81ebc9fa7
traint o,95871e0150cf3f24
f sequen,8f217585b453041b
tial com,28b6b0b04be013f8
putation,e240e71b54b99937
 however,749e109b7a297b0f
 remains,4a48742dcc8ccbab
 Attenti,427cc6cd0fa7a0f7
on mecha,4538ec9d77fd77d3
nisms ha,b17fed25ffc9b865
ve becom,5e3eb6b85c9b1a5e
e an int,d8d7eab1f79f8caa
egral pa,a87351479b8126b8
rt of co,ce609e51597a3cd4
mpelling,fdf64445da67548e
 sequenc,49078f17a95b63d2
e modeli,497b9fc8bd91af17
ng and t,fbb7cc24bd7c1b79
ransduc ,60e8c4502772f53e
tion mod,eba351626b0becaf
els in v,7cabfd2190159979
arious t,dba2f6851e697b1f
asks all,a27e38d02cc00bc2
owing mo,dd304458eb783dbf
deling o,6baf4985aa1f805c
f depend,7832379aff23544c
encies w,e6d3d93b025260d0
ithout r,cdc623a73362f7b8
egard to,58633b2ec2ec941a
 their d,47a1368c743d1d96
istance ,dc4860ab9b11ce9a
in the i,8364738dce779fd1
nput or ,9f753d9d9fac44bf
output s,fb2c5ca983867919
equences,19daaed43aa5bfd5
  219 In,b828e9338f4d8c87
 all but,c45b9e715998d07b
 a few c,5dd411a5c253bc46
ases  27,26533b232b0eefa4
 however,749e109b7a297b0f
 such at,a67c89c9eb95b626
tention ,233f5c7c464d50c9
mechanis,846acb065bc7dbe4
ms are u,69ddf0bac059e155
sed in c,70c4e8499816f050
onjuncti,887aa69c6f537666
on with ,8200f1afdc761587
a recurr,1a7a733d5796f240
ent netw,98f61a9652bcf103
ork In t,3c4e1042fd24088c
his work,49fbf39818c79910
 we prop,047182b3270803ba
ose the ,9df45e1cf00b7365
Transfor,b485b656424b1b5b
mer a mo,91d9446a08ea06fd
del arch,731a97d3452080bd
itecture,cbd4afa4e24fa398
 eschewi,48541bb4296898f0
ng recur,caa07febb456a72f
rence an,1e8d1941cc9dcf18
d instea,6bbb55fba345d321
d relyin,a3ed1a4df5713309
g entire,42393e5e451a2f29
ly on an,223a27394ec1a23b
 attenti,d2e5f66dab9f9fd1
on mecha,4538ec9d77fd77d3
nism to ,2c53b600a51eb3b9
draw glo,2e27bc27f799be55
bal depe,f10a0170cd7dcb92
ndencies,4b9036844e5035cd
 between,512259c2395a6753
 input a,7dd83abb7e7066d9
nd outpu,35a43df6a4e0f6cf
t The Tr,a55e45f6f9200722
ansforme,f96bf9d68de27133
r allows,82477e75e317833d
 for sig,a1215e33b45e3626
nificant,3423d2e94198f605
ly more ,c147dc56a31bb114
parallel,92b7bc6a965e4a7e
ization ,6f9c347ebd232698
and can ,52555b644fb8efa8
reach a ,7b18719fe91658ad
new stat,31a6b9f50459fd72
e of the,21daf3bfb766d96d
 art in ,5a4d66086cec6963
translat,195235e3fdcfee8b
ion qual,1c79281a5413841e
ity afte,9156275bcfa01f2f
r being ,5d7edd9392319763
trained ,cda23e08e794479d
for as l,d637465e40482ec5
ittle as,cf88f48a112f8735
 twelve ,1e79c3a8e2a48533
hours on,49765d6943798b66
 eight P,4ea34592dfbe0699
100 GPUs,12dc9a556b44e368
 2 Backg,d64c9559b6e2c5f2
round Th,930668a13d7867d8
e goal o,cf0fd20bb24dddf0
f reduci,7484ced2889f87ed
ng seque,3c2e8d033a746750
ntial co,5550817967e8947b
mputatio,40a9057413559d32
n also f,a17d0203e9b64553
orms the,764687a067b5e15c
 foundat,b631e1793d429758
ion of t,478bd170b9a7108f
he Exten,660d08312236bdad
ded Neur,a0107ab9733b0204
al GPU 1,56b7b628364be68c
6 ByteNe,14f4c0ad857f7ad6
t  18 an,595a3a9bc1a09084
d ConvS2,969b56b93d479b33
S  9 all,34314814a465d15f
 of whic,576fdcb2d531ec77
h use co,b7aae00dcc7c7559
nvolutio,c76a04020ce8fb2e
nal neur,00de0224f9d5abf7
al netwo,5c30e127eab7601f
rks as b,07a2937f7293d31d
asic bui,b9456990df4e037d
lding bl,a4e19f06596abd73
ock comp,99a957dc835618d3
uting hi,bc5c8383445169f7
dden rep,7516a5c747ae4598
resentat,4b1bb08802eff80b
ions in ,034b4056361176cb
parallel,92b7bc6a965e4a7e
 for all,48cad6ba7b60e42c
 input a,7dd83abb7e7066d9
nd outpu,35a43df6a4e0f6cf
t positi,d24db2b39ce08d6d
ons In t,2256d0920086aca1
hese mod,4c691c8849477cd4
els the ,f035f54c6b2b9ce0
number o,418f1def2cbdc05e
f operat,9331fbe7b88932e4
ions req,22dd1a96bce74ec5
uired to,fcdd997c259baaed
 relate ,f4559924d293129a
signals ,d98e2ac87209e3e6
from two,82598f997992d1f4
 arbitra,b5565647df6f5df4
ry input,2c6fe3e576412339
 or outp,4e9fba328a531c12
ut posit,66b18402f5386568
ions gro,6afe894c40a5c7ca
ws in th,039826720999fe34
e distan,ba9053faf37ae598
ce betwe,86c0ca5ea7584665
en posit,8af75220d6d02e0c
ions lin,c6aa62c71f8403be
early fo,2c2fd608bb09fd18
r ConvS2,105684550f3d597e
S and lo,41c6c22ec72b2618
garithmi,b21ad24a3fe5b132
cally fo,b40769b9062a5dac
r ByteNe,4d33e8f3d113aecf
t This m,6a4f8b8469cff426
akes it ,c08dd5d186170a6d
more dif,f6e03fd9b680b807
ficult t,d3a6f22bfeb828ec
o learn ,26d02f3fed996927
dependen,2ec05fad2fc625b1
cies bet,9c8c639225567ab9
ween dis,b76f3aeb3acdb9ba
tant pos,b49d13d37249be88
itions  ,2087e503bb9086f7
12 In th,6e4e352ac5f59328
e Transf,a50db52a1bf5be4f
ormer th,579f85cdfcc2d9c2
is is re,261af7cd00cdd3ed
duced to,3f42cdf8f10a39c7
 a const,624f1a4e3188abb1
ant numb,c41aab84125e6e86
er of op,02fc4340205ac7b2
erations,d9a7fed0cb4349b1
 albeit ,7ad376814c85d3b0
at the c,f096a02a8234919b
ost of r,e39f58843cd3c908
educed e,e9280d73fdab37b1
ffective,2ab3a1fe3000478f
 resolut,bc35a88d38e1458f
ion due ,e5e1256645cb461b
to avera,8ce8708e8b6e4cf7
ging att,0b8c85f552f88d53
entionwe,c4ebddbfa4c60dbb
ighted p,b72c898d27fdc3d5
ositions,31a15742d68f0ea8
 an effe,4e21c03c5ec73ea5
ct we co,1a6a664ec0ee5fcb
unteract,f83b4620f8062505
 with Mu,3bc03cbf97d1c1af
ltiHead ,49d42d4cfaf9dfd4
Attentio,69ab30e3d76c3132
n as des,caa0e5ccec69ced9
cribed i,b236db6394d2ca78
n sectio,a3bd9633238adf2e
n 32 Sel,e41c1b5aedf66b13
fattenti,2e9f6f14ee2417ec
on somet,9cfc50bac537cea4
imes cal,97590e31bf57589e
led intr,e1884cbcfd2f37dc
aattenti,ed7fbe22cacdf007
on is an,1bae63223b0d7ab7
 attenti,d2e5f66dab9f9fd1
on mecha,4538ec9d77fd77d3
nism rel,637004e48eb7ae3e
ating di,e3b1c52f246394d0
fferent ,532a3609f2148cec
position,802b680f24144688
s of a s,14183e4469588715
ingle se,c85ac0bf876a9497
quence i,4e09c6167c03c074
n order ,9ab557211b7a2563
to compu,dd52bda75c62fcfa
te a rep,f5c1d89729ed761c
resentat,4b1bb08802eff80b
ion of t,478bd170b9a7108f
he seque,5f90ac0857851ebd
nce Self,aa3ab8e938c2ed7e
attentio,89f010d4293abe12
n has be,5991859973f6a3da
en used ,0bb7c275960cb076
successf,db12795ec53ee06a
ully in ,28ea7244b4bc7594
a variet,989b6e0b12b99659
y of tas,edd0b94eb44a242c
ks inclu,edbbd8d70cf075a6
ding rea,90ff68e7818c372c
ding com,94740509407baf2e
prehensi,d38842a9816348b4
on abstr,6c177b49104ff829
active s,ac8244b3f5103a27
ummariza,04167cc51034b473
tion tex,65b0c8a916cf727b
tual ent,22c1f75d9eed8375
ailment ,9ff0a714fcbcd4de
and lear,e4fc9d1923133a30
ning tas,ececfda3057575bd
kindepen,db65dfc5d0c0223d
dent sen,83523f78334ee53b
tence re,c0ad53251b5a107b
presenta,41f3858c83a2777c
tions 4 ,50676b75c1342a9e
27 28 22,bb400e9ced6dfbb8
 Endtoen,724c35a4f5d9e7fb
d memory,071f408f88be802d
 network,b3d2d31445a315ec
s are ba,a6729da37e8cca99
sed on a,581a1d4a037ad370
 recurre,92525d11a1c69131
nt atten,392129e90b2c05e4
tion mec,48fda38618a9a949
hanism i,e06b8a3033d0ec07
nstead o,a469c034cc502aa7
f sequen,8f217585b453041b
ce align,ada71e5472d38cd4
ed recur,9309d9ca12c13b3f
rence an,1e8d1941cc9dcf18
d have b,e71f9c7e1e57929e
een show,13ed89acd5b6638e
n to per,648b77f08581c3e2
form wel,c59476761456eaba
l on sim,5ad805e75dc94440
plelangu,27d1da17cdfc5eb1
age ques,185d8aa0b8e27262
tion ans,3bac46533ec746be
wering a,8222c2c040a98222
nd langu,ee27bedb1a99e454
age mode,668b4479fed4ec4b
ling tas,501e2166d5bb8884
ks 34 To,ca6d0a8eb98d5118
 the bes,7a5a2c312bf1f34f
t of our,b9aa85c88d5276d1
 knowled,0b3a7f13438e305b
ge howev,7e7cbe31b4561843
er the T,8c5f5322a126383e
ransform,62562829200925ec
er is th,203910deb55c5356
e first ,5e52889024d5eb45
transduc,c17c1279b409a5a2
tion mod,eba351626b0becaf
el relyi,6c6982695081a608
ng entir,0b89ecbfdcffb8ae
ely on s,6bc9ac804810259e
elfatten,def2f2c436e84484
tion to ,3dd5e9919b4716ef
compute ,735481c4d2732b5d
represen,0e5d2a01feb6b85b
tations ,805531782a214b1e
of its i,2eaa29edf34bd4ca
nput and,2ed31346bcbb9a32
 output ,d4a821631cc779dc
without ,a765a58a16c2a0b8
using se,3641ab29fc87c83d
quence a,46044ae9b58954aa
ligned R,c17a53011b450df4
NNs or c,551a45cd762cd872
onvoluti,7e780ba0e102e8db
on In th,cc86fb055b005da1
e follow,7a41d5fd19e44e16
ing sect,90e08111b266bc38
ions we ,9b27d5d5ce79ed14
will des,e93c3948124f83b1
cribe th,6a5cdafe4c9bbae1
e Transf,a50db52a1bf5be4f
ormer mo,76cde699a40b1107
tivate s,4709709b012a4f64
elfatten,def2f2c436e84484
tion and,4cc2b2e9417fb6fd
 discuss,a5979602330aa144
 its adv,f04765dd4c94d9f7
antages ,88714cc49640c3c6
over mod,a8451ec97f077335
els such,2aa827ecaf6d015e
 as 17 1,e3927a149614b9e0
8 and 9 ,87c4f27b21b15ba0
3 Model ,921e391e62b86ae1
Architec,cfd24f189a3e8665
ture Mos,9bf9209bd5f14965
t compet,a695e6ed6815ae37
itive ne,2952a101c909409e
ural seq,b03839ea5a395f68
uence tr,664e19a17e1d99b7
ansducti,d4b1933341aedcfc
on model,172f6c355be102a9
s have a,187e4dae36f220e9
n encode,732ed7f3fac03902
rdecoder,1b55f4bcd2504d4e
 structu,890290fe2b07f6ed
re  5235,f3429a9fc133b032
 Here th,06130a68c072b363
e encode,6a7f2850f1757a6f
r maps a,e916f02322b6c366
n input ,0b95e786b91b96c6
sequence,2bc17243fbec94ea
 of symb,6534c9be26a5f0b4
ol repre,39773fbcef8f35e6
sentatio,132e19371a4296c8
ns x1  x,ad3c22493927d229
 nto a s,82b4dc74ebe65b42
equence ,51b64c0fec3e99c6
of conti,694c42cb08e762a7
nuous re,f134c4bdd0caca7b
presenta,41f3858c83a2777c
tions z ,eebc8b1851227990
z1  z n ,7be57387a0ad9319
Given z ,4a78456a8c5ac95b
the deco,38c1718cdfda6133
der then,732c32eae315f344
 generat,655d29e78bb45d02
es an ou,cc3cbc459181141f
tput seq,b02f039531208add
uence y1,978738bf7f474d3c
  y mof ,f9773183c0fcb2dd
symbols ,cf6753d635db47c3
one elem,4a0092d6f0a5e8aa
ent at a,8cc8a50937cdf244
 time At,ea8a55171c43c9e0
 each st,1f4503c066e4f8a0
ep the m,9836266178ab3577
odel is ,602370c58b574bae
autoregr,33bfd105d214e389
essive 1,62a2f44a50887cb2
0 consum,bc76ce9853bedb1d
ing the ,29bd38ddcadec480
previous,7b6cccc0b0985258
ly gener,261526bcfb7def5c
ated sym,9274097892e93601
bols as ,4be84d77603ffe44
addition,0f6d2df06571d134
al input,76c30860a319121f
 when ge,3e15da18142a48a4
nerating,a20b8b39b29d9937
 the nex,4a9d0542b84f21db
t 2Figur,da4881ec608b4bbe
e 1 The ,b246c4da9b4a5164
Transfor,b485b656424b1b5b
mer  mod,b989a110bbee5157
el archi,732e2dfefc46cdbf
tecture ,b2a15c8d2148cc3b
The Tran,7f88a3bb63807cf6
sformer ,b7cf4f1dce448f6a
follows ,9d4d139ac1401a77
this ove,dd47bb7e02199a1d
rall arc,e3f9c5042afdff3f
hitectur,94741dd504fdd03b
e using ,01f4e3c2e1d24d97
stacked ,c73f02a40ba16def
selfatte,4874413e9ecc7b75
ntion an,7966bc551aefadce
d pointw,cf3d0257e5b70228
ise full,d775722abc8532f0
y connec,f72b11590733a085
ted laye,4482282a4c0070d1
rs for b,c0ee480358699784
oth the ,17a65524290f3f52
encoder ,d0e55b0edcc5fc47
and deco,f6484b3938766e8b
der show,0bdd9524e06aa406
n in the,5ef50cae3754ef49
 left an,0bcfbc4035c1889c
d right ,6577d9a33c8a0a9d
halves o,69696e53a66b7122
f Figure,59e5e4b4bf839eb5
 1 respe,4a1d695447796caf
ctively ,703a0c60661dc1f8
31 Encod,08c0fbc70e8d29c9
er and D,fe0b66300da47100
ecoder S,fd055a33da60fcaf
tacks En,da6c2cb237b67933
coder Th,e7801d6d71a0a52b
e encode,6a7f2850f1757a6f
r is com,17e73a7fae7edbe1
posed of,7b1878d42b305f99
 a stack,2ce950f35b68a179
 of N 6 ,87bdcefcfdaa741e
identica,d0bb0ee2af3ab1dc
l layers,fe97deaad6809eaf
 Each la,85fd361281fa8e40
yer has ,b6eb9a90ea47d42a
two subl,91c6c60eba4f9894
ayers Th,8206d7652875c8ef
e first ,5e52889024d5eb45
is a mul,5d202e61ab5942cd
tihead s,ab1af797ba893613
elfatten,def2f2c436e84484
tion mec,48fda38618a9a949
hanism a,04f5b4d7e412a18b
nd the s,77d8a885f41c03d2
econd is,2b305a1c41e7c35d
 a simpl,dfb6b54260646042
e positi,2550c495136c6086
on wise ,01ab72fdf21bbc9c
fully co,e2761ad2e0003b1c
nnected ,3ebe6b4ddb6f1a66
feedforw,d85c369c28df6e6a
ard netw,c3b99ed4dcdf4701
ork We e,ed039a7fe5073b5e
mploy a ,5c776af214997364
residual,9d827c2d0b89f40c
 connect,0c7d490a07262f7d
ion  11 ,4c67509c588f8068
around e,d367c48dde3416ed
ach of t,e2eb795205c57642
he two s,cf57d20f179975df
ublayers,f5858ba436cdedb9
 followe,de9f556b737cdacf
d by lay,59a241abb255bec6
er norma,bcecd661a40b31e7
lization,103b2afbd39a7936
  1 That,4114d77269cb6223
 is the ,a214ea0461313dd0
output o,80800e3e1d6c0751
f each s,8a4cbd650bf9bd19
ublayer ,d280934262f21292
is Layer,a219f0926040c928
Norm x S,9b172abc0526c33a
ublayer ,d280934262f21292
x where ,2371020b2fe76330
Sublayer,5320dcbdbe8a5c2e
 xis the,5271bfe51a31ea6b
 functio,ae6d5c61ac274ecb
n implem,629900872fb73ede
ented by,23334ad0f40253e9
 the sub,84cc19769050d848
layer it,e44b263fadd03fb9
self To ,0097fc6b0ce1b3a6
facilita,15e813754633c728
te these,b26365b30e03a95f
 residua,c9e8c422fdfc6175
l connec,33375628a9b878a0
tions al,0f1f7f2981ffaf43
l sublay,2c965ee64d49c5ab
ers in t,99615abd62537baf
he model,3da98af6e06e8a9a
 as well,62184efe67e51603
 as the ,9f0b1355c77242e9
embeddin,b69a685b86adee20
g layers,9bb4e1f1e0925166
 produce,f15bdd5335c0cb14
 outputs,0ad9fea2c29e03f4
 of dime,f82d1e4b66181ab6
nsion dm,4c34174888f3fabb
odel  51,80e3cbfea80914a0
2  Decod,8a0f130e41c2acff
er The d,48253d68ecc3ee89
ecoder i,36a51c6846462e62
s also c,ef653747f5610602
omposed ,bf512c30f83d014f
of a sta,f6cf89b7f6372fc7
ck of N ,3f0ef3ea4f01f95d
6identic,56c7f76c48c24bd0
al layer,ae129ee2c329602c
s In add,447c7a93e97882d4
ition to,9c9807624846c24d
 the two,0e21e0f29ea69fc1
 sublaye,1f5637b9a5f72990
rs in ea,37ea4adeb4e89a43
ch encod,861469d0573fb3e7
er layer,d5df92a89c8c9410
 the dec,8c2fb45e5f9f950f
oder ins,59c712d174273a18
erts a t,c6211ed387987899
hird sub,bbc06065ba75d024
layer wh,63bcaf2bdc4caca2
ich perf,47461a4276f8891e
orms mul,e6f1fad329c82bea
tihead a,f7fd6b6f86733551
ttention,2131bfb31256dfa5
 over th,3cd133b84dccc1b3
e output,cc7b303210873b49
 of the ,20dfc4c0f66494a6
encoder ,d0e55b0edcc5fc47
stack Si,26f2c8ed4fef6d84
milar to,f21d120df7f05d89
 the enc,e1cafcf2c33bc1c1
oder we ,a5ae4dcb91fe4c05
employ r,d0448ca6fe34d7f2
esidual ,e8f9c946a4cfb306
connecti,2a9fdcd35358e7e6
ons arou,8ffa5e62d82aab69
nd each ,85c73c3e8d4409e2
of the s,be66f0f3b293d517
ublayers,f5858ba436cdedb9
 followe,de9f556b737cdacf
d by lay,59a241abb255bec6
er norma,bcecd661a40b31e7
lization,103b2afbd39a7936
 We also,9c7e076924d42fcf
 modify ,4c34328058ea17c3
the self,e54a6b26aa8926d0
attentio,89f010d4293abe12
n sublay,62e7ef06864d292b
er in th,27f83ec4b0ffaea0
e decode,fa6c6c0e7599f6eb
r stack ,762e7a4a2781b354
to preve,1e253109a746e5dc
nt posit,041da47ccc155035
ions fro,746dc394ddc9bbf5
m attend,092722f14e63675f
ing to s,bbf1d653be346946
ubsequen,859f2f38fd6f41ee
t positi,d24db2b39ce08d6d
ons This,86ba74c789be2214
 masking,ddeaac49855285b1
 combine,97ffe94899126541
d with f,0d844794929a45fb
act that,07649af16e0a9d2e
 the out,2a445ec664a2c9eb
put embe,7e99c7e6ea25b549
ddings a,7a5a0f64549e9c59
re offse,82e3ec2ef8e268f4
t by one,eb6c9d7f74825fa9
 positio,db3b62a6e9e98943
n ensure,82abf50324f40156
s that t,11eebef12fa50a27
he predi,1e15d5e04b536bbc
ctions f,a0b2e4b7a6be32e6
or posit,730d67dda356106c
ion ican,7654b85abf57ac8c
 depend ,ab636b1a44041dc4
only on ,04d7314e0e4697fd
the know,5cac72ac69e5d65f
n output,5086e9fd48c7e0e5
s at pos,05d6bff889321b72
itions l,528956d1b3579225
ess than,175228341af281ac
 i 32 At,e573975a5bfecf66
tention ,233f5c7c464d50c9
An atten,e834b31eb61f9033
tion fun,dfd045e10cbde36a
ction ca,f251d00357c02b5b
n be des,a30823158c3fcd3b
cribed a,d51d391769d8c3c9
s mappin,16610af3ed021fec
g a quer,94a9d2c423ecf3b7
y and a ,eaada30c1522d74f
set of k,6003735c6a11b447
eyvalue ,ffe724efbb4730a9
pairs to,5aff7788ee075925
 an outp,1d06a50de6b2825d
ut where,ddff5016638d18dc
 the que,84475772bf3d4944
ry keys ,adcaffd7743b7bc8
values a,f0f7a2b3e03a01c4
nd outpu,35a43df6a4e0f6cf
t are al,5a9d82dd73d44da7
l vector,fa60f968c7b0d119
s The ou,b8873d5c9ade5832
tput is ,09ba241abecdf4c2
computed,9f1db2d32b896d64
 as a we,374cc310c040ea8c
ighted s,1f03f2b4c6addf18
um 3Scal,e75e5a1758cbb7ca
ed DotPr,dc5cd0d1c735ca57
oduct At,f08073b2c9affe6c
tention ,233f5c7c464d50c9
 MultiHe,97d1dc705fd26291
ad Atten,ca3949aca3902e5e
tion Fig,fa31250e9f0003d8
ure 2 le,33baf6c139c4e9f6
ft Scale,a628627541a0ca3e
d DotPro,388d987710415263
duct Att,f855ba55798b2180
ention r,36269f1b900ac748
ight Mul,21322988eea96fd7
tiHead A,f3437d539a35e52b
ttention,2131bfb31256dfa5
 consist,1d4635fc76f1c8c2
s of sev,e5682d995e13abeb
eral att,584a29cdd583404a
ention l,20750ffa6854034c
ayers ru,48f3e9334b6d2e8a
nning in,33ebc069bc4b8708
 paralle,39310d75c7c809ca
l of the,b9f8d512dc541abe
 values ,3b0bc88af7af3eb8
where th,44c38d960285d427
e weight,03cc150719a0759e
 assigne,596dfe11454d530d
d to eac,a44340143210a908
h value ,45f26e0b4b822c0f
is compu,110c31a3dc7289f2
ted by a,789ac9dd3d9c34ef
 compati,48bd45aa4096871f
bility f,48e0ae5895c4f8cc
unction ,dd5700fbd3ba9204
of the q,1d5ca4e471be8c24
uery wit,3ed5daeea2f496e4
h the co,2c743002ffc578c6
rrespond,6522734652cab24e
ing key ,9b7a21e360d0c1d9
321 Scal,25dd33d88f386fef
ed DotPr,dc5cd0d1c735ca57
oduct At,f08073b2c9affe6c
tention ,233f5c7c464d50c9
We call ,34d4ae4f7e7d44b2
our part,c820fed4b45ed59d
icular a,1b857481cb4136e7
ttention,2131bfb31256dfa5
 Scaled ,0df4e939a47805dd
DotProdu,d21d15587bd0f0fc
ct Atten,5af3f9747f728c15
tion Fig,fa31250e9f0003d8
ure 2 Th,26420ef10d4d6bd4
e input ,463da81406c66d3a
consists,634c841966427e47
 of quer,a709fe3594c9352b
ies and ,b9e658b5ab9a6c53
keys of ,a16d6338c0741270
dimensio,1fdbefb9453b4951
n dk and,0f4490843bd9438d
 values ,3b0bc88af7af3eb8
of dimen,fc32b853ea2de34f
sion dv ,184322ad1765f717
We compu,15241dfeb37e51af
te the d,ea7333f73bc5a41a
ot produ,d6edabd271c9af6d
cts of t,4c81b67ec020330b
he query,aa5ba525bbcc2aaa
 with al,c1c8447caa35de46
l keys d,283dbadae06462c6
ivide ea,49687f986906ab95
ch bydk ,56ac13646693db5b
and appl,dd91b2b0dfa887b2
y a soft,ab63c5779d564965
max func,04185749671b3f60
tion to ,3dd5e9919b4716ef
obtain t,e2b45df6dbc1ba91
he weigh,31dfb984740e3f32
ts on th,cd1c5baf91172c67
e values,d66bfe165c58aa4d
 In prac,b904efb66bb041a2
tice we ,ea76be29386ba0cf
compute ,735481c4d2732b5d
the atte,c0fe4644b2b8d446
ntion fu,9e3198baac37d2b0
nction o,22210556873eb102
n a set ,7864040931af19d1
of queri,74f60ef8f6a08453
es simul,8895133706a72325
taneousl,aa4e444d5a2eaf47
y packed,9952c9141a05f8f2
 togethe,0d76137b7d923bcb
r into a,2564fe7995254bb2
 matrix ,51f4264220a7743c
Q The ke,117a48d277fb901b
ys and v,af4eb1e32b342475
alues ar,ad93427ff2a0011d
e also p,2eb853bc641e3e4e
acked to,d3e95bb82b6adea0
gether i,a69ce1d1d8e3c0b7
nto matr,ec43971c633aa3ff
ices Kan,d849932b980e91fa
dV We co,faf268cd5d6319c6
mpute th,87b35859806da578
e matrix,e9cb99e22a6e6837
 of outp,c2bc1f2d4d41c41c
uts as A,a4a8d63ec5874f11
ttention,2131bfb31256dfa5
 Q K V  ,2b5aad4c0186ce58
 softmax,4f62337e60c0feec
QKT dkV ,36788a3b76831728
1 The tw,cfce45673f3f7f34
o most c,584734f8fa8bcf3c
ommonly ,66f787e71885ced1
used att,fd545904a255ba3e
ention f,d4daa50d6e73719f
unctions,a8f88c9efe8aa8a6
 are add,d0a7b766673980e1
itive at,aa720eac0666712e
tention ,233f5c7c464d50c9
 2 and d,9b252b03c4fef7c1
otproduc,18f5a9dcf6e92a96
t multi ,d91b68829593d85e
plicativ,865afcb88ea2f435
e attent,c2be718775cef850
ion Dotp,0c0293311f3b5ab3
roduct a,736acb1c3bf99a3f
ttention,2131bfb31256dfa5
 is iden,ebf8ad3cfe6c3229
tical to,1fc6d2381a4da0b3
 our alg,cefa757c026145df
orithm e,cb95d56cae2ef657
xcept fo,22189c89184e4289
r the sc,201d38068cc91216
aling fa,55342b93c8ffb9ff
ctor of1,c5a998def7f3d034
dk Addit,a57e716746ce4345
ive atte,e02a062c94169193
ntion co,bb297637d864b472
mputes t,31ab0a880890de00
he compa,fb2d5bacc7f72146
tibility,76bbc3ad6384f880
 functio,ae6d5c61ac274ecb
n using ,55b9df876acbd5f4
a feedfo,d8634fce59984baf
rward ne,a4c6a505895e3a54
twork wi,f481d998264c92d1
th a sin,069c6e5ce778db79
gle hidd,c340832dfcb1aaa3
en layer,864e9c976b226a15
 While t,bfc787b61647f34a
he two a,5d0e59259fe83658
re simil,f242c89aa5e4abd5
ar in th,685224922b31eab7
eoretica,2b976dd3eecd18e6
l comple,bf88bb8db69aebe8
xity dot,375e998b0ee44d7b
product ,ecaa1181546c7761
attentio,89f010d4293abe12
n is muc,2fe89474a223d251
h faster,ba15efabec21fd40
 and mor,b32fbd03c6281ff6
e spacee,2db637eb1629d8aa
fficient,bcd4fef1c2fe2f62
 in prac,e9ed81ea0c6fa76a
tice sin,a68dcf336f727778
ce it ca,531239627609bb7f
n be imp,2196aeaecd8d1e00
lemented,08074a9d4238855a
 using h,4e121d0cafd21b22
ighly op,78c36084b8e52e7f
timized ,8efbbbd56bfca2d3
matrix m,846b5c14ed62f3af
ultiplic,8f5d3500ddb7da81
ation co,08ba393691e3e175
de While,c8c5f96a08ca1e94
 for sma,53ac90a013b2cd54
ll value,00fd1fee92aed9ce
s of dkt,6a84672fc00e9220
he two m,31c7a946f002e506
echanism,159dc3cfb399ba22
s perfor,d991dc868ebb2fee
m simila,0d210a387b6634e2
rly addi,5ce489fb0eeee228
tive att,155d0160086846f0
ention o,cd94a0e281b6be4e
utperfor,17f88b28e09d73d4
ms dot p,54c7ea736997ac4f
roduct a,736acb1c3bf99a3f
ttention,2131bfb31256dfa5
 without,10a4f06efe0e0a9e
 scaling,f040d8ea8b098070
 for lar,a486a6bb6b118bc3
ger valu,45dd13ab2fe30a8b
es of dk,30dc79c05e096bca
3 We sus,7827d7680a704df1
pect tha,ebf77f09a8badd6e
t for la,e0c091d2cde7d777
rge valu,cbaa5e9c921975a5
es of dk,30dc79c05e096bca
 the dot,3b0c33e23f63b7d5
 product,c1097e41b6de68b3
s grow l,1e405ca5a0b5dbd7
arge in ,cddcd0db04537391
magnitud,0c7b4e98efb24af6
e pushin,9548861360481950
g the so,9d7d49495c01ea5e
ftmax fu,cbafb9e87baad29a
nction i,1ee850c966b7276c
nto regi,3df93affadf9548f
ons wher,e5dc9c8934e5226f
e it has,d4e4ba0eaf3ccc96
 extreme,464e7d60e5649dca
ly small,d25d62d6e9ee5ec2
 gradien,d3706aea8484f643
ts4 To c,4f9431382eab0955
ounterac,f1888f910984acb1
t this e,fedfe2f7cc302c19
ffect we,8b125a163a543ac2
 scale t,a37d56a6b8b587cf
he dot p,ff670ce2ef6417f9
roducts ,c165d621376dc704
by1dk 32,5f78b1434f2a767d
2 MultiH,3c3943d68df70459
ead Atte,e1d6838593591715
ntion In,c3b3f6f376e79412
stead of,75c5cef913932dc5
 perform,eddda4fd044ff582
ing a si,d634aa6bc142ee0f
ngle att,5609922f8577db85
ention f,d4daa50d6e73719f
unction ,dd5700fbd3ba9204
with dmo,c0fce2827f09e75f
deldimen,63df3e36795025c1
sional k,d7e6b8f18b0def88
eys valu,ca5b7c8a8af4c3d8
es and q,9c2c4d3e5172d947
ueries w,cef1a68abc6478f1
e found ,6e5979694403fa5d
it benef,2463619a032664c7
icial to,00a94fa548234c95
 linearl,695e10a77fb40f83
y projec,8f17806e10fd2415
t the qu,d920ba54d3457b6c
eries ke,4ed4b232dfb3579c
ys and v,af4eb1e32b342475
alues ht,9c87ae9aebb4a449
imes wit,b84df39b0dca2412
h differ,3d7e3fbc8862d53c
ent lear,0d41b53659d953bf
ned line,07b954223587fac2
ar proje,ca79dbc872a9ce05
ctions t,40e341da1495b194
o dkdkan,8682e28a87b7c531
ddvdimen,04e387539060f5bc
sions re,39b43d5b91c84df8
spective,c60588fab1c4b03d
ly On ea,aaa1fb6eca4b767c
ch of th,51795ba13d4d41bf
ese proj,c86fdb02dcadbe73
ected ve,99dbf121953ce0d9
rsions o,013b7dce1845af9a
f querie,4fb747d886737716
s keys a,5a0c65da6e41dcc5
nd value,e5629a01c804a4de
s we the,9c51d9fd9010d858
n perfor,d3119b2b5bbeadcc
m the at,028847974e43576a
tention ,233f5c7c464d50c9
function,a12836f400c36023
 in para,aafce84df8111cd0
llel yie,05cd9f3bb3d1e7c6
lding dv,874d08a832d32410
dimensio,1fdbefb9453b4951
nal 4To ,a8946e76402e734a
illustra,c298a1d1d8be2130
te why t,2a783d18f73c52db
he dot p,ff670ce2ef6417f9
roducts ,c165d621376dc704
get larg,ec48f279d7a3b9ea
e assume,a81baba446d39905
 that th,5bdd2e70c435161a
e compon,2f33925b2b76cb3f
ents of ,4276be2e38ee3334
qandkare,eb2ca8151e56d994
 indepen,4e8e688ce704827c
dent ran,42d554f109439010
dom vari,35dffe9f81536911
ables wi,62981c97ad833fbe
th mean ,f52fbd4f8d2fff69
0and var,72d8ff07d7e03ba4
iance 1 ,c3b23c964064a248
Then the,3b0fed1911e0c76a
ir dot p,4db2603a526ad538
roduct q,e1007f94bc68b27e
kPdk i1q,db46663e452a0889
iki has ,1318ef45bebcf28d
mean 0an,c3ca1589988bcb14
d varian,1a742764bb72a92a
ce dk 4o,dac254fb4efcc1bb
utput va,31f61f7983b29466
lues The,da838bf4a0216e26
se are c,820b84219c74beb9
oncatena,5cd9b7540cc19ac8
ted and ,ba30c1dc994423cd
once aga,9d2d4d8233857bb5
in proje,509bb7fed3bbad90
cted res,4aa5a466760ae3ff
ulting i,f9722de724e97845
n the fi,09344f237c0c11aa
nal valu,14e386c0ca0ef97e
es as de,31d0e6913bf5ef7f
picted i,f57ea91eca151369
n Figure,d26f0a8819b2d999
 2 Multi,71777575c99ae3d1
head att,5d094d1c24f6f5a2
ention a,9d685a2ffad2e036
llows th,a407c1e0c4608a80
e model ,a8bac7934a85d708
to joint,5e3f41a97ab2806a
ly atten,67cd04e1571508a2
d to inf,e7359dea386716c2
ormation,9d957a2720ed50fe
 from di,51a0a8a9746dacca
fferent ,532a3609f2148cec
represen,0e5d2a01feb6b85b
tation s,ebafa35ba3bf4bf7
ubspaces,9c43cb3efaa5e33d
 at diff,4685dca392d14348
erent po,c201763f85570465
sitions ,03227e29aab17109
With a s,046e1d29dcc2385b
ingle at,5b8e120b506ffa7a
tention ,233f5c7c464d50c9
head ave,36dc2e1085d4784d
raging i,0b0d0629055e7197
nhibits ,9cf7f733daacd4e9
this Mul,a5b163dbce8f8152
tiHead Q,08cabe0f4cfcbb62
 K V   C,f009f6eb25f355e5
oncathea,56abd3ce4c25afe0
d 1 head,fa40689c37b8fea9
 hWO whe,12cbc4ac1c911b2c
re head ,36d416406dfad3fe
i Attent,e2452a79fa2a6f53
ion QWQ ,0857629d85e15435
i KWK i ,a49893f865861ee7
V WV i W,c1a9b3bd5e34fe8b
here the,eb0eb7f4461b9d16
 project,ad08ac764ba0f351
ions are,890d89d2053610de
 paramet,8e426809d19e21c5
er matri,04d50845fa6cc89a
ces WQ i,d5befb2b2b553396
Rdmodeld,4596b786847d83c8
kWK iRdm,c7a28cc8ca76ace0
odeldkWV,3dd38e31dfd3a178
 iRdmode,120cd6b318939296
ldv andW,2f72cc28c4da5e57
ORhdvdmo,bcab14a2ed24e5fb
del In t,b573f6c42c16795a
his work,49fbf39818c79910
 we empl,53e5be98c0cffc8c
oy h 8 p,201d67b677bcd212
arallel ,0adc784d24539734
attentio,89f010d4293abe12
n layers,3391ffedeb485c83
 or head,3d29e47a6f4df748
s For ea,24d7eca198025b5c
ch of th,51795ba13d4d41bf
ese we u,d7374ae2b6ceb332
se dkdvd,7389daf2a526cacd
modelh 6,01d2f4d9cad473e7
4  Due t,c9c58e29af5b6e60
o the re,ae55b771857f4adf
duced di,cad36e6c53dd9457
mension ,47bea0ef1f581e75
of each ,aecbba8e056a6ff0
head the,eea202172f3b2929
 total c,f7270ebcc57a53c2
omputati,0c6dfbd0f9b821dd
onal cos,2c69215f88836593
t is sim,41bd8e9c64bd2c0f
ilar to ,3e62ff996f63a814
that of ,28d8c69b4c6531c4
singlehe,2585ac21d9455a01
ad atten,b212f5aaf820f3eb
tion wit,91cab8146bf2f56e
h full d,d8343a1763a2f0e8
imension,fe0a54643d34f80a
ality 32,60339c86e4ffae90
3 Applic,fe504d49ae4cfc3c
ations o,c3d95f90e1ec6fcb
f Attent,a26f4a5dcb577d06
ion in o,d25626138da81d0e
ur Model,13b3817f6c0eecf2
 The Tra,157b545d93f01125
nsformer,c35ddbc3dc59fc09
 uses mu,27201fd733006b1c
ltihead ,d58acd98850ed67e
attentio,89f010d4293abe12
n in thr,99df418e8656efc9
ee diffe,5e509c8d1640f41d
rent way,5840ae2700da6164
s In enc,1d67e1c6dd29511f
oderdeco,e02e8b1a1e2ca45f
der atte,d3469e4897accf50
ntion la,729c8f5037445ad4
yers the,fd97e49e6db0ae3d
 queries,39cfe3969ba1e10c
 come fr,035c8951897b4ef7
om the p,4f91b8f87cfda8d2
revious ,36cec4f838a2c0b9
decoder ,b7bb3ea38e0c3018
layer an,6e38f73d4070a7d2
d the me,d70671b956cb142c
mory key,fe6529f1b9055bc4
s and va,a631a175cf949c16
lues com,448914620a011ee3
e from t,8d6627999a185e21
he outpu,77265de7fa0c83b8
t of the,f1ae01cd55a3f2b0
 encoder,63f719266ed98a4d
 This al,d6723273da1aaea4
lows eve,0f09bf7047893678
ry posit,89e86535d29fb173
ion in t,1303ad7d62f95016
he decod,8919a3ad5b4b076d
er to at,8427d7e68db06a9b
tend ove,a8b6162a13f7b838
r all po,6efe76ad2c211a0a
sitions ,03227e29aab17109
in the i,8364738dce779fd1
nput seq,5b08969f391b8de9
uence Th,897a22874ce0b405
is mimic,e0e1f5931eb6b7a7
s the ty,14bb24d3fd65dec2
pical en,0fd7afe4697f315b
coderdec,58d2c5f16d23b70f
oder att,5d7bcb254a2630a4
ention m,0c5df00cc2f076fe
echanism,159dc3cfb399ba22
s in seq,ec401b1c7cd73065
uencetos,d934b28445007e9e
equence ,51b64c0fec3e99c6
models s,3fdd1cf2e0eb519f
uch as 3,4d719f177aa57c59
8 2 9 Th,a687fb821c2a8bc9
e encode,6a7f2850f1757a6f
r contai,1300d38dc902c46c
ns selfa,ec704447bb3362d1
ttention,2131bfb31256dfa5
 layers ,c885dfb95500754d
In a sel,e12117327036528f
fattenti,2e9f6f14ee2417ec
on layer,820f75873ce7c3ab
 all of ,c2856021db61da29
the keys,18352e330e6160f3
 values ,3b0bc88af7af3eb8
and quer,22e7a1e280f0326e
ies come,716df258f9c521e0
 from th,fdac67de2ec5627d
e same p,e6af9ec8afc21c86
lace in ,fad806569539a89a
this cas,838d69b311090906
e the ou,4acc759cad1099a5
tput of ,04e524dca2e12ad6
the prev,b0715e7c6ec297b6
ious lay,06122e7ebaae01ea
er in th,27f83ec4b0ffaea0
e encode,6a7f2850f1757a6f
r Each p,614f6a6e9e7f0ed7
osition ,855a50b9b63cb685
in the e,a9224dbfe31cb6f7
ncoder c,d942aad9ffa68916
an atten,ec231931b862d3de
d to all,94abee560d1dccc3
 positio,db3b62a6e9e98943
ns in th,ed5f9519bf317010
e previo,2073ddbb49378f7b
us layer,c26dff2e79a9bdd7
 of the ,20dfc4c0f66494a6
encoder ,d0e55b0edcc5fc47
Similarl,7e1e7212551c15eb
y selfat,89277637ac8d56ea
tention ,233f5c7c464d50c9
layers i,80fe6f2635f3a091
n the de,dc536ab7a0073c7c
coder al,d530a4cb2d879afa
low each,716af008257b24a7
 positio,db3b62a6e9e98943
n in the,5ef50cae3754ef49
 decoder,553098fee2724bea
 to atte,f6edb5c778259c71
nd to al,296c9e0e30e8adf5
l positi,5d48ec16b3dfb28c
ons in t,17e240cc4233b2e5
he decod,8919a3ad5b4b076d
er up to,5c0ad1fc9476e0f2
 and inc,f0eef4dd15dd900f
luding t,178cd0636e2e63e9
hat posi,3f488bea5aea0df1
tion We ,4d7e00aaf7d365ec
need to ,d9010c453742d685
prevent ,6b968e9518510612
leftward,db0340655dbcf01e
 informa,a840c92da31a4b10
tion flo,599ac3691d0aeb84
w in the,dde3a04d7a353055
 decoder,553098fee2724bea
 to pres,21a60e6e525990c9
erve the,7ce176d41da66bc5
 autoreg,d6197a93bdae9ceb
ressive ,8e32a5ae5838e8e6
property,70d64969c1a3986f
 We impl,cd6ce2d9dbb35d49
ement th,be410ac21a6047b4
is insid,2597265535d1b777
e of sca,69c132c81b496328
led dotp,ce319b714160b6fe
roduct a,736acb1c3bf99a3f
ttention,2131bfb31256dfa5
 by mask,eef1d5b6bb01bfd4
ing out ,b619b377effd5473
setting ,50c00459e832a472
to  all ,dab0d9092d63da36
values i,a803c9ae5e59e3e2
n the in,7389aa8c2f6d4a62
put of t,55d2581ae339ba11
he softm,4ef81ac7588b9a94
ax which,3b448bfac5e1159b
 corresp,b710dc8eb56f83ee
ond to i,e0e2bc8b3b14615f
llegal c,8a8e061a717dbc1c
onnectio,1ff858a7cf61a7ef
ns See F,d587c91c3c72c447
igure 2 ,647036591480c37e
33 Posit,6b11d38e1e93efa9
ionwise ,ca308a70af17d171
FeedForw,3ca952de60b0d94a
ard Netw,262e4ed145d6c16d
orks In ,27159405ced4203b
addition,0f6d2df06571d134
 to atte,f6edb5c778259c71
ntion su,859a9f8f91f0e22c
blayers ,5ab83104f23ff70d
each of ,70e1cbf28fde4200
the laye,9438cb5817e9d6cd
rs in ou,2f63e1961891d7cd
r encode,dda413bb77de0517
r and de,dd7b5f52bd9c2464
coder co,5bac0987902ea976
ntains a,9ed95e0dbeece286
 fully c,264f70503f881501
onnected,c047bce6f08cd2a4
 feedfor,652221a5dbdbcf5e
ward net,4de8dc9c1ec15cb1
work whi,5638effd3326bc8b
ch is ap,a4fa036d12f4d7e3
plied to,b43f3403afa55564
 each po,d52a76285fbf9ef4
sition s,151aa2db7be2c27e
eparatel,6cb4d171fd590a86
y and id,47d4f4de9061e8eb
enticall,a9fc01842114b756
y This c,187881c6c5aef4f5
onsists ,4053362870e280e2
of two l,414fa1d1917eb6b9
inear tr,6d1e7ddf870d24d0
ansforma,4c95fe51e9614663
tions wi,f2d0ed3ae89acf93
th a ReL,9275a62a45f2b6f5
U activa,30fe6ed613ea04b5
tion in ,b26ead71a797b3b1
between ,8569bd3ecccbb8f2
FFN x  m,e9c3a5485fa80b4a
ax0  xW ,7d1ee65639d10214
1b1W2b2 ,0785a13ec09334f4
2 While ,4c1d80bfba0fbd8d
the line,9026dac2aba33600
ar trans,553c3dd4e2c05e7d
formatio,ac819050d18c9e73
ns are t,a96fc71c18c48a38
he same ,d0532fc9edb8696f
across d,76f7b0ee6134480e
ifferent,49192cd57800b8a1
 positio,db3b62a6e9e98943
ns they ,00d4352b109723b9
use diff,8128fd96d3320a1c
erent pa,2772a34de7ad677b
rameters,238558582e4fd33a
 from la,76b1733d93417847
yer to l,acda29f4db65c94b
ayer Ano,15923b306fc16cc7
ther way,a303dc4e350c1178
 of desc,b878e12b80037987
ribing t,dbc1065e1b867f4d
his is a,45149e606b21a012
s two co,e66f166e39a81ac4
nvolutio,c76a04020ce8fb2e
ns with ,42ab65df95719eee
kernel s,2f069a0265bb66a7
ize 1 Th,a5ab2ac2da2183ee
e dimens,76ad98ac43ccbb10
ionality,964b998c98c66f46
 of inpu,0bc65ee927943068
t and ou,73493bd92e603fac
tput is ,09ba241abecdf4c2
dmodel  ,80052cf1551d2ccc
512  and,c247b69d23c45bd3
 the inn,4be3a6047930049b
erlayer ,a7924834d5ec0ee3
has dime,73e1f17d87d7f053
nsionali,c947dff98ae2c47b
ty dff 2,a14bf47ac72b3f33
048  34 ,baa1e2f3f2a6be2e
Embeddin,5265da4732a882da
gs and S,aaebdb4bbbb11884
oftmax S,2f235b57baf9303c
imilarly,f85d7c0fb221ef8d
 to othe,b7a3f91f3ff39bd0
r sequen,83c1ea0e23c1a227
ce trans,40097e213e0e7b47
duction ,6774177bc1c010a0
models w,e1f7a51254ec0a38
e use le,b810460df5b0f268
arned em,8367c3a9d1f97f43
beddings,eda645a5fdda228a
 to conv,f7243a0475314b6b
ert the ,2ea894d56dd343e8
input to,1f5b84bebf9e1c65
kens and,a8c6de2237467221
 output ,d4a821631cc779dc
tokens t,d692c2c1658dce70
o vector,bc8f5e0cfac239c5
s of dim,13915aea423a4921
ension d,52f00d5615326afc
model We,1a67079c3712d681
 also us,1a8584ad0ecce673
e the us,1bc7da68802fee85
ual lear,453804d87f198152
ned line,07b954223587fac2
ar trans,553c3dd4e2c05e7d
for mati,fb15c23e4e1cd440
on and s,3b6f30db9e7c648f
oftmax f,55e30adc9ef177a4
unction ,dd5700fbd3ba9204
to conve,a6fce9de260fbee7
rt the d,19088ba388c58f6c
ecoder o,b9ca83512f68167c
utput to,91a2023a7a54a1c1
 predict,5bf55802b039cfe4
ed nextt,1a07eeaa60fe32ab
oken pro,ea9d96c85897395c
babiliti,1429aa5e9dfc15f2
es In ou,e75b68f9fd31da2f
r model ,883c9782c1c3b7e7
we share,26e45dff4f36f01a
 the sam,c4dd612e58cfa769
e weight,03cc150719a0759e
 matrix ,51f4264220a7743c
between ,8569bd3ecccbb8f2
the two ,7c2f71a1bec7b6f1
embeddin,b69a685b86adee20
g layers,9bb4e1f1e0925166
 and the,e8831bcd8637eb04
 presoft,57ce65346aba2cb3
max line,ecbc1deb5a4a5601
ar trans,553c3dd4e2c05e7d
formatio,ac819050d18c9e73
n simila,5ea381f40406e17f
r to  30,ace805c4602ae624
 In the ,825720d89a90d6ed
embeddin,b69a685b86adee20
g layers,9bb4e1f1e0925166
 we mult,31dc6958b4e78d9c
iply tho,9bdbae84e432c9a8
se weigh,7ed5b667131a9fd8
ts bydmo,273d3f093ffbbf7a
del 5Tab,392d8076da77c814
le 1 Max,7abc7c2aca10ccf2
imum pat,ecabea3923b85076
h length,8c0904cb0b354816
s perlay,0d7b8e43fba72305
er compl,8f286869a880bfe4
exity an,f970810187bf35ac
d minimu,d4e666b087268f0d
m number,116d662cc654b18a
 of sequ,f4733193acb6946e
ential o,1d3f4d200f8821a3
peration,0369fb028c160e8f
s for di,ce3c64be4bc159e0
fferent ,532a3609f2148cec
layer ty,7a2d7343cc68d079
pes nis ,3c8ab3434af418af
the sequ,a8e6f89059651af3
ence len,03cf3006f35181be
gth dis ,a8b038b03cc78144
the repr,435e6cc1fa3b99d4
esentati,d61a06e750e4ac9d
on dimen,779b18cc2170a3a4
sion kis,d2e43898bca466e8
 the ker,5a4cf178aa2bc2a6
nel size,e4fd7e17b4f95c96
 of conv,66ca81689353287c
olutions,b7d74109082dea82
 and rth,484fb5f105afd5f7
e size o,a2bd871eba3902a4
f the ne,636de0f60097bb9b
ighborho,510667db489ce4c3
od in re,93852de63ba4a99e
stricted,8d31d7e86cd7b394
 selfatt,430324e0d36246d9
ention L,ab9acf656de061b8
ayer Typ,34f7f1ba9d26cf1e
e Comple,d1dff128af6a1ff6
xity per,4809f7da2a1d7f0f
 Layer S,4f6ef251fc5aced5
equentia,e6ed2d62ff84a0e2
l Maximu,145d6b548c0f33c0
m Path L,cef4132178af1526
ength Op,f5b9eff43d969808
erations,d9a7fed0cb4349b1
 SelfAtt,575c4ac2d3839e93
ention O,d2515a34fe75e3cf
n2d O1 O,02f096362f97df0d
1 Recurr,cb163e28868f4580
ent Ond2,e9c02d0d28b0d3ec
 On On C,3edffcb66194bf44
onvoluti,7e780ba0e102e8db
onal Okn,bd4d7043b66c2370
d2 O1 Ol,520501f63add4c26
ogkn Sel,c5a23d9bceab6c92
fAttenti,8acdce785fd4fa2b
on restr,b9e6f22b385b7303
icted Or,7e10bcb1c5d55a24
nd O1 On,30052f08f4ceb26c
r 35 Pos,a9b12cf184cea2ab
itional ,c140952753cf9026
Encoding,54d72f1a50296d17
 Since o,ad8a16ed7bae32e4
ur model,7e60f03a35d7d9d5
 contain,3177a4f1b34d6dc3
s no rec,58aca2bac104b7f6
urrence ,18fbe7f41de3e653
and no c,8204955cbe1aa601
onvoluti,7e780ba0e102e8db
on in or,c5a909b72aa93958
der for ,84ed9bfc036805e0
the mode,74f3d12ccf13ffc4
l to mak,265353641b900bfd
e use of,53de6cd5b18ae242
 the ord,07ce0ce8b14e09be
er of th,b7913958f0797de0
e sequen,92e70c5a142892e6
ce we mu,83d489aad81114d7
st injec,85cdf6472b686a08
t some i,0773b35f54c7c699
nformati,ef3462d3b4990319
on about,b78ddef63fc2a524
 the rel,ee135f9f6f7282bd
ative or,d8fcd148a5e1b399
 absolut,c93bbe81b2d5a140
e positi,2550c495136c6086
on of th,e21f3a6aa2d69d60
e tokens,5de00d54eb70d3b5
 in the ,f76bbc4fdd8b76a9
sequence,2bc17243fbec94ea
 To this,cb7da6bcb8548591
 end we ,b1b5b969b8918eb9
add posi,f3f86318b149f169
tional e,224d4be963c35ea0
ncodings,2fdeb51ede278098
 to the ,e59cc5137aa89025
input em,dd44747ff2f9ea59
beddings,eda645a5fdda228a
 at the ,4499957735be95b2
bottoms ,61351a6d2c592147
of the e,9713c974eba09d25
ncoder a,9d48a9004d05647a
nd decod,f2ed999e37c73260
er stack,1ffef03887b7e5f6
s The po,a6d874f73e58a0eb
sitional,bbf7e71481422d66
 encodin,a069a267a4f2075c
gs have ,a2ee110256526285
the same,ab13a1093d31bada
 dimensi,ea7eb2d456d694e8
on dmode,b0ea719c5d0b6cb9
l as the,866185fe3f6d88a9
 embeddi,91b2e38d23521567
ngs so t,2477b11b28f9e10f
hat the ,6526ffdf7d35d805
two can ,563fa5d322bef73b
be summe,da5fa91c216ab461
d There ,fdcc9bb4efbfcb04
are many,6924b24dceaf7d40
 choices,5b40c223c623e1c5
 of posi,3edee0fa7a7f1efc
tional e,224d4be963c35ea0
ncodings,2fdeb51ede278098
 learned,32e2bac3416782c3
 and fix,7f1b5738a2029648
ed 9 In ,60c93a28319d649a
this wor,6ae8ecedd4881fd0
k we use,81c10e7b7c8c0ed3
 sine an,c1a7be6ea9d6147e
d cosine,04a17166edb809af
 functio,ae6d5c61ac274ecb
ns of di,da17c4333829034e
fferent ,532a3609f2148cec
frequenc,d6f1e28953b96411
ies PEpo,4afaa98cd64e9c82
s2isinpo,e5a324ecd4cbee5b
s100002i,d470db1208859b45
d model ,137eabedfe789dab
PEpos2i1,5da11c15b3def64d
cospos10,333fbf2f7e16c3b0
0002id m,5ce75a8b536c9ba7
odel whe,deaa1b86a057e58a
re posis,e038067a43ded995
 the pos,4fa74717707dc8aa
ition an,8db17992ccbf9cbd
d iis th,21bea9ecafb59635
e dimens,76ad98ac43ccbb10
ion That,6a5361d15c11cf69
 is each,9ff88c1238cd16d7
 dimensi,ea7eb2d456d694e8
on of th,e21f3a6aa2d69d60
e positi,2550c495136c6086
onal enc,5925208d83bcf4c4
oding co,aff3e44b503f6018
rrespond,6522734652cab24e
s to a s,e99a23cc8450bf97
inusoid ,8f28b0e1a2afc69a
The wave,af4940467323312b
lengths ,74e25be23c1933e1
form a g,94f1937418e88698
eometric,a6e43eea8c5b85ec
 progres,15f148e2135419d8
sion fro,91f7a62dfb4351d4
m 2to100,e4fdc7b7e9edc049
00 2 We ,93d9d901ba421def
chose th,febdc7012644a0ee
is funct,7edded9c32f34365
ion beca,66dbfe2b7dd0753f
use we h,4f721d3b2b5739c0
ypothesi,ecf571462a3815a3
zed it w,7b9b4ce58f1e0beb
ould all,d1fa28142b2db1b5
ow the m,24bcccf4811a41fd
odel to ,64de4af980600948
easily l,00b86e84afac50fa
earn to ,10e7adfd253c57ff
attend b,b70adcf6446255f4
y relati,988d8ba026273c58
ve posit,a54111e4bf3941e6
ions sin,e8210ac1270a8c54
ce for a,c412e64633457cd4
ny fixed,830b1cdd03829177
 offset ,47f21fdfca4d0ab8
kPEposkc,f72bf224fc3ff6f6
an be re,bdaf51ed940b03e4
presente,b7f7db58fc6f97bd
d as a l,ef98d6ee7c59f61a
inear fu,c6e2f8563bfb81bb
nction o,22210556873eb102
f PEpos ,76483a4a1f7503f0
We also ,93135bb77c8c894f
experime,1e11eb1a7cb40211
nted wit,61084f9b8e233577
h using ,67aeb6d4e16f3c96
learned ,cce3050bd6499510
position,802b680f24144688
al embed,6042c9385c23d857
dings  9,4f37d48d46642ef7
 instead,fb6fe474daa1214f
 and fou,c8a9c71352687e15
nd that ,6bc4f3887cf2834e
the two ,7c2f71a1bec7b6f1
versions,4f94703631d9ba55
 produce,f15bdd5335c0cb14
d nearly,a0577a8aebc9ec99
 identic,ea3b513946cc1ca6
al resul,c4818bba903df058
ts see T,f972abbd02ade190
able 3 r,c739467c7d20ed10
ow E We ,6898070dfc165c2a
chose th,febdc7012644a0ee
e sinuso,640d27755b01a0be
idal ver,6c96af1463633150
sion bec,872fd717a9fb6248
ause it ,72038fc15aaa6a23
may allo,90383c0572619ca9
w the mo,cdd46d09031a2e6f
del to e,832a395ccd20ef90
xtrapola,7dd76e22d9f2986b
te to se,253c3e42164fe8b0
quence l,8ba257fe2aaab173
engths l,1e73272173940589
onger th,1f70b810667cac6d
an the o,292a4c456f4042d1
nes enco,df95eeaf81b2c046
untered ,5938b692ba0c68f5
during t,57d6cf02e0891897
raining ,6c522a8f79a3b922
4 Why Se,325f9599d3bf4706
lfAttent,b8677c19abee824e
ion In t,cfbafc89954a6925
his sect,9f611bc1aa5986f7
ion we c,62a2e17d4ff89d17
ompare v,847361bce22967f5
arious a,adc23cf1394b0e7c
spects o,696b792f3aac0285
f selfat,9eb5cadbf4062b33
tention ,233f5c7c464d50c9
layers t,566cc1d59a3deead
o the re,ae55b771857f4adf
current ,4b8c17eb4c364534
and conv,a992ed83ea1ebc53
olu tion,c8eb6d35f2202819
al layer,ae129ee2c329602c
s common,09bd7323eaf6286a
ly used ,81a62fe8a551408f
for mapp,1da3da1680fbcc52
ing one ,e3bfd814eab8d558
variable,2575f889e7dd1ec0
length s,aa673ff8b8e7ffaf
equence ,51b64c0fec3e99c6
of symbo,7abae946fbc76b68
l repres,8e6504977ba58e47
entation,74477615ae73ba55
s x1  x ,bb2aa5dac12ad9a9
nto anot,091772e19f01d1c8
her sequ,cb01d8157b44b3f1
ence of ,184051be3f53000f
equal le,5b716e48fa74f34c
ngth z1 ,1e45c87e9f052010
 z n wit,70d6c1b606db964c
h xi ziR,722f9068d341cfd9
d such a,e7871ef47be56b85
s a hidd,ea511a51d2c6c19c
en layer,864e9c976b226a15
 in a ty,7fe87b7b3f436ec9
pical se,c72be7bc9bbdfd23
quence t,d577f0e2dcafbb36
ransduct,46c24444998c3193
ion enco,16bd3b8346137800
der or d,e0eb9ccda905ea67
ecoder M,8b669a51aa7601b5
otivatin,3bd6bd0a46b4d8c3
g our us,7c9a2a8fafd3020f
e of sel,65b8c4188739d531
fattenti,2e9f6f14ee2417ec
on we co,71fd66d1cfbe6c9e
nsider t,a4af43cda7b5f726
hree des,1f797aeeaf23e712
iderata ,68d92213d2a6439b
One is t,42ce72b989020e0f
he total,42a4830becb9612e
 computa,95afd8a4fc4a1074
tional c,156026e74d9c2aef
omplexit,b48626919d1ad9b1
y per la,f5b1f830b5300805
yer Anot,89450f1fc3ac9d05
her is t,83aaf7a13e08459a
he amoun,d27db42961da8ede
t of com,48bd0bc640132567
putation,e240e71b54b99937
 that ca,7a93a5343dacfc5d
n be par,05f00e278272cfe6
allelize,208670237be7e259
d as mea,12e9dc9b21bf2800
sured by,bfa5db7e3a0f8e6b
 the min,01199fd4eaacda9e
imum num,f9519b24b3d576d9
ber of s,c3d35e684cc38510
equentia,e6ed2d62ff84a0e2
l operat,2b789c24414b4319
ions req,22dd1a96bce74ec5
uired Th,1fd9bb0d5f0cd56c
e third ,937887323036db84
is the p,6d0335beee892afe
ath leng,e59a8cc4cc30f41f
th betwe,56d2cdaada29ea38
en longr,d726139d633de2ae
ange dep,d23c1d36085edbee
endencie,0d64ff9bb5ea953b
s in the,d3b0b0cff230c990
 network,b3d2d31445a315ec
 Learnin,f253014d438aa467
g longra,248183bf008f9bad
nge depe,dae6f264c52fadcc
ndencies,4b9036844e5035cd
 is a ke,f6c117d20188d7f8
y challe,15df50711b9fa1ec
nge in m,d45783bff820df44
any sequ,9d0641c9c41f34e9
ence tra,86c35155dd1339c6
nsductio,26199e42f7243b9b
n tasks ,544e1f5fe077f7b7
One key ,87a6e3ecdc8dd41e
factor a,318204b090e8856b
ffecting,e2f3e6125d74d31d
 the abi,2543c3cd3b5aa0c4
lity to ,b306488b728c4ed9
learn su,1629589b2f496073
ch depen,a084761d1caaca48
dencies ,04cb3ae8689b2fc8
is the l,af2c1c8cd382b822
ength of,03e0cfe6c70084b3
 the pat,163fab559e525315
hs forwa,834bdbf358166061
rd and b,347a338091b6a76e
ackward ,983c4a4c74a168bc
signals ,d98e2ac87209e3e6
have to ,1500810505214fc0
traverse,60dad523e645adb4
 in the ,f76bbc4fdd8b76a9
network ,30dc01b6fc46c282
The shor,e3e417d4d733e017
ter thes,4c646372a9819e85
e paths ,25bb72652791f4c2
between ,8569bd3ecccbb8f2
any comb,b3b78b409c95d298
ination ,986e8fc7e2d117c6
of posit,5abd7a2c6fa0b530
ions in ,034b4056361176cb
the inpu,6da25facf64a1b91
t and ou,73493bd92e603fac
tput seq,b02f039531208add
uences t,0ec7eed9e15ca168
he easie,3cfdb61983fc2b2f
r it is ,842bf45363cf7372
to learn,eca64df958b6bf4a
 longran,3f47a68758888b00
ge depen,430b9aad9820c06e
dencies ,04cb3ae8689b2fc8
 12 Henc,a553ec227cff4fe9
e we als,d785ea45909b49d4
o compar,6404c6326ea8b7c0
e the ma,96c5a5adf591cb71
ximum pa,5b7bb13fb627747d
th lengt,0ccc8f58577dcb9c
h betwee,928d423d6f9c0ea0
n any tw,ca82fb65ba04f36c
o input ,50a34796b0828f1b
and outp,7415393b3d5f0fce
ut posit,66b18402f5386568
ions in ,034b4056361176cb
networks,fdfa0e6183fbe20c
 compose,b64fd4891fd78757
d of the,4f548b93804291cf
 differe,e1e20f9af50aa989
nt layer,574ce2b355bae454
 types A,9a31588601e5328e
s noted ,dd4ed48c7328ec96
in Table,b12a11d11e6c5203
 1 a sel,ddf84711bd54ccc8
fattenti,2e9f6f14ee2417ec
on layer,820f75873ce7c3ab
 connect,0c7d490a07262f7d
s all po,83d0874d391bd935
sitions ,03227e29aab17109
with a c,9ab7e602640c4335
onstant ,5e7bb3efb63e3f4f
number o,418f1def2cbdc05e
f sequen,8f217585b453041b
tially e,c2c78a0b807f035c
xecuted ,2caead4dd9c79a32
operatio,e6aa347651b81623
ns where,086552b83ab6c202
as a rec,58f7e6fef94bbe1f
urrent l,f0a5f64b45e713af
ayer req,8f2d943eb0bc80e4
uires On,1d05f48c5d8d0e63
sequenti,3a18c77c82d9a356
al opera,d19b938b09f445e3
tions In,50b50f316eeec8dc
 terms o,45c1df481b295a34
f comput,a8f3dfcf0533d968
ational ,cd83fec539022ab2
complexi,a26fb3bd0e48be00
ty selfa,7a3f2ebe67e00742
ttention,2131bfb31256dfa5
 layers ,c885dfb95500754d
are fast,5ae96394ca4515db
er than ,b5661c593d8819ca
recurren,5f84c883a207ea95
t layers,736255431f1cd577
 when th,5ee55c7b3b4eaa0f
e sequen,92e70c5a142892e6
ce 6leng,24ab2352170e14ea
th nis s,10ab5d522ae341b9
maller t,b1c94f421be08c69
han the ,f08866d171e5deed
represen,0e5d2a01feb6b85b
tation d,3cf9ad0cd77221d0
imension,fe0a54643d34f80a
ality d ,1d6ba4f4bf74a162
which is,9f470a93e27fcd8b
 most of,47bd1eff1cc2fc2a
ten the ,3af2a548139f3cf1
case wit,b76756f44a17d4b1
h senten,6320c51efe211eb5
ce repre,bba6035bd2b09f6f
sentatio,132e19371a4296c8
ns used ,264a9a72efb6c3b0
by state,4466b6dc1bb18c8f
oftheart,d91350a718990514
 models ,744a4671d9f0c2d2
in machi,8d60f235868031c9
ne trans,72433a60bf7fa5ee
lations ,0bc1fb3a3b8838eb
such as ,565e74a668834b61
wordpiec,9f2ac58777796cdd
e 38 and,41ea35decb27fb00
 bytepai,273e9e3f45b77db6
r  31 re,adb6b53cac8755d4
presenta,41f3858c83a2777c
tions To,55a4a60b23c1543b
 improve,ba28a79415931b7d
 computa,95afd8a4fc4a1074
tional p,cd2997c14412473c
erforman,857edf6848c07a89
ce for t,425d3f4af8cf33d9
asks inv,5f76828bda6d08a3
olving v,e837da3ba39728f7
ery long,553a1447e2ac4eea
 sequenc,49078f17a95b63d2
es selfa,f692325fa6d7a99c
ttention,2131bfb31256dfa5
 could b,64fcdd2e57403fa1
e restri,3ffcc49ec323ab75
cted to ,426457f3abbceed4
consider,9a910ebb485b31ba
ing only,6c4d105d7862f3be
 a neigh,4153e1a8d0496fc7
borhood ,0631849728b81790
of size ,dc10f4e86ba36678
rin the ,efb79f8e6e2a2d54
input se,3fbe60ce54d25e9d
quence c,a5a90f69345a02a4
entered ,86e5f3f88fc08792
around t,ff1cf5e567dc1047
he respe,722ca00fe5ebf2ec
ctive ou,29c5977e0099d5c3
tput pos,a6385be8d32fb87b
ition Th,0dd5c2b7b3123a0b
is would,ca18a0ad8b52ec3a
 increas,56e78f7e7df5ad68
e the ma,96c5a5adf591cb71
ximum pa,5b7bb13fb627747d
th lengt,0ccc8f58577dcb9c
h to Onr,fc2d1b833b9388ad
 We plan,f97fabfd35292b67
 to inve,418943d1317dd349
stigate ,9fccb028778d4153
this app,85e89fb9b625eaed
roach fu,1d487c65d1414c3c
rther in,b9be29e9183e240d
 future ,e8d88fbff9ebf28f
work A s,4c9004c3dd5cf9bc
ingle co,f35fb934b1c7f1d8
nvolutio,c76a04020ce8fb2e
nal laye,f8bb07501c05096e
r with k,bef5e305c2fb9d2b
ernel wi,9ae11a4c812f8a88
dth k  n,f17be88971be1219
 does no,de3153869ca47a62
t connec,5b989a4755f81c61
t all pa,389908d8792e9311
irs of i,ade02497e2bfdcf6
nput and,2ed31346bcbb9a32
 output ,d4a821631cc779dc
position,802b680f24144688
s Doing ,23cf5b88509d0c61
so requi,04f1f0bd5ec86983
res a st,bab8478c3f474673
ack of O,6acc88cd2f07b8cc
nkconvol,8f612d3a9914b2a6
utional ,8eb81ce51a874c9b
layers i,80fe6f2635f3a091
n the ca,35af2d28a2609cf1
se of co,8ec8a50bac518468
ntiguous,a34c213dde09085e
 kernels,6f1cca488c7fb19e
 orOlogk,02c137f868e80bdf
nin the ,9bf657ec3391696c
case of ,6b6d9ecdce1b2216
dilated ,e4c97511b6acc74e
convolut,ce461099ee2785c9
ions  18,e73bdca7a08c1c24
 increas,56e78f7e7df5ad68
ing the ,29bd38ddcadec480
length o,3f3aa9ec1437f50f
f the lo,f81561c03c89e06b
ngest pa,f84d938fbfc88a91
ths betw,5d5026526939f335
een any ,3f43b8ec0b73d351
two posi,9e2c7e24123a3f1e
tions in,4f90c2f9f28c7dc1
 the net,cadabfd415c273aa
work Con,c3e643de1e45c8e8
volution,29b6c9bfe9418691
al layer,ae129ee2c329602c
s are ge,e914922609864784
nerally ,82bbceb570b859c7
more exp,c436400640cfe736
ensive t,ce4e28c41ebd8fd2
han recu,38c7ee33b68d8c38
rrent la,ddf3f89c833aeef7
yers by ,a6a9dbe0ad91da1e
a factor,8b4992ea8776a1ea
 of k Se,431313a92ddbd7f0
parable ,3c50ef98b6e637c5
convolut,ce461099ee2785c9
ions  6 ,94056ee027edf5ef
however ,9aebf2b39a65a784
decrease,bc6e7810c6544311
 the com,7d4a74f6792ca797
plexity ,a71cf0a847d4ad57
consider,9a910ebb485b31ba
ably to ,f8304c9cab379ff7
Okndnd2 ,3a88cc456cd86ca8
Even wit,c24e856f230a2d41
h kn how,750b493d5e4c43dc
ever the,aaf1f8234be055ec
 complex,d4b1d3cfe387d517
ity of a,1cfcfdcb1af35db3
 separab,ad0755021dbafa6b
le convo,c4f1e655a1ffaa7f
lution i,16bbdafc25fd21a4
s equal ,28d3ff98e4443d2e
to the c,efecadc34e789a97
ombinati,d2a497c9bc708734
on of a ,787f8f47e2e64f5c
selfatte,4874413e9ecc7b75
ntion la,729c8f5037445ad4
yer and ,79842acc61b0df63
a pointw,10b959860e6e0f20
ise feed,32f016a1801a1fb7
forward ,eca95e5ae92737f7
layer th,50caee1d84acb5ef
e approa,ecf5468d33f76537
ch we ta,4475cd8ec7c01a68
ke in ou,4f41cabe43f85ef1
r model ,883c9782c1c3b7e7
As side ,7f55552c13ea3b35
benefit ,250da0d8409bd2fc
selfatte,4874413e9ecc7b75
ntion co,bb297637d864b472
uld yiel,c59eb6ea3fc6e999
d more i,9cc6bd0bb3f47da2
nterpret,c8d3d7847cdd5fce
able mod,f5ec0d4a6a90e8e6
els We i,0c88aef8d8e25c12
nspect a,87d284b60bd2690f
ttention,2131bfb31256dfa5
 distrib,9fbe4aa9b3955c8c
utions f,7f1c52357b4ab456
rom our ,d925e4708f000409
models a,e51b7d0be910b04f
nd prese,8714583250bc1bb7
nt and d,e1d64b7d6373113e
iscuss e,9a41b0474049f5b3
xamples ,7ba07f9f0a5e94e5
in the a,a29131f0f4badc9c
ppendix ,a56989c6f27c2dad
Not only,fdbae4f6a697ae69
 do indi,9e310ddf6e324c1d
vidual a,16a20cf97a398f25
ttention,2131bfb31256dfa5
 heads c,9ab4f618832208f0
learly l,7f5c5042c21cf40d
earn to ,10e7adfd253c57ff
perform ,27a18d175258dbc3
differen,8033efe5e2c9aacc
t tasks ,0129a9603b62292d
many app,9d270419305e2d2e
ear to e,cc5c0f1e5ae83f2f
xhibit b,464c773321e9b685
ehavior ,bc75248994d2ce5e
related ,9097ec76e79f1241
to the s,d4d1f6b210305e49
yntactic,a21e7ad96e066cd3
 and sem,c7143cb0f9f8aa11
antic st,4a658e559fe171b1
ructure ,8961f8d37575846a
of the s,be66f0f3b293d517
entences,0d0f556c1d0d3ece
 5 Train,ea6078b0e11d638e
ing This,87fe99a2c096fb9d
 section,5ef725c7f47e349d
 describ,b0f5dc6577b3241a
es the t,778f4c44fe65ec2d
raining ,6c522a8f79a3b922
regime f,33f1b78ba17b9df0
or our m,8616b9707bf81fdd
odels 51,271b66d240708a0e
 Trainin,2b51b73be12f7e8f
g Data a,c67f0331470dea69
nd Batch,09845f189fc31608
ing We t,4539e32c1855f943
rained o,cbe03db07362519a
n the st,6203b3331c6dcf9b
andard W,01899b8b3120d1fc
MT 2014 ,834f6adfc4eb29bd
EnglishG,bb59c0a25a47c107
erman da,07d9d0bdacb4ca79
taset co,6446a0af60356d07
nsisting,ed341a202ed084da
 of abou,e3b183e4f0eeb7d3
t 45 mil,959c7dbac400d778
lion sen,33b00e9533d69853
tence pa,d8cabf56539f6ebf
irs Sent,ca0f56b87ed7edf5
ences we,6140a9978f849b44
re encod,be188875608ada4a
ed using,16906ef216b08d95
 bytepai,273e9e3f45b77db6
r encodi,49d13166b5ec5c2a
ng  3 wh,6d39f7ae1b214c52
ich has ,ce3c32fa2d00358b
a shared,e441b42eaa3ce186
 source ,8ead2093774ae435
target v,c60022e1bba33d49
ocabular,c33e907c8db98891
y of abo,53b448edfe6cf5e8
ut 37000,ab6d2a2cb6a3400a
 tokens ,6e7e9ffd73a4f4e5
For Engl,9b57c27a77c4aa68
ishFrenc,940280df309ef2f5
h we use,777491b99e12e99b
d the si,f90224724bf3f1b2
gnifican,afb76ff1f2ecc7ff
tly larg,9e8783975730f705
er WMT 2,ca348dfc5e54874f
014 Engl,d449ff465469298f
ishFrenc,940280df309ef2f5
h datase,82968c4d2e2f5fa2
t consis,c6b3f90198963fae
ting of ,f6a970cb8632333b
36M sent,4ee0cf8b33a8294f
ences an,efb4ec2c9611ec4b
d split ,76f77947f9f7d400
tokens i,f5988b970081c666
nto a 32,42faf2dd37a4de79
000 word,2712a0cc27cfcaca
piece vo,6face1d3e684ffa6
cabulary,58caabce11e96f15
  38 Sen,cccd734669764ef5
tence pa,d8cabf56539f6ebf
irs were,016f62d140c19db1
 batched,e92408a88b61fb8e
 togethe,0d76137b7d923bcb
r by app,6cf821c38bb976a0
roximate,5ef5dabcdc2095b9
 sequenc,49078f17a95b63d2
e length,6e85ece8a70dfbbd
 Each tr,9af9188daf45d9f1
aining b,2006d5cebf074c1b
atch con,e8216ae1227a27c4
tained a,3ede38a6b4d72cf7
 set of ,fe893dd7ee8c2449
sentence,aff9723b8576ea6c
 pairs c,86622c76810ab0c4
ontainin,7ebcec0bb48a5ffe
g approx,e88cb46868c9015a
imately ,112373fdbcd70286
25000 so,e438ec6ac3db31b5
urce tok,d8425519d6e61c16
ens and ,73f7bd2bd066fa2c
25000 ta,400b77d2486310a2
rget tok,824bead5c1abc54a
ens 52 H,90b025ca054fc7ac
ardware ,e18db5e579ed39ad
and Sche,091649d682491938
dule We ,f8c19059c3e709af
trained ,cda23e08e794479d
our mode,7f80b67b856ab70a
ls on on,cd52e673766e0ca1
e machin,9eb962d1fb0da3b2
e with 8,ee331714630edec8
 NVIDIA ,48e80e73af8a50de
P100 GPU,19c9d5ad2d2e5e2a
s For ou,3757604e4bc5af3a
r base m,2e001e548c0e8cdb
odels us,13c988cd532f33a6
ing the ,29bd38ddcadec480
hyperpar,3ca335e1c3d59ca3
ameters ,0eb92f61f8786803
describe,2573ecee1c4dca31
d throug,d15e4aa25afac86e
hout the,f45e208bf9c162f7
 paper e,0b802e7215c47f07
ach trai,ed2ed5bf703248bc
ning ste,1b9ded11fa81c341
p took a,005f17b069206fd2
bout 04 ,f4cf6c1783ba907f
seconds ,8df90508e2fbbe3e
We train,9b15ed8fd83328ac
ed the b,bcce625071189e91
ase mode,52db88db50dd80b2
ls for a,ee360b4e7e8f626c
 total o,d22a6eb07b457ae2
f 100000,0f0a62c04d368ba7
 steps o,c89d57f896793503
r 12 hou,6f921d7ae68b7d2f
rs For o,cff343247aafe96d
ur big m,5ac94ba2a950859c
odelsdes,923336254b6f890f
cribed o,dd96a751a94f79b3
n the bo,ca70f323b4000e34
ttom lin,2f7ce5e0b72e0f9f
e of tab,38d190f8edcd5638
le 3 ste,e155a59ed014fdc3
p time w,dc86fb7f17c59287
as 10 se,abcb4905c301229c
conds Th,76b0c171995409ae
e big mo,ba76097ef4acf645
dels wer,c4a5a4220baa6810
e traine,b7e563d3b95d1855
d for 30,c8daf5c6a32e94fb
0000 ste,26d78ecc11951eab
ps 35 da,7af561eb134e3dde
ys 53 Op,aa94869078dfb900
timizer ,99b24c398113c591
We used ,1092ed27afd0f4aa
the Adam,f3f28c5d9376b06e
 optimiz,d0956a054d72684a
er  20 w,006389229e2ba4e1
ith 1 09,fa3e6cf201d99ba4
2 098and,493b2f1a79ae018b
 109 We ,53ae49d2e9a2065c
varied t,e3591b5f8d9f2141
he learn,335fba7b6af608cf
ing rate,6f6242940d6a55be
 over th,3cd133b84dccc1b3
e course,e8e85da1f1f18dd2
 of trai,1a36a132c10aabad
ning acc,3324c0a4a6422443
ording t,dd62de029c691fb0
o the fo,2a8914325404b247
rmula lr,4d14881c3bce1a45
ate d05 ,eb8cc65101cf45d0
modelmin,c07bd348d22a16e3
stepnum0,38a764e0a628a7b8
5 step n,fec594ce20af7f32
umwarmup,652d86362b1238af
 steps15,f385c738f3743f2d
 3 This ,0fae582a59ca93c2
correspo,e7ec3007a346bbea
nds to i,4e03c1dad751550d
ncreasin,e277a97424efbb55
g the le,479204864f7d612a
arning r,f01f369e5a07db0c
ate line,99ea7ca36a4cc850
arly for,06eba3e532e5da3d
 the fir,0108ffeeff2c3872
st warmu,65439759a6d76f14
p steps ,92c27132fdaa6bd9
training,f6fedfba1fc0e75b
 steps a,823ebc44a2c1ef9b
nd decre,da839c87906a6e78
asing it,d9a754db571f53ee
 thereaf,488fc89cd315dcf6
ter prop,1d8bd5570c914a0f
ortional,10e65f183a66bfab
ly to th,27036c9cff2cfa04
e invers,ef24a788c12e1dd0
e square,d626c6245fbb5a5c
 root of,cd5b3af08b82d593
 the ste,bab6849be3c73a8b
p number,4310c23de2fb28cc
 We used,430163b5b2cbc6bd
 warmup ,85c00de95fc0fdb4
steps  4,5b20e0257a4cebd6
000  54 ,e2de4a4b843a3b68
Regulari,6a35f2d28c151a17
zation W,9401892d7de5d011
e employ,9f4e4a0591f10301
 three t,7ea7b6ffd40bfc58
ypes of ,37ed74d56b481932
regulari,559d2f0c85f5af8d
zation d,328e32dbf091e9a0
uring tr,9f39d8aa8c21da34
aining 7,33590dbd79551035
Table 2 ,bada5ae62071944d
The Tran,7f88a3bb63807cf6
sformer ,b7cf4f1dce448f6a
achieves,08c3962e9b25cba2
 better ,14202b7b9d517d40
BLEU sco,26ef4ec688dd6d4d
res than,91aa78fa3cdb907d
 previou,4afa39f22de4dad9
s stateo,86b07b3963f6fc91
ftheart ,833ab81a13b04a9b
models o,4709e51d0a9125c2
n the En,cdc3a6580dcfe4fe
glishtoG,307c322d11fb22fb
erman an,cca8d935212829d6
d Englis,78aab5c2ed87f75d
htoFrenc,54987d12037a4dd8
h newste,53ba3553f2c3e08d
st2014 t,05f1b129fa338702
ests at ,0b7dcdbae92482ed
a fracti,25aab4c4bbb24848
on of th,e21f3a6aa2d69d60
e traini,53e168e8a80a582d
ng cost ,01ea5c2ace7a4f78
ModelBLE,613ce2a75396e5f8
U Traini,30a277bc3fcd8d61
ng Cost ,1a79acfb65d579f5
FLOPs EN,e866c9e65d1ea870
DE ENFR ,52a0da47f0df72f2
ENDE ENF,c1afcdd37bcb7f7b
R ByteNe,e9da0cea8cc71797
t 18 237,3f238cc345540c7c
5 DeepAt,3d07288fa1e264bf
t  PosUn,f9ef63f6e2fb13bb
k 39 392,1d6ee50e7a6eb35d
 101020 ,f07ce08f4a391743
GNMT  RL,4535e8387e567326
 38 246 ,82e242937a123988
3992 231,f351f02929108c6e
01914102,67f51f05648ea74b
0 ConvS2,e13f1f5462cd4059
S 9 2516,3e7873d0b850eb32
 4046 96,08599842958f9f63
10181510,451953dc574b1920
20 MoE 3,31a92655f56e07e7
2 2603 4,57cf7e46fedada1e
056 2010,34e8a891f52564ea
19121020,5fb9c0d0c2f86eff
 DeepAtt,474d5f6ee60633f6
  PosUnk,2cc04f1f68bc43a3
 Ensembl,c68e0a089b092db4
e 39 404,877cb713acffdc2d
 801020 ,0251a1fb8898985b
GNMT  RL,4535e8387e567326
 Ensembl,c68e0a089b092db4
e 38 263,c04442d15c9c3ba5
0 4116 1,010c27063e71b650
81020111,0093b5ba85316ff3
021 Conv,e1d5717cd63f34f2
S2S Ense,63a2bf42151aea64
mble 9 2,5ce71fec5255130e
636 4129,4b8fc75fe2e4492a
 7710191,b07d2ffcdcd2005c
21021 Tr,57741c4c539ab224
ansforme,f96bf9d68de27133
r base m,2e001e548c0e8cdb
odel 273,52678fb8611ca05b
 381 331,95145d407d794750
018 Tran,f5a5c330cf956e05
sformer ,b7cf4f1dce448f6a
big 284 ,17f509c402089380
418 2310,c8050deba3fdff66
19 Resid,34f9363558b1f077
ual Drop,48d9a7aa62fb943c
out We a,f6781a1edb45cbdb
pply dro,74c4e62a22292112
pout  33,4e1559eb46a8163a
 to the ,e59cc5137aa89025
output o,80800e3e1d6c0751
f each s,8a4cbd650bf9bd19
ublayer ,d280934262f21292
before i,ea7abb9118d45ef7
t is add,40fe6d8c262088d6
ed to th,c7595ee59ec0fa63
e sublay,64347dd87bad18b1
er input,3747fe05a137711d
 and nor,7527d42a475a31bd
malized ,8e4d65a1f6ac0756
In addit,3cf5cc157516fb84
ion we a,bb84f380ed6a31ac
pply dro,74c4e62a22292112
pout to ,66366fa41130453f
the sums,a96093e7da14973c
 of the ,20dfc4c0f66494a6
embeddin,b69a685b86adee20
gs and t,46e6b6114eabffe6
he posit,986846e2d4e46c2b
ional en,7699591ebc2aea76
codings ,121d39e32d3cfe6f
in both ,8b83904d30c7007f
the enco,d9be56108079ca62
der and ,d8958b1062c49049
decoder ,b7bb3ea38e0c3018
stacks F,294a1575c699d700
or the b,dbdb2b61b13d4f6e
ase mode,52db88db50dd80b2
l we use,d2480f4210b39f9e
 a rate ,3bd5962474085b77
of Pdrop,a4a852d9feffa141
 01 Labe,ee94642d79333cde
l Smooth,0b098d22ae6874ee
ing Duri,4ebd57ad9e81edc8
ng train,e48e13f54d5ea8cc
ing we e,d91d436c22d6973f
mployed ,b37446efa8c80f47
label sm,bb2d2cbf4f863736
oothing ,b7a302e5962681b2
of value,3319d75b47bf3982
 ls 0136,62f3685f5dfc86d0
 This hu,928f228a9867543f
rts perp,aa9df9f215f0ea06
lexity a,3d362b859cc46830
s the mo,9636bce320bebd5a
del lear,74aa42d665e9aa19
ns to be,7592dc55e42711f9
 more un,26c7b02c0e81dc95
sure but,01fd8c44838fcdea
 improve,ba28a79415931b7d
s accura,8e4f697d67fc98ca
cy and B,220ab922d7083cd7
LEU scor,1f0cc514adcfd382
e 6 Resu,bd0ad8b1e6f67545
lts 61 M,b467f61284980ce2
achine T,51ff1aa0792c26fa
ranslati,5e5a3809b0678fa2
on On th,2d014b9f878e696d
e WMT 20,d9af74e868905135
14 Engli,32a112503dc9b644
shtoGerm,862ddf0997ad0ead
an trans,e0afa772c7b8b6a4
lation t,fd1c5f0b07b1c951
ask the ,4a46a53e78070c63
big tran,b8ae3fa7fc357f34
sformer ,b7cf4f1dce448f6a
model Tr,dc4dca0f7439fd52
ansforme,f96bf9d68de27133
r big in,87d8d5c409cb3282
 Table 2,66e475897a5ab7fd
 outperf,dc6f9799e87dd140
orms the,764687a067b5e15c
 best pr,13b4c84c9ef08f4e
eviously,d628d2c32c61c9fe
 reporte,cf5e5b1125492aaa
d models,995aedb879af2b30
 includi,e23d972ffa94c232
ng ensem,55d5353bb0a50be9
bles by ,8f4ecb05b5b2ec40
more tha,d53c95901d453e6c
n 20 BLE,63bd263ae343d70c
U establ,34ce9da163c222cc
ishing a,5c351f48c64bc27c
 new sta,ac71734cbe3595be
teofthea,9624df6ad4d02cbf
rt BLEU ,7a237f4e57f32d47
score of,8c4aac523023b40a
 284 The,a4c53c0e52bf5759
 configu,e8177e9fa2ec5bdf
ration o,d353cb3956d02e3d
f this m,2937f434c4d00c64
odel is ,602370c58b574bae
listed i,dbe482fcb8af953a
n the bo,ca70f323b4000e34
ttom lin,2f7ce5e0b72e0f9f
e of Tab,83f6032b2c528432
le 3 Tra,bea7d9cdc171d94e
ining to,56347d419bb098e5
ok 35day,fb36a578a9b44039
s on 8P1,664fab8cec30bbd0
00 GPUs ,acff51cf51003b0e
Even our,26aee4abfdb92a70
 base mo,c7d79c627c0e3c96
del surp,e7ad2f5ad4333927
asses al,9df1b375e6b0e351
l previo,88f70e1297dd4dde
usly pub,d9e7f6a3997aafe5
lished m,f0429f88649a51f2
odels an,cb6076273805714a
d ensemb,7f5c0c7f13436b42
les at a,b2d02bff8404caa3
 fractio,0fe18dbc17381368
n of the,d6c5075af3da1153
 trainin,a95d310a162279f7
g cost o,0091b0bf6003206d
f any of,e2415a5a4432aa57
 the com,7d4a74f6792ca797
petitive,8d52af7e83ee3725
 models ,744a4671d9f0c2d2
On the W,63090617f1b4245e
MT 2014 ,834f6adfc4eb29bd
Englisht,de78857731bae4a7
oFrench ,bcae4f9680383dea
translat,195235e3fdcfee8b
ion task,b13d47c5f7e5a8ce
 our big,c0c3f66ab9d25215
 model a,c78e6786b9d9188c
chieves ,f81eeb4924e3002a
a BLEU s,4a3bcf178e691243
core of ,4af93007ad4bda29
410 outp,507b77f47b437fac
erformin,284106224cb05607
g all of,f1eb7dde810a7b25
 the pre,bc341918157cdbbd
viously ,56a2c398dbbbc7c9
publishe,0beee23704ae1746
d single,3d97a319560b4bc1
 models ,744a4671d9f0c2d2
at less ,738eb4d1bb68f52c
than 14t,c4205662ea67e9b7
he train,74782d5db073f940
ing cost,7d7d1bb1de286d17
 of the ,20dfc4c0f66494a6
previous,7b6cccc0b0985258
 stateof,71339111b869ad6d
theart m,dd757d1d2fbcee6c
odel The,47fe19674b7acfe9
 Transfo,0ec7bf85bbd59a60
rmer big,c55df5bea8e730fb
 model t,a7823c6c23a544fb
rained f,d387af35edc11919
or Engli,3faf699d1ceed3cd
shtoFren,72d546e27cd527d4
ch used ,ad27fc642e978c1d
dropout ,c8c35eac4c0f2976
rate Pdr,2a1ffe6629ac949c
op 01 in,8c4bb1143c0828b8
stead of,75c5cef913932dc5
 03 For ,fd8a2a99716aaa7e
the base,e24063190a081621
 models ,744a4671d9f0c2d2
we used ,e992ecdd4e4920ee
a single,b5a4ce5c5c609608
 model o,de99d801993f2932
btained ,aa8fb9d02572de09
by avera,1ceea45cd64e34a1
ging the,6ad988cd6b09fc34
 last 5 ,4a8de4f3c5377088
checkpoi,ae06f1cdfda92313
nts whic,0aa59d31acba5871
h were w,37fc324325b20b33
ritten a,8b545bef99bdbea5
t 10minu,61b15bf7c2019ad2
te inter,438147d9487fb4fc
vals For,986d998bfb7a00c7
 the big,99b7f50904e2695a
 models ,744a4671d9f0c2d2
we avera,c93aa7c9e557e322
ged the ,1aeb9cf4b6634555
last 20 ,11eb448975dc5faf
checkpoi,ae06f1cdfda92313
nts We u,406ea48f06c9be8b
sed beam,338f5362b1ac6b4d
 search ,e59c5fc4811ed056
with a b,fab1452d93a3bf11
eam size,f9f90adc921c4f51
 of 4and,cd42186a2e3e921f
 length ,cb59c0f1780cbb6f
penalty ,0fc718c06c87f06c
 0638 Th,910c0d6ed8512e98
ese hype,59c6991f3f7a7409
rparamet,279f83893d3751a5
ers were,c9be721e5becf272
 chosen ,c4d440ff33a92b95
after ex,2b21b1a2f320d384
periment,d0b2c60c991836d9
ation on,364afb7818126a91
 the dev,d377c5a28820b780
elopment,0701ae1a57cd31b0
 set We ,637c27fc424d1815
set the ,8ccbe05a3b47749a
maximum ,c3e928134f3cc5f1
output l,8a80f3d1f41e6587
ength du,fce4365295224c63
ring inf,77d51fd5fabe8d2a
erence t,bc1920a2518d7b3b
o input ,50a34796b0828f1b
length  ,963e82a9c4f5de2f
50 but t,743ba4ca34865b2b
erminate,70a702a460e326d2
 early w,e3c9355f4ee2aac9
hen poss,86627f7dfcd712b2
ible 38 ,29ed7ef7471c47d9
Table 2 ,bada5ae62071944d
summariz,9db9be253eea36f8
es our r,1ad855a6cd4f81c8
esults a,525bcdc73aed1ff0
nd compa,0889e47bd5d2cdfe
res our ,8b5d80e6222d28b7
translat,195235e3fdcfee8b
ion qual,1c79281a5413841e
ity and ,02ede30fb04fdc09
training,f6fedfba1fc0e75b
 costs t,e970dcc99a51f761
o other ,91058a065b82bd87
model ar,df6fe0ca68edbed2
chitectu,b884bda33cc85809
res from,a603a4e77e184283
 the lit,e4d970b318f291f5
erature ,b880d4afc85662d6
We estim,397a8095964ad9db
ate the ,bd82a3df2954ae61
number o,418f1def2cbdc05e
f floati,5a0c504f8b6e3301
ng point,532883903b9de509
 operati,608546262a132d76
ons used,6317764dcf99411f
 to trai,3bbb6212ea89c2e5
n a mode,5b3ba2c28124d4e3
l by mul,6d74932866b064af
tiplying,a932911c6460ce4f
 the tra,8baa45840919a857
ining ti,095b5c0c65039396
me the n,378bf0042a75f049
umber of,16be227d708a1e1e
 GPUs us,f42b9b17d25262f8
ed and a,180705da0093dd4e
n estima,facbbebe95a2f110
te of th,16be1e75e71daa0f
e sustai,3272e1e03fcd11a4
ned sing,568dd5b608a4ec01
leprecis,5b7722384567e5f0
ion floa,203067bc10fa2eed
tingpoin,62ebdf9b91898995
t capaci,1d4ad22089d17105
ty of ea,7c963d506ef11e93
ch GPU5 ,1ead3437f8a93a75
62 Model,f2ea138e1100f12c
 Variati,c72c5003a1996c22
ons To e,7b563c249670852c
valuate ,cf0527818c9269ea
the impo,4154d1e82750074a
rtance o,ae2837c9e8fde68c
f differ,7c14aeb29b6e73f8
ent comp,7a409119d4570cd1
onents o,da0d0609de8826f4
f the Tr,eb7598bdb1598ff7
ansforme,f96bf9d68de27133
r we var,b263574a89ef0772
ied our ,d0c95315fa0628e6
base mod,d369e48deda3d222
el in di,063ece1af81760b5
fferent ,532a3609f2148cec
ways mea,1ab4ed4ba20c2456
suring t,fe116a19c9ba12a6
he chang,3d1e7cb552843f32
e in per,02733ea87f2d3015
formance,c30c605bb5274f83
 on Engl,45ca5306d7cbfcdd
ishtoGer,3f89468150926315
man tran,97151bebfe47e1c1
slation ,49c9fa4ba0ce583f
on the 5,42225fb298985a2c
We used ,1092ed27afd0f4aa
values o,ba488c4030481b90
f 28 37 ,3dc2099f6dff4e4a
60 and 9,98c546542a779c6f
5 TFLOPS,3ba948b1f8364b32
 for K80,a76dc9f40b09a434
 K40 M40,86fe80e4321d73a9
 and P10,09267c139c4719a1
0 respec,742c47047cb9819c
tively 8,a726c09771fe12e1
Table 3 ,899c42acd4a39287
Variatio,aa4f1f5151c1a038
ns on th,9d6821bb4a348dae
e Transf,a50db52a1bf5be4f
ormer ar,e0e0a28e5e182b4b
chitectu,b884bda33cc85809
re Unlis,d2dc8b256caaf3cd
ted valu,b05840211faae3a8
es are i,370334721f2b5451
dentical,6b93696b8b1c7ca0
 to thos,be73bc21cc449e82
e of the,21daf3bfb766d96d
 base mo,c7d79c627c0e3c96
del All ,d951540a18d421df
metrics ,8999093cbb91d916
are on t,623d30df354ba8cd
he Engli,d487bb7a4b60e2dc
shtoGerm,862ddf0997ad0ead
an trans,e0afa772c7b8b6a4
lation d,7f6c99141d397e90
evelopme,a772ed9e9c1190c9
nt set n,f1eaad565d8cdcf9
ewstest2,f4ee7426e0162d2d
013 List,cb64d16069a04f71
ed perpl,878e581484dc346c
exities ,c4075728d31e9bc3
are perw,f965fa1739d7697d
ordpiece,0ee71a21d489da5c
 accordi,1e97277df361f3d9
ng to ou,84d4c158e687ac63
r bytepa,37de53986dd65c1d
ir encod,cdd9a687a0ef68dc
ing and ,a20848ab0fbcee21
should n,0c22e25f705cf1c9
ot be co,32be170ddd835534
mpared t,76ee0fd2dafd3f46
o perwor,8abee093a1db4811
d perple,41b714e48907e703
xities N,5a03564bebe420ae
 d model,32a4a25baabe6aa2
 dff h d,68dcd12956966f0c
 k dvPdr,a9ffe818d697f4a7
op lstra,7c459fe520181ae0
in PPL B,413f3a713ddbf59b
LEU para,138aedfb313a2183
ms steps,850651a6c1968a18
 dev dev,6f07430047e8fb78
 106 bas,b48a5f485b714a82
e 6 512 ,6eda574fa74632b0
2048 8 6,3a49094a85aa767c
4 64 01 ,13b2938390e5cd0a
01 100K ,51eccbba97de1ac3
492 258 ,d9ae731b4d0091f2
65 A1 51,f8c8f586869d8b5a
2 512 52,2ace257994dee21e
9 249 4 ,799ee01a8b16805f
128 128 ,cf85fb81b43b4699
500 255 ,c6501989bdeb3cf8
16 32 32,93b9634c2f4206a3
 491 258,dc9df4c73f825e9a
 32 16 1,42a641d273e69aa2
6 501 25,30b380b8c0d9f569
4 B16 51,29e7461f44dbc442
6 251 58,6db14c376bf9d99c
 32 501 ,b3c54e298d375ce7
254 60 C,4d1a54e7e14d6b41
2 611 23,6ca19198341ca9f7
7 36 4 5,e367e0d05ec74ca9
19 253 5,791cee541cfe6388
0 8 488 ,ce64bf069ab18aa7
255 80 2,37e804f1bdd01be8
56 32 32,7e32727722957f93
 575 245,41cef698b1d00093
 28 1024,8bd572bcd97405e3
 128 128,7546a99305a45300
 466 260,2275fd33d37f604b
 168 102,0a3a97ec86648915
4 512 25,dd7a38370f9cd952
4 53 409,b52138aa65ef3d5f
6 475 26,d3061daa012cf590
2 90 D00,28dfca41497a96f9
 577 246,6e7f286e7e821242
 02 495 ,e7bf12bf5e756c30
255 00 4,220a63092db1cbf7
67 253 0,d28e83213643f5dd
2 547 25,1e67b5298f1a46f6
7 E posi,c8714e8735a8db93
tional e,224d4be963c35ea0
mbedding,8b0a1d1addb624e1
 instead,fb6fe474daa1214f
 of sinu,e5b17b0a2aa1ccb6
soids 49,17ffe24f830fe575
2 257 bi,321d12b6ea8ef1dc
g 6 1024,9bc7f8306bf357c2
 4096 16,16d076b0a1421f2e
 03 300K,916cb0b88f8c6b3b
 433 264,877a9038ab88805e
 213 dev,04b64b6c0b4f6ced
elopment,0701ae1a57cd31b0
 set new,592fc8c680bb52d3
stest201,80a697e9455279cf
3 We use,7325a135507ad769
d beam s,4e4842555e636d3f
earch as,8149e090136f1568
 describ,b0f5dc6577b3241a
ed in th,a3916f816c0f0420
e previo,2073ddbb49378f7b
us secti,fe8639a4e35867e8
on but n,e43316f1d7978c56
o checkp,e9870b6c8be3f79a
oint ave,5c5fd7119431fe56
raging W,0c16df501e8fcb50
e presen,1da95e896c79d48c
t these ,43ef2d8ba6b28d6f
results ,a28812c567b5151d
in Table,b12a11d11e6c5203
 3 In Ta,545d8cc263bc4cba
ble 3 ro,331f8db45ca5b337
ws A we ,14ca2d00e18afd8c
vary the,62ff98f3baf8d83b
 number ,f61589e1d4cd1891
of atten,e4e4ca4f087ee5bf
tion hea,18473f7ed86aa609
ds and t,130f8535b1f3a8c0
he atten,070c20d18455b104
tion key,ffdf3879842df449
 and val,ad70a7cb5f54ab84
ue dimen,e9d87d0a70c04f50
sions ke,f0921e1d62691d9e
eping th,a494bccdf97c6eab
e amount,d5850953dccab582
 of comp,dbd3120280ae8432
utation ,600d6a1312d58f02
constant,b3ef33a8afbb1c85
 as desc,da4f2e72142e712a
ribed in,2cb77ce32a28afd7
 Section,56652fc7e0304d70
 322 Whi,dd94806ae6ea96d6
le singl,49e46dee112eba62
ehead at,b4012aa56f18ecd4
tention ,233f5c7c464d50c9
is 09 BL,85082d07bb2794d0
EU worse,a50026b23760efd3
 than th,3a3e3e05e1adb85c
e best s,584e65f87e6f53c6
etting q,0b4f670a59a00d7f
uality a,6d489fff684b1b09
lso drop,0266069ec0c91ed4
s off wi,27c486bb20385032
th too m,beb315246dbd69c6
any head,7c19fd32f50c188c
s In Tab,778e81725a09190b
le 3 row,a3e9c5b26e7cd7bd
s B we o,2df8090b439e10f6
bserve t,94496827c84edbb5
hat redu,7258ee8b12231536
cing the,1d04489a738b37d7
 attenti,d2e5f66dab9f9fd1
on key s,cb34e4f8b0f9d538
ize dkhu,27322defaf77ffac
rts mode,5761485e96d28fa6
l qualit,732998eb98660b54
y This s,3b99e5797eb003b9
uggests ,4fae49e4cc2fffdb
that det,54b9c744e9271a81
ermining,e5db30852b3c9fcf
 compati,48bd45aa4096871f
bility i,9a75af4573367809
s not ea,1936f6ee632d6e66
sy and t,ab6bc4bc3f5f09ef
hat a mo,1b200a45ecd60eb0
re sophi,32452f0c86495a0b
sticated,5bbc6697b380d953
 compati,48bd45aa4096871f
bility f,48e0ae5895c4f8cc
unction ,dd5700fbd3ba9204
than dot,013c33529d02b93f
 product,c1097e41b6de68b3
 may be ,d949695803c110cd
benefici,dc877c640d4b9ec0
al We fu,6b5a16c1329fae62
rther ob,6d2c53af7f886d5b
serve in,4753877755156d05
 rows C ,990d78095e635996
and D th,7bea20ef29fd8d04
at as ex,f51566b9ee6880e1
pected b,77fb1c3f5947008d
igger mo,bd01082d98ea0575
dels are,41bbd83419d424b1
 better ,14202b7b9d517d40
and drop,e1ebb27e44271f09
out is v,46da12dd7f58a711
ery help,a1d8d6292af8c344
ful in a,55947ead779ccc9f
voiding ,fb02acee0992167c
overfitt,a9a7544d335c10d8
ing In r,c6576840a51ab04e
ow E we ,299a6ae0afd2a9ed
replace ,3d3ccbb98190ae52
our sinu,88c0391b46e42c46
soidal p,a062afdfe3499fc8
ositiona,6d30cc8f87ca331c
l encodi,d9a1f615a7f1e261
ng with ,fb28b3d5ca41c13b
learned ,cce3050bd6499510
position,802b680f24144688
al embed,6042c9385c23d857
dings  9,4f37d48d46642ef7
 and obs,ef21284b264b293f
erve nea,9f9403ef90778ade
rly iden,e4be51334fcbf40b
tical re,16d68fd5d56811fa
sults to,f6ac65bccd98e1b5
 the bas,6199218d17640729
e model ,a8bac7934a85d708
63 Engli,f9621e659d6e6638
sh Const,17d9f5cdcfd7979d
ituency ,d14d8d68a82c66d9
Parsing ,04433517b012f837
To evalu,3512e9a350805e18
ate if t,ac6d3f34cc380721
he Trans,7e02f3e7f1172042
former c,bf5fa550832f9306
an gener,55059fa0e743d5e7
alize to,23d52e0226399409
 other t,96cdb89f45d8560f
asks we ,6d6304a8eefdf8f8
performe,4f310918c3d77f94
d experi,d9c23b0ef60308c0
ments on,8c8ebe5747e018b5
 English,a0f544ca33e4ce24
 constit,87d2dee4c03b9fd5
uency pa,4a346927f6b6295a
rsing Th,fd0828f9a63253e3
is task ,8d8d1e494375bc5b
presents,e56a63bb5327a0d9
 specifi,7917fe9c0f0f38ba
c challe,1d9f59a5f635af42
nges the,410104fb3ed537d6
 output ,d4a821631cc779dc
is subje,d0087adad8f4fb95
ct to st,80ffacec49c19711
rong str,8253ed4674afe146
uctural ,fbb5d70837cce37d
constrai,b949507e19dfebdc
nts and ,e7e11f657753768f
is signi,eb201f914884b16c
ficantly,26b211999741a311
 longer ,47e082fb041106c9
than the,52c4e4b20a6e9a3c
 input F,0f0df9150e621a77
urthermo,bbd1c1205d33ef25
re RNN s,bd53bdc12cf2fcdc
equencet,8f05c125cecf46fd
osequenc,3dfe32442dab6d2c
e models,5ca9ea60037848cf
 have no,21b34255cd50ff8e
t been a,10aa1fbaa338649f
ble to a,8e3ca5206c6d1705
ttain st,a6bf7ca5ef171f8f
ateofthe,e82e42cd7e9a42a0
art resu,a2abad1be3d86bc4
lts in s,8df9d588fa514d0e
malldata,4a681d5246f70d54
 regimes,c3443ee8301e0d5b
 37 We t,fded442503bcb00c
rained a,2de92adc89180df5
 4layer ,13d099592f64cc72
transfor,f1d841a01589ac6a
mer with,39752c5fb8c0aa54
 dmodel ,76192a4460ac97f4
 1024 on,63d94d9b0a19fa6f
 the Wal,dbcea515e412a5f3
l Street,e231c7d51d9f281e
 Journal,24ee442d0c22cafd
 WSJ por,b25a284374ad997e
tion of ,7d136b70eea7a636
the Penn,1435a80e10abfaa5
 Treeban,3d1df9dba67db4e0
k  25 ab,0b137cc6035bf763
out 40K ,13c21bb57985ba3d
training,f6fedfba1fc0e75b
 sentenc,3ecc8467315f0387
es We al,c5833308673a60a5
so train,f9e626f7dd5bb250
ed it in,632d80a13dd83d42
 a semis,113d79a289a53522
upervise,a124e6c8f433ead9
d settin,6a6aed070ae0607d
g using ,27d42a744b4106f5
the larg,b297c1cafc92d19f
er highc,1f4efbead17e230e
onfidenc,bb6c9e63367705c8
e and Be,62c88b1ab42e4c82
rkleyPar,f55dcfcaa331cf8f
ser corp,1340df9c75f527c7
ora from,e2cf5a746a5e372a
 with ap,12c09d33be8662ee
proximat,ada26673bbc39c23
ely 17M ,7ff9277e40914e69
sentence,aff9723b8576ea6c
s 37 We ,4b441b0fc006f4e5
used a v,41348048c95ce1ad
ocabular,c33e907c8db98891
y of 16K,ac798a8da58becd6
 tokens ,6e7e9ffd73a4f4e5
for the ,742e1ba24d58c5a9
WSJ only,0f230b19aaee9236
 setting,c201cba8c7ada189
 and a v,7d4db2cdb4250311
ocabular,c33e907c8db98891
y of 32K,06141fbb8ab6f38f
 tokens ,6e7e9ffd73a4f4e5
for the ,742e1ba24d58c5a9
semisupe,e60dbd59136bfe90
rvised s,01c1578c8b8aaa34
etting W,476f54036354b251
e perfor,de69da1530932a3f
med only,b8d254b5d94a3ef0
 a small,341fd18aa820717b
 number ,f61589e1d4cd1891
of exper,ebabc54829cc06dd
iments t,81ab191cbf447c11
o select,8c18b3ea2526192c
 the dro,81ee7f040a0916f6
pout bot,92a9e1fed5898052
h attent,7f34392a4aaec93c
ion and ,a1b7e6dbcec77178
residual,9d827c2d0b89f40c
 section,5ef725c7f47e349d
 54 lear,ace66810ce6a28b8
ning rat,fc6cbead7ef8de52
es and b,8d9d20a81c55ee5b
eam size,f9f90adc921c4f51
 on the ,b21ba8b2d4840f04
Section ,8dfea4b7d2143e4f
22 devel,fc47ea9fb7129603
opment s,2982a2dff7739058
et all o,bf8e422d20b499a0
ther par,ab8693dc18640a47
ameters ,0eb92f61f8786803
remained,a4c6a84d57aad06f
 unchang,2282e506b0ee3ca7
ed from ,8aa4c1e33f2e0b08
the Engl,60675ab8bddb1f4e
ishtoGer,3f89468150926315
man base,8a2f69edafdcec48
 transla,81e30e7739885841
tion mod,eba351626b0becaf
el Durin,22616bc93adde436
g infere,7802c4269f7deb41
nce we 9,2f964f618f3f0cd9
Table 4 ,169e1234603d25c5
The Tran,7f88a3bb63807cf6
sformer ,b7cf4f1dce448f6a
generali,f3ffc9e22a60a05f
zes well,518ae7433fa775f3
 to Engl,0d9e7f340dc1b466
ish cons,6a445c27347d4b21
tituency,2e3614f4e13c0cbd
 parsing,3a5a4a094f5450ce
 Results,a68ed423610b024a
 are on ,6f58f3419539bf4b
Section ,8dfea4b7d2143e4f
23 of WS,8f34cd9a0df0c0b7
J Parser,c8785c14e4ec6641
 Trainin,2b51b73be12f7e8f
g WSJ 23,61e20f6fbc68d45f
 F1 Viny,dedc77c1b070b6c4
als  Kai,b364b2b856cb75d3
ser el a,645200b56cdb916a
l 2014 3,b15ea7eeff218899
7 WSJ on,72f023638289e153
ly discr,2fcfefadef0d958a
iminativ,512f0153316583be
e 883 Pe,046b333d9a6d1882
trov et ,69c1c1c3da0dc10d
al 2006 ,3841707eb186755d
29 WSJ o,9dbeb6af44336c89
nly disc,858932f0368603ef
riminati,2fa1b2d1a4d52304
ve 904 Z,4029200dc41a020c
hu et al,d51ae2d8e36361ca
 2013 40,20742210a5a8b41a
 WSJ onl,ce3ea78a48c36f43
y discri,570385e43cd78a80
minative,338b75ad83c92595
 904 Dye,1d85b70c20bf1792
r et al ,6f5e87213403397b
2016 8 W,f19511cb1ff1f052
SJ only ,a8abff26fd102b32
discrimi,f865c06ecb9fa1a5
native 9,5833166462cb2345
17 Trans,fa21bd270fcc01c2
former 4,9851918f25f86bf3
 layers ,c885dfb95500754d
WSJ only,0f230b19aaee9236
 discrim,32e2fead1c0c52dc
inative ,acf2b854ab4e9d51
913 Zhu ,a5cff02881536633
et al 20,b8996a467c7c55f0
13 40 se,1d75a206a80cdbab
misuperv,5d835a6e91afe298
ised 913,879570e911bf2895
 Huang  ,91caadc85ba481fa
Harper 2,2914d91689d8478f
009 14 s,6f9d1293724ad809
emisuper,87a3ea404c38129a
vised 91,0a04f52fd64e0e74
3 McClos,7ce68888d9f78c97
ky et al,0bc0bfbbf1097f03
 2006 26,9e48286ee2572601
 semisup,1cb59e93deb89c90
ervised ,1c32e94a25b167bd
921 Viny,0697a63ea3c5aee4
als  Kai,b364b2b856cb75d3
ser el a,645200b56cdb916a
l 2014 3,b15ea7eeff218899
7 semisu,1eac80a8a5989b81
pervised,3eeb0632a1275850
 921 Tra,792da7e9b40153f7
nsformer,c35ddbc3dc59fc09
 4 layer,22fedcf098db256d
s semisu,cb40975dadfb0cd0
pervised,3eeb0632a1275850
 927 Luo,b57a9e8bafc591be
ng et al,4f905d26ca26d343
 2015 23,dc409ecb1429823b
 multita,e73e97e364d7741e
sk 930 D,d51d69d8b504e6dc
yer et a,e85faaa14fd87bde
l 2016 8,079f2b002bba1cc6
 generat,655d29e78bb45d02
ive 933 ,5f911c335943497b
increase,132fdb4116f196ab
d the ma,62548a68159b3d73
ximum ou,5f3909de3f572f42
tput len,32f10016d1829e89
gth to i,a87bca00b6e20878
nput len,afcb4ffb158152ab
gth  300,1081eb0292dc1ca3
 We used,430163b5b2cbc6bd
 a beam ,f49b4a50864e8404
size of ,17e452bc5eb17a75
21and 03,70eb8ca0d180ff07
 for bot,d0241043a27a02c6
h WSJ on,1c19703131409d54
ly and t,3585441c3652fba0
he semis,34f0e4cddcb98e5d
upervise,a124e6c8f433ead9
d settin,6a6aed070ae0607d
g Our re,e28f5e43cc165f26
sults in,951f7f95be64c39d
 Table 4,0848533bf3693528
 show th,3303109b695adfef
at despi,87a1dad77f6de1da
te the l,e3def0ce574e52fe
ack of t,48c222d54e3892be
askspeci,b741db39ffaa2b19
fic tuni,7703c8a083d0efbe
ng our m,b08ce89e7458f9fb
odel per,07aa2705387ed4aa
forms su,2a7b79de35c95bfd
r prisin,6448948fecaa790f
gly well,3aa78ee79e97059c
 yieldin,b348846c109e98d5
g better,e279e74adcce9119
 results,d9dbc53d15701239
 than al,0adce41cb1bd808f
l previo,88f70e1297dd4dde
usly rep,a80890802b638076
orted mo,3fb68dd582a272ce
dels wit,96fe93115df5a90d
h the ex,9c1a9df0d147cf14
ception ,00bcc926be41a466
of the R,934a7a981be99e31
ecurrent,26372930c4b7ebe1
 Neural ,2498f800935d1083
Network ,b62ca05bd0015a15
Grammar ,691979aa714ad675
8 In con,cf505102b502adb0
trast to,ed40a4769408f550
 RNN seq,2d87b10728eb736d
uencetos,d934b28445007e9e
equence ,51b64c0fec3e99c6
models  ,4ad0530a498a6144
37 the T,bc616c9f4c03bbfa
ransform,62562829200925ec
er outpe,b422be869b7302e8
rforms t,d6453b25ff28918f
he Berke,2c0bc443793c8e4a
ley Pars,d7744d4a2856ef6c
er 29 ev,86c179de1fe3e1d5
en when ,503630191c105b1b
training,f6fedfba1fc0e75b
 only on,dac58d34150637a1
 the WSJ,cb2c5051d6619982
 trainin,a95d310a162279f7
g set of,c60037b9c4bd3cc5
 40K sen,b216a7593227043e
tences 7,b9772ebab5a82763
 Conclus,c1aa5fa9a1414960
ion In t,cfbafc89954a6925
his work,49fbf39818c79910
 we pres,1bd25e6eb17083c1
ented th,c9921e43e38c87aa
e Transf,a50db52a1bf5be4f
ormer th,579f85cdfcc2d9c2
e first ,5e52889024d5eb45
sequence,2bc17243fbec94ea
 transdu,39f7ef2da8ffa673
ction mo,48ea7aecb8ec711e
del base,d1315b47a5f25848
d entire,85dbc9e3caad63b0
ly on at,b5e497e38d60bc1e
tention ,233f5c7c464d50c9
replacin,81f432c37d217509
g the re,224e182be6c7479b
current ,4b8c17eb4c364534
layers m,2b175966a6400ff6
ost comm,81687c39af08c861
only use,479081773a683d9b
d in enc,a5b038f5a0fe8710
oderdeco,e02e8b1a1e2ca45f
der arch,712f98419c7aea66
itecture,cbd4afa4e24fa398
s with m,480333c11bed5a66
ultihead,f1d4465d1e599b16
ed selfa,ce85a5142a65a19b
ttention,2131bfb31256dfa5
 For tra,1a62cb7e839ea72d
nslation,d919050e300fa0be
 tasks t,4644f40730303574
he Trans,7e02f3e7f1172042
former c,bf5fa550832f9306
an be tr,6c830e2930b78c95
ained si,675198963bfcd3b4
gnifican,afb76ff1f2ecc7ff
tly fast,7f7ed8fd98f44616
er than ,b5661c593d8819ca
architec,0c99f53bad58e046
tures ba,18f332643334ce8b
sed on r,d89c0d5291ff31da
ecurrent,26372930c4b7ebe1
 or conv,47f7c63ffb99fa58
olutiona,9f7d925c1da97e1f
l layers,fe97deaad6809eaf
 On both,0d461596160b95ba
 WMT 201,7db5ffb080bc8177
4 Englis,35647f8506336440
htoGerma,2e45dccec33f8615
n and WM,ecd44759f0f31499
T 2014 E,13a8cad7805644d5
nglishto,32274c0811950e01
French t,05c679e5c38c1820
ranslati,5e5a3809b0678fa2
on tasks,37468bd3c25f8d23
 we achi,e13805e03444f652
eve a ne,f268f435c3117dc5
w state ,1711f17e9de4bafc
of the a,29af6345d994350c
rt In th,bce21fd73fb0d768
e former,d7fc97b957f5f5e0
 task ou,1093893bd316f48e
r best m,cc8def726877aee5
odel out,b679d0c106e66a4d
performs,a861de05169ab5de
 even al,b0f9b36697c4706a
l previo,88f70e1297dd4dde
usly rep,a80890802b638076
orted en,6aed67d63f18f30d
sembles ,c3f235d61e4d5f82
We are e,84115c36a5ab1117
xcited a,da13edb3e0def9ac
bout the,a036f2c7d49f0c88
 future ,e8d88fbff9ebf28f
of atten,e4e4ca4f087ee5bf
tionbase,423dc7ca8f359265
d models,995aedb879af2b30
 and pla,559c1031e606a923
n to app,387d8430df6df15a
ly them ,bc7b2098a151c5b9
to other,a7b93e083cdf8cfe
 tasks W,45f4ab71275d1278
e plan t,e94ea1038461b60d
o extend,9e8059188e8401ad
 the Tra,2b20a05b9b6d4fea
nsformer,c35ddbc3dc59fc09
 to prob,f49c0c1620930415
lems inv,fad79937a274f772
olving i,5eb799232eacf43f
nput and,2ed31346bcbb9a32
 output ,d4a821631cc779dc
modaliti,a380d5fc78b20cbf
es other,e4602cab5a74664e
 than te,aad209c9c8edc6ba
xt and t,0c59ca61c7d1079c
o invest,45ad71629be15f11
igate lo,bf7e991fd4e22f95
cal rest,bdb08d88b3c05ae1
ricted a,3290efa51b9dc795
ttention,2131bfb31256dfa5
 mechani,efe4c9a7bc558c75
sms to e,72a706670dd2e30c
fficient,bcd4fef1c2fe2f62
ly handl,77d5c1b30d8e8f1b
e large ,eec5240aee1fe01c
inputs a,bfb3f5672a47e4c2
nd outpu,35a43df6a4e0f6cf
ts such ,acdb9b36656c9d3d
as image,552bf597311aa440
s audio ,82822cd774e9d297
and vide,68582a69327c35f7
o Making,6581d1fe5982467b
 generat,655d29e78bb45d02
ion less,49f68e58d105aedb
 sequent,b53a7fd1bff1155e
ial is a,52b84d31398259b7
nother r,a2607b9577fd2088
esearch ,4eb6b904fe67204d
goals of,5f463cd8b7c92602
 ours Th,426748e054d2babb
e code w,749a6c5086184ab8
e used t,fc67c1efb7ce5f9f
o train ,4f3996fff1af3767
and eval,ed537f635330c6f3
uate our,e60cc603b891dfdd
 models ,744a4671d9f0c2d2
is avail,467fccbd6c835365
able at ,9948baf0769b04b2
httpsgit,1cbbf31d0204d549
hubcom t,94f3f595d98eec39
ensorflo,e602233c034ba391
wtensor2,6a3a8dad99c38475
tensor  ,ed36714c0e6af011
Acknowle,ff0c3f7fc6d6f684
dgements,8d85174c14ea86bc
 We are ,0eaef0dae9220e28
grateful,cebc81b70051262e
 to Nal ,f5e27229f1f3e352
Kalchbre,6f6835e782285930
nner and,ab4dc346f04ceb3d
 Stephan,7d8546136d96eb0d
 Gouws f,85feeb35daae5724
or their,df6e404468dc3470
 fruitfu,6bfa226dc6eb186b
l commen,f5ee9fd61bc324d6
ts corre,391d071c19c56564
ctions a,9c2c1d62e6f7c6b8
nd inspi,1a4a5daa5eaafbf8
ration R,adad919930a88702
eference,4cf1a416fbcd435e
s 1Jimmy,1c7f6489e7ea0c36
 Lei Ba ,9c3cd06225a5fd10
Jamie Ry,a128fb52daf2be7b
an Kiros,314ec67f6225797a
 and Geo,b9c0c814307bde38
ffrey E ,4bbe464800d8d093
Hinton L,526892a961000907
ayer nor,a4741095adbf15fb
malizati,1232230a671072bf
on arXiv,230a4f2e674893fa
 preprin,5678a77653803bd2
t arXiv1,fcfce3d8ccae598a
60706450,ad8250c5c240cd56
  2016 2,ac72d8267973c31c
Dzmitry ,1f5960cca724c9c5
Bahdanau,3e7d850198af5b30
 Kyunghy,27d08465f65aba95
un Cho a,c93be483fa00c5af
nd Yoshu,110f2e9228a6ee4d
a Bengio,7cd73d5887046977
 Neural ,2498f800935d1083
machine ,c4de1cfa7e2ba194
translat,195235e3fdcfee8b
ion by j,1a98a9a0d92ac1b5
ointly l,6de13ac45faa163f
earning ,5e90f86520e76279
to align,24530baf24835d35
 and tra,235957b3f286cd68
nslate C,75d5752a23d12b8f
oRR  abs,4f57880d5804c7e1
14090473,51a3f49621c68f00
 2014 3D,de4ae52f23c8c105
enny Bri,2536020dce2c0c12
tz Anna ,47116ee1f4c7e48a
Goldie M,41a9db2a11995184
inhThang,57856f30003c6f19
 Luong a,ce9abd3c8429b9de
nd Quoc ,9ca6ad735428a5c8
V  Le Ma,c76c71f242e35dfb
ssive ex,e02679dbba94a7d1
ploratio,5e627bf759f38cba
n of neu,fcdeb169b893b143
ral mach,8de377566378b7d9
ine tran,33551de35eba0303
slation ,49c9fa4ba0ce583f
architec,0c99f53bad58e046
tures Co,a116590973f8ba73
RR  abs1,47463e71dfac327c
70303906,7c1db920aeac30cc
 2017 4J,f28fe032a3179184
ianpeng ,5f281acd27606b30
Cheng Li,90e164c5f0d9abb5
 Dong an,cb7a7d5dad69f9a2
d Mirell,0fbf5ae865778a18
a Lapata,6aff776ef254ea74
 Long sh,776305b1cc29e844
ortterm ,9073fda6b0b6d2cc
memoryne,1575a39e626a9288
tworks f,957d1c5b45af4e6c
or machi,7bc86c1021199221
ne readi,29637036f63c3ad9
ng arXiv,5221c59e214c19e2
 preprin,5678a77653803bd2
t arXiv1,fcfce3d8ccae598a
60106733,623b464141927e3a
  2016 1,fb395f96b02fe5ab
05Kyungh,90cbb6ff03199b7f
yun Cho ,2c329fcee8913980
Bart van,111ab291f06a90c0
 Merrien,a2c30c35c154b12a
boer Cag,c43fa1ffd63558f1
lar Gulc,6f9e7f8bd33f3948
ehre Fet,da13ed4c7817d5f2
hi Bouga,a509483e4f386419
res Holg,2972016d08e9fb23
er Schwe,4eb53a82f6d9aae3
nk and Y,806baf8337967441
oshua Be,d8bdebbae3be8ed9
ngio Lea,b2e5dd0a2f81446e
rning ph,f8432453c64f84ae
rase rep,5aa9ad3aa1dff6f9
resentat,4b1bb08802eff80b
ions usi,0c145c2e9a675f67
ng rnn e,037b15d029111d3b
ncoderde,cc84be8565a2815c
coder fo,7158922bfecc8a6c
r statis,40997fe948c4bab7
tical ma,d35c31f453dfda17
chine tr,97206b27a5c11b1c
anslatio,84eec41ca176c943
n CoRR  ,ce8eaa50ee2f607c
abs14061,aafcaa74414f7e90
078 2014,a4065c9c55fb5a0c
 6Franco,36c5031f621bc533
is Choll,dcba65c6eea79f4c
et Xcept,f6c1227737209a39
ion Deep,2079441bff89ccbf
 learnin,21dcbc7700a73ef5
g with d,663805fffc101630
epthwise,cbd0b4f7ce2cbb87
 separab,ad0755021dbafa6b
le convo,c4f1e655a1ffaa7f
lutions ,39b202c295f9beb1
arXiv pr,ede3ddb95cb19321
eprint a,95e170a000005091
rXiv1610,6376d79b7c2dfe21
02357  2,db4b91e4762a6c69
016 7Jun,bfb9a1b6515645d0
young Ch,033835f6bdb1bfc1
ung agla,0681a338fe65b251
r Glehre,1708cbb63640331c
 Kyunghy,27d08465f65aba95
un Cho a,c93be483fa00c5af
nd Yoshu,110f2e9228a6ee4d
a Bengio,7cd73d5887046977
 Empiric,f7c5816a0b4aaa5a
al evalu,13233c9ced5cd53f
ation of,4b8ee4d64bad1155
 gated r,25668d478aee8ca0
ecurrent,26372930c4b7ebe1
 neural ,c0d6dfd692b3a517
networks,fdfa0e6183fbe20c
 on sequ,b6b19a0533ef7748
ence mod,7d3046282959611c
eling Co,0c32116427ece723
RR  abs1,47463e71dfac327c
4123555 ,5e0f4968942c9822
2014 8Ch,625b6f9658875b6d
ris Dyer,7dc460b49059d515
 Adhigun,c5a5f94c564b52b8
a Kuncor,67ee7eb5b90a0a31
o Miguel,d27105631a05b080
 Ballest,0458bae2cc4d2fc0
eros and,3c2648a382572f9f
 Noah A ,bf9b00179f2eb30c
Smith Re,a0f57e9d336747dd
current ,4b8c17eb4c364534
neural n,15e64d1da58c0848
etwork g,041929c32ed26617
rammars ,10ee0274052ded69
In Proc ,281697e1e402f6a5
of NAACL,9e172a09dbab8ca9
  2016 9,6340ca3102f83858
Jonas Ge,bafa7e60eb8009e7
hring Mi,7ee035002d9085e8
chael Au,0a85ed73dbd13ae4
li David,428199f43d9743e8
 Grangie,d7e83efe21b329df
r Denis ,ac94209a9fa81ffc
Yarats a,a026a70b33c17f32
nd Yann ,284467294b4a0726
N Dauphi,aec2c287a9f87fc0
n Convol,7841dccf0d713b77
u tional,509c5951d4a2d2fb
 sequenc,49078f17a95b63d2
e to seq,2377a9194ba8de64
uence le,7cc165a71a5c37ae
arning a,c6705c6866c8619d
rXiv pre,b7b6260b78304d4d
print ar,8a73507f894f7839
Xiv17050,21b24a529a4dfc14
3122v2  ,ef3151dc724a73a5
2017 10 ,930997d5f886578f
Alex Gra,27d6ceabf53fe399
ves Gene,59f4ea3d4495a124
rating s,a0290ef1ade47eaf
equences,19daaed43aa5bfd5
 with re,a398c99d62fb32e3
current ,4b8c17eb4c364534
neural n,15e64d1da58c0848
etworks ,07b52fb3457db824
arXiv pr,ede3ddb95cb19321
eprint a,95e170a000005091
rXiv1308,7ae70df7663f3310
0850  20,8dab0b2a7941e384
13 11 Ka,7462162e3b8418aa
iming He,754f8cfaec03f6db
 Xiangyu,66b3b5ee89284102
 Zhang S,a9c676f8f3423942
haoqing ,c5f1fbe7ea9b3999
Ren and ,c685d73f53837dd4
Jian Sun,6adbd88af45013e1
 Deep re,0b38543cb883f992
sidual l,6ae07d8e9dc8b822
earning ,5e90f86520e76279
for im a,914c2ed78b90ef0a
ge recog,758d6ae20d26da31
nition I,e9613d232b951bee
n Procee,2c061e0538e1bef3
dings of,37de8d5d62a977e8
 the IEE,460898779d3c9aba
E Confer,a6d7a87e8c9073d3
ence on ,c20841f42ed3cf05
Computer,7fb9b76dbe26776c
 Vision ,019530d1954712e3
and Patt,4d6f542668a60dcf
ern Reco,dc1fb2d129b69dd3
gnition ,904edf1c5263d893
 pages 7,1ba390b8e575d589
70778 20,f94a2b296f70383f
16 12 Se,cebc876304d44c59
pp Hochr,7b4cdee16301c1ec
eiter Yo,6dbe5d3fd6c869a1
shua Ben,27f08cbd03baec91
gio Paol,26ab02df3133c252
o Frasco,f9de8428387d05b8
ni and J,fc315d8bf1a77c29
rgen Sch,8860ea690d61777b
midhuber,80012bdbad7c3e0a
 Gradien,11dec2bfa487864f
t flow i,bbbbc1760a9203b7
n recurr,451e938f4b7fa3a7
ent nets,a9a05cb5e7e81328
 the dif,4ec2929a6c3aa676
ficulty ,12dd450118c73d1b
of learn,4b7d18d528a47732
ing long,a7e670637d03f0c7
term dep,57b0747e2662a1c5
endencie,0d64ff9bb5ea953b
s 2001 1,e244d19b89220533
3 Sepp H,4ac5e6edf55d961d
ochreite,6fb08ab77668a4eb
r and Jr,34338389ee8d424e
gen Schm,bb3ffefce98e0530
idhuber ,79da5a00c2e8603a
Long sho,614edee0dce7de2b
rtterm m,20d3fde516e17198
emory Ne,329134a0a6c1aa7f
ural com,10997166f899f66f
putation,e240e71b54b99937
  981735,a3cdc55fb9144ca7
1780 199,2b72b04dfe742656
7 14 Zho,1323f07f5cce3a94
ngqiang ,5baa874fb895ce8b
Huang an,42684be4ab0842fd
d Mary H,00a1a2cfb8986e4b
arper Se,c99332c065d91adc
lftraini,9c1931235aa7035a
ng PCFG ,a7191486a4b0acc0
grammars,5d8414346e71b6b8
 with la,881ac38aa622561c
tent ann,23943042b8089a3e
otations,31b8cd07b871de55
 across ,cb3384821c1d4e4e
language,1233ea0d1d0e6d47
s In Pro,7d117dc3b0cf1d06
ceedings,e84099cb5ae5afc9
 of the ,20dfc4c0f66494a6
2009 Con,db91eb90b795b1cb
ference ,87526f5b043065bc
on Empir,d4a4e7afafc57f66
ical Met,4d69f966dd9df035
hods in ,4a9d196358481cd5
Natural ,d635a7ddec2ca9b1
Language,655c4a2903522b45
 Process,a755eae3e72a170e
ing  pag,7b963a8ad1775a39
es 83284,ac6962756abc2061
1 ACL Au,486197123299f56e
gust 200,396dc869cb22feb0
9 15 Raf,513a7c6bc12052bc
al Jozef,0d4497a712ab77bb
owicz Or,3f24fa9793591a85
iol Viny,69d37f5be47f4391
als Mike,b8f5aa7d3c66a45f
 Schuste,8eaa857872a7a322
r Noam S,e9fb178b876648c7
hazeer a,3530fc92d629b0ca
nd Yongh,da6a764c1d79933a
ui Wu Ex,d3c72140705bd48f
ploring ,20a7b648d8c70501
the limi,745e8fbffb9bd26b
ts of la,480ac13be603e92d
nguage m,1ddf0ddfc504ac2f
odeling ,3b7a1b5f1877a3bd
arXiv pr,ede3ddb95cb19321
eprint a,95e170a000005091
rXiv1602,598c6f5333691818
02410  2,2c46cc93fff6d616
016 16 u,37c88ce5597d2089
kasz Kai,8bfe2f5f5c22e861
ser and ,be34440d286ce901
Samy Ben,bb5676755ac25193
gio Can ,8aff038100189a46
active m,26ada1fff51d40fd
emory re,95dc0263405f59cd
place at,4cd454f27bff5e64
tention ,233f5c7c464d50c9
In Advan,366c27c0e8021812
ces in N,5d47eb0cd6cf14e6
eural In,572e815470d41ce1
formatio,ac819050d18c9e73
n Proces,8ea056be87b07798
sing Sys,b65eb4f81fb206c4
tems NIP,30524ee24092cfab
S  2016 ,ce9aba54e2174fc7
17 ukasz,be8fb0803be4a4c1
 Kaiser ,0c4036e64c20b473
and Ilya,38d0d5521ea165dc
 Sutskev,1070adf5f095751a
er Neura,9901de568f463b54
l GPUs l,dbf2e0c54a8a7787
earn alg,0a378d7c5dc8c3c2
orithms ,b0b4f5c89c6c96a9
In Inter,987b37e5966b632e
national,070bd6944c80bcae
 Confere,0dce1c2fb75fe83b
nce on L,6786a2dd196ec04b
earning ,5e90f86520e76279
Represen,7b26f7e636f763e5
tations ,805531782a214b1e
ICLR  20,aace68dde7e95e5e
16 18 Na,a566d5131e965e28
l Kalchb,9b31e415d45e09ad
renner L,48e6fda26d013bc6
asse Esp,ff7c063ca3418f4e
eholt Ka,c64aaa2732aa5a23
ren Simo,637f1b2c34b59c34
nyan Aar,5687aed4b86ad9e1
on van d,d10b0c4b8be65f9d
en Oord ,29ccc2203d1c1f80
Alex Gra,27d6ceabf53fe399
ves and ,6f5d3805589a2558
Ko ray K,5e6c752fd2f48cbd
avukcuog,59984a80fb5eff69
lu Neura,08dbbd2c288dd3ae
l machin,578706cb765101cd
e transl,8f3f5ac0e89822e7
ation in,62e5e4f9df7d8c2b
 linear ,e2209e08df5a00a8
time arX,d4e805c3b5a18ac4
iv prepr,57e8c1cb30934754
int arXi,39a85e01bf66d17c
v1610100,1c311b07a2843303
99v2  20,b077cdd864d94cde
17 19 Yo,fd564d1f01d14539
on Kim C,b9ab0d971ba8116b
arl Dent,ffe66eb4aec1ba82
on Luong,e0b2303d14fb4503
 Hoang a,e99fd9dc0173a9ae
nd Alexa,f819b47dd1987d0b
nder M R,0ad841e5888c50ed
ush Stru,8925afbe8bcb2c42
ctured a,6ece733e6b9b15c9
ttention,2131bfb31256dfa5
 network,b3d2d31445a315ec
s InInte,2f0aa791033563fc
rnationa,986dd119355dce94
l Confer,5bb61a456cc6d8bd
ence on ,c20841f42ed3cf05
Learning,692f592a7a7a4461
 Represe,1bc9f641132dba5c
ntations,b26a5cb8633e706e
  2017 2,6f226c778beaf7e5
0 Dieder,7382d7bef73cd9d9
ik Kingm,759a42a7916bb98e
a and Ji,143c574c032060e1
mmy Ba A,8bb8af1e0b836ae3
dam A me,80e4ff74bd654942
thod for,034982c932c90336
 stochas,4a94b01ac3743663
tic opti,f56e02ab73262e22
mization,01b628efdf094d62
 In ICLR,412d84d0848883ee
  2015 2,983d7fa98c3a0dcf
1 Oleksi,ae7af52e2e1a3250
i Kuchai,676d1f97ee3a636a
ev and B,d1fed9d2a903f4dc
oris Gin,9cda0810ad6dc949
sburg Fa,a2cddd00aaa359f1
ctorizat,7a64ff1d3d662a6c
ion tric,cf7e16f42e87ec23
ks for L,737d80726680b17b
STM netw,0f1ef9c43e16f8e6
orks arX,80091cc75717ba1d
iv prepr,57e8c1cb30934754
int arXi,39a85e01bf66d17c
v1703107,c2a8e3e5d0620011
22  2017,87d2873c73cefd83
 22 Zhou,609567d7d1d9a0ce
han Lin ,7d733943f4666756
Minwei F,899b4e79f70007d9
eng Cice,3df64f96d5a4bfb2
ro Nogue,06705c66b618335d
ira dos ,9ac6a5184e688e10
Santos M,32fd3b9a90a487c5
o Yu Bin,5b3ab5fe70d207d0
g Xiang ,8f9647f542cf2ff9
Bowen Zh,c4f13814ffb3cecf
ou and Y,cc93fb978abc92ca
oshua Be,d8bdebbae3be8ed9
ngio A s,e340ca1df52a8663
tructure,5bbe7e2cfca8806a
d selfat,d0eebef37a61c1ad
tentive ,f74c85bf9e6cf025
sentence,aff9723b8576ea6c
 embeddi,91b2e38d23521567
ng arXiv,5221c59e214c19e2
 preprin,5678a77653803bd2
t arXiv1,fcfce3d8ccae598a
70303130,458564d2a8afd212
  2017 2,6f226c778beaf7e5
3 MinhTh,6657cbd695ad18b5
ang Luon,2f1f2b6ef980b2b3
g Quoc V,f89d1c3ce683fcde
  Le Ily,00af1080f31562f2
a Sutske,d709a5ec07528e28
ver Orio,54a32f6455d3a8fe
l Vinyal,0f121522c8d8022b
s and Lu,6aecdc1326f94279
kasz Kai,8bfe2f5f5c22e861
ser Mult,be14bfea44ee2508
itask se,fd8b4542a7592ec3
quence t,d577f0e2dcafbb36
o sequen,8ef8eb2f16cc9746
ce learn,31b1294b413f379d
ing arXi,f567532bc394cd76
v prepri,833c467a6e70e2d0
nt arXiv,5f687d484789e0c9
15110611,a71e4ad948c13501
4  2015 ,4c148dfb4881b157
24 MinhT,ddbc6b927243b490
hang Luo,5bc70d7bb99fdc71
ng Hieu ,2330a5f3e7ac25cd
Pham and,f5c25d4b14018025
 Christo,4439d88d1e4c5640
pher D M,7845106f6cd1c638
anning E,f3cfbf6989a78482
ffective,2ab3a1fe3000478f
 approac,fd51279c0cbc4199
hes to a,ce949f01493ae85d
ttention,2131bfb31256dfa5
 based n,9ab67d989a9ef17a
eural ma,6c6cb5b49ed3219e
chine tr,97206b27a5c11b1c
anslatio,84eec41ca176c943
n arXiv ,fd05da42c2afcc89
preprint,edd7eb534e777952
 arXiv15,4af989786d4ad872
0804025 ,ab2840fb5c3e99d3
 2015 11,a3671f64b4f4017f
25 Mitch,44e06a252b05fb45
ell P Ma,c604af7534398c5e
rcus Mar,500d26ac103c4b80
y Ann Ma,baf07495902891d9
rcinkiew,59db13d6d0c8764f
icz and ,ba8030d4e7bd2dc2
Beatrice,24785154e06ad20d
 Santori,2087901844c53508
ni Build,0764698cd97750d1
ing a la,4fd9cfcb5e912993
rge anno,c1f1ad9fbd5e709d
tated co,97babfdb798b2867
rpus of ,e72eb409807cef08
english ,76407fad1ebf25b0
The penn,3d5d7737a5c43dc7
 treeban,003aff33b40f238e
k Comput,f24e30ab5cbbbe31
ational ,cd83fec539022ab2
linguist,b4e67e1426389537
ics  192,c8205d2529083a48
313330 1,3fc12e213a3b9627
993 26 D,4b5cfdea093485a5
avid McC,c62afc03f489556a
losky Eu,051716a6022eb7cf
gene Cha,f7e022b1e18a9b34
rniak an,8728180eba0b01c3
d Mark J,2c7d64ca7b696c64
ohnson E,6c4a75d52b69d7e6
ffective,2ab3a1fe3000478f
 selftra,ff2a365cdac8e947
ining fo,a4a5a329398f7e34
r parsin,903cba3c6afce8a3
g In Pro,0d416b04cdb5424e
ceedings,e84099cb5ae5afc9
 of the ,20dfc4c0f66494a6
Human La,aa895cc7a9acf8ca
nguage T,482106a3eba4742b
echnolog,752f9b7657d8db95
y Confer,58cba51d56a247d6
ence of ,184051be3f53000f
the NAAC,6d89f74679774ecc
L Main C,9114ddf1a3c36e87
onferenc,4b42124ec4692a75
e  pages,ff865617c1081bdf
 152159 ,f9cae5a8df6a9d56
ACL June,38cd2f0696ce3611
 2006 27,d835e8d66bb46780
 Ankur P,44c1bc8e8b1e1ef1
arikh Os,e77a2a0e91da01b9
car Tcks,7a41329e3bf1ad43
trm Dipa,8f3194575caf5a17
njan Das,9b969947d5214614
 and Jak,2c4486f81b7cb2b9
ob Uszko,c72c78ef0ec0a3bd
reit A d,ca359b284ca5039f
ecomposa,5c727ecc8fe4acd2
ble atte,c0b8a8721709dfc6
ntion mo,8bf63202ca26dca2
del In E,ac27fbe2a33c58fb
mpirical,a63d998275d311b3
 Methods,d839f74341063df3
 in Natu,95b196f22eb8fcd7
ral Lang,a1a84fb7944e3972
uage Pro,860cc32b7d3ba123
cessing ,aeb3f58f4f7d0eed
 2016 28,e152c5a9e26353e2
 Romain ,4cdd4c42a31cee00
Paulus C,dfeea52a84263dc1
aiming X,e86a49f2f1536ee4
iong and,1fd549f796a5da17
 Richard,d6df8bde55326f84
 Socher ,5ebe44c242f26d14
A deep r,9bdf8f8418eff186
einforce,edc4f82179c7bca9
d model ,137eabedfe789dab
for abst,d35f071cef6a4bb6
ractive ,124f8f019b95b721
summariz,9db9be253eea36f8
ation ar,2fa1613ca9c553fe
Xiv prep,ee7e4ab4014576d1
rint arX,005d7d347e678981
iv170504,4ae051c9e8c4de4c
304  201,e8336ca3d7892bef
7 29 Sla,d534c0f2478f20ac
v Petrov,5ad89cb6b3b3f45c
 Leon Ba,7d83dd6beb286667
rrett Ro,11423e3dbe9a5c22
main Thi,56b573321f0532fc
baux and,29091461a91cdedc
 Dan Kle,1cb740c6aba73174
in Learn,506eacb519cc8e9f
ing accu,3ee024a485c55cea
rate com,66562e637cd66207
pact and,cc1315e68475d840
 interpr,95832ac40afe88b7
etable t,4299ffd4cfe987b6
ree anno,7c6b425c64675976
tation I,97745a97d8fd0b72
n Procee,2c061e0538e1bef3
dings of,37de8d5d62a977e8
 the 21s,69e07ddccddea441
t Intern,99acc8e0e2a47112
ational ,cd83fec539022ab2
Conferen,49183b68f4685d75
ce on Co,201029a3ea7b90b1
mputatio,40a9057413559d32
nal Ling,e67b01f5588da7a4
uistics ,e274afb236b82174
and 44th,53d5b880955aebf6
 Annual ,a07afef67d600982
Meeting ,6cd404eff8a4c5de
of the A,7c176b900557d18e
CL  page,79c1c6f8268f66dd
s 433440,dbe369343339219b
 ACL Jul,950a17ff66337a7a
y 2006 3,a8c4813112b9f4d8
0 Ofir P,ff6540a98ead6336
ress and,42a8f8e0db8c43fa
 Lior Wo,9b2f8be6b8d6d4c2
lf Using,fb1fb2d18e5e424e
 the out,2a445ec664a2c9eb
put embe,7e99c7e6ea25b549
dding to,b176f3a3800b67ab
 improve,ba28a79415931b7d
 languag,a9c7529e7f7bd48e
e models,5ca9ea60037848cf
 arXiv p,b4ba92db7da34a0a
reprint ,ecf9222c36d4f5b6
arXiv160,8947547dfded3c05
805859  ,5dd9d8d5141be365
2016 31 ,ab8f00a59c4edeb0
Rico Sen,c59f52571fd95634
nrich Ba,12acabfcf9d3c133
rry Hadd,35d015d093f4ae70
ow and A,ae55a460c0953c0f
lexandra,27a4f2e8eda07645
 Birch N,631fcac2f15a0465
eural ma,6c6cb5b49ed3219e
chine tr,97206b27a5c11b1c
anslatio,84eec41ca176c943
n of rar,5d1b8fb1e1f70b96
e words ,d25d7080869b729f
with sub,2dceb086ad519036
word uni,a9737cdf82c02e47
ts arXiv,4d96eaa060af3d0f
 preprin,5678a77653803bd2
t arXiv1,fcfce3d8ccae598a
50807909,157954e0d7ce3bcc
  2015 3,4733a57544b2c10c
2 Noam S,b73543b3ba9a4198
hazeer A,d56da62fcf594624
zalia Mi,9b0e8a8ab5abf7c7
rhoseini,361a14904f497670
 Krzyszt,52811fd5424cd301
of Mazia,4c252488f2717024
rz Andy ,2cadc11100740519
Davis Qu,2228edfc1f08cb99
oc Le Ge,9b107375749ada9f
offrey H,dd76d8ddbc8c0b9c
inton an,1a559d0e93515474
d Jeff D,07a57207735d303c
ean Outr,d6693a6b6acc0bdd
ageously,cd32b105b0479967
 large n,59568aeef1d80803
eural ne,617d50545aa282e8
tworks T,7179fa58bda7db0f
he spars,3726e27970645fe6
elygated,25d0fb5061de0965
 mixture,9339dc59e8e87474
ofexpert,30cacb39bc110d3c
s layer ,4f30605ed7345a5c
arXiv pr,ede3ddb95cb19321
eprint a,95e170a000005091
rXiv1701,6ff1ca958a13a9c7
06538  2,b9bc863b344c4890
017 33 N,385e3bc50f19586a
itish Sr,94802f8ffc709b62
ivastava,61815ee1064cfecd
 Geoffre,fa96072a76d9705d
y E Hint,556eb39fed223d4e
on Alex ,2b915f94d7b85dc7
Krizhevs,2c85872ef22be119
ky Ilya ,aa2eaf2cd04bac29
Sutskeve,8c438c01cea54abc
r and Ru,05c43d0ff3f48270
slan Sal,2556494614a3c758
akhutdi ,100d7db24f8b0d6d
nov Drop,3568c358a0082889
out a si,c7f20091112e9827
mple way,29f6130d8a7e7bfc
 to prev,5d107297ebf7a74a
ent neur,1d24bda7c6ffb3b0
al netwo,5c30e127eab7601f
rks from,14e21783b258379d
 overfit,406071c922dffb47
ting Jou,0b981b3f87aba56f
rnal of ,61b68228f7277fb2
Machine ,0460c059ff58786e
Learning,692f592a7a7a4461
 Researc,f58cbc66f217e5b3
h  15119,b52d2bd27e6c3b57
291958 2,fd247b25614c9763
014 34 S,e4e860f6f91db62b
ainbayar,6381887423a4e868
 Sukhbaa,fb41004480b31439
tar Arth,3c06623204e2f2e2
ur Szlam,7de78131f80e8399
 Jason W,e159cec60a018a4e
eston an,75e997219b5323d4
d Rob Fe,f80ad7ceac7c6094
rgus End,026b67ec55fbd37a
toend me,e90360458c41cf76
mory net,b6b1aa6f702bf91d
works In,7ab16285a9ece2e6
 C Corte,262807370055d35c
s N D La,0a2769a4e296df15
wrence D,0d759fe1cf864c40
 D Lee M,5d544fdefa8045dc
 Sugiyam,58e4ec1f32f76cee
a and R ,ef8d6ef4f4e667f0
Garnett ,cbe0bb05d098c783
editors ,8dcaaaa209756c9d
Advances,c9e0d8ffebcee62f
 in Neur,b1016dca580ded5b
al Infor,4b8752acc6391384
mation P,0ffb2b0324115ee2
rocessin,3a09dce8c8bf7d26
g System,23237827d83dc3b2
s 28  pa,3245e2d78ce5a248
ges 2440,fb961968b4bbdd94
2448 Cur,973adf303b3d9cf8
ran Asso,0b8552007fd4d9e8
ciates I,85407df729f9d5fb
nc 2015 ,0aaf193cb8617c7c
35 Ilya ,a4dd3476ca54d137
Sutskeve,8c438c01cea54abc
r Oriol ,61c486a7f5b061d1
Vinyals ,27321a6cc7c4334b
and Quoc,c6984c0d35be5986
 VV Le S,3d3d9fbb85c870b0
equence ,51b64c0fec3e99c6
to seque,d3c90f9a3079aca3
nce lear,62a06f0c6ec8bbba
ning wit,5947281d948f8ce7
h neural,8ccc3726221f3450
 network,b3d2d31445a315ec
s In Adv,2790bdd0f202f31f
ances in,c42826ecfb9cb18f
 Neural ,2498f800935d1083
Informat,b220a40af54f3d8d
ion Proc,fab7f59b16ecd681
essing S,6c26d768f20754c4
ystems  ,b984176933cd3bd9
pages 31,85977439995b6d23
043112 2,55b7009d7da8876a
014 36 C,00db4394c1248368
hristian,f0ed025dd4543665
 Szegedy,0e46b64696c50d9b
 Vincent,6bb808417fb037e7
 Vanhouc,2b060b6af8fdff86
ke Serge,2220f2a5aca8f0f0
y Ioffe ,322cdaa221bb2ece
Jonathon,5a38603ad2fc820d
 Shlens ,ed08f85a0a2dacdc
and Zbig,4d8174f381734e5a
niew Woj,db1e4496620e376e
na Rethi,b302084d59496a2e
nking th,8e38befe46c6aa30
e incept,a87d89f661d88701
ion arch,2b94fb49216d4983
itecture,cbd4afa4e24fa398
 for com,e3f14f200d47efbf
puter vi,fee52b2c8501fa8e
sion CoR,c95a3ffc6ae8ea9d
R  abs15,e1566f7533a49f98
1200567 ,38f585f965e51d5f
2015 37 ,af593e3e52e38d23
Vinyals ,27321a6cc7c4334b
 Kaiser ,0c4036e64c20b473
Koo Petr,ee8702b0e075bd1e
ov Sutsk,e6659ab67641fb0e
ever and,b85da8a4e0dfeb73
 Hinton ,057b779df8ea0692
Grammar ,691979aa714ad675
as a for,65666140026ba2b2
eign lan,0b410fc11c37fe41
guage In,422c31b4f41f4acb
 Advance,ed45b16090441337
s in Neu,0870df5545f7af17
ral Info,72981d5c0a25c6d6
rmation ,f83739be10fb6d5e
Processi,f74233ada1383a61
ng Syste,99b90bd88c72747e
ms  2015,b951c8812840c8ad
 38 Yong,d58e340f71f6a2c1
hui Wu M,df95559148cda7c6
ike Schu,cfdf96245ae3f3e0
ster Zhi,3ad203f4e5957098
feng Che,06484cd01ffc80c1
n Quoc V,4fa433d22347d970
 Le Moha,267e112a60ccb138
mmad Nor,c923a2e4315d7553
ouzi Wol,1a483ca4311f9223
fgang Ma,b353c060489019f5
cherey M,f88018e55aebbcce
axim Kri,9b2d3269f23f3f91
kun Yuan,7d82ebbfd5452c5d
 Cao Qin,c236c64d2f387c50
 Gao Kla,3a0fe54beb047e2d
us Mache,1019096bea621091
rey et a,76d0ebe9e4b2b5e7
l Google,70385ab1c3dc5a46
s neural,180848498bf141b1
 machine,4aa8ade97dd7cb77
 transla,81e30e7739885841
tion sys,a02d820bf6811452
tem Brid,fe4a133c866f09bf
ging the,6ad988cd6b09fc34
 gap bet,ef37917c7dc19d00
ween hum,9d3c2d971b60cf08
an and m,1dfb27c88d17885b
achine t,691ad38a8d7858f0
ranslati,5e5a3809b0678fa2
on arXiv,230a4f2e674893fa
 preprin,5678a77653803bd2
t arXiv1,fcfce3d8ccae598a
60908144,78e06d09e29d4c0e
  2016 3,2a1084eacda50af7
9 Jie Zh,03a966c5eaa26be0
ou Ying ,395df59aae0d6f34
Cao Xugu,def39fe8ff6f6763
ang Wang,305c1da5d17c33dd
 Peng Li,75901feadb9c4949
 and Wei,9eb0ecd4a3e77f5b
 Xu Deep,56e1d605e1ee3bb0
 recurre,92525d11a1c69131
nt model,1e18328b7e73a065
s with f,a4ce6540c9ee84c1
astforwa,3cd581addcd804cd
rd conne,e554365060068db2
ctions f,a0b2e4b7a6be32e6
or neura,4ea76dd2906ac552
l machin,578706cb765101cd
e transl,8f3f5ac0e89822e7
ation Co,cb019c232483bf49
RR  abs1,47463e71dfac327c
60604199,ac90aa4df82bb661
 2016 40,6d3c3063c8d6f0d4
 Muhua Z,5a55c6377b5a022d
hu Yue Z,9d31b5fec133c927
hang Wen,2b8cb5279e24fe61
liang Ch,b46644c755974be5
en Min Z,7e8edd9d8becad50
hang and,2ffe087989fc82f7
 Jingbo ,f894dfac97145b7a
Zhu Fast,3e1315d523449a2c
 and acc,923b8ffd127ce027
urate sh,ab134497571e0d0f
iftreduc,0831ea5ab44e1776
e consti,52aa1e22b7b5a3cf
tuent pa,65b1f48e96176d92
rsing In,e914c39661a0ad2e
 Proceed,c437bfae33c64e44
ings of ,b71aba863d24408f
the 51st,bf694a16aaf664c7
 Annual ,a07afef67d600982
Meeting ,6cd404eff8a4c5de
of the A,7c176b900557d18e
CL Volum,53c71275d0629ccd
e 1 Long,294f57327388b492
 Papers ,37dcfad6ace235ae
 pages 4,e156a84c4d6dbdcd
34443 AC,529c26575896e862
L August,08f829dedda61d27
 2013 12,dfe4182ed04c032e
Attentio,69ab30e3d76c3132
n Visual,154ebd8809499fb5
izations,071acfa068dcb2c3
 InputIn,44df0ea8c07c29dd
put Laye,38717a60f9807360
r5 It is,4758ce08c5847ad0
 in this,b22ea6e58b1689eb
 spirit ,9d426155ac905890
that a m,652e2cbc964fc46f
ajority ,31d240410819d662
of Ameri,2ba112a4e2d5d5a5
can gove,c7a0ab1b6ee93bb5
rnments ,daed688798153d21
have pas,37c282cdfd480f68
sed new ,8c1716b26f2f2304
laws sin,7e75be2972a67293
ce 2009 ,e877203d25f2d789
making t,af248ddf361d26f9
he regis,6e3db2e194dd5432
tration ,a6bdfb08c4f9ecc7
or votin,fbd6f6d1f8fcba13
g proces,e92352a4d89657e4
s more d,98a3756c3d05e78c
ifficult,87f399404cb0b673
  EOS pa,fc5ab20563ba1835
d pad pa,d1b9cd2132a55905
d pad pa,d1b9cd2132a55905
d pad It,89f5cab2289f9abc
 is in t,a6245d41630997d8
his spir,90a21bf9f77b441a
it that ,302d89f3c2bea46f
a majori,79e69f1b997b9308
ty of Am,d7d3861f73327699
erican g,0725d871c8f53ed9
overnmen,75014307a0f468d9
ts have ,434d504db70d65b2
passed n,0cf14c8bcdbf063c
ew laws ,63e19f1c83a2f044
since 20,36704d7a3de03691
09 makin,bab9e55570a6694f
g the re,224e182be6c7479b
gistrati,ac7d78157d1443de
on or vo,c9d471d330508d07
ting pro,e43f84bacc743771
cess mor,4f2f54417d8f7e0b
e diffic,f6fc3f4d33edd329
ult  EOS,9427fc7af8e759b7
 pad pad,6f112b4824f9f755
 pad pad,6f112b4824f9f755
 pad pad,6f112b4824f9f755
 Figure ,fb1c954162c0e704
3 An exa,9ff06c42011193f6
mple of ,e55b2b087603ccff
the atte,c0fe4644b2b8d446
ntion me,fc80bc3d1f86ca49
chanism ,30d140576cdde742
followin,dea9d67896c729dc
g longdi,0d66cc786005ca67
stance d,c225bd8c28b49a2d
ependenc,1b4896aac47c9dcc
ies in t,8513d4945be28ccf
he encod,632027926606db5e
er selfa,327cb3b93ec1f476
ttention,2131bfb31256dfa5
 in laye,0f2de0b7a0d86ad9
r 5 of 6,9928aa8d7e858dcf
 Many of,6c5fdeed9009f36a
 the att,75c984a35bc3ec21
ention h,5dc146fba1db0cae
eads att,ec7efbd2d10daf26
end to a,cf5bf27310c95778
 distant,fb5756ea5d76f8b3
 depende,6e3bae2c4384899e
ncy of t,5c9eb981acc8c348
he verb ,b446bb189dae0af4
making c,9017dfe59e994f4a
ompletin,b69c8530372c1a32
g the ph,105c2ea07e452ee3
rase mak,30826fb3a3fa40e3
ingmore ,777c4200e94ff228
difficul,06c629772fb7ae8a
t Attent,624dc225a87db2ca
ions her,3fc75307e253d4c0
e shown ,45a69a5d89a2e5b2
only for,ce1db2697e038650
 the wor,2868bd7eb7b0abbe
d making,4832e3caac9c7b02
 Differe,eed08c37199915b7
nt color,32ce36e8e06f1fac
s repres,1f5f2c456d5936ab
ent diff,67d342ee8be45455
erent he,78903c38bd664931
ads Best,3c555887fba8ba37
 viewed ,bf0a44a95a18ae7a
in color,8cb4fa21d8515f1c
 13Input,d60f263e442e14c3
Input La,c2bf7615e2af3c55
yer5 The,478815fb6a125afa
 Law wil,948180b169dd6576
l never ,28531d0d9dd75e65
be perfe,b9960b3282ed383a
ct  but ,212696cf5b1a4bc0
its appl,ab97ef1d9e77115b
ication ,50b8dd5b0669bebb
should b,903f546255a3a9ea
e just  ,4c6571aa9439ce3a
this is ,7b442eeef2f6ca33
what we ,9bf7ca5535a9f6eb
are miss,a5002f3b32840cca
ing  in ,b40c133889b52f82
my opini,4e0d8856abf46fcf
on  EOS ,296b6438c0c84f9b
pad The ,480752fd0081a1f9
Law will,047d37d25cac1168
 never b,25a42be83969ccf5
e perfec,ea649ca5f477700b
t  but i,27e6ba23ebdcacfa
ts appli,e70f3abf81e3d01d
cation s,f14af1806bda2403
hould be,9df7d6aff1548db9
 just  t,d902a9e4e916242b
his is w,1e28c5a45b9e01f6
hat we a,14581c4031b504eb
re missi,74cef52e9eeb2460
ng  in m,9d2df0aff6cc2d39
y opinio,02e79dff54143cf9
n  EOS p,5184ffc20e9c3611
ad Input,ceaba45db12316ab
Input La,c2bf7615e2af3c55
yer5 The,478815fb6a125afa
 Law wil,948180b169dd6576
l never ,28531d0d9dd75e65
be perfe,b9960b3282ed383a
ct  but ,212696cf5b1a4bc0
its appl,ab97ef1d9e77115b
ication ,50b8dd5b0669bebb
should b,903f546255a3a9ea
e just  ,4c6571aa9439ce3a
this is ,7b442eeef2f6ca33
what we ,9bf7ca5535a9f6eb
are miss,a5002f3b32840cca
ing  in ,b40c133889b52f82
my opini,4e0d8856abf46fcf
on  EOS ,296b6438c0c84f9b
pad The ,480752fd0081a1f9
Law will,047d37d25cac1168
 never b,25a42be83969ccf5
e perfec,ea649ca5f477700b
t  but i,27e6ba23ebdcacfa
ts appli,e70f3abf81e3d01d
cation s,f14af1806bda2403
hould be,9df7d6aff1548db9
 just  t,d902a9e4e916242b
his is w,1e28c5a45b9e01f6
hat we a,14581c4031b504eb
re missi,74cef52e9eeb2460
ng  in m,9d2df0aff6cc2d39
y opinio,02e79dff54143cf9
n  EOS p,5184ffc20e9c3611
adFigure,0c5aa68098b1355d
 4 Two a,bdba8f6181dd17c5
ttention,2131bfb31256dfa5
 heads a,9cebcbb2d7b12277
lso in l,c80c2161baaf798c
ayer 5 o,38d127c8aa16d4de
f 6 appa,37db9d104dfdf3e5
rently i,3134555646bd3a5f
nvolved ,d89133fbf56984f1
in anaph,57c3e7a1cb5a4a51
ora reso,49922c2e84555e3f
lution T,0fd1056d2e2a8961
op Full ,7cf7f150b841472d
attentio,89f010d4293abe12
ns for h,7f0bd9825ec970a9
ead 5 Bo,f4dbfc310eeb79be
ttom Iso,b6470ed85b9171ba
lated at,551430fa81911726
tentions,d7ce1da7d86a2269
 from ju,11b6d0c44d0fd3a3
st the w,5687b46d684ed1d4
ord its ,40bf1a6881677155
for atte,fcf5c8cd99a28c96
ntion he,7441f94ea362e68f
ads 5 an,14c73ab34dab6d9a
d 6 Note,fbb1bbf8eaa8c7b5
 that th,5bdd2e70c435161a
e attent,c2be718775cef850
ions are,890d89d2053610de
 very sh,fd39e22bb6924c70
arp for ,40c1bacc180a475b
this wor,6ae8ecedd4881fd0
d 14Inpu,9b4367e19b8803af
tInput L,742cd518a568676f
ayer5 Th,78cb9de04762bfae
e Law wi,f9ccf226d512a266
ll never,513dedd86d23eda6
 be perf,cb19d77487137068
ect  but,18094ba25b9a0d8f
 its app,307ccfb4ef514ee6
lication,830cb00265618bcd
 should ,664e0c4d5a70eae8
be just ,00f298d9ab56a997
 this is,31308fd184bc9c7a
 what we,94559c11f5b6afc2
 are mis,e3fa49d0ef0fdfe6
sing  in,9b291a72db434f43
 my opin,5f5233ee1a58c26e
ion  EOS,0424619a92159629
 pad The,f61992ea0647bfd1
 Law wil,948180b169dd6576
l never ,28531d0d9dd75e65
be perfe,b9960b3282ed383a
ct  but ,212696cf5b1a4bc0
its appl,ab97ef1d9e77115b
ication ,50b8dd5b0669bebb
should b,903f546255a3a9ea
e just  ,4c6571aa9439ce3a
this is ,7b442eeef2f6ca33
what we ,9bf7ca5535a9f6eb
are miss,a5002f3b32840cca
ing  in ,b40c133889b52f82
my opini,4e0d8856abf46fcf
on  EOS ,296b6438c0c84f9b
pad Inpu,ea95b89526b97c06
tInput L,742cd518a568676f
ayer5 Th,78cb9de04762bfae
e Law wi,f9ccf226d512a266
ll never,513dedd86d23eda6
 be perf,cb19d77487137068
ect  but,18094ba25b9a0d8f
 its app,307ccfb4ef514ee6
lication,830cb00265618bcd
 should ,664e0c4d5a70eae8
be just ,00f298d9ab56a997
 this is,31308fd184bc9c7a
 what we,94559c11f5b6afc2
 are mis,e3fa49d0ef0fdfe6
sing  in,9b291a72db434f43
 my opin,5f5233ee1a58c26e
ion  EOS,0424619a92159629
 pad The,f61992ea0647bfd1
 Law wil,948180b169dd6576
l never ,28531d0d9dd75e65
be perfe,b9960b3282ed383a
ct  but ,212696cf5b1a4bc0
its appl,ab97ef1d9e77115b
ication ,50b8dd5b0669bebb
should b,903f546255a3a9ea
e just  ,4c6571aa9439ce3a
this is ,7b442eeef2f6ca33
what we ,9bf7ca5535a9f6eb
are miss,a5002f3b32840cca
ing  in ,b40c133889b52f82
my opini,4e0d8856abf46fcf
on  EOS ,296b6438c0c84f9b
padFigur,7b1de7c775ef5d50
e 5 Many,f8dd0a7ca921fb7a
 of the ,20dfc4c0f66494a6
attentio,89f010d4293abe12
n heads ,6dc786cf6279d489
exhibit ,2d68b8dc00894ba5
behaviou,988f1d6e2058edee
r that s,663e74ab6170b82b
eems rel,36df69d6cc1d5bf4
ated to ,3e01bcec5d613e15
the stru,0a6ed42b804394e2
cture of,6f7e8c79354e3968
 the sen,6bae070e506934bb
tence We,9051deff13678ba5
 give tw,9918a4d4fab87367
o such e,d039529e973e5414
xamples ,7ba07f9f0a5e94e5
above fr,964b5d24c11b5f47
om two d,70d0af21d168f108
ifferent,49192cd57800b8a1
 heads f,709561a49cae0ba9
rom the ,65d1192e9c8fbb9c
encoder ,d0e55b0edcc5fc47
selfatte,4874413e9ecc7b75
ntion at,ae139b465829f926
 layer 5,2e9ca83a07dd1ba9
 of 6 Th,447b0c3b5bc44433
e heads ,1ec2c74a5b0a1750
clearly ,7619e93c5041c54f
learned ,cce3050bd6499510
to perfo,dacd117f453693c9
rm diffe,c960f63426d7070a
rent tas,4e8e41d7e4f2effe
ks 15   ,bcb20e6fd779c625
