Plaintext,Ciphertext
aaaaaaaa,e3914b3667d8ec1a
bbbbbbbb,01779e4767f4d7d9
cccccccc,96e2cef0e197d66d
dddddddd,d3bd21fe337be655
eeeeeeee,b860c0460b7f311a
ffffffff,4821b66cf3eca25a
gggggggg,cb437d152929131c
hhhhhhhh,0a3a31ad2feada77
iiiiiiii,d9f4f9feadd8a966
jjjjjjjj,fd2687b09fc918b6
kkkkkkkk,e2b102c9aaed2944
llllllll,886ecd16dc6dbe6e
mmmmmmmm,643670fa5bb711ef
nnnnnnnn,ccce6ca337026d10
oooooooo,17f5769827313645
pppppppp,ca4c63ddf5d93753
qqqqqqqq,ade12fd1d8254fcf
rrrrrrrr,3c0fb51f95572cef
ssssssss,9cb823a81b0e28d6
tttttttt,deeb94456eb52a01
uuuuuuuu,20f72ae6291cf35d
vvvvvvvv,0620006ca27d1025
wwwwwwww,9a8cc5905e0430a6
xxxxxxxx,d07810e44d798f99
yyyyyyyy,4dab4e8ffef3a258
zzzzzzzz,45ea1818e1556717
00000000,f29b5eafdc03d7a9
11111111,fd267eb8afe032a2
22222222,9b8de80ce5d59a63
33333333,0bbb6f2c92565805
44444444,c8d45696047b1e67
55555555,69602ffde8c98337
66666666,b2e813d075cc03af
77777777,7bbcaea9081aced3
88888888,73b49e07928d0b93
99999999,249242c0d41a68de
Provided,0ee81e08106ffe61
 proper ,2e3322e894672ab1
attribut,f59df73fe959d273
ion is p,04796144eabdde61
rovided ,73a40bb2c6792501
Google h,b0014e7c024fbc86
ereby gr,eabfa1a46e25c301
ants per,90c75047adedd7b2
mission ,de5b8b268d511b53
to repro,59eee1d2286ad1ea
duce the,d089502a398dd2e6
 tables ,08d849ed716d12d9
and figu,090419ecd605bdaa
res in t,2873f3221491d266
his pape,ab3aa3143e86e10b
r solely,cbb14aca759fb3a1
 for use,0696b78583293a25
 in jour,bbba42a183fe465d
nalistic,e0d9506acc4a5a04
 or scho,f9179123661051ef
larly wo,dabcc320f764e571
rks Atte,80d787aa6a4fc9d9
ntion Is,a03d5306dbe505d6
 All You,1453fcabfb97fbe8
 Need As,25b2dba655a2278f
hish Vas,db354a6521039aa4
wani Goo,c12011ff30f4d938
gle Brai,b43484ad6bb13998
n avaswa,7dbb936247e7f8bc
nigoogle,db545a1b881d4d49
comNoam ,4cbb500faf2d5f7c
Shazeer ,fae83730ac9e6593
Google B,6a4c62f668006f0b
rain noa,ae8b478bdb412be6
mgooglec,999e6b0e3be0057d
omNiki P,66e56570012700d5
armar Go,2721afa18c58b8cc
ogle Res,0a8566497a4c1c2e
earch ni,fe59ac701d4e11ee
kipgoogl,601ebf9160a86cd4
ecomJako,e2d8fe93e8dd20b3
b Uszkor,781010a787434201
eit Goog,10431783192220bd
le Resea,a74fc0c8845972e8
rch uszg,bcec05d0ab644336
ooglecom,ae44e1b567ebc7f8
 Llion J,c95590877dbe12c1
ones Goo,df02113cb2f5a70a
gle Rese,ed8a9f48e2a83797
arch lli,dd271d8153ddca47
ongoogle,2f163c073f208e38
comAidan,d72ba0c99375f54a
 N Gomez,a49f4ddc4aa8220d
  Univer,9b6f30e01272db11
sity of ,791e8680b7d785bb
Toronto ,2a1be6fb4150fa9f
aidancst,006420ec2698e8f4
orontoed,8efbec1e9d83e0ed
uukasz K,42b99fe9fad2017b
aiser Go,e6bdfd35f313279e
ogle Bra,c6ba740daeba254c
in lukas,ec14bb9c057c84e4
zkaiserg,3e345b60d6d534d1
ooglecom,ae44e1b567ebc7f8
 Illia P,3d83ea23108fa684
olosukhi,88075a3b3f10bf21
n  illia,921b746bc295ba32
polosukh,aca5d44cfcdd7e40
ingmailc,b0f930f25b1a904f
om Abstr,2274f3e1eddaf590
act The ,adea80bcbe032016
dominant,a7bcc762f32eac2b
 sequenc,82ddbb7f6a9917c9
e transd,24d34f21ecc320e1
uction m,34203b1627a4aa91
odels ar,7cc121a5b89bcc59
e based ,f3046e765c9f1c0c
on compl,dc4fb7939c103419
ex recur,1fa334c23d911e54
rent or ,afef8fe257de7329
convolut,8dd6934c2f10a3e1
ional ne,1af3880c408b7d41
ural net,7aa35bcbadf9df0c
works th,c7ce303dd9a05cab
at inclu,13294c6f361f1c09
de an en,95f20c7f5f73dd42
coder an,c98451f97d77c6ac
d a deco,71e1eed7ef7092df
der The ,22ae3453cadadb78
best per,e2eb6d64781a6ebb
forming ,c378d5c27eae8df7
models a,7d9e9254af22f2e1
lso conn,43b1451b7f2797d3
ect the ,bca676d53234ae2e
encoder ,82fc3744b8b276f2
and deco,876803870c77f31b
der thro,57537769b629b4a1
ugh an a,5327e8967b654b9a
ttention,0ed0448a97f21839
 mechani,e498dac20434af9d
sm We pr,17a2625f75f34aa7
opose a ,2158655d2f5a4910
new simp,d04de27bd8bb215c
le netwo,257ad64527374e7a
rk archi,3c02d432a301ce40
tecture ,84691169ac16730b
the Tran,620a7274c00f5b1a
sformer ,d4ccbfdd41c8e1b9
based so,60c231f295e514fe
lely on ,31757663ce414089
attentio,9fc0e635b6f4da0e
n mechan,1bc408d8f22796bf
isms dis,0447be61056a32f5
pensing ,3fa741e23b4d297c
with rec,0e62e198aefeaec4
urrence ,74893156323f47d5
and conv,629fd4b406db47fc
olutions,e4db782e021c6515
 entirel,ba1554628dbe5d17
y Experi,c2d61482d66afd16
ments on,eb4800375a39214c
 two mac,23a313ae857cf40e
hine tra,efe2cb59455cad69
nslation,570e9b620a2d3d7f
 tasks s,3efff00bddfc9da3
how thes,71ebbd5b4b96002c
e models,4c1804a3d936f249
 to be s,711b01e8d7036c72
uperior ,f078c9e97ab76b13
in quali,c77a82cda53514b9
ty while,1eadd9446305b9f1
 being m,2ceeb50df14ccdb0
ore para,c130b6446f1917a1
llelizab,b076c32eb1605241
le and r,365c3503ca2f8b7e
equiring,50e24b8567be5ef9
 signifi,ce82a950ef42fc17
cantly l,e6594e652f139108
ess time,866aee176c774d88
 to trai,57708f1256bd76c7
n Our mo,6f6b09b2486c2a15
del achi,c1458f7e508f8a06
eves 284,fa4f190bdb7e9e6a
 BLEU on,3e9f79d81f6ffa6a
 the WMT,096bb1b46e6a2868
 2014 En,657ac1643637a97a
glish to,d855fd3975f6acfe
German t,8f3aec038c9d16d9
ranslati,8197311e62647d7c
on task ,2f1f73e9e2349a2f
improvin,06921cfd1c4f327d
g over t,acb63ad7926c924d
he exist,49484a1ac6b6e6b4
ing best,0f309ca6a5fe2c4b
 results,e017afa0d139726f
 includi,e630b235867785ae
ng ensem,fc5e10c6dd3e64cc
bles by ,563c1c731fb56f2b
over 2 B,1b8198d0f4a142d8
LEU On t,9e4b63d445cb1996
he WMT 2,d48b8136001710ba
014 Engl,6b5a8d2059f7d68d
ishtoFre,50cd2e6354a041e0
nch tran,f0b082f597be54d3
slation ,78498269e30a5297
task our,b47a636dfc673b79
 model e,ad9b6bd0296dd165
stablish,1227af10f9384613
es a new,e275f67c7e180402
 singlem,9bd71f12dce233c8
odel sta,0a37c9f30944c803
teofthea,99a18378b09127ac
rt BLEU ,0a41acacdb6a1eca
score of,444900ff739e73f3
 418 aft,2cc03ec08b201f8d
er train,e7cca2bc8bc3766c
ing for ,09c9bb425b59f68b
35 days ,a92d493e8e1512a0
on eight,b1ca57fad8c6db59
 GPUs a ,ca677b8773fae02b
small fr,7bb674ec99fe4403
action o,c2a5adf1f1e8eb45
f the tr,2f29eda76716f209
aining c,1a07c10e2b3a1fdf
osts of ,63eff04d625e0c1e
the best,2103bf24fbf8a2ae
 models ,f2e3d2ae321e6445
from the,9672de084485dc5f
 literat,2732ab924522f04c
ure We s,fe7b3d8bf9138a3a
how that,05e399445f17df8a
 the Tra,824ac62ffbfcc00d
nsformer,507d5d1c4d5c0f7e
 general,9a8d884d1b63cb63
izes wel,123fe50076bf37f8
l to oth,4dfe148682eef188
er tasks,79057d5d82b38c2d
 by appl,ccd30e67c37db067
ying it ,7b17c5d2eba5dc97
successf,acdfdd33c4495e6b
ully to ,6dc35cec2e3a34d8
English ,d67bccd6b3a4e777
constitu,fcea0d2c2d182dd6
ency par,d74f709cf7260315
sing bot,92d2d7529d0d6c36
h with l,56b4d8dacfc375ef
arge and,33cd043dd9baca44
 limited,c24dc1096423e7e3
 trainin,069b0ed2f8a1b6bc
g data E,4f97275bbeea0b76
qual con,da44a85ec9adbd48
tributio,fae40389bf5e7051
n Listin,26954c7384461092
g order ,101c940048b9a240
is rando,d00e78d8953ce44d
m Jakob ,a780ee9e9d53b5dd
proposed,c041e3d876e798f0
 replaci,899f51aeb17eeca5
ng RNNs ,f66769ebb31a966e
with sel,e6afde2826ba010b
fattenti,9853a07454a6571d
on and s,0f9aef220e61f9e6
tarted t,01000852eb61a50e
he effor,ba757d269b56a573
t to eva,1f8da8430018d376
luate th,3dee3d532ebed57c
is idea ,b76446b95df3f04e
Ashish w,e446dcc4432cf154
ith Illi,d907fb0ce9d7c8e2
a design,f3ad0137271fd20b
ed and i,b305c5ce537c6ac9
mplement,761bbc12372e29cf
ed the f,8e3569270c4d7176
irst Tra,b2d99a7689c94582
nsformer,507d5d1c4d5c0f7e
 models ,f2e3d2ae321e6445
and has ,948a2da77e46651f
been cru,e52a43bcea9bd1dc
cially i,fb7802253040b03a
nvolved ,aeef6ac2e0e0ef89
in every,d3873f410f71ef80
 aspect ,2d3544dedff8b904
of this ,e42c958e8cc5edaf
work Noa,561ce744205da975
m propos,6f3e1d2abe5cc094
ed scale,6ee24828f9a27a63
d dotpro,ed68388f39077746
duct att,1204f5f4f3f71d24
ention m,3703ed0b172a9499
ultihead,f98f912b2f866eae
 attenti,8534cc10549a0264
on and t,75c04bb9f10983ee
he param,ac13b5ece7b0f69e
eterfree,ac6da072418140e0
 positio,602491c588726298
n repres,016ea00a89580c32
entation,92e2455970856946
 and bec,fb48b42156a8504b
ame the ,a2b4931150605a08
other pe,ea8ee330ae37dc4a
rson inv,70a9b23f1c1f5b49
olved in,13b659638c63e092
 nearly ,9337fafc62e9aa71
every de,fda9d72cc2495b62
tail Nik,401495728c63e714
i design,00c809db8cdfda48
ed imple,232c834e18be0bad
mented t,015dace4c19f1eda
uned and,c6fd4209aeb6c95b
 evaluat,dd03571b78581f3d
ed count,bb016968612a4046
less mod,66c06e9f2bfa7d99
el varia,d17f54756f492473
nts in o,46d3fe564dc62e4e
ur origi,e7f5d0db70dd8161
nal code,add4d7ad8675f284
base and,0ec6bc427558e637
 tensor2,32d9275bab6f8514
tensor L,ec335315e5fab70f
lion als,406ed6ba86022150
o experi,aabf79271cf82790
mented w,3050731a877e6813
ith nove,1c3447b49f586dcb
l model ,4645592541615f98
variants,c43f0514c61dd380
 was res,01992fb143389c24
ponsible,f48d375228692315
 for our,c4b04f936b3b4272
 initial,1824d0f47cb21c9e
 codebas,3d69fe67be5df226
e and ef,787f18f155e43e55
ficient ,9ecf8d17db9ae921
inferenc,4d18ea83182c7983
e and vi,6aef756ceac5bbf0
sualizat,c32251409fbd7466
ions Luk,df5e42e357044811
asz and ,b2b8753e8bd290d0
Aidan sp,fe4a972a50235722
ent coun,4b78ccd9eeb356a4
tless lo,3896a6965e2fc879
ng days ,d3d94880ecccec6f
designin,b57b591ce43e5ff9
g variou,4372d786ea399def
s parts ,fc7e77f1276d943a
of and i,931ff0310bbdae3d
mplement,761bbc12372e29cf
ing tens,b170314596de7c83
or2tenso,981c9f866816102a
r replac,1afc5f5c1341342d
ing our ,5b9fcfe9848d5583
earlier ,b688cf17f0b6db47
codebase,7f83884a7624ed76
 greatly,ea6dff8c96dddcad
 improvi,59b30602e3b9d380
ng resul,207eb90add0a5baa
ts and m,4ec403829244fb89
assively,c93ea212a60ee468
 acceler,9c6748b5eb7ef9b5
ating ou,95cfaeb334a7692e
r resear,6d380d0c29b6e52b
ch Work ,7a41d5a6a3a8c993
performe,a6cf7ef351816862
d while ,a6bda0dbb4252ea5
at Googl,600fe589a3c1848f
e Brain ,c13dcb68cb527457
Work per,93ae15d93cf95637
formed w,201174867b4adc47
hile at ,1251735a3b832565
Google R,0af252a395be6be9
esearch ,033c0b2586a7d261
31st Con,56f8853180601ecf
ference ,a3567b1e29f134c8
on Neura,7d1e6957f4a35684
l Inform,b1ee687a5a1f05f4
ation Pr,2f2c0d043013cac2
ocessing,9aaa7c4606d6dae9
 Systems,879bf16b72d2b6b5
 NIPS 20,bdc860800f11990f
17 Long ,4a8ee4a27786314b
Beach CA,b27969718bb9af04
 USAarXi,654b5128348e9e24
v1706037,d1014ef1f21af9f5
62v7  cs,0d2cc3718120d940
CL  2 Au,9c07438d7da7a4c8
g 20231 ,00de8eae5f01070d
Introduc,7931fa541bce2486
tion Rec,4859bd2cd823ff87
urrent n,87c936f9ae0a553a
eural ne,1a3b35042c6b0652
tworks l,c7cfd4e2c26ffde8
ong shor,0d0e93bf7dac53f2
tterm me,aad67ec4bb1007fa
mory  13,157adae649b0b3e6
 and gat,d0c08291f6a978dd
ed recur,fda8d73d8b4f552e
rent  7 ,688487ddcc4ee402
neural n,506924cb2ff1640b
etworks ,a8cf270913a4d1c7
in parti,3d1de7684c39c1a3
cular ha,944d70e0d25555aa
ve been ,ce051bf9d4f3e8e3
firmly e,4c7875cc08fd6b55
stablish,1227af10f9384613
ed as st,10cecb61658462a8
ate of t,17712e14e067b92f
he art a,29db8af76feaddff
pproache,5e8212d57b02fce8
s in seq,e612b6987cace6a8
uence mo,ec61669e2b4a212b
deling a,cc48af00759c45b2
nd trans,e536d226e24d6725
duction ,cc319b5b3d90f5ee
problems,38a79495d1e128b1
 such as,38c98bb22d5d4c80
 languag,6e40b762e25a9c3c
e modeli,7a2a3c0af55f78cf
ng and m,7727de216efe81e0
achine t,c3e2783270389fcf
ranslati,8197311e62647d7c
on  3525,02d8f70fca3b06dc
 Numerou,ebf6ce004458158b
s effort,4b436061523ebda4
s have s,ab4a4d9bb8c3deb5
ince con,49d7fed86faf60b6
tinued t,8ec6032c4cf06825
o push t,f1850c18d33fbd8a
he bound,6ee83d8debf25bce
aries of,f32023b36ae82eef
 recurre,74a985163e3fe634
nt langu,d5859b2baf0bd231
age mode,357eda9cc666dd20
ls and e,0480001197a01d9e
ncoderde,d3eae6203a02890c
coder ar,c521b1d7775ea5f4
chitectu,535c526fde5229a7
res 38 2,e4fb1250567568db
4 15 Rec,d279992c3bd5ab29
urrent m,01971e2485f43c55
odels ty,baf02239093d1f42
pically ,892a95ea57e478b9
factor c,6ca608555115a3eb
omputati,6912aa1e91ac7ebf
on along,366b9696c28a84a1
 the sym,53a355fc42557a28
bol posi,247c3135b030f5a0
tions of,677a0bfecba05f4b
 the inp,ef462219eec988d4
ut and o,ed9abd1b5154e398
utput se,5454a63f418ae1da
quences ,0c68a279b08c0858
Aligning,3ebcbf35cce75927
 the pos,11a4143b33a700f8
itions t,ee9f14d08ae32149
o steps ,da5961d4fd680ce4
in compu,8bedaf7b00df5d7f
tation t,47c8397461e1c795
ime they,2d5776daed45ab91
 generat,0d942fbe710283cf
e a sequ,d18fe7cdf6991871
ence of ,dac8cdd708c45279
hidden s,94e431225c9719da
tates ht,551abc0f8b229853
 as a fu,a6529e372e5fe20d
nction o,22bdbbf51ecdc3b8
f the pr,d5d38526c8e57a9d
evious h,0e22f6d4933ad80d
idden st,7c6d72283b3c3bb6
ate ht1a,99204035e8ad08b5
nd the i,e12baf894edbd4be
nput for,59c9f93dc99bf1a5
 positio,602491c588726298
n t This,b2ce413c85f90016
 inheren,6b0e5f8d6c66ea8b
tly sequ,324ff8ca917ac1da
ential n,6640d2df25e75def
ature pr,6a789aaa2fb13eba
ecludes ,990075651d363475
parallel,db912a54c3a64a85
ization ,bdc4b5b6ca51992e
within t,6125b7164a1a316b
raining ,82fdd719c1c07f55
examples,f8320842c4b81eb0
 which b,ad6d626ffbc35377
ecomes c,e6afe6a805263349
ritical ,5041ef328636c819
at longe,dffd15355b5a6d19
r sequen,8f656d83994a552c
ce lengt,a42b1be4aa3a8950
hs as me,35b6a30a83fe8f66
mory con,e3ef8fe2574414bb
straints,332728aa9db6f89f
 limit b,ab78d100a9e77af1
atching ,e37f07bbb0845433
across e,ceb1331f61a85ba0
xamples ,7c7de864138f4c8e
Recent w,6fbba5c318fcad10
ork has ,63166b4d4960173a
achieved,e0e1b25334af8106
 signifi,ce82a950ef42fc17
cant imp,01efe056e4c0fda9
rovement,59d795f1d71afddc
s in com,d4fe880a61477664
putation,a0ac0e2b52f4297f
al effic,c6f344c755ba1082
iency th,a87acd27eeacb3f2
rough fa,17f4bf779ffa0b4f
ctorizat,d8028009953ab020
ion tric,ed012b6f19ae4d68
ks  21 a,5f63543ebd0eb07e
nd condi,f0cebb58ef810137
tional c,23b517651c05ee6f
omputati,6912aa1e91ac7ebf
on  32 w,2f415ec6bb57a63f
hile als,ab68835f6e6bc8cf
o improv,3272322011ae0d81
ing mode,5e83273d6dd22c40
l perfor,81ddf7bbf1f13e2a
mance in,bbd0473701f9adf7
 case of,9617f4e6baecb614
 the lat,ed90d22b15b5eec1
ter The ,8e8f94b163339165
fundamen,2ebd431965e92a8d
tal cons,c32b30ba0daf8c29
traint o,8d699e5ccc47f762
f sequen,0e282c2458cf1c77
tial com,d82159dbd028b8e4
putation,a0ac0e2b52f4297f
 however,0ebe846795925ae7
 remains,1f033c41094d4425
 Attenti,c2b0f3cbe2db1af9
on mecha,e499922bb69fa4ec
nisms ha,af28bdfead161594
ve becom,ef4f7b0f8810b909
e an int,f176f4060c7335df
egral pa,c529227d56b21efa
rt of co,af890ad075e0e43e
mpelling,09e7aefc9248d080
 sequenc,82ddbb7f6a9917c9
e modeli,7a2a3c0af55f78cf
ng and t,0185ddec6e57cf0d
ransduc ,19b18421f37c02fc
tion mod,b775dc87071c4785
els in v,e995d151374e15cb
arious t,9f25e71860c368bd
asks all,adbf0376e64db4bc
owing mo,35a540130b8c56de
deling o,a7437b3a3c86c7be
f depend,11293b9efb0700fb
encies w,d426f91e15e5bdb7
ithout r,87ce337d75ff3ea6
egard to,9a8c5c86a4d5a7a6
 their d,ef99d422e1c30696
istance ,f66bd2984286c27b
in the i,e34a9f3a9d7e5bed
nput or ,28eca2cad329afcc
output s,65a574d98ef55a0e
equences,a49d015d726d8458
  219 In,f1d95112b3d0b556
 all but,dd4ffe2b24783e76
 a few c,b9f88e01135b1900
ases  27,fdbb0a825d55ad45
 however,0ebe846795925ae7
 such at,3494d8cac357cbbb
tention ,8f99a9cc46f1d94f
mechanis,5b8615d2bf97d03f
ms are u,34dc3296255881c2
sed in c,46c33ce91f8c411c
onjuncti,32aead0362497cb7
on with ,54989a13dc38eb8a
a recurr,46d923a472096315
ent netw,5820cc76caf2d734
ork In t,378e611724e433c3
his work,af1ed62cc21b939c
 we prop,6f4d18e16a10a6ed
ose the ,774eda0af97fd523
Transfor,4e494fa876ba3f60
mer a mo,752d5e9be27e721c
del arch,568c73241c9ee078
itecture,cd631bc2e81c4519
 eschewi,03d545de889d7e0e
ng recur,2d661425c138b140
rence an,8b11ea9a6c7c3938
d instea,7e2fe26a9a49d94b
d relyin,fec1fed31da66ed8
g entire,fb13db2113979b6f
ly on an,6c5b45a998f2c10e
 attenti,8534cc10549a0264
on mecha,e499922bb69fa4ec
nism to ,b844c6c9664002c4
draw glo,d7d3558f9cdb0357
bal depe,7e15d7061f30adcc
ndencies,3ba46092f1429c3f
 between,af41694b777bdf6f
 input a,4411c5edd35bb7f0
nd outpu,30d290191194e8d4
t The Tr,cef04a8b54646976
ansforme,5d26a3abe05e53b5
r allows,dad28acab78f3dda
 for sig,e205c5a0c944dc03
nificant,de94cfd9e1e690dd
ly more ,8a06d038399d8c20
parallel,db912a54c3a64a85
ization ,bdc4b5b6ca51992e
and can ,7db0b965f3fd5aab
reach a ,421cff002009433a
new stat,f4ac80b20bc802ed
e of the,4160758e49b41b9c
 art in ,a5531ea5b8615d45
translat,170d5c1d4bcd393b
ion qual,47e7bda49f3a1896
ity afte,7283f9940cc3565f
r being ,28b9bbc4e8185648
trained ,35ed79984aba76b5
for as l,6e4f4a2a4342b2ee
ittle as,b281e03ee2be28df
 twelve ,89b5294296867430
hours on,6c92d07d55994278
 eight P,62bcf7dd86c7d2bb
100 GPUs,227fff23b12ed64b
 2 Backg,35e0e2e1df318b57
round Th,8206b1ca564f5cfc
e goal o,88d4e09aed77703c
f reduci,221743477d00fd71
ng seque,1addc4bf5cd5caf3
ntial co,bc7e087be160bd3b
mputatio,d2ac33eb3154a162
n also f,2a51712689710368
orms the,50cec30b5ba11a19
 foundat,279aa6bed3b7bf3c
ion of t,804860264c23dcb8
he Exten,d625ade471959599
ded Neur,bcf1022efdcf17a1
al GPU 1,cb65819b90fa5f8f
6 ByteNe,a1d9afa0d680c5d3
t  18 an,0ea62e9adfc0772e
d ConvS2,ead75baacec7a2ef
S  9 all,7e5bf143c76f22eb
 of whic,1ec343182153529d
h use co,ca6f431c7873d506
nvolutio,b1f83e4c47b6eff1
nal neur,dfef650a8445b801
al netwo,a5f24d49abc03329
rks as b,21125c150dfdf964
asic bui,d1a3bb34b751ebe7
lding bl,c972686b525453f2
ock comp,757e54ea676115c7
uting hi,aaacade1ab6bb968
dden rep,5735ee7e09e2cdf4
resentat,552df6b57e3e0c9b
ions in ,8e520f4535ba3fba
parallel,db912a54c3a64a85
 for all,70efdb80a10f9a14
 input a,4411c5edd35bb7f0
nd outpu,30d290191194e8d4
t positi,048d2beb015c3394
ons In t,8270bb971fe87a69
hese mod,4f9bc10019694dfc
els the ,3964237a32c49c90
number o,755085e1235892e4
f operat,89e115d38a00dac3
ions req,918f963bb455c111
uired to,96afef46b91ec02b
 relate ,cdf71b0529de3e87
signals ,3926823d1017bba9
from two,99b06acc7b93c660
 arbitra,17a945d07bccf965
ry input,3537c7031f0df89d
 or outp,388a2d4ed32c38bc
ut posit,955f7ce73a131216
ions gro,458c37b7f9b1d5ba
ws in th,f933601c12f0bf07
e distan,4a47ec381f3f59ec
ce betwe,2d44dba502a22e6b
en posit,eb8def354b05cbd8
ions lin,5f0a1afeec51ab81
early fo,e99b8443e055aacc
r ConvS2,7a8783bc5de5294b
S and lo,366a89be2b80b097
garithmi,0cb082a3e9e85674
cally fo,eff32bd9305b7469
r ByteNe,ae5d238e5a5970ae
t This m,8c590af36e4ee893
akes it ,905c4aedef6d645c
more dif,2c9a9126312ecdaa
ficult t,cf23019f21219ee2
o learn ,325d3ad04adf8bf7
dependen,c9149c794f538288
cies bet,fc6809ef85975ce1
ween dis,255c133efe063e4c
tant pos,8f99f9752ce7a4b6
itions  ,5c776f2988ddce52
12 In th,83f9973c71c70063
e Transf,d0bc54c49b7383c6
ormer th,4d2a05b3969fa84e
is is re,ec12568237ffcae1
duced to,56eb5a36ec40b521
 a const,b9d80a38074a8be4
ant numb,1d09b71e1454fa9e
er of op,cff2c7d871a39316
erations,6fad3ac31f5a7743
 albeit ,9140ac8e703edbe1
at the c,f2fd02e38275e9d1
ost of r,bb0efdd760c7b021
educed e,0bc68002e582c97e
ffective,08d3b7e13fb0e0b7
 resolut,f73f87fd8be6553c
ion due ,53c2a15e30386c58
to avera,bfb54a9b3713c19b
ging att,242b23713f4f6662
entionwe,a10fae5ec0946af7
ighted p,30b20b52766ac130
ositions,85a248fae480401a
 an effe,933fcd3bee640cf1
ct we co,d6a6bfb4daec2073
unteract,faf79de46ef00212
 with Mu,cb493fc1c51bd2fe
ltiHead ,26e2d896e905e2c9
Attentio,8616b627b3966418
n as des,c091a7d3217fb477
cribed i,f83c7ba6c64e0666
n sectio,d0069bc59358915b
n 32 Sel,d3b270fa230b97d6
fattenti,9853a07454a6571d
on somet,ff1baa41f0d801d6
imes cal,fee0cd08230f5a1b
led intr,297de8d30adf1bd7
aattenti,586491e3e6acc196
on is an,d36ccc371ea45ea3
 attenti,8534cc10549a0264
on mecha,e499922bb69fa4ec
nism rel,0088f3fd5a228362
ating di,1f2c65365af73285
fferent ,daba582b9020c197
position,00e437603f99d462
s of a s,c03b4aa497339d69
ingle se,fd17786854adad95
quence i,4c77605d01f1a406
n order ,a581e46880df2d93
to compu,6cb0f57a0c37c4e6
te a rep,9a9e1c66e878a8a5
resentat,552df6b57e3e0c9b
ion of t,804860264c23dcb8
he seque,6ce9502418a4f492
nce Self,7765b75bdfbd0e48
attentio,9fc0e635b6f4da0e
n has be,71f1d03e9d98fa3d
en used ,2645579e45d6dfd7
successf,acdfdd33c4495e6b
ully in ,a1f472e836ac4dad
a variet,1a3c4a416b3e8993
y of tas,158fa5120177b90b
ks inclu,4a58039587b3fdd7
ding rea,fa38e0895699b780
ding com,95c210ed79a0dd63
prehensi,7c57d33de0c229b0
on abstr,ffe9aecb9050acea
active s,d273c3678c1ff641
ummariza,277d08a696d6b8d8
tion tex,b75bc4e8dbbb11c9
tual ent,80424766f7afd6df
ailment ,48c9c57f5cfd786d
and lear,f57b2bbec572fa03
ning tas,4139d2365002d58c
kindepen,cdd602ef4a02007b
dent sen,9ef8583ea529dc55
tence re,c9bf56bf2ed910ed
presenta,f81f065055f1f607
tions 4 ,fec03df53edf86c7
27 28 22,eb6ad94e73c4bcb5
 Endtoen,dc2f78e51895b133
d memory,1d558c70e64dc2c0
 network,b660b36b98efdf3a
s are ba,4bc0967fab9e1eca
sed on a,f272c1e24888178f
 recurre,74a985163e3fe634
nt atten,435f963aafd36908
tion mec,1d789256467cd78a
hanism i,49f61d5a2195ceb8
nstead o,1656377400786254
f sequen,0e282c2458cf1c77
ce align,1106656a73419aab
ed recur,fda8d73d8b4f552e
rence an,8b11ea9a6c7c3938
d have b,1641e0c6e1c46891
een show,9e66ded3baff6b6e
n to per,e1767cc419045bc2
form wel,bc77f21c9c97998b
l on sim,f3ff237cba30e340
plelangu,85f994f34c6b1206
age ques,34c644a8a3a72b87
tion ans,340b2dfcd58418db
wering a,762f1787e5447ca6
nd langu,1fe35d5b68b7e94b
age mode,357eda9cc666dd20
ling tas,b3e1128e105bc33a
ks 34 To,99f1b0b4184c157f
 the bes,cc393ae541b28ef1
t of our,1b73db63beee4a8e
 knowled,ff8585a5d0449694
ge howev,0f7a61875600d2cc
er the T,8ed144df871a375a
ransform,50274440fb1df5d8
er is th,540f42f9ca543ded
e first ,657f269794bf0f9a
transduc,e2b5e9f54f399f75
tion mod,b775dc87071c4785
el relyi,67c1ba9e131bbcae
ng entir,3225a25875e3ffcc
ely on s,026c1416e85e76d6
elfatten,fc554133a73deca1
tion to ,fb19adcd5459a85b
compute ,080c28d7d4821d89
represen,020990c8742dc4ec
tations ,2a6e2248aee04bba
of its i,15df21e53e189b1c
nput and,7250113ef4f860d7
 output ,a32ce7a27c282f91
without ,5038943a64c56a84
using se,c9bdb28f01f3aa35
quence a,fdec0d69a46dfd5a
ligned R,c86869020f6fc56d
NNs or c,257a59d2e9228079
onvoluti,27bcc3fe40677e43
on In th,f77058a8c5075452
e follow,008a93ebb7520418
ing sect,7414efd970bd38bd
ions we ,3407ab68e6e977c5
will des,46ba33db0a2a2387
cribe th,665b4f9dd38f6d8e
e Transf,d0bc54c49b7383c6
ormer mo,b73e5cf2030243e2
tivate s,a0efc955e369b82f
elfatten,fc554133a73deca1
tion and,25b7658593fb54de
 discuss,e4c16a3f36a02de0
 its adv,b02062b8b8969139
antages ,cf6db79ac5c3f704
over mod,942526189c52a804
els such,6fa299ea8d03fc1a
 as 17 1,e7469d190225aa6c
8 and 9 ,b13dd16834da4ca3
3 Model ,9d7abc886badf0fa
Architec,7936c07f1f1db741
ture Mos,b7c502cab97a7bfc
t compet,3710bf9a2f8fa121
itive ne,ce883f63492fc2f4
ural seq,b6025bf437a35899
uence tr,98761a228f90211a
ansducti,7058a8d743c49ca4
on model,e69120d0cfb56bed
s have a,f1962739f7aa2c98
n encode,229de6e20ef7fa7a
rdecoder,a6e33efb5dafcbdc
 structu,4c90618dccb79ee6
re  5235,406881dfd6557c9a
 Here th,b7ffc7886a494938
e encode,95ba2aebf5f5047b
r maps a,2e69d0d8d4a4ac8b
n input ,d0c3a7a0a7a6f642
sequence,3ff9c4b98d70bf62
 of symb,162a094740480dbf
ol repre,e927b1c10ff5adf1
sentatio,d9b6d612ac9b9648
ns x1  x,549556347cb2384a
 nto a s,eed0c0824c16141f
equence ,b5b8d16759ccec53
of conti,0023b842086c1cc9
nuous re,d306797e24f5342a
presenta,f81f065055f1f607
tions z ,3a5f12bba016a010
z1  z n ,497082114d178998
Given z ,3e0e7b4ac702ed36
the deco,e1c95a7023020522
der then,cceb726c5f9964d9
 generat,0d942fbe710283cf
es an ou,bfee32000968ec45
tput seq,c7e8b8f94b5a1d47
uence y1,0298da0df6962ac8
  y mof ,aeac12e6852a5361
symbols ,cc7838fd7384a8b7
one elem,2eb59b60a046ffc4
ent at a,e948b7dee8c84052
 time At,1af40554de9437d0
 each st,b88457477277af77
ep the m,8fac7e16ac00bbe0
odel is ,ef6f5fa3f6f5cb8a
autoregr,701d4d2ecfbc4bc5
essive 1,1eece40e2dcdf1cd
0 consum,2e82769adde06b6c
ing the ,2733589da98f66ca
previous,825ff48295d7d7e9
ly gener,08461585a68298a9
ated sym,a05782c3bcaeabe9
bols as ,9785d89848d8e5f5
addition,88835fb8a9872f3f
al input,9494951043aea43b
 when ge,dcf55d1ecc2135e2
nerating,3fe89313d667b04b
 the nex,d0b2966af557c6cb
t 2Figur,f7d61eecade680f8
e 1 The ,29a9ffc73b16dea5
Transfor,4e494fa876ba3f60
mer  mod,634a6fbfaeed592e
el archi,0329d45a4db32747
tecture ,84691169ac16730b
The Tran,2e0d95bb69325b68
sformer ,d4ccbfdd41c8e1b9
follows ,587984de3fde8b4e
this ove,0f4f24e50813b350
rall arc,ba2a7dbcf9dba445
hitectur,47c38fa8131837b8
e using ,eb1e2d78386de03a
stacked ,e7bdfed122f02b1f
selfatte,15a56215611c29e9
ntion an,842d604816f34ee9
d pointw,5e881374110915f3
ise full,06359b53e1c5acab
y connec,f4d0a32d5dcdc795
ted laye,bddd8d24222280d2
rs for b,7688501d505d131c
oth the ,cef7b1a8753c7e85
encoder ,82fc3744b8b276f2
and deco,876803870c77f31b
der show,0b61d33ce2803205
n in the,b08e263cb3bdd292
 left an,f8c1d47422241bfe
d right ,009272a2fbdc6e99
halves o,b7b3222c91c9346b
f Figure,5540f0b3c94710dd
 1 respe,e539ca44b0a50fc3
ctively ,34dea8de40088319
31 Encod,d474c6c1462a7c1f
er and D,1c8782196eb36dc0
ecoder S,add04623f6004e42
tacks En,a987b4a870214d85
coder Th,56756f7482e018d2
e encode,95ba2aebf5f5047b
r is com,72d1f99ff9bfb3d2
posed of,6c8dd2dcb8c41633
 a stack,76e04796335cae75
 of N 6 ,3e330dfab552c9da
identica,626860482883fc55
l layers,d85bdc45a4ca67d9
 Each la,5d394e91e32a1ea2
yer has ,da0ac55e7c6e5a2a
two subl,f6554d08a1fc1ffc
ayers Th,d6be83da1bd4b0f0
e first ,657f269794bf0f9a
is a mul,9446788bd3315bac
tihead s,7b8c085c3f412175
elfatten,fc554133a73deca1
tion mec,1d789256467cd78a
hanism a,981f1bc91f5ac84b
nd the s,1816d094df20932a
econd is,a49da5a425897baf
 a simpl,24b7a71e40c92baa
e positi,5638a084fa276d4f
on wise ,9fd9cf7dc6a248d0
fully co,ee485d2596043e20
nnected ,f84ed531778f6419
feedforw,50c87246f5584f42
ard netw,e78c1e450c8d026c
ork We e,063e3df727689388
mploy a ,3d42aec0d42b952e
residual,0ab6e7b0e0266eca
 connect,449ebbdaabe0fb57
ion  11 ,b1990d169129a138
around e,ec76a5a1cdb692cb
ach of t,ea2c1178ea00245b
he two s,93d3d6afaa815e21
ublayers,c220645bbb566f52
 followe,63a430c6950010f4
d by lay,2ba7adf868e19c59
er norma,76ddc0fde6386bb6
lization,ea708854343c9ffc
  1 That,96570f02af82ffc2
 is the ,ca00372201b4c13e
output o,6da72e274930c906
f each s,d9a6ead070e734ea
ublayer ,1b4ac5139dc7ade8
is Layer,c1c99d0d1edeeb2c
Norm x S,d2beb515261e430b
ublayer ,1b4ac5139dc7ade8
x where ,f75eab552d80f23b
Sublayer,e5228e3e814de6fe
 xis the,9567f639a53dac10
 functio,fca0bcf62fc146b8
n implem,449a9d862dfd6b1f
ented by,dc4a2d11054d8dad
 the sub,d6ca200d02eb9956
layer it,3722757f8e576eea
self To ,a244ce5cdd009ec9
facilita,5a268321a15c1200
te these,f1ee440cd9bf5eb3
 residua,e5d12b7c0b9344de
l connec,04c63a65f2139890
tions al,4d966d5ce157b6f8
l sublay,9435a83030d2573b
ers in t,5dc37e3eda7eed76
he model,4166f9d9d3620a63
 as well,8b70c804d1699027
 as the ,a846ed45aed92c81
embeddin,295df65f63fd360c
g layers,bc5dd214803a99f3
 produce,c90a764e99086f5a
 outputs,b039c795ed3ebfc2
 of dime,9e5c969804bceb5f
nsion dm,ebaceb71f9ced4f0
odel  51,3c1202eb3d16c5c8
2  Decod,b67b77cb086227fc
er The d,3da048703c92a0c1
ecoder i,fa266b889aa30f10
s also c,f0c37e87b871e77c
omposed ,79274466c81012f0
of a sta,ceb2bb2f1728ad1f
ck of N ,8fcc0ed31a11d8da
6identic,2056d411f3201459
al layer,16a42dfe204f3382
s In add,1a02e658f3988906
ition to,d416a2552c08449a
 the two,c2d9eba0bcdc9c81
 sublaye,a62c460b29214966
rs in ea,316ae2c83c8669dd
ch encod,d59f2dad0456644b
er layer,6f17a4576a109e0b
 the dec,a82c7571bffd3a2b
oder ins,5a6443b2b7fc28a8
erts a t,9c2c79a3c1be982b
hird sub,1d9ccc4e0bf529d7
layer wh,6dd50a254eb0d270
ich perf,33ccff0fdda58db8
orms mul,521ea6b9acb946da
tihead a,3a5e4fcb4050ceeb
ttention,0ed0448a97f21839
 over th,8bd1e46a122b5e0c
e output,775f7fe06a7afb99
 of the ,36e8cde42e89aed4
encoder ,82fc3744b8b276f2
stack Si,58a07dcbe88290e3
milar to,0d2d8cae02f33461
 the enc,e0b9447d9ac1548a
oder we ,fba4fefe8d582d85
employ r,cd62d3b5473b7486
esidual ,9cfd8108e6a6176d
connecti,18bdd316cab5d201
ons arou,a4cba86e46f78bf3
nd each ,91474242dcdf7a5c
of the s,623e5cf1b90d1232
ublayers,c220645bbb566f52
 followe,63a430c6950010f4
d by lay,2ba7adf868e19c59
er norma,76ddc0fde6386bb6
lization,ea708854343c9ffc
 We also,c5687f0d498b4bec
 modify ,49ad9990ff8b7650
the self,97edeb991abd0446
attentio,9fc0e635b6f4da0e
n sublay,4793c6669ed700e9
er in th,bcea13aa0702671c
e decode,d2d37a7708a66753
r stack ,f90ad052680dec63
to preve,f06ec234c0f83413
nt posit,5b4adfec047322e2
ions fro,81c09cf29bfb0dfa
m attend,b00302673f0ebe5f
ing to s,c5564f7a362e23a5
ubsequen,842858a521615589
t positi,048d2beb015c3394
ons This,360d87e91aef55dd
 masking,08acc23464537231
 combine,d2938aab5adf5580
d with f,c749321d3c083d82
act that,78c2ede2be3e119c
 the out,f6cdebe53bb894d3
put embe,1fb790e34a923eb1
ddings a,a2127b59d407c5a6
re offse,02d57715b8bdf351
t by one,399953d6380fc601
 positio,602491c588726298
n ensure,502f6910e0758915
s that t,c1e34c37be3ec402
he predi,70b1f88ef6d7fe1a
ctions f,4f58ece537ce1eb8
or posit,9567350c9ea8ca44
ion ican,5ebae086186aa95b
 depend ,cb36fcc4d62d27b8
only on ,9a2ec9d3bff44054
the know,b7afd27e6c7bd41e
n output,42da541e5df00400
s at pos,72d12a4838108933
itions l,17f72499e62649b7
ess than,ba515c7f38563c8d
 i 32 At,8218f8cbaadae6d7
tention ,8f99a9cc46f1d94f
An atten,3475770f5b51dcee
tion fun,1d28a074a400d33e
ction ca,c63d4a246c13219c
n be des,6fffb6d7c92be784
cribed a,bdb12fefb41b9685
s mappin,937ef98c75a14b9f
g a quer,e73e6bd23903ee83
y and a ,fa95f3b4af4fa9e9
set of k,ba5d4f74a38d3b29
eyvalue ,cf9618a525c97006
pairs to,cadf0ebfe10c3f59
 an outp,bafc8dc26034e77d
ut where,d166dd2109283f33
 the que,9e43696e1c97ea48
ry keys ,f9feda178f4ee2de
values a,5858c9e839ea8d2b
nd outpu,30d290191194e8d4
t are al,5036ce54a5d9243f
l vector,3aa66a9426fd7994
s The ou,5dd9f0e147c2e10d
tput is ,215d1504ae183248
computed,90a0d844a5b24293
 as a we,703b0784425b58b4
ighted s,e2385fa88a0ae012
um 3Scal,5d592d2e5cc1df92
ed DotPr,f26c57aec97edebb
oduct At,9de08acd6196d714
tention ,8f99a9cc46f1d94f
 MultiHe,d6da4aa370412dcf
ad Atten,92ebc65422852436
tion Fig,d261fff9a9115510
ure 2 le,2c15a2c12f6536e7
ft Scale,8fa117b80fab42c9
d DotPro,af178529615be83c
duct Att,20257f0f2923f50c
ention r,0dc7836dad0d0157
ight Mul,44043bd647a5bbab
tiHead A,1d9d4634ade476c9
ttention,0ed0448a97f21839
 consist,6dfb01e184adaf95
s of sev,de4f4a9e369b10f8
eral att,1ca8560f1442e512
ention l,1df239fc6a91434c
ayers ru,4d703786601bec09
nning in,b24998aac6121405
 paralle,57ac687d344dd66a
l of the,3b3e228ff4d6b518
 values ,b7b6b7bedd21b6d9
where th,6fce31ba37f08d57
e weight,54950079f907abc9
 assigne,ac1480be98af5a4a
d to eac,a01f15fc0e1dc3a6
h value ,a4555836bc30760c
is compu,3199a4ed9ccd831e
ted by a,1e7804c641f1fb67
 compati,c7c76eff7ff977cf
bility f,9a44e71e4ec73acf
unction ,45f8f94a55e1c454
of the q,fdae82a34a013097
uery wit,12b2be25d1fca4fc
h the co,2b951f9c137ee5ee
rrespond,605dcbde79f84a4b
ing key ,090224dab5002f50
321 Scal,93b6e1f8d65fdcb0
ed DotPr,f26c57aec97edebb
oduct At,9de08acd6196d714
tention ,8f99a9cc46f1d94f
We call ,741ac8eedf4627a7
our part,bf74bfca774528dc
icular a,c5d054e0842c492b
ttention,0ed0448a97f21839
 Scaled ,aebf34b1888fd7fd
DotProdu,87ef1e47548b421f
ct Atten,8cb6e56e3b87af53
tion Fig,d261fff9a9115510
ure 2 Th,21c4bf0b33d398ab
e input ,938c65c0e454e2a8
consists,f67c1cf4c33cf2db
 of quer,c74bf1b72d200070
ies and ,a9d0562a8770581d
keys of ,9efe8c59f74c078d
dimensio,7b68eeb5d880d7a6
n dk and,8804e1554834c85a
 values ,b7b6b7bedd21b6d9
of dimen,7c37a31ebcd0114d
sion dv ,8d94f731207a3998
We compu,0eff51d1fff0a5e4
te the d,21ab51de55866682
ot produ,1538029f9f5422b3
cts of t,bd23ce2a692d78e5
he query,74f580e780e363a9
 with al,67a6c6f3ede14758
l keys d,c55ccc7e26ae0e16
ivide ea,014d7815dd62b945
ch bydk ,fc621165c2cb4737
and appl,d2cf86547d21dce3
y a soft,ed77304f6abc4f52
max func,0380be67204ce11e
tion to ,fb19adcd5459a85b
obtain t,9f9159e36c997016
he weigh,84a24f52ca17ea4d
ts on th,6e0cc66c04043bcb
e values,84ac7a3bafa2c4a1
 In prac,4593cdfd3eb01063
tice we ,0166460de9f7206d
compute ,080c28d7d4821d89
the atte,2e836b1fc22da512
ntion fu,21e095d36284ce03
nction o,22bdbbf51ecdc3b8
n a set ,f09d626b59dcf01c
of queri,190777deae3f95c9
es simul,d87a3dcc7a31394d
taneousl,89dbc12e9df7ce98
y packed,702b5a635bcf2685
 togethe,71eb7801323c0dc3
r into a,a0bc1e04913c3f69
 matrix ,b32601a24d34e2fb
Q The ke,8b2483e8083af7f2
ys and v,1bdd4557395044d0
alues ar,bbf2e8781bb39f31
e also p,649750c36474980a
acked to,18155dd1cd3502f3
gether i,a03068c35d115bd7
nto matr,41166dabb1b7ccfc
ices Kan,ab71038864646ca2
dV We co,fee5de3d31e24edd
mpute th,d885c9abce79d9ce
e matrix,881b9e767e49094e
 of outp,d20f06da1aac41b3
uts as A,f500ae6b6337f895
ttention,0ed0448a97f21839
 Q K V  ,b8856e2be9d785a5
 softmax,b3998ea4542272f0
QKT dkV ,1c51504085303adf
1 The tw,a9a1384df6206236
o most c,b7037e305385e9f3
ommonly ,328803e003b98b03
used att,f68a9cf79810ee27
ention f,30300db81d6bd6c2
unctions,531394f3c22aaddb
 are add,0691702365d525b7
itive at,a27afd1eff817924
tention ,8f99a9cc46f1d94f
 2 and d,daf019c02e36c7a1
otproduc,f89d99384e927f41
t multi ,8f4d93672489a3cb
plicativ,952542e7d1af32ae
e attent,6b1a17a29215f258
ion Dotp,e1c5172aac0c4389
roduct a,a0dcf1285da36f6e
ttention,0ed0448a97f21839
 is iden,032dcdc35a94e2d0
tical to,6e16fefd3d471d58
 our alg,3e944ce86c3acbd4
orithm e,c485b680ed420a69
xcept fo,122037efbb25d984
r the sc,6df27124a993e8d7
aling fa,cf6d5c2afea5608c
ctor of1,664c92cbe9522de9
dk Addit,f6d1743913983f6f
ive atte,635884356dc4c75a
ntion co,d04f55008b4c91ac
mputes t,88c20d65acc6caa1
he compa,a55aa10598569239
tibility,989ab7df04121106
 functio,fca0bcf62fc146b8
n using ,02c136aa03241a4a
a feedfo,431f1dcfcee24492
rward ne,662ffc40e770f706
twork wi,3bf75335afd3487c
th a sin,bd1f86d052ec5274
gle hidd,ba9b5cf750c40ae7
en layer,581a243503297727
 While t,baa0a659512a61f7
he two a,d9e84c7ac5a78783
re simil,fefadf5a9a5219bd
ar in th,f0b94f1b286ddae3
eoretica,9f82e33318f33516
l comple,3e3a8c2d4919d9cf
xity dot,5072f091c426309a
product ,e18eb985ee782abb
attentio,9fc0e635b6f4da0e
n is muc,c3f5eecff94f1768
h faster,7e05df4252a77486
 and mor,a1091168eb9e8434
e spacee,b0ca227edab73ccd
fficient,9d78d171e641cb42
 in prac,ba8f165101e3f5cb
tice sin,b7aad8b7b2ab11c2
ce it ca,8a1894422772c3c5
n be imp,cc14a578105a7b9d
lemented,fda5801ccb195d1b
 using h,c1587fb105213787
ighly op,38cc323e4d298d17
timized ,88182665917daaf6
matrix m,23432fe90fc97217
ultiplic,10b61c8dccc19337
ation co,84f8867d0b81a562
de While,f3d74946b6750627
 for sma,eb0e88bbe53ce09c
ll value,f93d2ce3c5e2c30e
s of dkt,fe885001751da845
he two m,66319d19e2556a0f
echanism,82b6ace8be19ef81
s perfor,a117cac3388e1f2f
m simila,065f2e1db762bf55
rly addi,1bc0d39e42b52c2e
tive att,43c078b0af38ffd4
ention o,db2c07d72e3c0594
utperfor,67417b4fd0da4428
ms dot p,13aac3e6f7af4f0d
roduct a,a0dcf1285da36f6e
ttention,0ed0448a97f21839
 without,bf3310fb9b4d44fe
 scaling,f233d4144f75160d
 for lar,2bc4a69b57915f74
ger valu,5de1308e965bc9df
es of dk,9d9d86052d8ed9bf
3 We sus,5aec3f7e7fffaacf
pect tha,3852b2084b4be1c2
t for la,bb940714219384ef
rge valu,2295a34e85f3fe65
es of dk,9d9d86052d8ed9bf
 the dot,f2c7a6fc3bb17bcf
 product,76c0c64103ce55ce
s grow l,1a927d314cbdecf4
arge in ,9e285d2521a4fc7a
magnitud,1bef6ecca27fe6fa
e pushin,7b70b071eddb33dc
g the so,76a422d120ad0707
ftmax fu,a3a842f87cae4768
nction i,18bb951c397101a2
nto regi,f5f37cba1ee81e67
ons wher,b0344ef6290bfc80
e it has,892fd547b23a650b
 extreme,0cda7bcbe422a330
ly small,0cadbd8e4a937293
 gradien,7339bd06a9bce569
ts4 To c,412553a9137b44fa
ounterac,b8da810cc54e3b5f
t this e,84cf0c135d905ab3
ffect we,94beee13951bcb75
 scale t,2070a361097f04ed
he dot p,a2968768ff90e72e
roducts ,95beab710a26bc1d
by1dk 32,c3eecba4b230fa19
2 MultiH,3f4defa508cae71c
ead Atte,944d44d4ae91f5e6
ntion In,e6a6dca802cf3f26
stead of,02e429d33214d99d
 perform,440d97ecdb2ba8c1
ing a si,f93c78b36ffefcf5
ngle att,183411ba0de1e9ae
ention f,30300db81d6bd6c2
unction ,45f8f94a55e1c454
with dmo,02f5f8319b9fe49e
deldimen,70fe42142ef2d3be
sional k,8b3878257f01bc16
eys valu,a7aff16fd5a45544
es and q,bdbb4e2f0ec358dc
ueries w,05cdfc7a6e3c6a1d
e found ,cb7589d8e6f5e4b2
it benef,35606fdb37bb5b36
icial to,18412053a8ab4607
 linearl,934ca2e4872d6afd
y projec,4182eaccda19b57c
t the qu,8fcd888acab3b4bc
eries ke,4cac8f65502698e7
ys and v,1bdd4557395044d0
alues ht,0237e7ddfd7d8d5e
imes wit,571a4f8ef84d5161
h differ,1bc766005c2ed448
ent lear,5fe7b6b425b13d9b
ned line,f52e7ec87b16413c
ar proje,1365fe4588ae3ce9
ctions t,720c3d80318a00c1
o dkdkan,8ea6f9343c5a1a76
ddvdimen,224ec59c225d23b9
sions re,d70de0a6a97eb6b6
spective,5eb6b42903c070c1
ly On ea,74b3cc364b4d31e4
ch of th,392bd2928be48151
ese proj,a693bc436b6773fc
ected ve,97672e11a51dc148
rsions o,e180338f28308fce
f querie,b4b5f0e94826b750
s keys a,c195ab6111545aa9
nd value,87e303f0da9a0ab3
s we the,ccb5cf67e50eca25
n perfor,16bf45db0c03bfe1
m the at,0569d25bda80c72c
tention ,8f99a9cc46f1d94f
function,36c0b6a9c26a230d
 in para,4008c9d3e5b48c3b
llel yie,296d577a3128f39b
lding dv,02e6457792a062a6
dimensio,7b68eeb5d880d7a6
nal 4To ,279ad8ba49dcbe7f
illustra,d0ac7bf76441f37c
te why t,4b33e030e2078f91
he dot p,a2968768ff90e72e
roducts ,95beab710a26bc1d
get larg,c6daef86e7c69d20
e assume,bb2d1dcdda7df1ee
 that th,6526a426653cac3b
e compon,7d259c02df713849
ents of ,f7bcce6aab9c0a18
qandkare,f851e7d7e33695f7
 indepen,6e5c03f5b70228f6
dent ran,ec600078c01ddd13
dom vari,efcb8ab6099c3354
ables wi,58ccd5a62e16eefe
th mean ,4e749ef46900fd1c
0and var,38f0f8d787871c7b
iance 1 ,6a14816d0105d201
Then the,ffba0a2b97b2edb5
ir dot p,29845aea7ba59540
roduct q,3fce1a10ae64daa2
kPdk i1q,26518a7ff4349235
iki has ,c406fe1981de801a
mean 0an,a6fcfe531cc904b8
d varian,1cf9ca40f57d48c2
ce dk 4o,d0cc4abc1bdba17a
utput va,8cf560904cbe55b6
lues The,5560fc3d2aa07b79
se are c,9e88dcbe23d6cb4e
oncatena,f274ef954e95544c
ted and ,ef3f8213c327c809
once aga,e51b60d3ddce19d2
in proje,978dfd6779457fbc
cted res,afbde37c6271f4ae
ulting i,e396f5d50edfe01f
n the fi,f7f40b717c1afafc
nal valu,729d7bb714e4b716
es as de,3428a885d38c6545
picted i,ef626d4453194d4e
n Figure,b887c3fc399c4c3f
 2 Multi,c6b26692d0573b56
head att,922dc1a9d60d51e3
ention a,ac547246d26e95b4
llows th,65dd543862dd3e58
e model ,e81d35299faff9d6
to joint,5a0ed1096fea4951
ly atten,d77a4797b25a1e27
d to inf,0faa35c85380273e
ormation,7c85ca48a6b75cdd
 from di,3c45978636bb436b
fferent ,daba582b9020c197
represen,020990c8742dc4ec
tation s,120d9f302fcdce51
ubspaces,00ee2fa2ca12d54d
 at diff,80b4c699bf231fb0
erent po,38c398c862475215
sitions ,ba83d3594119e5c1
With a s,9bfc42ebd82f311b
ingle at,07eccddbe09b7b0c
tention ,8f99a9cc46f1d94f
head ave,2c071419b40e8024
raging i,2be3d4d8b3e7c242
nhibits ,d9c4ea9db5b0d669
this Mul,40aa8f2580e1dd6e
tiHead Q,a823633bb6388477
 K V   C,6be34a8f500800c7
oncathea,00bd2e862e3f9d41
d 1 head,955286dd2d852e0a
 hWO whe,efe0a7661eb10d24
re head ,b1797e41ef080e37
i Attent,e7f4c0ea495abc3b
ion QWQ ,4882312686c8133d
i KWK i ,a0bdf8305ecfed4d
V WV i W,3f188dea2e722e2f
here the,452df4c1b565ea3f
 project,4f51ae296d2d8dc7
ions are,a476af75a8694278
 paramet,82103b274522bb93
er matri,7316e3099cf53a98
ces WQ i,526abd282e4100e8
Rdmodeld,875bcb06c3237c12
kWK iRdm,8f74438da19e472b
odeldkWV,0d02852b1829a29e
 iRdmode,c2edfc4a6c86d74a
ldv andW,5acabe0f9e180175
ORhdvdmo,8224bae6def3a1a3
del In t,1b7a169b15a00692
his work,af1ed62cc21b939c
 we empl,e464ac8ba3885af0
oy h 8 p,519367df004fd6cb
arallel ,52dcaaf3feb01878
attentio,9fc0e635b6f4da0e
n layers,eb0a36f39902be53
 or head,589656a16e4c6c3a
s For ea,9dc62dd6b5a1d813
ch of th,392bd2928be48151
ese we u,05757ae3200dde56
se dkdvd,bdd9e42d21826a0f
modelh 6,54f1ced691d47e05
4  Due t,337ed7020255d25b
o the re,9369d7b7c8701488
duced di,f02ddb57b45b9f5a
mension ,ef01896228beda8e
of each ,4c19cd8b6e6eac20
head the,8d9278bdf8c79ef6
 total c,9de599c575eaf756
omputati,6912aa1e91ac7ebf
onal cos,a4b8150e79693941
t is sim,7fad398841035f01
ilar to ,7775d4d30a2f5d41
that of ,e06f7df82c40a46c
singlehe,d7ae78195dde6745
ad atten,c54850b0c2f67904
tion wit,796c7af11eb02926
h full d,45d2c594f9d28eba
imension,1cdb6892095ec58c
ality 32,798a8b2e7a871325
3 Applic,a7ca9643c8cda93a
ations o,57a8e92ca78593fb
f Attent,70eaa5e781c73b1d
ion in o,b45fa19071e0ae16
ur Model,fed4015bdfc720b7
 The Tra,e3dc647980baa674
nsformer,507d5d1c4d5c0f7e
 uses mu,8d3516bc75b03688
ltihead ,01d43ba46e70c843
attentio,9fc0e635b6f4da0e
n in thr,79a01cab17ff87dc
ee diffe,371a0bd1503195a3
rent way,a08d7cf13287a5f9
s In enc,160f9d25a592fd8c
oderdeco,815b5f88f277f7c5
der atte,876feb957e328640
ntion la,5dbae0a82e1b7d75
yers the,db3166429cf88d98
 queries,e206b3112d3e4fd4
 come fr,18ec0951eea05026
om the p,4be5d8da50467e0d
revious ,58c5dd43f944ba58
decoder ,e2b5523988c96aa1
layer an,1eae1179cd3376f9
d the me,b31fce4bf1344615
mory key,108931477eb29537
s and va,346bfc1738174d56
lues com,bf316515f458183f
e from t,03b3b4ae374fa6bf
he outpu,8f585fb902085551
t of the,17dd0eae9ee2b0a7
 encoder,ba2ba9a09f89c4e2
 This al,77d93fed65cbd4cd
lows eve,baf26e6822107ed4
ry posit,bbde0ca59754f067
ion in t,52f7c1709b42bb0c
he decod,dbf35af24b4aa708
er to at,456447ed99d50a5e
tend ove,c72fb7a1ba0cf1b7
r all po,29157863acab145f
sitions ,ba83d3594119e5c1
in the i,e34a9f3a9d7e5bed
nput seq,dd8972d3c04f0d23
uence Th,865d2825907998ab
is mimic,6a7a1fa43d1d9e1a
s the ty,529326020a05cfe8
pical en,f3c296ae839cf385
coderdec,ea291492658a4a40
oder att,f1f05f9ac0cfbf75
ention m,3703ed0b172a9499
echanism,82b6ace8be19ef81
s in seq,e612b6987cace6a8
uencetos,167524ed9868ecbc
equence ,b5b8d16759ccec53
models s,8c94b3271b1cde6d
uch as 3,e9c054e4995f20d9
8 2 9 Th,b3e4a848af0b88b8
e encode,95ba2aebf5f5047b
r contai,af004ecad9606582
ns selfa,2102a16144340381
ttention,0ed0448a97f21839
 layers ,d39ca77606fff3cb
In a sel,475c6c07352c9313
fattenti,9853a07454a6571d
on layer,a64bd10561be8099
 all of ,0fc17d0ec3b81b41
the keys,7966bd10bb1f464b
 values ,b7b6b7bedd21b6d9
and quer,45074de464967363
ies come,d3029bdd5c94f516
 from th,7a79a9dda409746a
e same p,a2c3ca1b89100abb
lace in ,e087ba7cb3b8b1fb
this cas,687a06e5d7e2b89c
e the ou,622a1d1f57879271
tput of ,ce51e9c0f5172228
the prev,96fa3c822654ebf9
ious lay,c0991bde4a4945fe
er in th,bcea13aa0702671c
e encode,95ba2aebf5f5047b
r Each p,632699853ed6a6d6
osition ,4bc2ec386bd08fbb
in the e,f9fb96162f93082e
ncoder c,2fa87755a140baf4
an atten,ac18cae805d798ae
d to all,118c452e67b3adb6
 positio,602491c588726298
ns in th,0707c3c0b94e2e0c
e previo,6746200c57f85774
us layer,f671393c812ed4f7
 of the ,36e8cde42e89aed4
encoder ,82fc3744b8b276f2
Similarl,f56342e094701d85
y selfat,f9974b22f02ef648
tention ,8f99a9cc46f1d94f
layers i,52a43557111616ca
n the de,8be88aac8c614205
coder al,1ad2add265ecc185
low each,71d889322f8f2db4
 positio,602491c588726298
n in the,b08e263cb3bdd292
 decoder,66aed807b26ed88c
 to atte,e8f2c1caecee7ffb
nd to al,36b145b6701a018e
l positi,cdbc0af09e7dd661
ons in t,691f341fcddf9c61
he decod,dbf35af24b4aa708
er up to,43411592a2dc165d
 and inc,9a68ef589dc802e5
luding t,a7d7411be75d5f98
hat posi,fcb7f3d50ca178e4
tion We ,62b2eae508dea047
need to ,055756e0c400b675
prevent ,e162c88c05a6043b
leftward,62bfbb0af7c93384
 informa,c81707e3becb5db3
tion flo,6e3710619bbefcb0
w in the,088a6a36820c46cc
 decoder,66aed807b26ed88c
 to pres,7accdbc7539d5698
erve the,60c4e0f4f9f9315e
 autoreg,1f63618383f706c8
ressive ,b94d5f9cd2bcdb6c
property,eb76490d53a8405f
 We impl,826b11fa4fa98dd4
ement th,47586ef968c3b323
is insid,09b4d8660aa6faee
e of sca,3667959821dfa05f
led dotp,702d91b7fb819a4e
roduct a,a0dcf1285da36f6e
ttention,0ed0448a97f21839
 by mask,fc2fedecc03bfa7c
ing out ,32195e0c95121cf5
setting ,eaf613d44f573315
to  all ,da8200b6eb5c4aec
values i,157725e88beafefb
n the in,2d7a65706cb5fd8f
put of t,4077ff69c2b2acbc
he softm,e81da2728bb1a4b9
ax which,0352cf9d56678e84
 corresp,8db7fd1d3f484387
ond to i,93f92c47c82c8213
llegal c,6cb0f026bff3b89b
onnectio,6e765ca78264bad7
ns See F,582b7a28397c37f5
igure 2 ,075d9f8e2ca507a3
33 Posit,05625923c09f75b5
ionwise ,2b3df98f8eeca28e
FeedForw,905f812ee03d2d53
ard Netw,aca588696343d40b
orks In ,e1d688b388d74302
addition,88835fb8a9872f3f
 to atte,e8f2c1caecee7ffb
ntion su,9c57298cdea2a75b
blayers ,9d59aeac91c63709
each of ,de39fe89760d916e
the laye,9e38a6d7aef427c1
rs in ou,49df36c85d5673ef
r encode,83903ad1cb6b25d3
r and de,43b93773ae8d3dfd
coder co,99351772f7f14cb1
ntains a,1ab06253c8c34524
 fully c,d528ddafd36b2d14
onnected,a6250eb3daf21e8b
 feedfor,136f35f01e9641db
ward net,df36cc749089b734
work whi,6a5327c752219905
ch is ap,7903522e4946421d
plied to,8735430b2f57df9c
 each po,80b84e43d59e2630
sition s,0706d5f4288aaab5
eparatel,249a6f3e112e9d6a
y and id,4134f006e962d11f
enticall,39531321ac7b50a8
y This c,dbf215de7c3f8eab
onsists ,c0aaf37490220f25
of two l,b8fe17e2620cafce
inear tr,a313f704a62c4d15
ansforma,46728eaaa2246373
tions wi,ad865019ffc08349
th a ReL,04b1ded1b313a186
U activa,53f00c885801f696
tion in ,e76a78e20f79da06
between ,4e468dfd2de03fc9
FFN x  m,edf4085175525311
ax0  xW ,55efe9843370180f
1b1W2b2 ,db511abe0c6cfce3
2 While ,bf20ea1ec974988d
the line,01128cb15d787d79
ar trans,8eb2da552d794590
formatio,713e61901527e5e3
ns are t,883702e8a80c43d6
he same ,4fc03f09684237ad
across d,7a4d7ac04eca65cf
ifferent,5f477d7ac646488c
 positio,602491c588726298
ns they ,90c65dd5ae083bb8
use diff,9653a3c9197d7faa
erent pa,b9ea8b11a30fa218
rameters,2790e730a4619e39
 from la,cacf20b94ba7a8da
yer to l,44f06e3d1ea4d483
ayer Ano,516e267bd6f345b3
ther way,a6851abbe7657414
 of desc,c12e7eeb1caf9811
ribing t,648259f6b4cb3f5a
his is a,51c6ce9a90f6e4a5
s two co,ff255b322b717bf2
nvolutio,b1f83e4c47b6eff1
ns with ,b3f5c6511a3efa68
kernel s,e4ef9b477f0026a9
ize 1 Th,e96b88b1d00e78f6
e dimens,1e807b35568719b3
ionality,9b394168b9415c33
 of inpu,1df70a1f8bf50ea3
t and ou,832b92545880bf6a
tput is ,215d1504ae183248
dmodel  ,c1328abc3571843e
512  and,2081dbeff99f2ad3
 the inn,b74585fe7cff85b7
erlayer ,e2b6bf4d6fe6d541
has dime,5e651eefc3f08b4c
nsionali,cfcab9b902718a97
ty dff 2,1275010c84cba869
048  34 ,6fcd2b308ee39209
Embeddin,f7df85093363639b
gs and S,6b08e07ac072640f
oftmax S,861378fcc8ea4332
imilarly,803e6a03249cf5b9
 to othe,9f3f6418acd3e79a
r sequen,8f656d83994a552c
ce trans,f7454e9c77b0fbfc
duction ,cc319b5b3d90f5ee
models w,f27b3056b54ac0ac
e use le,d70c9ea4efd7743f
arned em,29556bd0ca576803
beddings,243676de3c7c0cab
 to conv,85eafe39f0829460
ert the ,16b8faf83ed82151
input to,253b557a02a885b0
kens and,3962ceacaf9821aa
 output ,a32ce7a27c282f91
tokens t,ad085db937e2d151
o vector,ca2c5a3d5d686bec
s of dim,edbebc000ae55245
ension d,1d6096d79d1e328b
model We,657c3120ddd2758f
 also us,95ee64928eff8f3b
e the us,fe07fa208402c789
ual lear,f1cc85d397e3b042
ned line,f52e7ec87b16413c
ar trans,8eb2da552d794590
for mati,08b76d1dece43cdc
on and s,0f9aef220e61f9e6
oftmax f,463029f0006829f3
unction ,45f8f94a55e1c454
to conve,1ed78bc7e2cffe71
rt the d,aa6f1a6664085b3d
ecoder o,c96efc5d9e0adad9
utput to,32d88e6d3fab2596
 predict,42546fdf6771d0be
ed nextt,ec525acb944a3d2a
oken pro,62d245499a2b35c6
babiliti,7908f190669ad6cf
es In ou,f01a7392ae02c4ea
r model ,95df2a261a207e73
we share,7638ba1ea135a427
 the sam,92ad88926c93180a
e weight,54950079f907abc9
 matrix ,b32601a24d34e2fb
between ,4e468dfd2de03fc9
the two ,d30d82e9c3df7c4d
embeddin,295df65f63fd360c
g layers,bc5dd214803a99f3
 and the,2f71ceb3ef24d955
 presoft,60310b901db40f1f
max line,04839b36b256f8fd
ar trans,8eb2da552d794590
formatio,713e61901527e5e3
n simila,de77e8363e2c6c38
r to  30,11b3353e1b23e2df
 In the ,afc288525b01dec5
embeddin,295df65f63fd360c
g layers,bc5dd214803a99f3
 we mult,8e60c1f4b99cf001
iply tho,d3dd4fb6d0466435
se weigh,c707bde967a68b85
ts bydmo,1d144bb57d7c5764
del 5Tab,93a3d3e1145d40bb
le 1 Max,89eb30dc914038ef
imum pat,c33a0627b6a44dc1
h length,e861854085686ad2
s perlay,06198cdd552a12f2
er compl,6aa5ae9fc1ac0ca6
exity an,9418483286a5a746
d minimu,3672d16e987d2b52
m number,88e7ade2bfecf140
 of sequ,c6c6a05fad55dce9
ential o,863c15f333fb3e0e
peration,68f013d4b5dd960b
s for di,750ed781c12aa1ce
fferent ,daba582b9020c197
layer ty,a17d0fcb241f6be4
pes nis ,59fb95eb7e974d6f
the sequ,72b3339d03bd0a83
ence len,b3df4410ca34bfbe
gth dis ,8187736dab316eaf
the repr,050ab356af2b9275
esentati,eae1aa5f2deb19b8
on dimen,32f8334464c9b3a6
sion kis,d32c9e05dc9b6d54
 the ker,c407abb2c0424437
nel size,fa2e328257a92bea
 of conv,51156e6b58052d60
olutions,e4db782e021c6515
 and rth,7bc63358cbba49ec
e size o,590a24d10cd807f7
f the ne,dd5d048dc0451098
ighborho,b0287657b35c84ac
od in re,351b2d2ee735a739
stricted,5319804cd205e415
 selfatt,6c7b5896539d07d1
ention L,038a9f2344d421dd
ayer Typ,c3c9520eee702393
e Comple,4673e3f4062e4cd0
xity per,2075f868474d7319
 Layer S,689f38294223a138
equentia,6c98a9d3a9c005ce
l Maximu,db029420d87d6e93
m Path L,10281d3d3b0bd573
ength Op,0a9935730bc036cf
erations,6fad3ac31f5a7743
 SelfAtt,d76e07282fb354e3
ention O,48bd244a78d40b2a
n2d O1 O,0604660e8fa1d2dc
1 Recurr,129cdb781cb5f283
ent Ond2,4355b9ad1f3c1b74
 On On C,e865552ac6e13eaa
onvoluti,27bcc3fe40677e43
onal Okn,8aa183c5c96c69b7
d2 O1 Ol,286e039fb9f5bc13
ogkn Sel,fce2e481f4581098
fAttenti,82eebc368f0ae949
on restr,2b543b27460a1f9a
icted Or,405187c4b451787c
nd O1 On,b25a5be7a289bc00
r 35 Pos,b11a92f799c3daba
itional ,64e519c1f4b108a2
Encoding,a3e188dc598a530f
 Since o,8f77ac14e1ff133c
ur model,55df915e15929b36
 contain,193553b52fb4bf1c
s no rec,8213fda3c41888be
urrence ,74893156323f47d5
and no c,f06264590a758a10
onvoluti,27bcc3fe40677e43
on in or,06fb383ea3c7b61c
der for ,5e6382de2f74d87e
the mode,c7601c0a7ef03ab1
l to mak,cc88b04fed8704d2
e use of,e1b06f5b621bd79c
 the ord,05784e574610e375
er of th,7b0b32b0c9bbd293
e sequen,bd4c03f1106720a3
ce we mu,853017650a6341ad
st injec,86ff2ffd29d8bc2f
t some i,11e4f563c9e109dc
nformati,e02b09b2e8f0c3fe
on about,7a41b2c9b55f1ff7
 the rel,1d5d17b321ab0243
ative or,6301ba346514d307
 absolut,82a0bdd3591f5614
e positi,5638a084fa276d4f
on of th,3612c81d138f640c
e tokens,f8751453677a1fbc
 in the ,4a7874e74a37373a
sequence,3ff9c4b98d70bf62
 To this,adf3336585bd0f53
 end we ,14c7dea5e36c6179
add posi,34ff10de75104f1f
tional e,2d0873dcc3374c08
ncodings,7c602bd7d72bddf3
 to the ,79cc42b6d047924e
input em,9becaf1566f0e28d
beddings,243676de3c7c0cab
 at the ,a10bf08b08a7b61e
bottoms ,d4cb7ea13d3b45b5
of the e,4d82b5902148fef5
ncoder a,976a2922bc6c73f3
nd decod,2f6c23c04dda2431
er stack,e0dd8de197657891
s The po,839b8068b89df250
sitional,debd7d0b43c69e8d
 encodin,5fe176ed82985574
gs have ,51e6dab87ea94509
the same,e9e18a846b0b1c09
 dimensi,46baaff309fe9b09
on dmode,b4c3ba5e5e853397
l as the,7bb0d8071062439d
 embeddi,71f9b1e6e4f9c7c8
ngs so t,6e5b890b56c59789
hat the ,900e586f3d2410bd
two can ,d874a717c486ecfd
be summe,990ce09b84216c9c
d There ,708a9ba5241116ff
are many,17d36ebd8a20e404
 choices,4930a899f7d31dae
 of posi,d5e293fa1e86eeb0
tional e,2d0873dcc3374c08
ncodings,7c602bd7d72bddf3
 learned,03e1f7f5e90041fc
 and fix,789a11a719d2d45d
ed 9 In ,d1aafaaf86da8b54
this wor,4919944ff610d2b3
k we use,96a79c595b363854
 sine an,31fb0efad88e9b50
d cosine,592f32f9e0f8e5cb
 functio,fca0bcf62fc146b8
ns of di,dcb8455e65acfef9
fferent ,daba582b9020c197
frequenc,f6fa7241f4a434ff
ies PEpo,31a5241d660db3d2
s2isinpo,47ebc5cc12e4ec36
s100002i,18e59e0311d6f51d
d model ,3a4e0c0b1388f37e
PEpos2i1,e88a9b84723e64de
cospos10,c59e6f4e5fb13020
0002id m,169dc1c5a9e32cd7
odel whe,9f23d3ca9d5e1aac
re posis,123fb5271810bb40
 the pos,11a4143b33a700f8
ition an,cc1f5f4a5a4fe472
d iis th,408468265825e73e
e dimens,1e807b35568719b3
ion That,9b5e01b8edd89d9f
 is each,8a86944fddb7acf0
 dimensi,46baaff309fe9b09
on of th,3612c81d138f640c
e positi,5638a084fa276d4f
onal enc,1656041e20a6eb12
oding co,70d8363047bbe8bd
rrespond,605dcbde79f84a4b
s to a s,4b2e4e254fe8604a
inusoid ,e40c0fe7a405685b
The wave,db0643ee49e4ba28
lengths ,c4a2b1a7ea86aa2f
form a g,74cf36c66f188b62
eometric,4a32cadcadace2df
 progres,cf9baf011ad8ef77
sion fro,dc10bc3739fbf6c0
m 2to100,a44dbf4dec86c321
00 2 We ,b7fa27bc128c543f
chose th,9458485e5cf21b88
is funct,660942935723fb5a
ion beca,aa048ae6c7c8c13a
use we h,4d335cd7476282d0
ypothesi,9ef41ebc2d4d549b
zed it w,7f4700513ea929f8
ould all,65eb276ea0420c9a
ow the m,39e39e0267bc2d56
odel to ,332b770edffc2fac
easily l,811be84e66a41f57
earn to ,50d6a1de3011171a
attend b,e9b32e7c1d7bfd77
y relati,ab8e70e8bfeb145d
ve posit,2936d952fdd02a06
ions sin,5297eb8edfadcebe
ce for a,50bf487052b19544
ny fixed,e4978b54d9ac021f
 offset ,be8dd816bbd96ef8
kPEposkc,c9b4bdfaf5707f24
an be re,6e9494da9b7f92e8
presente,2b6ee8e269d6b55e
d as a l,f845271f9658b16d
inear fu,6168571f7164d09d
nction o,22bdbbf51ecdc3b8
f PEpos ,ea47885553986629
We also ,822614dfdc6d8f15
experime,08f993459135a6f2
nted wit,458545b847ed3eeb
h using ,87255a16f160c9c2
learned ,10cdfa303b6bf8c3
position,00e437603f99d462
al embed,7f78f8dc9a273bbb
dings  9,b72c383f727b36a1
 instead,057cb6947233ca33
 and fou,65a7774530e3905b
nd that ,7ec41079b8fb48c0
the two ,d30d82e9c3df7c4d
versions,f9ca256b54474b49
 produce,c90a764e99086f5a
d nearly,9737d59688a6772c
 identic,f3b36d6d586714fc
al resul,d7513edc88e21811
ts see T,808cdd1e62de0df6
able 3 r,3ac905050cc80110
ow E We ,a5fa2b0abd9fef88
chose th,9458485e5cf21b88
e sinuso,c556cec8a45cac23
idal ver,7e3cfa55265817cd
sion bec,13c985132128c372
ause it ,b1e5a4777d641610
may allo,26f035c144efdb50
w the mo,4469115851deb266
del to e,f825e9f95951f285
xtrapola,215a90daf393cf9f
te to se,bea888bf38474764
quence l,bb3180942ac2fc93
engths l,ee1b9d233f039e53
onger th,54c85adc62f5bbdb
an the o,e485b12b0a84809b
nes enco,baaeee41bcba8b74
untered ,90376031a86673b0
during t,10dc4bbb900fecaa
raining ,82fdd719c1c07f55
4 Why Se,3bff5ce4df1f8295
lfAttent,fac61330bad9c90e
ion In t,8a0889219897427e
his sect,c7d31b3ce0a873b6
ion we c,38c6ea463ad7093e
ompare v,c97de11c1e65568b
arious a,1bf2983aa44ca11f
spects o,4028cddbcc79e815
f selfat,b4fff6af61853800
tention ,8f99a9cc46f1d94f
layers t,6e16f7b217f109ad
o the re,9369d7b7c8701488
current ,a186c927f69bbd38
and conv,629fd4b406db47fc
olu tion,db4a53abc7171c0f
al layer,16a42dfe204f3382
s common,5afe86e764eeb3cc
ly used ,f0228fbedc0ca611
for mapp,194cf6f2705aebfb
ing one ,cf9fff0a90ae8fcd
variable,1a45d4e0695aeb2f
length s,306f22df4e096714
equence ,b5b8d16759ccec53
of symbo,9ca1167a9cefa184
l repres,4d1adcaa988b9021
entation,92e2455970856946
s x1  x ,289f2475e92c83c9
nto anot,a81dced9e05553fd
her sequ,4dd9b973168efe1c
ence of ,dac8cdd708c45279
equal le,2dd39f2950b8a548
ngth z1 ,815f132997018021
 z n wit,6ff5f975eb2336d3
h xi ziR,6455c7912f09e565
d such a,fc4da58e5b3e21b2
s a hidd,476395ac873e9756
en layer,581a243503297727
 in a ty,85176f8d9276c320
pical se,23dda71096fcff09
quence t,c2aca82730ab9728
ransduct,d152e6bc7e3ceda0
ion enco,aa65b788a0976810
der or d,2dcdd442694ba4ab
ecoder M,2320aeae40202895
otivatin,7edf115c459efc4b
g our us,910bcaf032bd3303
e of sel,019b72d6699ac933
fattenti,9853a07454a6571d
on we co,1e86aeec738ba9e0
nsider t,a5745f7f55ee1f9a
hree des,f52c9c50e328a88b
iderata ,d0044cf44fb705b3
One is t,dc23d4b8372ccbfa
he total,ae330818c57990c7
 computa,1784216b9997dcda
tional c,23b517651c05ee6f
omplexit,8713d00b69321a2b
y per la,d53795ef18236f0f
yer Anot,8a0c087912114d59
her is t,2edc02b79d2d1048
he amoun,71ead4843c0f8c3e
t of com,bf3a3064d84a39bd
putation,a0ac0e2b52f4297f
 that ca,f292f5d48a59ea16
n be par,82a56a7894aaa969
allelize,1ecb96d1b928efd9
d as mea,1e995a20cdd948de
sured by,eaff9455240ea453
 the min,c8a572076122a1ff
imum num,af5e7b02f6d1070e
ber of s,95392be84a9b22c0
equentia,6c98a9d3a9c005ce
l operat,28a5dd144b9dc34b
ions req,918f963bb455c111
uired Th,4b59e5d66c9f0062
e third ,bb569f007afa0893
is the p,26d8032fe7d2aece
ath leng,c711b7cd4eb7a7c3
th betwe,3a6fe9b9cda906d1
en longr,c8dd1648e1a51491
ange dep,495f056e4379fc16
endencie,d40f70b62e3e59dd
s in the,6d41ff0bdd14e23d
 network,b660b36b98efdf3a
 Learnin,3d66c2e73e9a674d
g longra,f482216eede0e341
nge depe,e3e13a48cc0d8866
ndencies,3ba46092f1429c3f
 is a ke,6862bc5d9a6d2b94
y challe,ef2440968932f011
nge in m,86b3dd0ab4aabf26
any sequ,ce2e74cb503c2933
ence tra,fcd3ed506d012113
nsductio,1b76c393edc993e1
n tasks ,3e47764636c4cecf
One key ,37875cdec3841c75
factor a,1bfe0cbc0aebdcb1
ffecting,7161155c02493d90
 the abi,0d99a4b12de2934b
lity to ,fddc4bcce6f496db
learn su,38352264c5a0998a
ch depen,d4834933f3eaffa8
dencies ,cc1cecaa975e4971
is the l,20bee5eda63df758
ength of,d83b2ba18bd4b1f7
 the pat,e3b390cbe432e360
hs forwa,d3729a2fcb9e50a5
rd and b,152da37ed21984f8
ackward ,64d4ef7e1d68a53d
signals ,3926823d1017bba9
have to ,33f34bc2be207982
traverse,5ed76f05eb95fa60
 in the ,4a7874e74a37373a
network ,6a0cff7196b262e4
The shor,94be7e1985198da2
ter thes,d37d08c01d1699d8
e paths ,1ce6565ab2bd9859
between ,4e468dfd2de03fc9
any comb,b328f305d26040d4
ination ,2fe4bb7cdd42ceba
of posit,4ab105e41f5d90e7
ions in ,8e520f4535ba3fba
the inpu,6a9577dd238bc326
t and ou,832b92545880bf6a
tput seq,c7e8b8f94b5a1d47
uences t,5bdc83d2110fd2ab
he easie,29f1cfb18ceaa68d
r it is ,fdefb61aa17f8377
to learn,56df58de535549b2
 longran,af178f10f6e96f1f
ge depen,fe0f84347e1c6a76
dencies ,cc1cecaa975e4971
 12 Henc,674baef1a9957f00
e we als,95947d617ed149f2
o compar,9aa8d6e4359106d3
e the ma,e97b9306baacaf94
ximum pa,46d34da1b496af95
th lengt,fb6130f90a0ae291
h betwee,2fb9c48cf69701db
n any tw,d380aad8d14f4ccc
o input ,d876d8868b2f2f5a
and outp,bff8206cf03f55ee
ut posit,955f7ce73a131216
ions in ,8e520f4535ba3fba
networks,6e733e9e506b33d1
 compose,a17d49771272eedc
d of the,1205f255057b781d
 differe,b705e7a453a6de2a
nt layer,ce7ffed6793e687c
 types A,18ee43e61ae214e5
s noted ,09d50ad8ff261253
in Table,a4e2512eb88ffaa7
 1 a sel,0c171f873302186b
fattenti,9853a07454a6571d
on layer,a64bd10561be8099
 connect,449ebbdaabe0fb57
s all po,8b55808b12c2d85a
sitions ,ba83d3594119e5c1
with a c,473e03ef1519f8f9
onstant ,64534c25ddd3b371
number o,755085e1235892e4
f sequen,0e282c2458cf1c77
tially e,dec251a58df8e2cd
xecuted ,40f048c17ef0229b
operatio,f0e033b0e4bc539c
ns where,7a3cf2155861b87b
as a rec,5faecab3e7da31ee
urrent l,8b47a68ea1a3e0a6
ayer req,083327eaba13276e
uires On,5e25bcbc9701e561
sequenti,db681eedf6478b7d
al opera,d482e4b4e07611a6
tions In,0005f8f7c7450531
 terms o,23ab1bb8b42ccbd5
f comput,6ecc78544e06ce42
ational ,737532b03b1bfd5b
complexi,89c5a829d26265cd
ty selfa,7c778f584fd59750
ttention,0ed0448a97f21839
 layers ,d39ca77606fff3cb
are fast,76e59345a806f4df
er than ,dfc23e559ea67969
recurren,14b09039f516f36b
t layers,5f148f4b055a1506
 when th,59645983ba4535a6
e sequen,bd4c03f1106720a3
ce 6leng,49cf602ed8dcbbb3
th nis s,a27710c2da78169a
maller t,1cfafd3d3c954b7a
han the ,6cd289eb4c8c28c9
represen,020990c8742dc4ec
tation d,883dcf4fffc2a29f
imension,1cdb6892095ec58c
ality d ,7961a54d81781851
which is,e53025f20f1e4791
 most of,9f9a5ac8d4ea15f2
ten the ,5618b06843db1c2b
case wit,5c225d4e2230aa3f
h senten,9cec4bb7e507d78a
ce repre,cd4d4d75cb3b61cf
sentatio,d9b6d612ac9b9648
ns used ,fe4dc126e18e4175
by state,9bbf0347a16cd371
oftheart,e765ead5b9013df5
 models ,f2e3d2ae321e6445
in machi,0cdd73059d231573
ne trans,9d6c0369af0e283f
lations ,9adf3a6ff637a6de
such as ,f954523b48cc7e8b
wordpiec,905059e65eb7a209
e 38 and,06a0d1730a16fc27
 bytepai,f1a6dff9a689475e
r  31 re,48b409d5be23eaa4
presenta,f81f065055f1f607
tions To,927ffa763b6da524
 improve,ed28029b2f5c7aa0
 computa,1784216b9997dcda
tional p,7849e072e31cfb7e
erforman,21edd4e08cfd3c83
ce for t,002974455680f3b7
asks inv,07b26cfd51038198
olving v,4a237f18340f1f83
ery long,18d00066879a1d1d
 sequenc,82ddbb7f6a9917c9
es selfa,95b9cc022d01b8ab
ttention,0ed0448a97f21839
 could b,4fe59bcb352daf2a
e restri,00e6e23966138525
cted to ,5601f0963cfd21de
consider,efac602f9b921db6
ing only,7509482222c5f036
 a neigh,921a599bbdb71407
borhood ,0d1384b8158a32b8
of size ,30c813d8468b0d5b
rin the ,a4b6360c700a0d0c
input se,c96515a2a8789b0d
quence c,288bcf3dd70944c5
entered ,11165a8612f5441f
around t,b7ef919ead162ac6
he respe,f06646855e98eee8
ctive ou,0cc0168a3b1b7ca4
tput pos,84ab55f58b05aa64
ition Th,9a344415041e18b5
is would,c73d84d1e0c1076a
 increas,67b3bace8cca5928
e the ma,e97b9306baacaf94
ximum pa,46d34da1b496af95
th lengt,fb6130f90a0ae291
h to Onr,ef128d8f67c413b0
 We plan,00f23eacbb6966b9
 to inve,759f42178723602d
stigate ,3a8f6bf6368f0435
this app,a8a93f54ab9dfd19
roach fu,98166eb8f441639a
rther in,f5a4dcab619c7a27
 future ,4dbd7c3c4f2818a3
work A s,2d353469c9bcaa48
ingle co,6084e07cf0decc5a
nvolutio,b1f83e4c47b6eff1
nal laye,677d698e7fcefc2f
r with k,570ed1a9adb6cf08
ernel wi,a488d901d3a12075
dth k  n,eb134d26a19f918f
 does no,1d9e094c50714c16
t connec,5df7d9d52ca2d5c6
t all pa,d111052a77983f44
irs of i,2793e75f0b04cb72
nput and,7250113ef4f860d7
 output ,a32ce7a27c282f91
position,00e437603f99d462
s Doing ,bf2b3a6bab7337fc
so requi,215636f3d2fcf7aa
res a st,613745f4f4212382
ack of O,398da8e7fdfa220a
nkconvol,3df79f019cc0cf27
utional ,7766dd20f30a8a81
layers i,52a43557111616ca
n the ca,13293c80f5ceff84
se of co,c6fd8bf399586616
ntiguous,fc58dc2a26d6ac95
 kernels,b84e7e36bab74bc6
 orOlogk,404953b635d035ed
nin the ,1475f0c41d52b2cb
case of ,e895427362d719be
dilated ,851e7644620f7809
convolut,8dd6934c2f10a3e1
ions  18,ae483b3672508ac2
 increas,67b3bace8cca5928
ing the ,2733589da98f66ca
length o,e3831112b745283c
f the lo,55ed0f3313d4623d
ngest pa,9873dde15107fc6c
ths betw,f86aae0b50d3c143
een any ,2139126a30c4b0d5
two posi,5219c8946dc84176
tions in,364d62607d2f0930
 the net,19e5921c1dc812d0
work Con,1ac90d8373215683
volution,da567c4df216e9fe
al layer,16a42dfe204f3382
s are ge,cf09c4f5ee8fa53c
nerally ,17b1fb3b59e88116
more exp,c88b37f60c222e38
ensive t,a1d652b415938894
han recu,702642ca706c29d8
rrent la,793e6ea46308550f
yers by ,515a33f4d387a719
a factor,4bb60f2ada80bbcc
 of k Se,f09a643bab5d4d16
parable ,d3e0c359301a64dd
convolut,8dd6934c2f10a3e1
ions  6 ,ab63bd635dfc2ff1
however ,111615ea1ffb022f
decrease,8421878be4f9841f
 the com,b826ee6eb903f3c7
plexity ,ccdf4b298fd1d7c2
consider,efac602f9b921db6
ably to ,a64db6e089662233
Okndnd2 ,41ceb5f945888545
Even wit,59f35e7d526d59bc
h kn how,bf321ffc35ec3dfe
ever the,ae6e6fa4a747ad9c
 complex,77cb261f11c7fe6f
ity of a,118baac5ddfc0087
 separab,1a8d8114f7f58022
le convo,7f22db0036e8dab4
lution i,d62e337c7b7f65fc
s equal ,d53bb25d3688f44a
to the c,f78566adc6823a42
ombinati,74ea17a15372336c
on of a ,da54e7b5ee902545
selfatte,15a56215611c29e9
ntion la,5dbae0a82e1b7d75
yer and ,0d32ec87dd7a8c2b
a pointw,c8e826a3b713600c
ise feed,f29035c30b07edef
forward ,3bd28fe8da9981ef
layer th,783d8aec73eccee5
e approa,97e8eb73cd51ac05
ch we ta,9a1417985fc9edbc
ke in ou,ec470dee78fbf5dd
r model ,95df2a261a207e73
As side ,097f2cbef6a79f34
benefit ,f20ae135678ae416
selfatte,15a56215611c29e9
ntion co,d04f55008b4c91ac
uld yiel,4b9328ff853d2764
d more i,df0c63b222b04167
nterpret,4c5ab3a4181d055b
able mod,e1bb0a8e3a011b24
els We i,b79d39c65f42ee3b
nspect a,b3829e09e71213aa
ttention,0ed0448a97f21839
 distrib,194e2c9fcf7dd4d9
utions f,b44802c312c9658e
rom our ,4f978613f84a32cf
models a,7d9e9254af22f2e1
nd prese,ffc7cea197b4fcaa
nt and d,dd09e9366217cdfa
iscuss e,a9a2c0b4de6dd381
xamples ,7c7de864138f4c8e
in the a,d2189d919e6ccccc
ppendix ,cb6f304f05dd2e60
Not only,1680de919d244e25
 do indi,717d90042ba03b9f
vidual a,ca4a6896302ffceb
ttention,0ed0448a97f21839
 heads c,b7b25b5cfd5e6a3a
learly l,5ddd22257ae52958
earn to ,50d6a1de3011171a
perform ,4a6775511b3aa2a9
differen,f59f03a8df3c044f
t tasks ,c4a7a10641a62ce6
many app,7e9d2f90e38d684e
ear to e,b33e96170f76a51d
xhibit b,9b99612fd108b574
ehavior ,187aed92ce8f34e9
related ,4a7a685b53c624a4
to the s,4e1bcb27818b89eb
yntactic,3f88fed1c80d0e43
 and sem,aff03cf19f92dded
antic st,ce58aea3651a0bc1
ructure ,907073c0e37a4d0c
of the s,623e5cf1b90d1232
entences,e3f306480a1b1e85
 5 Train,0d1cf452377573c2
ing This,57207e1677590a29
 section,c5251d20cf85d6c9
 describ,ae0dd2aa9ed2f9ed
es the t,3eb4872c9ff53105
raining ,82fdd719c1c07f55
regime f,fa671fe2a3090871
or our m,31eb51d95fd4fd7f
odels 51,39f9d90799478f85
 Trainin,6cc9a95cf83186ff
g Data a,698237c86cd83cc0
nd Batch,9b40306b898aa830
ing We t,456a92071a9e62fa
rained o,a7399d77876bcc54
n the st,f9935575c48e08ec
andard W,997120ae60399bce
MT 2014 ,996e5ab965aae55e
EnglishG,d6e17ee4902a23c8
erman da,967f8ade3268972d
taset co,42d5efd4d52c7561
nsisting,f5dae4359dcb12ff
 of abou,26fb94e2fd9616cb
t 45 mil,315df3446752fd94
lion sen,3d32e7bda5473a83
tence pa,f527ce43decb7b60
irs Sent,6fa54c7c2319f0a0
ences we,0c8bab70a51cc0e8
re encod,727aee682cdada58
ed using,f84780042e48a920
 bytepai,f1a6dff9a689475e
r encodi,13d55da3447ee7e2
ng  3 wh,cee53ea3a18df328
ich has ,2ed5f1f6a2e20646
a shared,f78c253fd2701cb5
 source ,f1c057b9325152a5
target v,dad17d1a4793897b
ocabular,2290531a6b119292
y of abo,3ba248fc2a5eaa04
ut 37000,3e4a5dff80669623
 tokens ,e96121912f875f3e
For Engl,731d10035938b258
ishFrenc,f00916b7f807ac05
h we use,65bd814fb4fd56ae
d the si,5777c3dae0076f00
gnifican,9a0d2365e04948c0
tly larg,69d62ea6c79b0b7f
er WMT 2,09c88373264e4ca0
014 Engl,6b5a8d2059f7d68d
ishFrenc,f00916b7f807ac05
h datase,8ebf365314b908f5
t consis,e6a57853630cf421
ting of ,866826c41fd54c26
36M sent,77147699ea9c5ff3
ences an,6935141693abbc0d
d split ,bcb64e1daa09eae1
tokens i,f3ef8a5ff40f0caf
nto a 32,805692e2424c7f32
000 word,c58ee04eaf010bc8
piece vo,5811085cbbe260f2
cabulary,16d7d4ab3dd30dd0
  38 Sen,8523b1a7f622a38e
tence pa,f527ce43decb7b60
irs were,b722ca23fd58882f
 batched,bfa33b2c491ef75b
 togethe,71eb7801323c0dc3
r by app,e0414c021480a569
roximate,abe7d56af078d7d8
 sequenc,82ddbb7f6a9917c9
e length,0c3f3574e3c2cee4
 Each tr,eaa56496ed1e3919
aining b,53b389222260c65c
atch con,853374a352eca079
tained a,173ebf9972796a5b
 set of ,750accb635425ffd
sentence,43ab41f0bd9a755a
 pairs c,ec830dafbe3c307b
ontainin,cd940fc3ea7f6ed3
g approx,604754a506d7d20e
imately ,cd33b24e6dde2cb2
25000 so,95a1ea7a7c211316
urce tok,2c60065710033427
ens and ,4aae5ccc8c838a71
25000 ta,d1cc47a033032471
rget tok,dab77e78f829ab8a
ens 52 H,7a79265f2bd82427
ardware ,732d0cd3c92f5b77
and Sche,4bfa39dbc8c09f85
dule We ,6765ca607dcb90e7
trained ,35ed79984aba76b5
our mode,631077b9dc76260d
ls on on,4d881fb90621667b
e machin,b0db58cd196c7ab1
e with 8,c36384af322f81e6
 NVIDIA ,bd6efa0ee1b3e0ae
P100 GPU,f42537be857250f0
s For ou,50c2d719f321e788
r base m,54693bd8a15c4d25
odels us,fe12cb5bf0c31195
ing the ,2733589da98f66ca
hyperpar,0317231be77e89cc
ameters ,5130c30d8d75c4ea
describe,808af4a50f6d5751
d throug,823bb3e4f2633ffa
hout the,52b801013ec79e67
 paper e,5dd9741ccf3e1b44
ach trai,fe343c463c3f11ae
ning ste,eefa4549d1b15892
p took a,d9b29bc6ad363244
bout 04 ,b61117a1980d0755
seconds ,20bd1399100052ae
We train,8aebade754275941
ed the b,356398dffad73012
ase mode,fd983de184462f9d
ls for a,c482406fcd6ccc8a
 total o,239a0b01a1d198f9
f 100000,088cda8c4396ffb9
 steps o,0db09e4838aff2c3
r 12 hou,d28fd072339f8581
rs For o,7f0ff8f51f031629
ur big m,03c114f4d279e457
odelsdes,9cf6a8477808f628
cribed o,a79157711af19f32
n the bo,b7bb10d12775df89
ttom lin,b00a6bbfcba90a26
e of tab,cbfe4b9fd46acfeb
le 3 ste,bf288a16438d3887
p time w,5573225dbe381454
as 10 se,a303fa0e82521df5
conds Th,b677622f5cebe8c0
e big mo,f819815d4bab8fc5
dels wer,557d6212b6fca16a
e traine,cbd37ccff672e611
d for 30,f400893813bd94d6
0000 ste,f0ed2cd0e62ba37f
ps 35 da,70b9c48f8005d102
ys 53 Op,e8a25e98f959a071
timizer ,2bf6a67cc87b41c9
We used ,55fdba5e880412d6
the Adam,e8f267bd7a4bb038
 optimiz,0de984d9cb89df08
er  20 w,e096368d683e4ec3
ith 1 09,b056f2fc46ea09b2
2 098and,b6394fc1af5e553c
 109 We ,6f8ec3b4abfec177
varied t,3b063938711d277b
he learn,814a3c43efba5e9f
ing rate,94fe0992e10a8c25
 over th,8bd1e46a122b5e0c
e course,8532b089ffd927ec
 of trai,d141c1c765d39deb
ning acc,470727c21ab4b48c
ording t,cdeff3d76dd272a9
o the fo,f07c1ce61e92fcd6
rmula lr,d2f735142bc3d216
ate d05 ,45259cb38d5b7304
modelmin,325df6d2111d9315
stepnum0,33fe4933a3ffa46c
5 step n,596514de40232127
umwarmup,104eb53cc4dd5935
 steps15,b55b6f6e5d1f0217
 3 This ,b939f6a69996040f
correspo,85c59c6d505a0f2e
nds to i,a5b90bcb556586d4
ncreasin,e42bda6c326cca9e
g the le,eece6076aa57f6f1
arning r,8167679d2829596c
ate line,3cdbbc280b3da6b8
arly for,4345543795253413
 the fir,d65380030996a0eb
st warmu,604eada0f7014a88
p steps ,c8233b2cbab8eab9
training,48dd96bba70fc9f3
 steps a,d7976a52c8bf140e
nd decre,8b6b6f19c8b720a9
asing it,e98e0975e32d1c98
 thereaf,e461dcd7edecc7fb
ter prop,a72e0be8e00603e8
ortional,94825e6acfda484f
ly to th,0ad1ead101d7af8a
e invers,6ffe70e0c3c6af31
e square,9cf9d1d80b74b5b1
 root of,e15dd30eca4acc41
 the ste,0e72379050a0f61a
p number,554398e5f42d67e8
 We used,f645f9591a7df2e6
 warmup ,ce0d3637fd7f0afe
steps  4,6f923308ae29bb2a
000  54 ,c935c451357850c6
Regulari,447f2e3803894192
zation W,6f2dd7759b5b1dae
e employ,4da96590c8355e13
 three t,084a990dec83baca
ypes of ,a409959615674e8a
regulari,cdb70774d1d71c6f
zation d,7ecbec7d2214fa9d
uring tr,dac05ab50d05fe95
aining 7,24711b2575b9c44d
Table 2 ,f7c9ae13369e5e63
The Tran,2e0d95bb69325b68
sformer ,d4ccbfdd41c8e1b9
achieves,57f21afa1f3f3d76
 better ,17e2bf2b57813c72
BLEU sco,d8354631376cd5c1
res than,841225011c0f6459
 previou,fa52dfd0eac1f645
s stateo,96b0f00827a94c9d
ftheart ,4a8a338fe89ecb7a
models o,b7f64008858d1282
n the En,75b51e52b3070da7
glishtoG,ede037417d495b16
erman an,c18cfa566d76afed
d Englis,d301f22b261a79ed
htoFrenc,066b2502f22c28c8
h newste,9e5ff60e11a90593
st2014 t,e9b45befa32b4aba
ests at ,4d67219722339a50
a fracti,4a34b6917b0a136b
on of th,3612c81d138f640c
e traini,504a026e615e4328
ng cost ,c6c6d5f40ea27a2d
ModelBLE,cc2fc596fc4b6abe
U Traini,1dcd116d7f78ed74
ng Cost ,5addfa63e1185535
FLOPs EN,639100891405a904
DE ENFR ,f9ed4d5a69456330
ENDE ENF,abc8defcaeca4711
R ByteNe,04784495ce165c3f
t 18 237,1244ac520c06c061
5 DeepAt,09a754e6dfb333cd
t  PosUn,395c8d2ac989605f
k 39 392,70304e5fbfff57b3
 101020 ,de0f0b38129fe916
GNMT  RL,dda2fe57e0775f7a
 38 246 ,446207cbaa347c68
3992 231,316980b8b288e136
01914102,6df4c5cf4a941a67
0 ConvS2,e17115bc9f8bf682
S 9 2516,13e727f5995f9694
 4046 96,133938c90dddbe43
10181510,8ea58e891811f0b0
20 MoE 3,96f54e29481bcd00
2 2603 4,bd105b5613cdd656
056 2010,15831b27adc5bd68
19121020,443914105b0e79eb
 DeepAtt,2e1b1503f571afc0
  PosUnk,3c5750a50a222173
 Ensembl,44bffb8889d84364
e 39 404,c04212ed67e8436e
 801020 ,fe5e384fdecf8c06
GNMT  RL,dda2fe57e0775f7a
 Ensembl,44bffb8889d84364
e 38 263,bcb5b61bb55bafd1
0 4116 1,c841a9fded098978
81020111,9e15b34b3604dfed
021 Conv,43752e501d6f8380
S2S Ense,9aaf742e33608617
mble 9 2,eade78d5537985eb
636 4129,80370f181eae7eb4
 7710191,1e941d4742f2c561
21021 Tr,074b27cfe8edca69
ansforme,5d26a3abe05e53b5
r base m,54693bd8a15c4d25
odel 273,34ea2986587167aa
 381 331,4c56985e1c03b11b
018 Tran,b7d736488a8497ef
sformer ,d4ccbfdd41c8e1b9
big 284 ,142622015e292adf
418 2310,4f9fe7f8f7924b44
19 Resid,4e53d246fc161b67
ual Drop,9aa94b8f3959622f
out We a,7f3ee776f79d51a4
pply dro,fea5d930d1a8cdc5
pout  33,b7ecac1cc2fb962b
 to the ,79cc42b6d047924e
output o,6da72e274930c906
f each s,d9a6ead070e734ea
ublayer ,1b4ac5139dc7ade8
before i,1de8eb9666677bb0
t is add,f757663629a6c64f
ed to th,d62948a86af61709
e sublay,c7940621211c96c5
er input,c49165216d743fb5
 and nor,cad6e0b1baa3646a
malized ,297dd72dd3e5b41d
In addit,ffb30c6d5a8cf481
ion we a,58d005c58b3aa6bc
pply dro,fea5d930d1a8cdc5
pout to ,c39a5e744e88e2df
the sums,6b14ce93e01e2bd1
 of the ,36e8cde42e89aed4
embeddin,295df65f63fd360c
gs and t,3017d7020924338d
he posit,88242111068d7a59
ional en,17a94ebf7066d1a9
codings ,d3862bb8311995b0
in both ,540551a51266f35e
the enco,6f7df5562ccb986f
der and ,edf1d1c3ec196f00
decoder ,e2b5523988c96aa1
stacks F,b622cdcb1293faa2
or the b,9426d4e6ace800f6
ase mode,fd983de184462f9d
l we use,bca43d6c0e8154d0
 a rate ,90ef78e275ef2d72
of Pdrop,1746ad57e1cd8db2
 01 Labe,3676e8f2e8baa6de
l Smooth,2069ca8f79154938
ing Duri,5869272bf76e58ee
ng train,91059abf16d60f7a
ing we e,2eb1bbfe88be8194
mployed ,f988a99d3322fa60
label sm,d17b17a7610da3be
oothing ,0ac3ded2f6e23c89
of value,8ec4090b3633df36
 ls 0136,b20b37aa313077e8
 This hu,1b8a964b79900e39
rts perp,152b536d9df735b3
lexity a,08c4705aa2fd1ce2
s the mo,e86611548f1b5d85
del lear,6e5dbeabe72e1aec
ns to be,0c56f988adb17be8
 more un,1aaf6eab1d36e304
sure but,d233b49ad49f5c73
 improve,ed28029b2f5c7aa0
s accura,defbaaf320aa9b6a
cy and B,157562e9ef3f9ae9
LEU scor,035ea3a92b5c5827
e 6 Resu,2a7e5560d372b67d
lts 61 M,91e080277b3325b8
achine T,7b84f4b558a527dc
ranslati,8197311e62647d7c
on On th,f605dcf42165b938
e WMT 20,27757388727fd68c
14 Engli,ae2d99007650cc01
shtoGerm,5fbee758b6b2b252
an trans,75b50528af142cf2
lation t,8a0b6b8874961727
ask the ,cbd8371c6647ffed
big tran,0f9f1cbf26adf2fe
sformer ,d4ccbfdd41c8e1b9
model Tr,288a430ca058e439
ansforme,5d26a3abe05e53b5
r big in,cde908c97d087292
 Table 2,1df6de45eba44c36
 outperf,5a4675ed64eb22e0
orms the,50cec30b5ba11a19
 best pr,9d40c236cf0144c3
eviously,9b08417167362f9a
 reporte,e39d16fbf189e582
d models,7bdf051032a30873
 includi,e630b235867785ae
ng ensem,fc5e10c6dd3e64cc
bles by ,563c1c731fb56f2b
more tha,f6950167fbca3f70
n 20 BLE,32e73c4d6599b8b3
U establ,dda0c38c823d3007
ishing a,3aa6bbd9eeeca4f5
 new sta,defc85aa424b9dc2
teofthea,99a18378b09127ac
rt BLEU ,0a41acacdb6a1eca
score of,444900ff739e73f3
 284 The,b5e9cd4c5e797e16
 configu,6f86c0b928b158cc
ration o,1a5a097a0cadab94
f this m,8a591892e4f0b0cb
odel is ,ef6f5fa3f6f5cb8a
listed i,a24185311a939c3f
n the bo,b7bb10d12775df89
ttom lin,b00a6bbfcba90a26
e of Tab,59c171dba5135459
le 3 Tra,5e6c92c7b6a9abc7
ining to,35638ca9a97a9b82
ok 35day,a83d05d67eae24e1
s on 8P1,d2d432e52e95cf7b
00 GPUs ,e63cebd4a0188aaf
Even our,58f430fe2bd5e040
 base mo,1ad452ff52233dac
del surp,789f5c2338213ff8
asses al,c9cc03fd0f63ef8a
l previo,15969acb8bfae241
usly pub,59808736d4f98127
lished m,b7441f37c92bbeaf
odels an,34b9dbd2373733eb
d ensemb,5c1a1ecb2e8e9d45
les at a,d37eaf66696ac862
 fractio,ca0d320f537e8373
n of the,1a0156c385568e3a
 trainin,069b0ed2f8a1b6bc
g cost o,48d363f3d1044247
f any of,5b97f69d69507f1b
 the com,b826ee6eb903f3c7
petitive,37aefb5bdd7348f5
 models ,f2e3d2ae321e6445
On the W,b1af07c0ea466eb7
MT 2014 ,996e5ab965aae55e
Englisht,f6690ac62382bd14
oFrench ,7daf346829c75510
translat,170d5c1d4bcd393b
ion task,36ac81e08254b4db
 our big,72afee18f3ec136c
 model a,98cf685e96273e8d
chieves ,952f5073a9e75148
a BLEU s,6cc5341a0bc97ef5
core of ,b06ea08dc3cd7be8
410 outp,364271eb81c45fb3
erformin,0a0ed155c7096d5c
g all of,6fb23583ca534ea5
 the pre,60b51a162e56fe98
viously ,720884d738ade7b0
publishe,02d156c7008cd51b
d single,4e07ba1cc72f5139
 models ,f2e3d2ae321e6445
at less ,73356637968b02f5
than 14t,49407a1c2b7b62a7
he train,726a71f5ecd02149
ing cost,0b99d4ed59a12c01
 of the ,36e8cde42e89aed4
previous,825ff48295d7d7e9
 stateof,a763a7f7dce1be44
theart m,b19bfe2960abb941
odel The,f38077c6be88db88
 Transfo,b00c1ae4d89dffb5
rmer big,2043722df2456aa2
 model t,224946959de8ae30
rained f,c5269955676272e7
or Engli,022c515cd7fdb0a2
shtoFren,cc8fdec92673419a
ch used ,8d019f620b62cc28
dropout ,691b81a26df49bc0
rate Pdr,c4a480d0df34cb81
op 01 in,ae7795b09372c14d
stead of,02e429d33214d99d
 03 For ,7d8f11b82573f5bc
the base,f0ce887a5e575b47
 models ,f2e3d2ae321e6445
we used ,f74531b0899c1e85
a single,79c49a095d3f7375
 model o,97ba74a766764c0e
btained ,bf7e4f3282172f31
by avera,9961b7fe3048b424
ging the,230be0e7f47b5370
 last 5 ,5d27f79f32545f9a
checkpoi,0879a84203922947
nts whic,c5261ce9dd0617dd
h were w,6065187e32ee4699
ritten a,1ac39725c15f0fd7
t 10minu,327ba0490f47b478
te inter,57c2ea1465895949
vals For,de68dcf1b31f8e77
 the big,b7e984016ac1448d
 models ,f2e3d2ae321e6445
we avera,0b093985e03ccb6d
ged the ,be81a50809ec6b39
last 20 ,c0fb6ec37f8831c5
checkpoi,0879a84203922947
nts We u,345fbd21f3c3a0e5
sed beam,19c70fe868fd090a
 search ,f84fb804884605fa
with a b,97db54c3b236d9d3
eam size,e55c03a85c80e326
 of 4and,6749fb9925812de8
 length ,05d084a7b2605164
penalty ,108942c89f20981c
 0638 Th,861ebdb4dbfd97e8
ese hype,e9c2b4a701a55c7f
rparamet,41915ea027fc4623
ers were,f7d8da91dd426bdb
 chosen ,25227bc997456c8c
after ex,61da26c7bf0c98ab
periment,0cb48cd15c98b0c3
ation on,5f5e85c653bd25c5
 the dev,2003f49a43497710
elopment,e020f56805b36d9c
 set We ,0db4596db46f0a7b
set the ,8340247e964e092d
maximum ,d68e24d39b489851
output l,12d92bd6ace50e2c
ength du,742c045b88ff1add
ring inf,a0c31f59efe0baf4
erence t,add6b043b24cbcbb
o input ,d876d8868b2f2f5a
length  ,550e56bc71b0e9a5
50 but t,8e5ffc0040b54a69
erminate,81870155e718da81
 early w,98d3cf5b23b21a9b
hen poss,572fa1e21e230cf5
ible 38 ,07a89e7de28c0a0f
Table 2 ,f7c9ae13369e5e63
summariz,758abe4e46db8758
es our r,5884d37c480c0bce
esults a,7683d9480d54c7ef
nd compa,cdccb8d22d32d273
res our ,bb617641e902573a
translat,170d5c1d4bcd393b
ion qual,47e7bda49f3a1896
ity and ,e4c9cd078423d924
training,48dd96bba70fc9f3
 costs t,9416ee4c539dd56e
o other ,844e521a21c5a41d
model ar,88ca388e96d201ca
chitectu,535c526fde5229a7
res from,5d7781770f932100
 the lit,2ece58c732991bdd
erature ,720a41853d780cd7
We estim,6842f4e5c77b58be
ate the ,812ce82dd79a687a
number o,755085e1235892e4
f floati,24bb2a5268a8a797
ng point,da8b759e155d8305
 operati,086c5b2f5b11d69f
ons used,4e6db6b2f38a5929
 to trai,57708f1256bd76c7
n a mode,8cacff830b41cbef
l by mul,7c5cad9f67da303b
tiplying,bf8fe10524e547ee
 the tra,59ed3f72d4aef91b
ining ti,23031804ed33a357
me the n,9ff2d38d93f67ef0
umber of,19f1e8fdf2fe08da
 GPUs us,34b82e372354fd6d
ed and a,9d355ec063ea166f
n estima,e6d4988d8cca6998
te of th,d3fb9dc083802d75
e sustai,13806271e0ff9648
ned sing,d8a9024d5c5d01ce
leprecis,bf260608721985dc
ion floa,a29d1bded3dc3745
tingpoin,b3aa9a6713d57f5a
t capaci,da75fa307832ff01
ty of ea,0cf8f03c44b89239
ch GPU5 ,d5c2192ac759f3a3
62 Model,50e32c3ba9e34d1a
 Variati,958eaecb9ad3792b
ons To e,cc26bb11cc47e297
valuate ,94b587ac9807edc1
the impo,c9aabc664d6fa2c3
rtance o,3e223cdd92770c3b
f differ,06a8f9023bcc7723
ent comp,da322e9de847f2a0
onents o,533579d836da5ae0
f the Tr,804de9462e633aab
ansforme,5d26a3abe05e53b5
r we var,76c6b4e98f4fd687
ied our ,0b3bf95b23aedf8b
base mod,9630aaccb23fd05b
el in di,313ed675cd8932cd
fferent ,daba582b9020c197
ways mea,4781f6ee53cb1706
suring t,e61d452685802a8e
he chang,361e19ed567c72aa
e in per,c647450e95fac0ad
formance,e3ea206e21e18cc6
 on Engl,3674703f1bf9bd85
ishtoGer,0ee3ff0aabbefa76
man tran,2b7e8594a8ab6e38
slation ,78498269e30a5297
on the 5,6d6af407bed2148f
We used ,55fdba5e880412d6
values o,e0b7c7e435e92946
f 28 37 ,74ffec0244931b13
60 and 9,2c3e1322f7a2eba1
5 TFLOPS,ae12b091b0daa33d
 for K80,ca660e532e785d5e
 K40 M40,8a8e062e2deb3b93
 and P10,03eda19c1c3235f5
0 respec,c05c5c10b19fb88c
tively 8,cf6c9b22007187b5
Table 3 ,16667830475f3dcd
Variatio,e517b9ff9f67b520
ns on th,eca433741b8e94e4
e Transf,d0bc54c49b7383c6
ormer ar,086663ea172cccc8
chitectu,535c526fde5229a7
re Unlis,8c903fc15d15a212
ted valu,47fa354b785e08e1
es are i,499447ac15ee93d6
dentical,bee247866ebd865c
 to thos,045d35967517de3a
e of the,4160758e49b41b9c
 base mo,1ad452ff52233dac
del All ,5c15fee7e15238b6
metrics ,ad2f90cd988b8f70
are on t,e8f9ce224e88d4dd
he Engli,3f225a13fbdfdf6a
shtoGerm,5fbee758b6b2b252
an trans,75b50528af142cf2
lation d,e29f68d99f6f090c
evelopme,84bc9e01d6bfcd9b
nt set n,27abbca8058169f0
ewstest2,3f42e03d31e92232
013 List,b50b59cde49d7e78
ed perpl,96bf5093e773572e
exities ,e8ff34fc101975b5
are perw,f44acde219301f88
ordpiece,e12e0ac02ae03fbb
 accordi,e00988fb3a81bef5
ng to ou,5a8f95ccdf434438
r bytepa,cbc7295ece8df06b
ir encod,34de3e2323983167
ing and ,b723f1fa5d5a35f5
should n,ec8e41b8910518b0
ot be co,e382088a7f04cd48
mpared t,e7ffc2a6d11603f9
o perwor,8619f7d8a3bdc54f
d perple,dee233c14fdbde78
xities N,b75a3586c35627ba
 d model,da72d037caf6ccf8
 dff h d,cfd6fd7153efa425
 k dvPdr,1c7bdbfe2fd68692
op lstra,6389fa4fe922a07f
in PPL B,fb10c044c42344c5
LEU para,01ff7ab552998377
ms steps,ebe8edc94451754f
 dev dev,71e825af1cf609a4
 106 bas,93828f7558aa2a12
e 6 512 ,ee13ae3711fd9469
2048 8 6,e842fbb2ffb55749
4 64 01 ,ed01e96ee27c5a3d
01 100K ,411c725aa9a2ccbd
492 258 ,700d674321f64b52
65 A1 51,e392d8e8b04eef66
2 512 52,a5129dbdf6fbfae6
9 249 4 ,9247bf93e70813fe
128 128 ,bb3f0436f9adf614
500 255 ,179852f0e7b9c5f3
16 32 32,d8768679aa33d119
 491 258,be325e1944c4982f
 32 16 1,c2553a45084b4607
6 501 25,ee1f0ec35f0fe553
4 B16 51,d1ab36f43475f4aa
6 251 58,c9141d3be779fa7f
 32 501 ,a3f9ad7f3b6d4f41
254 60 C,75aba40a200adf60
2 611 23,5d92a8393fdfef2f
7 36 4 5,6b51b0a77d1cbf9e
19 253 5,63e508a6023685c0
0 8 488 ,095c4719082f574d
255 80 2,6e3afa28376f1aa8
56 32 32,aac879d2b40fa76f
 575 245,891e83f59088cb14
 28 1024,1c5287011bcb7670
 128 128,991302841928c6c2
 466 260,c8cadcac82ad3f65
 168 102,c850c73bca27ea2c
4 512 25,cadd6951711f776b
4 53 409,4a8d60cf794ecebf
6 475 26,0151f9be2bf2f81a
2 90 D00,ca5b0ad55a085d45
 577 246,42bd0a2d0e6e8396
 02 495 ,634346d89a485b67
255 00 4,db4f9c25ce308763
67 253 0,ef5b9c3b1e088866
2 547 25,0c03a469565bef17
7 E posi,98ad038a7a02eb62
tional e,2d0873dcc3374c08
mbedding,5f0b4764cadaaf6f
 instead,057cb6947233ca33
 of sinu,6e8076253d42a53d
soids 49,e72a9d56a5301011
2 257 bi,8e72ac9cb430f875
g 6 1024,213784aeb2c1bbb1
 4096 16,61b3397d29af5eaa
 03 300K,274309efdcad4bb0
 433 264,2cdfd2ec46c31be3
 213 dev,e48bf8e716a5a66b
elopment,e020f56805b36d9c
 set new,bf107300dbc76cc0
stest201,e2ae903dc0140aa0
3 We use,f9c9269cf621cf3e
d beam s,3b87436b4a5c1ade
earch as,7925b033367a3f09
 describ,ae0dd2aa9ed2f9ed
ed in th,bdb8869dccd97329
e previo,6746200c57f85774
us secti,e361a7fcf935b22f
on but n,5637af883aab0f74
o checkp,a66cb826d2fe638b
oint ave,3575bf6aa6918b70
raging W,ea1948bb65708cba
e presen,fb7e6ae992743c7a
t these ,7c86347fc8697d60
results ,67c2f2173ffbb3dd
in Table,a4e2512eb88ffaa7
 3 In Ta,09961ff07cf9ccab
ble 3 ro,1c5d8b0a338c5fe9
ws A we ,b24ee527d2f03652
vary the,b011991d1f5dccf5
 number ,df2eed92e09ae3af
of atten,e87b3ec7e4091e4c
tion hea,c96cf32809e5557a
ds and t,6813eff20ae60cda
he atten,d5e39b19fe018f1a
tion key,2d46450f7f308326
 and val,324a2e536281d934
ue dimen,15c1957f72723e33
sions ke,077e2f2ab39a4e82
eping th,e0b638820890b024
e amount,97e3570dbad2909b
 of comp,bff914d420358e13
utation ,a06f371ae0a2278d
constant,69d8c47f6de2ded1
 as desc,7a227c49f9cbb5e0
ribed in,f25fce0d22b685bc
 Section,40cbb13c4f4359a9
 322 Whi,4e9957af329a7b5f
le singl,e8cc020a1a58bffb
ehead at,383caa0f324cde7f
tention ,8f99a9cc46f1d94f
is 09 BL,876c5f9cc9e26cde
EU worse,1035a0df5f8dc16f
 than th,c893fc2726c91449
e best s,c3e4e168465563ec
etting q,0fb7dcbca7daadcb
uality a,f11f3341c9029e85
lso drop,1e8652fd68aa56c6
s off wi,1a5a975d51ddbbd8
th too m,ab5c2d96adbbe626
any head,e95d8bf1304a09ba
s In Tab,7dd16d9b313e39c9
le 3 row,1c262ced58f00af4
s B we o,4690d06b48ae12c8
bserve t,37eafbf88bde2d66
hat redu,a16c2076b9540308
cing the,2d006e59e76a6525
 attenti,8534cc10549a0264
on key s,9d4c6b63b6ca0acf
ize dkhu,4eaa1d6e66a43f16
rts mode,5d6ff7efaeb3b635
l qualit,fa3fa3668fa7335f
y This s,11533a496e810560
uggests ,0ce6e52ee11626a6
that det,d125f2775e64e762
ermining,efd93ab24c88ae90
 compati,c7c76eff7ff977cf
bility i,c2f1ddec190553bb
s not ea,613ab5acc193f3d1
sy and t,abaf2c3301be5f5f
hat a mo,428d92517c291c47
re sophi,85c9f05b7c7c0f5d
sticated,6f8c9184a6d65728
 compati,c7c76eff7ff977cf
bility f,9a44e71e4ec73acf
unction ,45f8f94a55e1c454
than dot,e14aea5f1ae4ba66
 product,76c0c64103ce55ce
 may be ,b7567b70aa106722
benefici,3e868889b590d237
al We fu,32cb6b2835fdfcf7
rther ob,f6fb757e1cf12005
serve in,c7d7398b0887fd6a
 rows C ,626057c1b64518c3
and D th,39add14d574e727f
at as ex,7a41a9a61d1d03fa
pected b,74d9c65e2b35bfaa
igger mo,31c47210803cbb4f
dels are,c686cc5866b0b114
 better ,17e2bf2b57813c72
and drop,8f8d174681e3f5fa
out is v,5b2e2b80ad878352
ery help,8e05e96b2e73b5a1
ful in a,6f6c9eee3ec636a5
voiding ,5fd7b5cf8ccd704b
overfitt,dd279f0bf2a5557f
ing In r,404250d1f8198c2d
ow E we ,ca3589a9c8191b6c
replace ,933bef1732eb2d07
our sinu,aceef5a7532781e9
soidal p,d26fb1c90f01eae5
ositiona,b20ab396c5a1216c
l encodi,a39d536db121f9d9
ng with ,77225cf29f659f8a
learned ,10cdfa303b6bf8c3
position,00e437603f99d462
al embed,7f78f8dc9a273bbb
dings  9,b72c383f727b36a1
 and obs,faf80209cdcbdae6
erve nea,04968a284b6126e7
rly iden,1389e84af5c5a397
tical re,60dd9463c3b1676f
sults to,be33680ed72f67f4
 the bas,6565668a5a549ac1
e model ,e81d35299faff9d6
63 Engli,25000f27aab00fb6
sh Const,1db86387c5412d6d
ituency ,2851f8bafda52f29
Parsing ,edbc8e36672f7784
To evalu,25a9a3a540bbaaec
ate if t,4002b5a807e28b8a
he Trans,6a07cfbd8e4dc406
former c,8a73698e7f9dc2ec
an gener,b88c2a948028adbe
alize to,aa27f1e1be0f0da1
 other t,ebd3a2873cae5439
asks we ,2fb56fc44e17c147
performe,a6cf7ef351816862
d experi,be3a17c8b67df38c
ments on,eb4800375a39214c
 English,12d0513d8e3ffbd2
 constit,44541ac671f2553c
uency pa,09fb345418e77422
rsing Th,27407e2f50ca47fa
is task ,3efaa2d8f83cfc15
presents,fcabf9ae98bb890d
 specifi,344b0e0a1e743c31
c challe,64097a974f8dc7a0
nges the,5a969763f3e10091
 output ,a32ce7a27c282f91
is subje,ee7566fed1940699
ct to st,7efe296627456473
rong str,0549dbb5b7f9508d
uctural ,f5cf8c5f027ef10d
constrai,300a49d5c9e9f393
nts and ,d0b7704a59e8c4db
is signi,4e027632d069d1ba
ficantly,6645b15655c35519
 longer ,0a59d23476cca30d
than the,29a2ded317481cb8
 input F,8418c865bffbfdbd
urthermo,aa9ee229f3caecbd
re RNN s,6ed42d0849f536dd
equencet,23d35e41842c5fe6
osequenc,f4cfb0f76af7e526
e models,4c1804a3d936f249
 have no,f96ba666981c7a31
t been a,73f164fdffeb4cf6
ble to a,3ebd37cd53f14d15
ttain st,702bc1ed3b691504
ateofthe,2490f9286a12d505
art resu,99308229c441a57f
lts in s,210e14ff04550c02
malldata,cbaedee8b770002d
 regimes,cbf32a9db03c0e72
 37 We t,be73b0204265fefe
rained a,28f9f1a6be2a6bf7
 4layer ,b73ac8cbd111ddaf
transfor,eca480db39843882
mer with,e41d4201fbfb4ab1
 dmodel ,70f6f7e1d272a10b
 1024 on,ae30fc867e07d7d5
 the Wal,4c60ccfb21a5e35d
l Street,6ed76142742d75f8
 Journal,26ec9a505c3104a7
 WSJ por,e79bcd30909d614b
tion of ,fd5ec8a5e98c8268
the Penn,f761db3340b61a19
 Treeban,93091e51714eb2be
k  25 ab,bc7bc3a539e29f3d
out 40K ,b5ee4dd61911bf6f
training,48dd96bba70fc9f3
 sentenc,cfd84bfdde8187a0
es We al,b315fe4852cc7ed0
so train,11b0128d0e4ba51c
ed it in,8500388e8c398085
 a semis,25ad99db51ec0a20
upervise,87d05f02775883d8
d settin,6570a6e99fb775cf
g using ,e78714ec66b37dc6
the larg,99714df1a5b382e7
er highc,bbfecc6a633d84f8
onfidenc,4bb53fb7050558fd
e and Be,0316510c6c8b7834
rkleyPar,0a4b712105c77fb2
ser corp,63d27005a9df1049
ora from,bd1c8222e5522f48
 with ap,c31bdf25ace47270
proximat,deb1dfa937533fe9
ely 17M ,5d18dd7f552b9077
sentence,43ab41f0bd9a755a
s 37 We ,53e117ad75f27cf3
used a v,35a2b40417d96e0a
ocabular,2290531a6b119292
y of 16K,6ce77f15a85c1222
 tokens ,e96121912f875f3e
for the ,0b0cfcca6c2bdfac
WSJ only,b6faeedf65cae7b6
 setting,6857ee6eb321d621
 and a v,4b2143bfd3b21545
ocabular,2290531a6b119292
y of 32K,b1c8a41ef927e755
 tokens ,e96121912f875f3e
for the ,0b0cfcca6c2bdfac
semisupe,2818e6ef863843be
rvised s,5b3dab9111dfcdd9
etting W,fd989705894ee0a7
e perfor,b9cb2926215f0da9
med only,c8e65a5ac83d926f
 a small,6351447354686ee2
 number ,df2eed92e09ae3af
of exper,66dcf962e0e6dd87
iments t,39dd3f2f5f9a1fb1
o select,873d629c923f9d29
 the dro,b31a22b3ae99c9a8
pout bot,c1ff3d2923aba9a7
h attent,12577151691f8e00
ion and ,5ee165ae912e3bc4
residual,0ab6e7b0e0266eca
 section,c5251d20cf85d6c9
 54 lear,db0e46225d673d30
ning rat,fa5bf2211e445b83
es and b,ad0281970ef2e340
eam size,e55c03a85c80e326
 on the ,25a2c266f62ac015
Section ,9b33e980565b911a
22 devel,17ace1fb9650ffd0
opment s,bb6e078a97a06d31
et all o,97170e342ab69287
ther par,06298311671f04e2
ameters ,5130c30d8d75c4ea
remained,1f272587d73e5ab6
 unchang,9c07b78a0bcfcfa5
ed from ,2cebe9e2ad69bfaa
the Engl,9db99d44208ac6ac
ishtoGer,0ee3ff0aabbefa76
man base,bd720d1a02196bc9
 transla,6401523a43d2a641
tion mod,b775dc87071c4785
el Durin,d2c87c39bece25b7
g infere,ed29da3de0b02a30
nce we 9,97606fb37a875207
Table 4 ,cb73e73e8009a985
The Tran,2e0d95bb69325b68
sformer ,d4ccbfdd41c8e1b9
generali,7a6dda8fec58de32
zes well,7f9ab3bb84a64810
 to Engl,0ec5763478e17403
ish cons,1fbb5185fe9efee9
tituency,ffb856bbf8b11b47
 parsing,dc577f80000aab3d
 Results,ae8fee9073c8bf58
 are on ,f7767b2586b0613f
Section ,9b33e980565b911a
23 of WS,019a6fdc9e6e73b1
J Parser,7e8a887cdcf27925
 Trainin,6cc9a95cf83186ff
g WSJ 23,5d76801fb057b9a5
 F1 Viny,4c3375c87f3e55fa
als  Kai,bb39383bb969aed1
ser el a,3ad50697beffe812
l 2014 3,9c125a54bd2a8fce
7 WSJ on,4beaa302740aafff
ly discr,696a162125ebdea0
iminativ,f72779e4ba975aa2
e 883 Pe,dd6417af0989affc
trov et ,9e47a320be6623b7
al 2006 ,6e40071dbde31ec4
29 WSJ o,81e896825a9ca33b
nly disc,75501e23b42eebd8
riminati,769565a57fe10243
ve 904 Z,a589af9abd8ef730
hu et al,2e286a391183fd10
 2013 40,fa9d2ee1a8c5c444
 WSJ onl,6810dd8624011199
y discri,57a1e0523d8f5fc8
minative,6b18b1ca266d28e8
 904 Dye,14aa634bdb80dc39
r et al ,2eec21a8fd9ee3fe
2016 8 W,327973c749c11e1b
SJ only ,ba00634586f1e00a
discrimi,4a6761eafe643e80
native 9,e988e9261778cff9
17 Trans,bfb31059c6dd6f2c
former 4,9c99244d5df96617
 layers ,d39ca77606fff3cb
WSJ only,b6faeedf65cae7b6
 discrim,fae7a0326f5f3536
inative ,a283de039bd0e4d8
913 Zhu ,737a86bbb3d5aec2
et al 20,0cf783f2b8af6be8
13 40 se,8fcb7ad444c15d24
misuperv,56733395f4a69be2
ised 913,06c5bbd7fdae5dc0
 Huang  ,ff901da85acb9368
Harper 2,684afa5b62960eab
009 14 s,b52c7f058e25eef7
emisuper,c196afce28f69812
vised 91,3a0246f5d43cd34b
3 McClos,3426d608a670e936
ky et al,5de212da3c02e4b8
 2006 26,0446fc44c565406b
 semisup,2fd29e4d8a974e70
ervised ,147d8aa74d31ed3c
921 Viny,29551f0c23c50757
als  Kai,bb39383bb969aed1
ser el a,3ad50697beffe812
l 2014 3,9c125a54bd2a8fce
7 semisu,4516dd513bef3c25
pervised,8ee49c4cd560c47d
 921 Tra,154c271d63b03818
nsformer,507d5d1c4d5c0f7e
 4 layer,c607825b9fa7e0e5
s semisu,17c989f9ea9370f8
pervised,8ee49c4cd560c47d
 927 Luo,1e576c3b962466c4
ng et al,d995b7507a3b52f0
 2015 23,7ccf2ae390fbb305
 multita,78239c0da82c15c4
sk 930 D,5f2f1bfcdf561e6a
yer et a,eafb1913b66606a2
l 2016 8,f0e8d1e7f425fd1d
 generat,0d942fbe710283cf
ive 933 ,463c938c0bb09d33
increase,e83fba0d6f71cfe2
d the ma,174bbcb7c5c25c73
ximum ou,d096b1e05dd2f3cc
tput len,df51fc81b9cefeff
gth to i,b24623618e67008c
nput len,9f8e1aa6e05498a0
gth  300,bae10842e6d31c0c
 We used,f645f9591a7df2e6
 a beam ,867aad09dff0afbc
size of ,d932a2439c0fe28c
21and 03,da3e3faaafea2b27
 for bot,b695b672fac51368
h WSJ on,bc07f442cb6fdadb
ly and t,d2e40cdbf9031212
he semis,f062685ba52abfbd
upervise,87d05f02775883d8
d settin,6570a6e99fb775cf
g Our re,2b3bdd562347bd27
sults in,28eb74f8b7fa3c54
 Table 4,f39323346fb82674
 show th,09e10a1a99097c37
at despi,cc7d7fe27ae1636e
te the l,cea21d276989d38c
ack of t,3b10e8b586fe1672
askspeci,c94bcc02387a91c3
fic tuni,7e60430c22162538
ng our m,d1ae8c322251e508
odel per,1349dd8cc8664587
forms su,3f131a67137ffa1e
r prisin,f432bb710576aee8
gly well,66a975100b9f9c8c
 yieldin,bf2962e6f2109e30
g better,38ed2282b51e3484
 results,e017afa0d139726f
 than al,2d5d08c209fa9012
l previo,15969acb8bfae241
usly rep,98d7d58a678c4adc
orted mo,746acaf0d14e9287
dels wit,dc80333de1f6a6ec
h the ex,e4813dd086cfb0c2
ception ,baa44f297e38fd87
of the R,d7e082d8e644812e
ecurrent,49e852fbd0d353b5
 Neural ,e392cb10e840a414
Network ,8e46d37be017e36a
Grammar ,42883e4845e2dd3b
8 In con,6a52a5d4238eb74c
trast to,f9818ad7efadf8fe
 RNN seq,e8ce07a6854d92dc
uencetos,167524ed9868ecbc
equence ,b5b8d16759ccec53
models  ,021d57f2a21d4e83
37 the T,3994ba50408a4e81
ransform,50274440fb1df5d8
er outpe,ba3547f155311cbb
rforms t,03e7d8312a62d505
he Berke,36abc03eaba1af0c
ley Pars,dd05dd64f780067c
er 29 ev,861170f2f082cda0
en when ,91230ce1d2b3cd86
training,48dd96bba70fc9f3
 only on,5fcec1311e733c00
 the WSJ,baebb4b6ffb0dff2
 trainin,069b0ed2f8a1b6bc
g set of,8d5bb6aa2e338eec
 40K sen,e1caa6c1c17505d1
tences 7,b0d8adaa82fa487c
 Conclus,fb52d388a3b0cb5a
ion In t,8a0889219897427e
his work,af1ed62cc21b939c
 we pres,2e3380e4e41316a1
ented th,440ed32aa031a087
e Transf,d0bc54c49b7383c6
ormer th,4d2a05b3969fa84e
e first ,657f269794bf0f9a
sequence,3ff9c4b98d70bf62
 transdu,cee19ee49a5f54ae
ction mo,8596f8f2d16c9af5
del base,c5ef9f97fb45a94b
d entire,850611648102814d
ly on at,f2e50ffe5d0cab91
tention ,8f99a9cc46f1d94f
replacin,412eef27a0118a5d
g the re,bb5ecc9cfebaa831
current ,a186c927f69bbd38
layers m,acdef55a6d1e8f9d
ost comm,499fbd025a79636d
only use,d26900aa6df4d1e7
d in enc,fe816b5e8f66db58
oderdeco,815b5f88f277f7c5
der arch,ad0b50d3a4dca705
itecture,cd631bc2e81c4519
s with m,db1efa6a49a59707
ultihead,f98f912b2f866eae
ed selfa,fb7ae8cf9aefcc8c
ttention,0ed0448a97f21839
 For tra,9ef6a8d44a19192a
nslation,570e9b620a2d3d7f
 tasks t,8a535ee69777b5b3
he Trans,6a07cfbd8e4dc406
former c,8a73698e7f9dc2ec
an be tr,699040d4476e76bf
ained si,50ff101c383767b0
gnifican,9a0d2365e04948c0
tly fast,475997f043676574
er than ,dfc23e559ea67969
architec,38e83f9342c9e37c
tures ba,4ddf1e985f91b72d
sed on r,7a67a797585ec350
ecurrent,49e852fbd0d353b5
 or conv,a31a19165630d43b
olutiona,8afa5e744e2c85af
l layers,d85bdc45a4ca67d9
 On both,5c1ef995b4e0392a
 WMT 201,003cff48597d68a2
4 Englis,c20491a9e914c3e8
htoGerma,1cc22f853650a98f
n and WM,1f8e5289bb4077fd
T 2014 E,639714b095cbccc0
nglishto,12029ae09d426c70
French t,aed8610088c5d303
ranslati,8197311e62647d7c
on tasks,6ea87a1ae9e51323
 we achi,f0b303f6963aa572
eve a ne,f145f98dca2ee118
w state ,b51d67a595b58d18
of the a,1b2ec472af92b857
rt In th,d17bdbb83fc24cee
e former,b32226031c142c20
 task ou,ce86ac8de2bd6492
r best m,32b50d6fec884ccd
odel out,7e00428003cedb27
performs,732fc8a839553a51
 even al,9bd77ea25b2d19d0
l previo,15969acb8bfae241
usly rep,98d7d58a678c4adc
orted en,fff118ba405a3b81
sembles ,c16e656d990a027d
We are e,ed92d223fd6f9c7f
xcited a,a5428bb864c86d42
bout the,738b2ae996dd43e1
 future ,4dbd7c3c4f2818a3
of atten,e87b3ec7e4091e4c
tionbase,d712c9d465212f3d
d models,7bdf051032a30873
 and pla,c6be868e7ee1a96f
n to app,8148fdcd12b73543
ly them ,93a3a3e4a1759cdd
to other,caf7bf25a1c56620
 tasks W,e95c4f283526c87f
e plan t,df0a9b8731e9269b
o extend,95ad88492fef5929
 the Tra,824ac62ffbfcc00d
nsformer,507d5d1c4d5c0f7e
 to prob,b64d4d8097fe2e2a
lems inv,fc4c14cb2ad44a83
olving i,ad331b02fb3c6eca
nput and,7250113ef4f860d7
 output ,a32ce7a27c282f91
modaliti,6c7fe4691ee6d387
es other,260ae950a39fc7d9
 than te,12061db4baa5cea0
xt and t,e06058e438156032
o invest,8aa593058f51dc54
igate lo,caee2b5bc6b6c604
cal rest,be191a6c17b07a01
ricted a,aa6b56736a47d59a
ttention,0ed0448a97f21839
 mechani,e498dac20434af9d
sms to e,816dbdddbe91edae
fficient,9d78d171e641cb42
ly handl,7b4c0db58f9182dc
e large ,8f514d989d4ba36b
inputs a,fb1f19bcc1aef213
nd outpu,30d290191194e8d4
ts such ,15fecc53cbb16a0b
as image,ffbe329ce21d2138
s audio ,3fabab882616acd8
and vide,4500052eada22be6
o Making,fd84ac28b3b78be5
 generat,0d942fbe710283cf
ion less,571c722de2241c9e
 sequent,0998d65f1d59efba
ial is a,12785c9ff23e779a
nother r,cb1b7de088d1ee1a
esearch ,033c0b2586a7d261
goals of,f8dea3a4955c4cad
 ours Th,95652ed2edb8c937
e code w,1204d21ed0fcf088
e used t,8eaaf37717e5bf67
o train ,0f7c489afd4dc51d
and eval,4eab7601c0c406b0
uate our,84736859e7bd304d
 models ,f2e3d2ae321e6445
is avail,920a00e5ffa35952
able at ,4485d01fdc0619ec
httpsgit,ae5d3e6a5c5eb9e4
hubcom t,f3891293285a0dba
ensorflo,e2f67dee5346ead2
wtensor2,b4facb3711231598
tensor  ,a5a3eef185580701
Acknowle,6394c47c0900d768
dgements,bc351944e07a5c79
 We are ,c999a7f2e1d22f90
grateful,bca420303dd37455
 to Nal ,6c6d855658c0b417
Kalchbre,b4ef137e756b9371
nner and,6834199b6ea32ed5
 Stephan,3e1f1fb479a6d344
 Gouws f,201040e77133814d
or their,ad349c20f0f56745
 fruitfu,944c5e6b2e074af7
l commen,c3973fd67251d64e
ts corre,018299f2102273a2
ctions a,659e23a07636c5b3
nd inspi,e47bc51000f0d09d
ration R,f9e73c442b584f46
eference,abb7db66781d18a1
s 1Jimmy,41501e3bea317c53
 Lei Ba ,c98fd00dff7915ba
Jamie Ry,d3ff3d59f85c6638
an Kiros,1a43b0aaaf8df4e8
 and Geo,b8839162875fed3a
ffrey E ,eab25af574194209
Hinton L,15015eb92fe27069
ayer nor,00d2a14750099cca
malizati,0f3e9c15de387bec
on arXiv,d87ab4ba0adaf374
 preprin,1bcfb53ca28cd1db
t arXiv1,5230fded99956f26
60706450,56e6290b4845ca9f
  2016 2,b4577505f8f380cf
Dzmitry ,816bdc323077a4f7
Bahdanau,b67b4e6b8be8f1fb
 Kyunghy,afce0b5a417bb071
un Cho a,5309bfd8e5928a87
nd Yoshu,2a0600ac7c6b31a6
a Bengio,a45ed0a1988dea96
 Neural ,e392cb10e840a414
machine ,9eed651b8fa0dbbf
translat,170d5c1d4bcd393b
ion by j,6fadd62e1c0c8fbb
ointly l,30585abaac75f980
earning ,98db18bdaab84d89
to align,69bb0c291b405ba8
 and tra,4cb01506f161ecfa
nslate C,896ba6c74098e5df
oRR  abs,0554a895ba847f29
14090473,8b7eca08a95fc871
 2014 3D,682d561564e8ad14
enny Bri,b2e464aa604dccc7
tz Anna ,30861af37956c22c
Goldie M,f9834247d93aa044
inhThang,31e520a5fae407db
 Luong a,81e20ffc95a1ab92
nd Quoc ,ac1cf6bd5befc7af
V  Le Ma,541e9bb912bf062f
ssive ex,bfc836c00c82528a
ploratio,a00d2e493d10abd9
n of neu,30e5adc3eef09215
ral mach,014d34f3cb963a5b
ine tran,32124f0080802130
slation ,78498269e30a5297
architec,38e83f9342c9e37c
tures Co,14efa1e88fe173c1
RR  abs1,8282c3879852000c
70303906,53dfa934954e8c26
 2017 4J,418af99e340e2bf0
ianpeng ,7e0d7953a2f70f6f
Cheng Li,913fd8249dfe78cc
 Dong an,99f61298fb9e3045
d Mirell,f183662c78ab4df7
a Lapata,f488d93ebf482afa
 Long sh,57d8034d8f22db0e
ortterm ,ffa3d582cc4c5bef
memoryne,7922e8836f760b72
tworks f,760f93df98fe94c6
or machi,5c33779fd62e8abc
ne readi,64cff6039fef7405
ng arXiv,0552d6eac69da8bb
 preprin,1bcfb53ca28cd1db
t arXiv1,5230fded99956f26
60106733,2e814e2132103fcf
  2016 1,01a2183ab4062c6b
05Kyungh,4b315ce6c83e3148
yun Cho ,8b31d9b8dff1641c
Bart van,d594fbe76306fa60
 Merrien,e6e8d2d1ac514096
boer Cag,b097f14cb23af1bd
lar Gulc,8c1f57af527b2004
ehre Fet,9157c3a0d6ccf7e2
hi Bouga,f091a14c75f19144
res Holg,fbb33f6bd71bfb18
er Schwe,86dbd26b01c5ee31
nk and Y,eda19052773999cb
oshua Be,c1afd606363d3bfa
ngio Lea,554905ccc8a622a2
rning ph,e10f86c0c5109c14
rase rep,433547e89010783b
resentat,552df6b57e3e0c9b
ions usi,e35a7e936e6fea93
ng rnn e,15cf8b1bff9b377c
ncoderde,d3eae6203a02890c
coder fo,96197ed6520df828
r statis,cbbaf0759953dde6
tical ma,34aa38de1448d42e
chine tr,e1a8657f84423314
anslatio,7394dc46d2ae1c6e
n CoRR  ,84208147fac1b4f4
abs14061,ab12d16222ee0c44
078 2014,1f6581de1dd12b38
 6Franco,af2797e9a4366960
is Choll,e74116f0f3ab2c99
et Xcept,bb2440984f6eda18
ion Deep,7fb7fdab6819e96f
 learnin,59699658e5a0fd8d
g with d,bbead0f9454e304e
epthwise,10d4736f337ace88
 separab,1a8d8114f7f58022
le convo,7f22db0036e8dab4
lutions ,c147f564645a27ea
arXiv pr,e22b18ef35aeb7eb
eprint a,e51351e7488a40c6
rXiv1610,7cd915bc1a375b04
02357  2,b3be8c7dc9fe8db1
016 7Jun,8b516506c9f583d0
young Ch,8356dae1763bbbfe
ung agla,cf4087a4d6aa8477
r Glehre,c7615792725a3433
 Kyunghy,afce0b5a417bb071
un Cho a,5309bfd8e5928a87
nd Yoshu,2a0600ac7c6b31a6
a Bengio,a45ed0a1988dea96
 Empiric,5567648c6903bfe0
al evalu,1c9269951501f2f7
ation of,f635ca86449e9666
 gated r,844bb1370376739e
ecurrent,49e852fbd0d353b5
 neural ,1f1fd6bc91dddfca
networks,6e733e9e506b33d1
 on sequ,309193b70ec0458c
ence mod,36f215524a8eed86
eling Co,692cf14254af525b
RR  abs1,8282c3879852000c
4123555 ,e88c2fe1b74cf9c9
2014 8Ch,c8e10d0a7ef8a685
ris Dyer,09e07e82c9342d44
 Adhigun,685a793e4feb3fb8
a Kuncor,3edb0bc176b1e889
o Miguel,4c02dd9b3c49b0e1
 Ballest,86b3282d7cf7d1d0
eros and,6c2dba5cc8eed7c8
 Noah A ,2ead650d610329cd
Smith Re,cfee79f537417a35
current ,a186c927f69bbd38
neural n,506924cb2ff1640b
etwork g,21f610677c9d15fc
rammars ,9ddb9ae5b58ef66c
In Proc ,2abbc40d67fd6082
of NAACL,2f3c06b07f87d5aa
  2016 9,705970cbcd5a4317
Jonas Ge,1c5d0bbf6bc31a7f
hring Mi,2e00316b758ff651
chael Au,38df7a16ed3b74fa
li David,4caa74afce5043e5
 Grangie,4376642a2a82cf61
r Denis ,0277c4b150d2fb43
Yarats a,2c7b78439a03c604
nd Yann ,ca44a7e703866b4e
N Dauphi,71d781f2b8c46bc1
n Convol,19fba183f9ae1b7c
u tional,83893b7ff3d306c6
 sequenc,82ddbb7f6a9917c9
e to seq,832d042b0aaaca37
uence le,d734620962353c4c
arning a,2cba7a872bb1b24f
rXiv pre,9578dd0651dd5441
print ar,c6869e9925e4d63c
Xiv17050,afc77133eddc7227
3122v2  ,24104baf8dfc3876
2017 10 ,3634b33cbe3f3d82
Alex Gra,ae6390fff76927b9
ves Gene,a1b7d76c61f530da
rating s,c119da25784babc6
equences,a49d015d726d8458
 with re,1539942748eba294
current ,a186c927f69bbd38
neural n,506924cb2ff1640b
etworks ,a8cf270913a4d1c7
arXiv pr,e22b18ef35aeb7eb
eprint a,e51351e7488a40c6
rXiv1308,b9f331853f2b8b8b
0850  20,99d4be87c27b7a9d
13 11 Ka,c4fac2b7429eb825
iming He,2789879b07c84f96
 Xiangyu,1611741ee5fd6fc8
 Zhang S,c67621268138d3b7
haoqing ,4e14e2b4ce05a570
Ren and ,03d31de7e44d3118
Jian Sun,b714150931a8fb7d
 Deep re,9c6acd8134457f3e
sidual l,d9629166f26eb403
earning ,98db18bdaab84d89
for im a,c602d392343f2213
ge recog,fc7b89f6ff468d52
nition I,06d37e6106d75dc8
n Procee,38bc47fa8dbf6272
dings of,6bd7d35ec3cd4463
 the IEE,54c70c277b599859
E Confer,36e325a420a89872
ence on ,ba8259d0d78dd807
Computer,7ea64edbb57b3100
 Vision ,9349b73ee1e80df1
and Patt,21a76982479b7c50
ern Reco,8f203e46ea02315d
gnition ,425f3210edba411e
 pages 7,277d164a66b790cf
70778 20,52f2eb435689d4ee
16 12 Se,7229a26bad47cd8c
pp Hochr,abeff5a4e715b294
eiter Yo,533e8f55f9024702
shua Ben,e4a38708f62be62c
gio Paol,ed2d8f10be7e3ae3
o Frasco,b066cbda139d2494
ni and J,7a5579db228effd3
rgen Sch,f79f997fe7ad59b7
midhuber,ee2fcfa91754fd23
 Gradien,854784dd74172b04
t flow i,c5ede8fdd52d7bc3
n recurr,775649f769480604
ent nets,6dc553c7935f28b2
 the dif,6d5f5b31254ee9ca
ficulty ,504055e76958ce7a
of learn,1e2f0699c77ee5f7
ing long,d9f2fd8a8b0a42f5
term dep,1f5efb15525dd05c
endencie,d40f70b62e3e59dd
s 2001 1,1ed29f47b6855a73
3 Sepp H,bd8f896b7bf7f2db
ochreite,013ad49cbdcd4ffd
r and Jr,9792314c5d393716
gen Schm,4b99f4fc20787032
idhuber ,dd6a5f58371c32c3
Long sho,165b19646d90d092
rtterm m,7d03a373b9048c22
emory Ne,703e84b3bf3d5af4
ural com,9474748624c3f9fc
putation,a0ac0e2b52f4297f
  981735,21a94bf4c17c9935
1780 199,f44fb4fcd7c2a5c5
7 14 Zho,7288df73c5a32dbb
ngqiang ,abc44dc36ce44c9c
Huang an,f00dbfea322f9d22
d Mary H,6d07c421dd45e5c2
arper Se,9982594cd5d0abf4
lftraini,17db63515b62270b
ng PCFG ,969a288a87052ac0
grammars,fd96269e740a2c9b
 with la,d9a8a48495d1d274
tent ann,c7e755f555c0750d
otations,0c53736ca57c6237
 across ,177020e0bc74fcc0
language,f27e5aaec475f84e
s In Pro,58a725bd948b5c2e
ceedings,e78a67b917970450
 of the ,36e8cde42e89aed4
2009 Con,cec4c8b876da366f
ference ,a3567b1e29f134c8
on Empir,4844166e8a2c20fd
ical Met,52e3dcd58c1db6ec
hods in ,e8b30f1ea9011814
Natural ,6533d904c48f3f2c
Language,44bff13791874ef1
 Process,3c38427574514a33
ing  pag,224e156d1ec5ff8e
es 83284,16ed4dfc2c3b3409
1 ACL Au,ee15f94a4a7bbcaa
gust 200,f53598eb4c168b2a
9 15 Raf,6acc7fd1fc747d9f
al Jozef,240b52a658bf3202
owicz Or,f1101df7bc85bbdb
iol Viny,c65c8730b9038fc0
als Mike,658b1ea81917d229
 Schuste,78388dd6768e44a1
r Noam S,715e810bdca22268
hazeer a,31c01894c5b94097
nd Yongh,2ec0ab0ee5d2f4d3
ui Wu Ex,efd58a3a9c2bde6b
ploring ,4752788b0858b399
the limi,7cd86c0622f6c1f3
ts of la,93cfb9abcd8ada86
nguage m,ff9ff96d5e382b1c
odeling ,34dc12fa4c307f71
arXiv pr,e22b18ef35aeb7eb
eprint a,e51351e7488a40c6
rXiv1602,dc728c63e7d9e7da
02410  2,17f09ad120771ba6
016 16 u,d6cd59add44c52e8
kasz Kai,098b9fb00d80cb24
ser and ,8cbc57dd827d63a6
Samy Ben,727659fc129e942c
gio Can ,5ef3c3a2738e9704
active m,e9d48a4315024154
emory re,3fe10ddb7233edc4
place at,eaf7ea9c40ec5bc1
tention ,8f99a9cc46f1d94f
In Advan,c7723f2962975c0a
ces in N,ae67c534cbbf630b
eural In,99012d1222a061cb
formatio,713e61901527e5e3
n Proces,7b6947a17de06e19
sing Sys,987eeead9f7be257
tems NIP,4625e106a83f156f
S  2016 ,aa763b65ef8b60a9
17 ukasz,a2ee861c0953dce2
 Kaiser ,5742091607e25bb9
and Ilya,78d29a84bd0c88aa
 Sutskev,3bf7b188b293626e
er Neura,bb8815a6e6696618
l GPUs l,76570a6b4ea1aeef
earn alg,cdb9c2c51b332547
orithms ,847ed61e4fdc4a8e
In Inter,a178846f29249d1f
national,64bb08d5c38e1b7e
 Confere,730ce57c6718eb74
nce on L,bbd652328ffea2af
earning ,98db18bdaab84d89
Represen,b8efc6792d50d7a4
tations ,2a6e2248aee04bba
ICLR  20,5c756ac8c5e98c56
16 18 Na,729c9a8944ad7ab6
l Kalchb,7d41b318c0ebdb95
renner L,1a45a5535dc1012a
asse Esp,37d23b2aa83744bf
eholt Ka,4831ae1356bbb6fd
ren Simo,f5ff48d6246e25f5
nyan Aar,b2a14555bcb7d167
on van d,415e7e5b30f83d81
en Oord ,769834495e79049d
Alex Gra,ae6390fff76927b9
ves and ,8e5afa971eb11529
Ko ray K,a74b3438f4ea4bef
avukcuog,420c246641291623
lu Neura,1337a46b628d0093
l machin,727b9e0c2b86a14d
e transl,0480dec00979fc17
ation in,4455c53eb1af4ebc
 linear ,a220622776da0c72
time arX,3566bf50147feb49
iv prepr,ca9d6d838a536b06
int arXi,56084785533384db
v1610100,95a630f39d31cc1b
99v2  20,cdab42da45cb30ef
17 19 Yo,a1882360736f7f1c
on Kim C,f8192dec5a516c1a
arl Dent,48a0c9d63b04a3c4
on Luong,1bda6d9089b0b098
 Hoang a,322f020905a9dded
nd Alexa,2b710939decc0451
nder M R,6d9cc6fdad77b4fc
ush Stru,fa7d9544bfa8b781
ctured a,0e1394ec1f6dd589
ttention,0ed0448a97f21839
 network,b660b36b98efdf3a
s InInte,1b094268635371e8
rnationa,e07037953e48b160
l Confer,c055d75eb71fd747
ence on ,ba8259d0d78dd807
Learning,23a3491e655db9c0
 Represe,66b527b0c7e2a734
ntations,8db3028e700591e3
  2017 2,342b3f81a110be9e
0 Dieder,0b05ff7ae22aa77c
ik Kingm,f97996bbd5dec56d
a and Ji,c7488c3626c4f244
mmy Ba A,40ca80cbe6d66905
dam A me,749016dd09a0bfae
thod for,1a1a457a2ff25d2e
 stochas,0257bc0a6a8f0128
tic opti,afcbd27dd886ba6a
mization,494edda53259dd20
 In ICLR,429ca794b7c3b9ae
  2015 2,867a66fe7f0ee636
1 Oleksi,1bf698dad175648e
i Kuchai,665ccf3084e59c90
ev and B,48f2464a506efaaa
oris Gin,8a800f029ff39d2b
sburg Fa,455d6bae0314513d
ctorizat,d8028009953ab020
ion tric,ed012b6f19ae4d68
ks for L,3a17e301d9a7374d
STM netw,7605565beed386f0
orks arX,b70bd7b0fcd3e8b4
iv prepr,ca9d6d838a536b06
int arXi,56084785533384db
v1703107,3098655f5672eef2
22  2017,81575b0396ee7b8e
 22 Zhou,9916107b8c366530
han Lin ,c82f1dc73e4bf0e3
Minwei F,baff2decd31ddc8e
eng Cice,df71606ffe0b828c
ro Nogue,0c45d2df679be1e8
ira dos ,c6ac0b3597dc6d14
Santos M,e5fe8c3a0062bd64
o Yu Bin,2018a4b86d6ca561
g Xiang ,1e86c70c9a0d0794
Bowen Zh,7fe74d1da83cf1ae
ou and Y,75828e1ecfbd268f
oshua Be,c1afd606363d3bfa
ngio A s,3bf953d477d73085
tructure,e0d5c234ed0f257c
d selfat,f03421edcc47b475
tentive ,02846889c16fde39
sentence,43ab41f0bd9a755a
 embeddi,71f9b1e6e4f9c7c8
ng arXiv,0552d6eac69da8bb
 preprin,1bcfb53ca28cd1db
t arXiv1,5230fded99956f26
70303130,f90e494bc94c09fb
  2017 2,342b3f81a110be9e
3 MinhTh,0d51353ccfb98ff3
ang Luon,fcbe4cd0b1e0302a
g Quoc V,a38ed9fcfefe0d45
  Le Ily,5dc32bd4d6cb6195
a Sutske,4b75f74bde9aa50c
ver Orio,ddec5562fdfbd175
l Vinyal,bb14d1a4094afd73
s and Lu,cb51fe4df1b7474d
kasz Kai,098b9fb00d80cb24
ser Mult,28d762b6149da200
itask se,44f8c4f5527e6d76
quence t,c2aca82730ab9728
o sequen,48e0d28118aafa33
ce learn,0a097992484e3605
ing arXi,a97d2ce8ded6ff28
v prepri,716369da9a87a5b5
nt arXiv,8dd1d88e821fc54b
15110611,426c47fd102ea7ba
4  2015 ,4a874bac43b62ea0
24 MinhT,980f395442a5d781
hang Luo,109475556009c937
ng Hieu ,a9c5e6e49b0ce6f2
Pham and,271b2de563826941
 Christo,91f994cb0496c8ef
pher D M,8eb91aa73255aa7f
anning E,fd80cbd52b475aff
ffective,08d3b7e13fb0e0b7
 approac,04e84c328a6485b4
hes to a,e8273ea1a46f476e
ttention,0ed0448a97f21839
 based n,d927b79217bc3906
eural ma,e2a6209ebc1cec58
chine tr,e1a8657f84423314
anslatio,7394dc46d2ae1c6e
n arXiv ,2249c78db9516b2d
preprint,c807bbf2a8a86184
 arXiv15,e96b4f89f724deb8
0804025 ,85d2b2ad3d04adf6
 2015 11,b8b0dc0a1d19217e
25 Mitch,65dbc9c3727e60b4
ell P Ma,e3e80862d259d090
rcus Mar,fe1542bed93213f2
y Ann Ma,ea79a93843d425f3
rcinkiew,ac26fd1ca402a47b
icz and ,989fae01e834bc57
Beatrice,8ef58225df3a382e
 Santori,a0a871131420bf11
ni Build,51fedc33ce21c444
ing a la,e05fad2d5cc8ceab
rge anno,eb29d8066154a87d
tated co,af6c962f1f549831
rpus of ,b3860906a47742ed
english ,274d53fe2d7be229
The penn,eba51d89aee116bf
 treeban,5b0fbce2edcee21d
k Comput,fb5898847daa2ff4
ational ,737532b03b1bfd5b
linguist,2817a2839acf2441
ics  192,0b284d91aa0f1e24
313330 1,335f98e438f4308a
993 26 D,77ab2eb647ec5d09
avid McC,03aaeb3e3a872fd3
losky Eu,7d91d1da91104b5d
gene Cha,1fa38a86b5ccc1a3
rniak an,208f35c387485c31
d Mark J,59a83e27b93a9406
ohnson E,e7fcc14643c7ca86
ffective,08d3b7e13fb0e0b7
 selftra,9f108d8971972313
ining fo,6db9fd83d8e5a0fd
r parsin,d9e175dfdec81cd6
g In Pro,85f8d1ccf8057d31
ceedings,e78a67b917970450
 of the ,36e8cde42e89aed4
Human La,2cdb0e202eb8ad6e
nguage T,7abf42642f9366a7
echnolog,d54cb6463788d144
y Confer,adda4ff346603ed1
ence of ,dac8cdd708c45279
the NAAC,6dbc0cd732157325
L Main C,d3933d79745c98f1
onferenc,96d264c638a5e74a
e  pages,91123a062ba77149
 152159 ,45c3cd76980e48d0
ACL June,4f6fc80f04ce0dbd
 2006 27,ddd30e40570ea394
 Ankur P,d67e2a8bf0d81815
arikh Os,172cd8052dded97e
car Tcks,749166e141e6123f
trm Dipa,c8d965ec35a1a72e
njan Das,8c3214de11a7e4a2
 and Jak,0b50be1e6a574070
ob Uszko,cc7441077d0c3c7e
reit A d,bad3e65726efbb21
ecomposa,ca62a0c6a4652dd3
ble atte,d1e10c2e962abbc2
ntion mo,5dfcb7df69145693
del In E,9f7695f58f4a660a
mpirical,6e5d2bdc44184623
 Methods,153d5f74a17e319b
 in Natu,529938038e5ecc25
ral Lang,4c87a4a4fa586d88
uage Pro,ecb51dad49b9c127
cessing ,f8b5ce49bdc10a44
 2016 28,dd3e169a3fa445c0
 Romain ,5d29fcc5ad81dcff
Paulus C,43c10059b948119b
aiming X,bb96c1dfee69cef1
iong and,d58a48b584dffbbf
 Richard,bb0be77adf221f07
 Socher ,5f601f06b57f2bde
A deep r,33f2c2190bd87527
einforce,b6b3d8d8e325e3b9
d model ,3a4e0c0b1388f37e
for abst,144ea1a9b1a998e6
ractive ,d6be04c76fb27267
summariz,758abe4e46db8758
ation ar,375f53b85792f834
Xiv prep,adbc61958e66eecd
rint arX,73561b07c1d5e163
iv170504,85f073db5e64439b
304  201,9dc7e7206b1781a9
7 29 Sla,f2ea4a970afbb3fc
v Petrov,466c361db69866c0
 Leon Ba,30925dbb703b51e9
rrett Ro,0413f5b63873fba5
main Thi,79f7866c9b3580b3
baux and,a83fd5a973961fb6
 Dan Kle,cce303280dd5719b
in Learn,8268e4dc47787866
ing accu,f77460acfd6e5f50
rate com,91904e574885f47c
pact and,d0b749400e2414c4
 interpr,df3fa9384ea635be
etable t,9a858c7bbfd87d57
ree anno,23291a8986827944
tation I,651a5117c45252fa
n Procee,38bc47fa8dbf6272
dings of,6bd7d35ec3cd4463
 the 21s,8fab46270b5c2664
t Intern,9f5e04d020b8e8f9
ational ,737532b03b1bfd5b
Conferen,032eb2e013ba5822
ce on Co,d88fb9410efbb12e
mputatio,d2ac33eb3154a162
nal Ling,ac6893ddc7eb1866
uistics ,faec0b689d395dab
and 44th,5c43960e6bc112e6
 Annual ,948fe9eaac23b845
Meeting ,bd087f2585690a3f
of the A,4b346b1f750c9648
CL  page,0e7d412aed3f454b
s 433440,8ff9ab1c8d57f702
 ACL Jul,473a7c08aec9a7db
y 2006 3,b36589c88b4d1b61
0 Ofir P,458e2c88978f32a6
ress and,277adcb66e971354
 Lior Wo,fcbc7f6d24848f5b
lf Using,cb177ccd389bfc03
 the out,f6cdebe53bb894d3
put embe,1fb790e34a923eb1
dding to,55d219de6d41262e
 improve,ed28029b2f5c7aa0
 languag,6e40b762e25a9c3c
e models,4c1804a3d936f249
 arXiv p,cc254858d732d3bc
reprint ,f664d5296e62f544
arXiv160,06d8e4b0eada245b
805859  ,42aae93776696db3
2016 31 ,01f2d96d46163358
Rico Sen,a88191b6ae1d2745
nrich Ba,e4fc61ea05d2397a
rry Hadd,67f7ffdaad9f2dd1
ow and A,e7de5b9055138abb
lexandra,1e68aa1f2f175e5e
 Birch N,d02fffa8051dbf7c
eural ma,e2a6209ebc1cec58
chine tr,e1a8657f84423314
anslatio,7394dc46d2ae1c6e
n of rar,d4ed556e0a5d8dcf
e words ,dcdb5d9263f00130
with sub,4d6e3642b9b90978
word uni,7a705bc5d94217ed
ts arXiv,1e9ac3edae59326d
 preprin,1bcfb53ca28cd1db
t arXiv1,5230fded99956f26
50807909,63571b299f2132c5
  2015 3,cc517363e57693e2
2 Noam S,64341704c2ce94ba
hazeer A,cb165a5c27d5c2e8
zalia Mi,f6ccda414f8cb4e9
rhoseini,ab747e0e90af5551
 Krzyszt,1ad8b6a6c3e999d5
of Mazia,ece562b3b4c8ef6c
rz Andy ,4d1075df0a461b41
Davis Qu,57cfcadea4046779
oc Le Ge,201e290120c57d26
offrey H,dd3243e420b06ccb
inton an,6274b297710737e3
d Jeff D,aa0717cfcd63a7cb
ean Outr,aa1b236620fd491d
ageously,ac44ec07a9715638
 large n,e73809dcf0c28d52
eural ne,1a3b35042c6b0652
tworks T,70e004877f142bb9
he spars,eca763d8082fef0c
elygated,9cd5f5115fdc2dbf
 mixture,8a06ea08106b8075
ofexpert,fe541120fc53a945
s layer ,c2a395a177a644a8
arXiv pr,e22b18ef35aeb7eb
eprint a,e51351e7488a40c6
rXiv1701,6d8752ca8e72f528
06538  2,3da6e301d2facd30
017 33 N,36a86646e3a1a959
itish Sr,5104e34239d784a6
ivastava,33c1ad7d13da657d
 Geoffre,c540ac255be2326c
y E Hint,4efb8081f842018c
on Alex ,a218216710c33a19
Krizhevs,90596723f98ebacc
ky Ilya ,c92cb38fc0d7afda
Sutskeve,967c3e39f3e4f228
r and Ru,5017aa7479bda9a1
slan Sal,c50edfb08cfc91e6
akhutdi ,04c153be9942dba0
nov Drop,a8167b70de57c9ad
out a si,61f66d78c4e52210
mple way,8569e44a8a68dcdd
 to prev,0602559a66818e92
ent neur,da968d771b76094f
al netwo,a5f24d49abc03329
rks from,f5f69df4a37f4693
 overfit,13ada4b5e8548338
ting Jou,205acfab6bb63238
rnal of ,495f35e06f4d0348
Machine ,af9ae9edd254ea87
Learning,23a3491e655db9c0
 Researc,e991e89af98ad551
h  15119,aeef4c025cb4307c
291958 2,9f0af49c8909292c
014 34 S,597815ec38e8ffeb
ainbayar,f892fdf08e6ea24f
 Sukhbaa,4bdedc7ed68ec3dd
tar Arth,181eb6e24d23dd6b
ur Szlam,73da41205d40fa78
 Jason W,64bca9556df92f2c
eston an,22298a0f294b377b
d Rob Fe,fce3292b1b81ff73
rgus End,26a8d297da2bd233
toend me,bf47e7b802d668cf
mory net,9caf4f428689327a
works In,b0b01fa9f672fb9b
 C Corte,e2aded276cd00c94
s N D La,722c9343987f2ac2
wrence D,bc6d666d544661f3
 D Lee M,6656f8f8e2758366
 Sugiyam,3d99b7201cda1072
a and R ,b0d64b785b2e6fb1
Garnett ,16188045f7ecf523
editors ,f602d2d420086908
Advances,689554ef01a740f9
 in Neur,416925b677db573b
al Infor,69d246578faae19f
mation P,d1423c1c68f2b6cb
rocessin,4812252665a2da34
g System,a58421b33f8458bf
s 28  pa,8fed05b8c2a11031
ges 2440,5bee2cb8cdc331ee
2448 Cur,55e5e42612cf9a91
ran Asso,d24d50cd1f75bd5f
ciates I,ae5e2fe2e922c612
nc 2015 ,0abe40ad4fe058de
35 Ilya ,3e59ff2d886e97dc
Sutskeve,967c3e39f3e4f228
r Oriol ,9966c893821af7b6
Vinyals ,bdd1f4b0a47fbe20
and Quoc,6eeb6315afddeb2b
 VV Le S,81c730c777e16682
equence ,b5b8d16759ccec53
to seque,09e14a276d51449e
nce lear,c2b4b238075fc1ed
ning wit,57d9d90d5c81788d
h neural,9cfa646e65fa0604
 network,b660b36b98efdf3a
s In Adv,2864772d65a6d437
ances in,ce597607c40ddd71
 Neural ,e392cb10e840a414
Informat,d45866dfeb33d2c5
ion Proc,d4af494b54b4b482
essing S,b55043b7855d8a5e
ystems  ,9f526d96fa7c88d0
pages 31,7b740919ba633149
043112 2,7acd8afc532ccfe0
014 36 C,9989eb2dee459d88
hristian,7fff7076dc85a5da
 Szegedy,1e85fb1e334f3740
 Vincent,58226d626c252780
 Vanhouc,910bd4c019226e56
ke Serge,0352bd28b6c1dff6
y Ioffe ,a3a3665c3f35a45d
Jonathon,f9aac03588d6b4a7
 Shlens ,1c96c1329827d7a9
and Zbig,1f7141c339095f7a
niew Woj,0690313400f87a45
na Rethi,8333b29a53f856fb
nking th,fb6158a227aeae77
e incept,b0ecf779d893da56
ion arch,2439836df8da75ba
itecture,cd631bc2e81c4519
 for com,8df5c0c7228ae87a
puter vi,218a35546fdda96f
sion CoR,52cc9b6ff8bcfc93
R  abs15,766e30eefd938d3b
1200567 ,07f40b9bd6e0bdf1
2015 37 ,689dad27d68c9e18
Vinyals ,bdd1f4b0a47fbe20
 Kaiser ,5742091607e25bb9
Koo Petr,d52d2e2defd2f4c8
ov Sutsk,bda4f1dc9980bde5
ever and,14dd11bdb2d87a34
 Hinton ,b3ac9e0ecb41e290
Grammar ,42883e4845e2dd3b
as a for,3c9205d6ad3bfadb
eign lan,733304d41cb1584e
guage In,7b074e27a468f66f
 Advance,3e29c87b3d167563
s in Neu,3595d66dcc8e2234
ral Info,667f2fc3c9cc4868
rmation ,243295bd56891dc5
Processi,b3fcc63b949a6932
ng Syste,b9e0f893a4073d17
ms  2015,5a22ff5815b000d9
 38 Yong,81693d9ed7ab0e2d
hui Wu M,cbb155b6597d4cb4
ike Schu,f69d6a478dc25825
ster Zhi,4956aabdc7c88a24
feng Che,bf17dab7a3294417
n Quoc V,a31b175bd93c5074
 Le Moha,bc27c16f1b8a765c
mmad Nor,5d7e7207c6d5aa3b
ouzi Wol,a8b8e8f7cd980e3d
fgang Ma,d4cde99fdca0bbed
cherey M,b31d2a50203cc2c6
axim Kri,68462eaa19de46ac
kun Yuan,0488667946e966f5
 Cao Qin,fdf7a6da0c3f8cb3
 Gao Kla,b488aff54a3c42f8
us Mache,8bdaae8d0a106b7f
rey et a,89b65fb7fdca6bda
l Google,9b955efef0cd0a76
s neural,46e6eb625583b7bd
 machine,422ad4da8466a9ac
 transla,6401523a43d2a641
tion sys,6e676374ceb61437
tem Brid,4c71e832bf2049eb
ging the,230be0e7f47b5370
 gap bet,f60b8eb377cf1314
ween hum,958ce47f31f9a47d
an and m,5de840bba768b51e
achine t,c3e2783270389fcf
ranslati,8197311e62647d7c
on arXiv,d87ab4ba0adaf374
 preprin,1bcfb53ca28cd1db
t arXiv1,5230fded99956f26
60908144,b03bf1b1fafb7cf1
  2016 3,9d42573a3e3d0d54
9 Jie Zh,9a69eb6c38967682
ou Ying ,0218452eaa919bf8
Cao Xugu,b4309916123bb3a6
ang Wang,11c8822bf0ad6aed
 Peng Li,0a4ff51e737350a8
 and Wei,498c54251b59afea
 Xu Deep,00258f4d04faeae1
 recurre,74a985163e3fe634
nt model,230d85cf9d0c0c1e
s with f,fb237af3c2320595
astforwa,7d5738867ddc1645
rd conne,4707c71ab55c9299
ctions f,4f58ece537ce1eb8
or neura,62da6001fd75316c
l machin,727b9e0c2b86a14d
e transl,0480dec00979fc17
ation Co,aa99ca56c9dde6e7
RR  abs1,8282c3879852000c
60604199,03edd2e2fddd2c80
 2016 40,9040ababa71e2d52
 Muhua Z,b3ea03d202eb747f
hu Yue Z,d902e0d518600a84
hang Wen,b51c432c76d198b6
liang Ch,599adb5c2bee7298
en Min Z,dfc69e46acb54922
hang and,4e671cad9447f919
 Jingbo ,cb0d3b1e354636db
Zhu Fast,ea7f5477dcbeb008
 and acc,7feef8ada79ab68d
urate sh,108177d3d9870328
iftreduc,966b9feb35067fe9
e consti,5e0b2d54d4fbfab4
tuent pa,2cbaa9b5d5bfcea3
rsing In,344b9c358c2daef1
 Proceed,7c4499fead12299a
ings of ,f4728547c897e579
the 51st,5ca232bfb0469e08
 Annual ,948fe9eaac23b845
Meeting ,bd087f2585690a3f
of the A,4b346b1f750c9648
CL Volum,df9fffbd0f8af3b0
e 1 Long,8bd2f443e8e9f191
 Papers ,32b09f8768267c74
 pages 4,c5e41a2e5fdde1a9
34443 AC,5ebc0c85a93fcee6
L August,5e410a8e6242a429
 2013 12,122ed544019f0fdd
Attentio,8616b627b3966418
n Visual,ff1a7b2196d0a62a
izations,cb6e0260a82a0dfb
 InputIn,dd7880dec9c6ae30
put Laye,7ea365e90afeba6c
r5 It is,1d89b036167e551f
 in this,7d373413dea34341
 spirit ,996215742398a123
that a m,041ef4380a1b0ce5
ajority ,160415051ec40a60
of Ameri,15c73039934c8860
can gove,d921e9e0306c4b96
rnments ,490ea173a6287530
have pas,ea92d16eaf580298
sed new ,cdbdea1c680ce1f3
laws sin,4e050864aca2679b
ce 2009 ,930df2225f667e39
making t,82eef4d1de33ad65
he regis,910770b961739387
tration ,952c685884980a3f
or votin,15e4e3643bf478e7
g proces,a852ebb067ca5db7
s more d,2ffbf0b0696ff418
ifficult,5a2fd2d8d3ecd11e
  EOS pa,7150a91aab4f453a
d pad pa,7ff7826c2ecf9567
d pad pa,7ff7826c2ecf9567
d pad It,9f95c9618a70ff7f
 is in t,d2c738319bb62504
his spir,d34d041313377f21
it that ,c1c053604024c943
a majori,c412f4775449a792
ty of Am,0494d5000afbfe63
erican g,38c32e3813961f4d
overnmen,5deb834ba021ef26
ts have ,0bba59476bd7f339
passed n,af09ad870a06c433
ew laws ,5ecc2e1ed2a54379
since 20,551e55e85b9228ee
09 makin,d95f893f440e9a91
g the re,bb5ecc9cfebaa831
gistrati,bdba4990adeaad72
on or vo,2f94aa9ae93ecc6a
ting pro,693906110753aa73
cess mor,13d9639111880157
e diffic,a8ffa36a4a4a9573
ult  EOS,4f62f017bf07ad7e
 pad pad,f241bd8c1a86964b
 pad pad,f241bd8c1a86964b
 pad pad,f241bd8c1a86964b
 Figure ,b353e6675dc64dd9
3 An exa,b74fc250375b0855
mple of ,58329f7bb8df1302
the atte,2e836b1fc22da512
ntion me,7ad5c1f6de42691b
chanism ,6a0ca7f438b7ae45
followin,71baf93446bf9d90
g longdi,8deed4f737a08adc
stance d,5e5e0ec171a4157a
ependenc,f23504415080c18f
ies in t,ccbf4a86a67e9559
he encod,ea879b574b0896bb
er selfa,145460ff922f7f40
ttention,0ed0448a97f21839
 in laye,d0ca56fe9b56405e
r 5 of 6,0691cf7422781946
 Many of,cfec8be9a7eb3c54
 the att,3de4bb169ff5e5f3
ention h,d7a926fce5d43889
eads att,190c0e53eb255716
end to a,8487368b514567d4
 distant,45935ffe022623f9
 depende,6904630cd0adf1d5
ncy of t,ee259b7c6876f739
he verb ,95c266509df336bb
making c,ea7dc790f682d8ec
ompletin,37636bc85adae628
g the ph,cc5187a570d0ca5e
rase mak,7847a8527465778c
ingmore ,48a34063e871f92c
difficul,8d59af6b88d478e7
t Attent,297349c98e61bc40
ions her,f92456d69d0d66a7
e shown ,4c8291ac8ea30eb4
only for,a2ee98169f3cb900
 the wor,bd426c7342b1a913
d making,295d621fbf5bc65b
 Differe,5a6a3f1daca01041
nt color,3026ad0200056811
s repres,0f494a1799c79f47
ent diff,039051ee06eebe3b
erent he,ef136805328e41e6
ads Best,d0a79c8828a07623
 viewed ,6d2a43a5424bd65f
in color,4e3a5c24b26a0283
 13Input,2c811035a7c08af0
Input La,58e068d8fcfcc2ea
yer5 The,e449a45b5759a83d
 Law wil,2c659db3375ab0be
l never ,2330fd372aeed097
be perfe,958dd2cb378ff2d5
ct  but ,cd705b0af9567017
its appl,8607b086977e7f6f
ication ,f325999d79ec6c29
should b,430c9827c47f5547
e just  ,09a3e00071b95cfe
this is ,b3ad057e191588a5
what we ,7250f3990e25b983
are miss,8d350b950cf059ae
ing  in ,26d6bb048226d4bf
my opini,4651fc3d4ecad20c
on  EOS ,54f929c9bd3c2266
pad The ,f041aa4b5178ee66
Law will,dea2f44d4f889a18
 never b,9b0fc2793e4b3665
e perfec,5823f1dfe30a2468
t  but i,be971d323c583f26
ts appli,25e3af6fce2f62c3
cation s,643808a5dc62c655
hould be,1436418498e73422
 just  t,6cc887c8b4481b7e
his is w,95370e3e783758d7
hat we a,11a4b1213b9784b2
re missi,42cb239f5aae6bb2
ng  in m,c82ef8b60e527815
y opinio,61ee48b26e704928
n  EOS p,f3d1ef39d434c7b6
ad Input,c1c25b421c6a23ee
Input La,58e068d8fcfcc2ea
yer5 The,e449a45b5759a83d
 Law wil,2c659db3375ab0be
l never ,2330fd372aeed097
be perfe,958dd2cb378ff2d5
ct  but ,cd705b0af9567017
its appl,8607b086977e7f6f
ication ,f325999d79ec6c29
should b,430c9827c47f5547
e just  ,09a3e00071b95cfe
this is ,b3ad057e191588a5
what we ,7250f3990e25b983
are miss,8d350b950cf059ae
ing  in ,26d6bb048226d4bf
my opini,4651fc3d4ecad20c
on  EOS ,54f929c9bd3c2266
pad The ,f041aa4b5178ee66
Law will,dea2f44d4f889a18
 never b,9b0fc2793e4b3665
e perfec,5823f1dfe30a2468
t  but i,be971d323c583f26
ts appli,25e3af6fce2f62c3
cation s,643808a5dc62c655
hould be,1436418498e73422
 just  t,6cc887c8b4481b7e
his is w,95370e3e783758d7
hat we a,11a4b1213b9784b2
re missi,42cb239f5aae6bb2
ng  in m,c82ef8b60e527815
y opinio,61ee48b26e704928
n  EOS p,f3d1ef39d434c7b6
adFigure,ff260f6674c8cc01
 4 Two a,a2ca27422bfc3f22
ttention,0ed0448a97f21839
 heads a,bf9772b74f9bcce7
lso in l,adda96d49a8778a2
ayer 5 o,86508f1d7deedade
f 6 appa,defc3815ebccee70
rently i,09cd85eeef5458e1
nvolved ,aeef6ac2e0e0ef89
in anaph,d18f70ef738b5620
ora reso,5dd0344840e2d17a
lution T,e1c5359e8680f84a
op Full ,6519e7b1773a0390
attentio,9fc0e635b6f4da0e
ns for h,4d6452ff7c2c5546
ead 5 Bo,4c6c7f29d8c029c8
ttom Iso,69aedc14d15e7622
lated at,4d1f6c39fdb9d3c6
tentions,1c6966944cbcfb47
 from ju,2a53597ab5c0906e
st the w,21ebc4822d279c9d
ord its ,ea2718d2afce228a
for atte,68c19ef4974b04a8
ntion he,ab3bd187755be85e
ads 5 an,7b2390a8da1b05ed
d 6 Note,8b0b65ab47c27e08
 that th,6526a426653cac3b
e attent,6b1a17a29215f258
ions are,a476af75a8694278
 very sh,8f2161f2244337a8
arp for ,bfbd577fd084f1c1
this wor,4919944ff610d2b3
d 14Inpu,0d72b44ec8111db8
tInput L,92f3361a0b1b5fbe
ayer5 Th,35e8b06e5d767fd3
e Law wi,edd672424e7acdf4
ll never,950ccf9416cb221a
 be perf,b244fa00f9abb5ad
ect  but,3468e03d3bd08c79
 its app,51c25f4ed74af72b
lication,dce5cfde26495e79
 should ,fa8a78473116bb3b
be just ,b11de07871053dcc
 this is,d87982601e816aaa
 what we,2cb07ced7ad1adba
 are mis,fb85b83317c0a729
sing  in,f934dddc1d91bfb2
 my opin,ed14f26f7ac2057c
ion  EOS,03618caf5cfdcafb
 pad The,b4fef1e6ba02e8c8
 Law wil,2c659db3375ab0be
l never ,2330fd372aeed097
be perfe,958dd2cb378ff2d5
ct  but ,cd705b0af9567017
its appl,8607b086977e7f6f
ication ,f325999d79ec6c29
should b,430c9827c47f5547
e just  ,09a3e00071b95cfe
this is ,b3ad057e191588a5
what we ,7250f3990e25b983
are miss,8d350b950cf059ae
ing  in ,26d6bb048226d4bf
my opini,4651fc3d4ecad20c
on  EOS ,54f929c9bd3c2266
pad Inpu,0cb5d2d4be1650eb
tInput L,92f3361a0b1b5fbe
ayer5 Th,35e8b06e5d767fd3
e Law wi,edd672424e7acdf4
ll never,950ccf9416cb221a
 be perf,b244fa00f9abb5ad
ect  but,3468e03d3bd08c79
 its app,51c25f4ed74af72b
lication,dce5cfde26495e79
 should ,fa8a78473116bb3b
be just ,b11de07871053dcc
 this is,d87982601e816aaa
 what we,2cb07ced7ad1adba
 are mis,fb85b83317c0a729
sing  in,f934dddc1d91bfb2
 my opin,ed14f26f7ac2057c
ion  EOS,03618caf5cfdcafb
 pad The,b4fef1e6ba02e8c8
 Law wil,2c659db3375ab0be
l never ,2330fd372aeed097
be perfe,958dd2cb378ff2d5
ct  but ,cd705b0af9567017
its appl,8607b086977e7f6f
ication ,f325999d79ec6c29
should b,430c9827c47f5547
e just  ,09a3e00071b95cfe
this is ,b3ad057e191588a5
what we ,7250f3990e25b983
are miss,8d350b950cf059ae
ing  in ,26d6bb048226d4bf
my opini,4651fc3d4ecad20c
on  EOS ,54f929c9bd3c2266
padFigur,0bc237cf94a56879
e 5 Many,227f27195cbd1f34
 of the ,36e8cde42e89aed4
attentio,9fc0e635b6f4da0e
n heads ,fb65abd72b6a28b1
exhibit ,b68b3b58a08ed306
behaviou,ddfeef317755dc7b
r that s,583761852bcf3f51
eems rel,1a8e3cc6cf2d275f
ated to ,8b42c45ca5353c4d
the stru,cba2bad3d6de5a13
cture of,d519a4ab897a2987
 the sen,27202484feb7939d
tence We,78a5a50810962ad6
 give tw,bcbd7a21eb937c77
o such e,80bb541660a22d39
xamples ,7c7de864138f4c8e
above fr,58d2386035a348f4
om two d,3090ce3c71b18776
ifferent,5f477d7ac646488c
 heads f,e0bca2438884ab81
rom the ,3cefe81fad823ed2
encoder ,82fc3744b8b276f2
selfatte,15a56215611c29e9
ntion at,2f9ab178353ab97a
 layer 5,f8a50aa823864635
 of 6 Th,1b8e302594bd4023
e heads ,e5d54d74e5ab01ee
clearly ,48de50c6e17ef6fb
learned ,10cdfa303b6bf8c3
to perfo,be3c54c98e884bb5
rm diffe,4897349ed29ec3d9
rent tas,42f79434736d1fee
ks 15   ,7d937b08921c3ea2
