Plaintext,Ciphertext
aaaaaaaa,0c7e1d9be3914b36
bbbbbbbb,05d394e701779e47
cccccccc,acbc1f4096e2cef0
dddddddd,bf0d4258d3bd21fe
eeeeeeee,08284d6bb860c046
ffffffff,86b752a44821b66c
gggggggg,1e22eb6acb437d15
hhhhhhhh,f02fe5c70a3a31ad
iiiiiiii,e649f694d9f4f9fe
jjjjjjjj,390a860afd2687b0
kkkkkkkk,1226d8d9e2b102c9
llllllll,e95ee8b1886ecd16
mmmmmmmm,f3b14803643670fa
nnnnnnnn,1b7b6420ccce6ca3
oooooooo,5ad86c9917f57698
pppppppp,86b7ae39ca4c63dd
qqqqqqqq,dc74200bade12fd1
rrrrrrrr,9e6a41d83c0fb51f
ssssssss,1d4179cb9cb823a8
tttttttt,5e98cb5bdeeb9445
uuuuuuuu,d38a8e9020f72ae6
vvvvvvvv,fb94cf9a0620006c
wwwwwwww,363708909a8cc590
xxxxxxxx,5f1259d9d07810e4
yyyyyyyy,e6beb6894dab4e8f
zzzzzzzz,2ea0231d45ea1818
00000000,a724b9e7f29b5eaf
11111111,444a101efd267eb8
22222222,a7dc78ea9b8de80c
33333333,3dd7504a0bbb6f2c
44444444,9b4b3a77c8d45696
55555555,017c3dfc69602ffd
66666666,fb0fbb06b2e813d0
77777777,24ebd6647bbcaea9
88888888,e379cdc573b49e07
99999999,7fb21468249242c0
Provided,ce50edc20ee81e08
 proper ,b86fc6ce2e3322e8
attribut,4850d473f59df73f
ion is p,7de41e2e04796144
rovided ,7ebcc11273a40bb2
Google h,51e95ae6b0014e7c
ereby gr,b41b00c2eabfa1a4
ants per,fba3a5c690c75047
mission ,3a3474d3de5b8b26
to repro,4fcab02859eee1d2
duce the,2174ec75d089502a
 tables ,241cc9ac08d849ed
and figu,93c3a934090419ec
res in t,b75edda92873f322
his pape,60262093ab3aa314
r solely,cb64af8acbb14aca
 for use,a0dae0420696b785
 in jour,6029b0d5bbba42a1
nalistic,ba55aa23e0d9506a
 or scho,93a06306f9179123
larly wo,87d52a61dabcc320
rks Atte,05026fe580d787aa
ntion Is,bf5ede17a03d5306
 All You,3ffad4491453fcab
 Need As,cc8f4df325b2dba6
hish Vas,d449a31bdb354a65
wani Goo,8f6308d4c12011ff
gle Brai,07ea643bb43484ad
n avaswa,7f9678ed7dbb9362
nigoogle,7f6a24acdb545a1b
comNoam ,d5c2ac6c4cbb500f
Shazeer ,7c4daa4efae83730
Google B,de2425e26a4c62f6
rain noa,ad503cdeae8b478b
mgooglec,bfe9d7d1999e6b0e
omNiki P,749dd5b966e56570
armar Go,197ad7002721afa1
ogle Res,8c4762ba0a856649
earch ni,6b9a0a2bfe59ac70
kipgoogl,4e7819fb601ebf91
ecomJako,96fbf577e2d8fe93
b Uszkor,2569362f781010a7
eit Goog,d651e68810431783
le Resea,f91c6146a74fc0c8
rch uszg,3a59cb1bbcec05d0
ooglecom,6201c42fae44e1b5
 Llion J,0c69cc3ac9559087
ones Goo,fd9bb4a3df02113c
gle Rese,ad9ab9cbed8a9f48
arch lli,246772e5dd271d81
ongoogle,eb8815552f163c07
comAidan,1682a00ed72ba0c9
 N Gomez,ed7b5f9fa49f4ddc
  Univer,6341fd399b6f30e0
sity of ,ccbfa023791e8680
Toronto ,b689d4522a1be6fb
aidancst,2099ac61006420ec
orontoed,a9e7be4a8efbec1e
uukasz K,c46db11b42b99fe9
aiser Go,384055ace6bdfd35
ogle Bra,9ea30cd8c6ba740d
in lukas,5fa29519ec14bb9c
zkaiserg,5893704e3e345b60
ooglecom,6201c42fae44e1b5
 Illia P,9cad39843d83ea23
olosukhi,99acf72388075a3b
n  illia,96d3f7ed921b746b
polosukh,a08319dbaca5d44c
ingmailc,17c10202b0f930f2
om Abstr,9b6291f72274f3e1
act The ,b39664faadea80bc
dominant,52e60b5ea7bcc762
 sequenc,a95b63d282ddbb7f
e transd,f1bdbc1124d34f21
uction m,ccc4e57b34203b16
odels ar,6cc64b0f7cc121a5
e based ,b8e46bf3f3046e76
on compl,db499993dc4fb793
ex recur,5fbc245f1fa334c2
rent or ,8319de73afef8fe2
convolut,ee2785c98dd6934c
ional ne,789481831af3880c
ural net,05c97adc7aa35bcb
works th,308c975fc7ce303d
at inclu,d5f7c93913294c6f
de an en,7d4a577e95f20c7f
coder an,ec84e006c98451f9
d a deco,e66c8b9071e1eed7
der The ,6fb529a722ae3453
best per,9b5342ede2eb6d64
forming ,356af54fc378d5c2
models a,e910b04f7d9e9254
lso conn,1963803343b1451b
ect the ,5f1038a7bca676d5
encoder ,dcc5fc4782fc3744
and deco,38766e8b87680387
der thro,f3aefa2b57537769
ugh an a,b9707bb05327e896
ttention,1256dfa50ed0448a
 mechani,bc558c75e498dac2
sm We pr,f57957fe17a2625f
opose a ,67597de82158655d
new simp,921eab15d04de27b
le netwo,b834e68f257ad645
rk archi,4d1dce6c3c02d432
tecture ,2148cc3b84691169
the Tran,f9b118f1620a7274
sformer ,ce448f6ad4ccbfdd
based so,ef9a2ea160c231f2
lely on ,e28dc7b431757663
attentio,293abe129fc0e635
n mechan,be0d57c81bc408d8
isms dis,56b99c1b0447be61
pensing ,6a106f953fa741e2
with rec,a11467260e62e198
urrence ,1de3e65374893156
and conv,ea1ebc53629fd4b4
olutions,082dea82e4db782e
 entirel,be71e2f0ba155462
y Experi,f977bb5bc2d61482
ments on,47e018b5eb480037
 two mac,a735c73c23a313ae
hine tra,13e3e6b0efe2cb59
nslation,300fa0be570e9b62
 tasks s,84933ae93efff00b
how thes,4f49f34171ebbd5b
e models,037848cf4c1804a3
 to be s,d2d3aec8711b01e8
uperior ,ff7742e2f078c9e9
in quali,6993b7a4c77a82cd
ty while,6a4af8ac1eadd944
 being m,37f83c382ceeb50d
ore para,1c265869c130b644
llelizab,426de6cdb076c32e
le and r,14a75ef1365c3503
equiring,9a215a0c50e24b85
 signifi,178aef7bce82a950
cantly l,8f2fef01e6594e65
ess time,9e14d320866aee17
 to trai,ea89c2e557708f12
n Our mo,45df296b6f6b09b2
del achi,a73217f9c1458f7e
eves 284,87bcc4bafa4f190b
 BLEU on,430cc5043e9f79d8
 the WMT,64b66f8b096bb1b4
 2014 En,854ed8b6657ac164
glish to,7ac00dccd855fd39
German t,d8aeafc48f3aec03
ranslati,b0678fa28197311e
on task ,092fc8c22f1f73e9
improvin,10aca18e06921cfd
g over t,c251b7d8acb63ad7
he exist,f1b536e449484a1a
ing best,12dabe5b0f309ca6
 results,15701239e017afa0
 includi,fa94c232e630b235
ng ensem,b0a50be9fc5e10c6
bles by ,b5b2ec40563c1c73
over 2 B,350915cc1b8198d0
LEU On t,42e240339e4b63d4
he WMT 2,ac329b81d48b8136
014 Engl,5469298f6b5a8d20
ishtoFre,191699c050cd2e63
nch tran,aaeda7e8f0b082f5
slation ,a0ce583f78498269
task our,7593a310b47a636d
 model e,e131c458ad9b6bd0
stablish,67d6f7a01227af10
es a new,ea940bd8e275f67c
 singlem,1f3cd22c9bd71f12
odel sta,cdbdb5ba0a37c9f3
teofthea,d4d02cbf99a18378
rt BLEU ,57f32d470a41acac
score of,3023b40a444900ff
 418 aft,398f4b382cc03ec0
er train,a1fe2ab7e7cca2bc
ing for ,5d40b2fa09c9bb42
35 days ,222a02aba92d493e
on eight,f1c7b4d5b1ca57fa
 GPUs a ,b3c1788dca677b87
small fr,35d32d257bb674ec
action o,6edf4063c2a5adf1
f the tr,0cb47c4c2f29eda7
aining c,764565d91a07c10e
osts of ,de8b0e7763eff04d
the best,af3456e42103bf24
 models ,d9f0c2d2f2e3d2ae
from the,a4dba6bd9672de08
 literat,3d55a5fd2732ab92
ure We s,c86a2fe7fe7b3d8b
how that,876f85a405e39944
 the Tra,9b6d4fea824ac62f
nsformer,dc59fc09507d5d1c
 general,298fc1fb9a8d884d
izes wel,eed603f0123fe500
l to oth,9261a3a64dfe1486
er tasks,1ce277c179057d5d
 by appl,b41a5349ccd30e67
ying it ,c2f3a9b77b17c5d2
successf,c53ee06aacdfdd33
ully to ,9c887b4b6dc35cec
English ,7164fa11d67bccd6
constitu,c0bf8d1bfcea0d2c
ency par,0a7e6e90d74f709c
sing bot,1573841692d2d752
h with l,0c1c3cab56b4d8da
arge and,8f0fcc9533cd043d
 limited,0b1f6c7ec24dc109
 trainin,162279f7069b0ed2
g data E,79563dd84f97275b
qual con,25402a7bda44a85e
tributio,854b71acfae40389
n Listin,95f6db7c26954c73
g order ,42530c1f101c9400
is rando,d32cb82ad00e78d8
m Jakob ,7b82b7d8a780ee9e
proposed,76fb37adc041e3d8
 replaci,9cad043e899f51ae
ng RNNs ,4b8c61def66769eb
with sel,d840c105e6afde28
fattenti,ee2417ec9853a074
on and s,9e7c648f0f9aef22
tarted t,6775831001000852
he effor,ac10bba4ba757d26
t to eva,8ee226771f8da843
luate th,dd8d9b193dee3d53
is idea ,17e53cbdb76446b9
Ashish w,82bcd27fe446dcc4
ith Illi,69351444d907fb0c
a design,2cdbcc4ff3ad0137
ed and i,dc3ec6ffb305c5ce
mplement,0be0d7a2761bbc12
ed the f,aa8a0b2c8e356927
irst Tra,d9a762cbb2d99a76
nsformer,dc59fc09507d5d1c
 models ,d9f0c2d2f2e3d2ae
and has ,c950906f948a2da7
been cru,d507dadfe52a43bc
cially i,8b840349fb780225
nvolved ,f56984f1aeef6ac2
in every,015847b0d3873f41
 aspect ,73fc48c22d3544de
of this ,49af1d93e42c958e
work Noa,b61a968f561ce744
m propos,aedc62a76f3e1d2a
ed scale,74ca7bc06ee24828
d dotpro,967b63b6ed68388f
duct att,c6b2c3101204f5f4
ention m,c2f076fe3703ed0b
ultihead,1e599b16f98f912b
 attenti,ab9f9fd18534cc10
on and t,80fc0f8375c04bb9
he param,a6bd4c9aac13b5ec
eterfree,9852f53dac6da072
 positio,e9e98943602491c5
n repres,ca1eb962016ea00a
entation,ae73ba5592e24559
 and bec,9d55242bfb48b421
ame the ,aa40eb4aa2b49311
other pe,9797f943ea8ee330
rson inv,07d3af6a70a9b23f
olved in,4e5708fa13b65963
 nearly ,b1a0f7539337fafc
every de,b26b97c4fda9d72c
tail Nik,3fa4d40a40149572
i design,ac9c059200c809db
ed imple,afdc88fa232c834e
mented t,8c461e39015dace4
uned and,3df94e53c6fd4209
 evaluat,56e9e9ffdd03571b
ed count,56fb1d12bb016968
less mod,4c60562266c06e9f
el varia,3f1dfb9cd17f5475
nts in o,51bcc91c46d3fe56
ur origi,2b354fbce7f5d0db
nal code,96902e51add4d7ad
base and,33c4b28e0ec6bc42
 tensor2,ec675cbb32d9275b
tensor L,ea29233cec335315
lion als,b75aa20a406ed6ba
o experi,7b1b81d9aabf7927
mented w,1043ac183050731a
ith nove,f8cd548d1c3447b4
l model ,25f3d53a46455925
variants,368266d8c43f0514
 was res,8857001e01992fb1
ponsible,45ef0193f48d3752
 for our,a9700dd6c4b04f93
 initial,407d90361824d0f4
 codebas,c8c833673d69fe67
e and ef,d4285fd4787f18f1
ficient ,443c3ec69ecf8d17
inferenc,b702dc134d18ea83
e and vi,e607ff856aef756c
sualizat,34cffa56c3225140
ions Luk,96cce449df5e42e3
asz and ,4d8e3b33b2b8753e
Aidan sp,1b059d6efe4a972a
ent coun,d7eaec474b78ccd9
tless lo,00d81dc23896a696
ng days ,00ad6d81d3d94880
designin,97739ca7b57b591c
g variou,6cf73fd84372d786
s parts ,033c1df9fc7e77f1
of and i,8da2bef0931ff031
mplement,0be0d7a2761bbc12
ing tens,cdb1901eb1703145
or2tenso,66ddf3f2981c9f86
r replac,7d8b23e11afc5f5c
ing our ,4dd91c475b9fcfe9
earlier ,48268fdfb688cf17
codebase,615d6b637f83884a
 greatly,103423a8ea6dff8c
 improvi,eca23f5959b30602
ng resul,8ec8c1d0207eb90a
ts and m,6860d4454ec40382
assively,e46d7fc7c93ea212
 acceler,2e35e7589c6748b5
ating ou,70d6857695cfaeb3
r resear,627013096d380d0c
ch Work ,1e3be8767a41d5a6
performe,c3d77f94a6cf7ef3
d while ,6600bf67a6bda0db
at Googl,77d4c776600fe589
e Brain ,149475e2c13dcb68
Work per,eaffdf1693ae15d9
formed w,d1360ff320117486
hile at ,3713bb8c1251735a
Google R,9bdfffa80af252a3
esearch ,fe67204d033c0b25
31st Con,e4e6083456f88531
ference ,043065bca3567b1e
on Neura,ae5f30327d1e6957
l Inform,532761bcb1ee687a
ation Pr,e65d2f672f2c0d04
ocessing,13d4a8669aaa7c46
 Systems,3d9932f8879bf16b
 NIPS 20,63d1ea4dbdc86080
17 Long ,4f194f0c4a8ee4a2
Beach CA,af41f243b2796971
 USAarXi,89572fbb654b5128
v1706037,19f3c868d1014ef1
62v7  cs,77b7d3ba0d2cc371
CL  2 Au,d98547569c07438d
g 20231 ,3a59ac0100de8eae
Introduc,ce4707277931fa54
tion Rec,969ab6f64859bd2c
urrent n,800f719f87c936f9
eural ne,5aa282e81a3b3504
tworks l,bf50ecb4c7cfd4e2
ong shor,d3c71e4b0d0e93bf
tterm me,0e0582deaad67ec4
mory  13,8e884dc3157adae6
 and gat,0993a781d0c08291
ed recur,12c13b3ffda8d73d
rent  7 ,6b54ef9b688487dd
neural n,a58c0848506924cb
etworks ,457db824a8cf2709
in parti,560acca33d1de768
cular ha,3a6625f8944d70e0
ve been ,5183695ace051bf9
firmly e,8e9abaf24c7875cc
stablish,67d6f7a01227af10
ed as st,a7890f9d10cecb61
ate of t,de6e0a9a17712e14
he art a,6bf938b929db8af7
pproache,1553da215e8212d5
s in seq,7cd73065e612b698
uence mo,411df9edec61669e
deling a,80973773cc48af00
nd trans,420be8b2e536d226
duction ,c1c010a0cc319b5b
problems,01901f1438a79495
 such as,b137905938c98bb2
 languag,7f7bd48e6e40b762
e modeli,bd91af177a2a3c0a
ng and m,8cd59dd47727de21
achine t,8d7858f0c3e27832
ranslati,b0678fa28197311e
on  3525,edf0b74b02d8f70f
 Numerou,fd1ca368ebf6ce00
s effort,5ba0cd464b436061
s have s,d63fd2b1ab4a4d9b
ince con,18cd1ec849d7fed8
tinued t,5e128fc58ec6032c
o push t,d0b97a8af1850c18
he bound,d4ca368f6ee83d8d
aries of,8ed22531f32023b3
 recurre,a1c6913174a98516
nt langu,6d804cd6d5859b2b
age mode,fed4ec4b357eda9c
ls and e,36d6516704800011
ncoderde,65a2815cd3eae620
coder ar,69b44df8c521b1d7
chitectu,3cc85809535c526f
res 38 2,10184872e4fb1250
4 15 Rec,5abf8c06d279992c
urrent m,c8db7aee01971e24
odels ty,9befbb54baf02239
pically ,5bc24b63892a95ea
factor c,2b5c766a6ca60855
omputati,f9b821dd6912aa1e
on along,61a1553b366b9696
 the sym,9efd237a53a355fc
bol posi,c5aef3c5247c3135
tions of,fadbc2f3677a0bfe
 the inp,050f3d08ef462219
ut and o,022e3566ed9abd1b
utput se,d276d0005454a63f
quences ,5a0fac050c68a279
Aligning,828d90f53ebcbf35
 the pos,707dc8aa11a4143b
itions t,f4810462ee9f14d0
o steps ,2fa43fc8da5961d4
in compu,00c94a568bedaf7b
tation t,7496428f47c83974
ime they,e1a06bfd2d5776da
 generat,8bb45d020d942fbe
e a sequ,05bb2350d18fe7cd
ence of ,3f53000fdac8cdd7
hidden s,cdde6e1494e43122
tates ht,2aea9c19551abc0f
 as a fu,7195cce6a6529e37
nction o,873eb10222bdbbf5
f the pr,7e51c281d5d38526
evious h,ed5d179d0e22f6d4
idden st,bb98569a7c6d7228
ate ht1a,410622e599204035
nd the i,a735d055e12baf89
nput for,38c56fac59c9f93d
 positio,e9e98943602491c5
n t This,0b0e59b2b2ce413c
 inheren,7356598a6b0e5f8d
tly sequ,dff7b757324ff8ca
ential n,cc5e213b6640d2df
ature pr,d07ee9f86a789aaa
ecludes ,2cdd16c299007565
parallel,965e4a7edb912a54
ization ,bd232698bdc4b5b6
within t,e78ae8926125b716
raining ,79a3b92282fdd719
examples,a06309daf8320842
 which b,1ac03f18ad6d626f
ecomes c,b4b5ef0ce6afe6a8
ritical ,3adac5d55041ef32
at longe,416df102dffd1535
r sequen,23c1a2278f656d83
ce lengt,32f0c37ca42b1be4
hs as me,4d781f7e35b6a30a
mory con,6ccd579ce3ef8fe2
straints,c506f578332728aa
 limit b,b0bb7611ab78d100
atching ,8493f867e37f07bb
across e,b435c244ceb1331f
xamples ,0a5e94e57c7de864
Recent w,bb7b9ef56fbba5c3
ork has ,2e0ddb6a63166b4d
achieved,371a324fe0e1b253
 signifi,178aef7bce82a950
cant imp,253d549d01efe056
rovement,0fb20a4c59d795f1
s in com,222c1a5bd4fe880a
putation,54b99937a0ac0e2b
al effic,47aceacec6f344c7
iency th,d08a9624a87acd27
rough fa,9f4c9d2017f4bf77
ctorizat,3d662a6cd8028009
ion tric,2e87ec23ed012b6f
ks  21 a,18ff50595f63543e
nd condi,30cf9e60f0cebb58
tional c,4d9c2aef23b51765
omputati,f9b821dd6912aa1e
on  32 w,0902c2c82f415ec6
hile als,79666876ab68835f
o improv,251ea70f32723220
ing mode,e425289f5e83273d
l perfor,aa08349d81ddf7bb
mance in,ae317086bbd04737
 case of,dc2dce6a9617f4e6
 the lat,49bad32ced90d22b
ter The ,7046e39b8e8f94b1
fundamen,dc7c46f52ebd4319
tal cons,1ebc9fa7c32b30ba
traint o,50cf3f248d699e5c
f sequen,b453041b0e282c24
tial com,4be013f8d82159db
putation,54b99937a0ac0e2b
 however,7a297b0f0ebe8467
 remains,cc8ccbab1f033c41
 Attenti,0fa7a0f7c2b0f3cb
on mecha,77fd77d3e499922b
nisms ha,ffc9b865af28bdfe
ve becom,5c9b1a5eef4f7b0f
e an int,f79f8caaf176f406
egral pa,9b8126b8c529227d
rt of co,597a3cd4af890ad0
mpelling,da67548e09e7aefc
 sequenc,a95b63d282ddbb7f
e modeli,bd91af177a2a3c0a
ng and t,bd7c1b790185ddec
ransduc ,2772f53e19b18421
tion mod,6b0becafb775dc87
els in v,90159979e995d151
arious t,1e697b1f9f25e718
asks all,2cc00bc2adbf0376
owing mo,eb783dbf35a54013
deling o,aa1f805ca7437b3a
f depend,ff23544c11293b9e
encies w,025260d0d426f91e
ithout r,3362f7b887ce337d
egard to,c2ec941a9a8c5c86
 their d,743d1d96ef99d422
istance ,9b11ce9af66bd298
in the i,ce779fd1e34a9f3a
nput or ,9fac44bf28eca2ca
output s,8386791965a574d9
equences,3aa5bfd5a49d015d
  219 In,8f4d8c87f1d95112
 all but,5998d07bdd4ffe2b
 a few c,c253bc46b9f88e01
ases  27,2b0eefa4fdbb0a82
 however,7a297b0f0ebe8467
 such at,eb95b6263494d8ca
tention ,464d50c98f99a9cc
mechanis,5bc7dbe45b8615d2
ms are u,c059e15534dc3296
sed in c,9816f05046c33ce9
onjuncti,6f53766632aead03
on with ,dc76158754989a13
a recurr,5796f24046d923a4
ent netw,52bcf1035820cc76
ork In t,fd24088c378e6117
his work,18c79910af1ed62c
 we prop,270803ba6f4d18e1
ose the ,f00b7365774eda0a
Transfor,424b1b5b4e494fa8
mer a mo,08ea06fd752d5e9b
del arch,452080bd568c7324
itecture,e24fa398cd631bc2
 eschewi,296898f003d545de
ng recur,b456a72f2d661425
rence an,cc9dcf188b11ea9a
d instea,a345d3217e2fe26a
d relyin,f5713309fec1fed3
g entire,451a2f29fb13db21
ly on an,4ec1a23b6c5b45a9
 attenti,ab9f9fd18534cc10
on mecha,77fd77d3e499922b
nism to ,a51eb3b9b844c6c9
draw glo,f799be55d7d3558f
bal depe,cd7dcb927e15d706
ndencies,4e5035cd3ba46092
 between,395a6753af41694b
 input a,7e7066d94411c5ed
nd outpu,a4e0f6cf30d29019
t The Tr,f9200722cef04a8b
ansforme,8de271335d26a3ab
r allows,e317833ddad28aca
 for sig,b45e3626e205c5a0
nificant,4198f605de94cfd9
ly more ,a31bb1148a06d038
parallel,965e4a7edb912a54
ization ,bd232698bdc4b5b6
and can ,4fb8efa87db0b965
reach a ,e91658ad421cff00
new stat,0459fd72f4ac80b2
e of the,b766d96d4160758e
 art in ,6cec6963a5531ea5
translat,fdcfee8b170d5c1d
ion qual,5413841e47e7bda4
ity afte,cfa01f2f7283f994
r being ,9231976328b9bbc4
trained ,e794479d35ed7998
for as l,40482ec56e4f4a2a
ittle as,112f8735b281e03e
 twelve ,e2a4853389b52942
hours on,43798b666c92d07d
 eight P,dfbe069962bcf7dd
100 GPUs,6b44e368227fff23
 2 Backg,b6e2c5f235e0e2e1
round Th,3d7867d88206b1ca
e goal o,b24dddf088d4e09a
f reduci,889f87ed22174347
ng seque,3a7467501addc4bf
ntial co,67e8947bbc7e087b
mputatio,13559d32d2ac33eb
n also f,e9b645532a517126
orms the,67b5e15c50cec30b
 foundat,3d429758279aa6be
ion of t,b9a7108f80486026
he Exten,2236bdadd625ade4
ded Neur,733b0204bcf1022e
al GPU 1,364be68ccb65819b
6 ByteNe,857f7ad6a1d9afa0
t  18 an,c1a090840ea62e9a
d ConvS2,3d479b33ead75baa
S  9 all,a465d15f7e5bf143
 of whic,d531ec771ec34318
h use co,cc7c7559ca6f431c
nvolutio,0ce8fb2eb1f83e4c
nal neur,f9d5abf7dfef650a
al netwo,eab7601fa5f24d49
rks as b,7293d31d21125c15
asic bui,df4e037dd1a3bb34
lding bl,596abd73c972686b
ock comp,835618d3757e54ea
uting hi,445169f7aaacade1
dden rep,47ae45985735ee7e
resentat,02eff80b552df6b5
ions in ,361176cb8e520f45
parallel,965e4a7edb912a54
 for all,7b60e42c70efdb80
 input a,7e7066d94411c5ed
nd outpu,a4e0f6cf30d29019
t positi,9ce08d6d048d2beb
ons In t,0086aca18270bb97
hese mod,49477cd44f9bc100
els the ,6b2b9ce03964237a
number o,2cbdc05e755085e1
f operat,b88932e489e115d3
ions req,bce74ec5918f963b
uired to,259baaed96afef46
 relate ,d293129acdf71b05
signals ,7209e3e63926823d
from two,7992d1f499b06acc
 arbitra,df6f5df417a945d0
ry input,764123393537c703
 or outp,8a531c12388a2d4e
ut posit,f5386568955f7ce7
ions gro,40a5c7ca458c37b7
ws in th,0999fe34f933601c
e distan,f37ae5984a47ec38
ce betwe,a75846652d44dba5
en posit,d6d02e0ceb8def35
ions lin,1f8403be5f0a1afe
early fo,bb09fd18e99b8443
r ConvS2,0f3d597e7a8783bc
S and lo,c72b2618366a89be
garithmi,3fe5b1320cb082a3
cally fo,062a5daceff32bd9
r ByteNe,d113aecfae5d238e
t This m,69cff4268c590af3
akes it ,86170a6d905c4aed
more dif,b680b8072c9a9126
ficult t,feb828eccf23019f
o learn ,ed996927325d3ad0
dependen,2fc625b1c9149c79
cies bet,25567ab9fc6809ef
ween dis,3acdb9ba255c133e
tant pos,7249be888f99f975
itions  ,bb9086f75c776f29
12 In th,c5f5932883f9973c
e Transf,1bf5be4fd0bc54c4
ormer th,fcc2d9c24d2a05b3
is is re,00cdd3edec125682
duced to,f10a39c756eb5a36
 a const,3188abb1b9d80a38
ant numb,125e6e861d09b71e
er of op,205ac7b2cff2c7d8
erations,cb4349b16fad3ac3
 albeit ,4c85d3b09140ac8e
at the c,8234919bf2fd02e3
ost of r,3cd3c908bb0efdd7
educed e,fdab37b10bc68002
ffective,3000478f08d3b7e1
 resolut,38e1458ff73f87fd
ion due ,45cb461b53c2a15e
to avera,8b6e4cf7bfb54a9b
ging att,52f88d53242b2371
entionwe,a4c60dbba10fae5e
ighted p,27fdc3d530b20b52
ositions,d68f0ea885a248fa
 an effe,5ec73ea5933fcd3b
ct we co,c0ee5fcbd6a6bfb4
unteract,f8062505faf79de4
 with Mu,97d1c1afcb493fc1
ltiHead ,faf9dfd426e2d896
Attentio,d76c31328616b627
n as des,ec69ced9c091a7d3
cribed i,94d2ca78f83c7ba6
n sectio,238adf2ed0069bc5
n 32 Sel,edf66b13d3b270fa
fattenti,ee2417ec9853a074
on somet,c537cea4ff1baa41
imes cal,bf57589efee0cd08
led intr,fd2f37dc297de8d3
aattenti,cacdf007586491e3
on is an,3b0d7ab7d36ccc37
 attenti,ab9f9fd18534cc10
on mecha,77fd77d3e499922b
nism rel,8eb7ae3e0088f3fd
ating di,246394d01f2c6536
fferent ,f2148cecdaba582b
position,2414468800e43760
s of a s,69588715c03b4aa4
ingle se,876a9497fd177868
quence i,7c03c0744c77605d
n order ,1b7a2563a581e468
to compu,5c62fcfa6cb0f57a
te a rep,29ed761c9a9e1c66
resentat,02eff80b552df6b5
ion of t,b9a7108f80486026
he seque,57851ebd6ce95024
nce Self,38c2ed7e7765b75b
attentio,293abe129fc0e635
n has be,73f6a3da71f1d03e
en used ,960cb0762645579e
successf,c53ee06aacdfdd33
ully in ,b4bc7594a1f472e8
a variet,12b996591a3c4a41
y of tas,b44a242c158fa512
ks inclu,0cf075a64a580395
ding rea,818c372cfa38e089
ding com,407baf2e95c210ed
prehensi,816348b47c57d33d
on abstr,104ff829ffe9aecb
active s,f5103a27d273c367
ummariza,1034b473277d08a6
tion tex,16cf727bb75bc4e8
tual ent,9eed837580424766
ailment ,fcbcd4de48c9c57f
and lear,23133a30f57b2bbe
ning tas,057575bd4139d236
kindepen,d0c0223dcdd602ef
dent sen,334ee53b9ef8583e
tence re,1b5a107bc9bf56bf
presenta,83a2777cf81f0650
tions 4 ,c1342a9efec03df5
27 28 22,ed6dfbb8eb6ad94e
 Endtoen,f5d9e7fbdc2f78e5
d memory,88be802d1d558c70
 network,45a315ecb660b36b
s are ba,7e8cca994bc0967f
sed on a,037ad370f272c1e2
 recurre,a1c6913174a98516
nt atten,0b2c05e4435f963a
tion mec,18a9a9491d789256
hanism i,33d0ec0749f61d5a
nstead o,cc502aa716563774
f sequen,b453041b0e282c24
ce align,72d38cd41106656a
ed recur,12c13b3ffda8d73d
rence an,cc9dcf188b11ea9a
d have b,1e57929e1641e0c6
een show,d5b6638e9e66ded3
n to per,8581c3e2e1767cc4
form wel,1456eababc77f21c
l on sim,5dc94440f3ff237c
plelangu,cdfc5eb185f994f3
age ques,b8e2726234c644a8
tion ans,3ec746be340b2dfc
wering a,40a98222762f1787
nd langu,1a99e4541fe35d5b
age mode,fed4ec4b357eda9c
ling tas,d5bb8884b3e1128e
ks 34 To,b98d511899f1b0b4
 the bes,2bf1f34fcc393ae5
t of our,8d5276d11b73db63
 knowled,438e305bff8585a5
ge howev,b45618430f7a6187
er the T,a126383e8ed144df
ransform,200925ec50274440
er is th,b55c5356540f42f9
e first ,24d5eb45657f2697
transduc,b409a5a2e2b5e9f5
tion mod,6b0becafb775dc87
el relyi,5081a60867c1ba9e
ng entir,dcffb8ae3225a258
ely on s,4810259e026c1416
elfatten,36e84484fc554133
tion to ,9b4716effb19adcd
compute ,d2732b5d080c28d7
represen,feb6b85b020990c8
tations ,2a214b1e2a6e2248
of its i,f34bd4ca15df21e5
nput and,bcbb9a327250113e
 output ,1cc779dca32ce7a2
without ,16c2a0b85038943a
using se,fc87c83dc9bdb28f
quence a,b58954aafdec0d69
ligned R,1b450df4c8686902
NNs or c,762cd872257a59d2
onvoluti,e102e8db27bcc3fe
on In th,5b005da1f77058a8
e follow,19e44e16008a93eb
ing sect,b266bc387414efd9
ions we ,ce79ed143407ab68
will des,124f83b146ba33db
cribe th,4c9bbae1665b4f9d
e Transf,1bf5be4fd0bc54c4
ormer mo,a40b1107b73e5cf2
tivate s,012a4f64a0efc955
elfatten,36e84484fc554133
tion and,417fb6fd25b76585
 discuss,330aa144e4c16a3f
 its adv,4c94d9f7b02062b8
antages ,9640c3c6cf6db79a
over mod,7f07733594252618
els such,af6d015e6fa299ea
 as 17 1,9614b9e0e7469d19
8 and 9 ,21b15ba0b13dd168
3 Model ,62b86ae19d7abc88
Architec,9a3e86657936c07f
ture Mos,d5f14965b7c502ca
t compet,6815ae373710bf9a
itive ne,c909409ece883f63
ural seq,5a395f68b6025bf4
uence tr,7e1d99b798761a22
ansducti,41aedcfc7058a8d7
on model,5be102a9e69120d0
s have a,36f220e9f1962739
n encode,fac03902229de6e2
rdecoder,d2504d4ea6e33efb
 structu,2b07f6ed4c90618d
re  5235,c133b032406881df
 Here th,c072b363b7ffc788
e encode,f1757a6f95ba2aeb
r maps a,22b6c3662e69d0d8
n input ,b91b96c6d0c3a7a0
sequence,fbec94ea3ff9c4b9
 of symb,26a5f0b4162a0947
ol repre,ef8f35e6e927b1c1
sentatio,1a4296c8d9b6d612
ns x1  x,3927d22954955634
 nto a s,ebe65b42eed0c082
equence ,ec3e99c6b5b8d167
of conti,08e762a70023b842
nuous re,d0caca7bd306797e
presenta,83a2777cf81f0650
tions z ,512279903a5f12bb
z1  z n ,a0ad931949708211
Given z ,8c5ac95b3e0e7b4a
the deco,dfda6133e1c95a70
der then,e315f344cceb726c
 generat,8bb45d020d942fbe
es an ou,9181141fbfee3200
tput seq,31208addc7e8b8f9
uence y1,7f474d3c0298da0d
  y mof ,c0fcb2ddaeac12e6
symbols ,35db47c3cc7838fd
one elem,f0a5e8aa2eb59b60
ent at a,37cdf244e948b7de
 time At,1c43c9e01af40554
 each st,66e4f8a0b8845747
ep the m,78ab35778fac7e16
odel is ,8b574baeef6f5fa3
autoregr,d214e389701d4d2e
essive 1,50887cb21eece40e
0 consum,53bedb1d2e82769a
ing the ,cadec4802733589d
previous,b0985258825ff482
ly gener,fb7def5c08461585
ated sym,92e93601a05782c3
bols as ,603ffe449785d898
addition,6571d13488835fb8
al input,a319121f94949510
 when ge,142a48a4dcf55d1e
nerating,b29d99373fe89313
 the nex,b84f21dbd0b2966a
t 2Figur,608b4bbef7d61eec
e 1 The ,9b4a516429a9ffc7
Transfor,424b1b5b4e494fa8
mer  mod,bbee5157634a6fbf
el archi,fc46cdbf0329d45a
tecture ,2148cc3b84691169
The Tran,63807cf62e0d95bb
sformer ,ce448f6ad4ccbfdd
follows ,c1401a77587984de
this ove,02199a1d0f4f24e5
rall arc,2afdff3fba2a7dbc
hitectur,04fdd03b47c38fa8
e using ,e1d24d97eb1e2d78
stacked ,0ba16defe7bdfed1
selfatte,9ecc7b7515a56215
ntion an,1aefadce842d6048
d pointw,e5b702285e881374
ise full,bc8532f006359b53
y connec,0733a085f4d0a32d
ted laye,4c0070d1bddd8d24
rs for b,586997847688501d
oth the ,290f3f52cef7b1a8
encoder ,dcc5fc4782fc3744
and deco,38766e8b87680387
der show,e06aa4060b61d33c
n in the,3754ef49b08e263c
 left an,35c1889cf8c1d474
d right ,3c8a0a9d009272a2
halves o,a66b7122b7b3222c
f Figure,bf839eb55540f0b3
 1 respe,47796cafe539ca44
ctively ,661dc1f834dea8de
31 Encod,0e8d29c9d474c6c1
er and D,0da471001c878219
ecoder S,da60fcafadd04623
tacks En,37b67933a987b4a8
coder Th,71a0a52b56756f74
e encode,f1757a6f95ba2aeb
r is com,ae7edbe172d1f99f
posed of,2b305f996c8dd2dc
 a stack,5b68a17976e04796
 of N 6 ,fdaa741e3e330dfa
identica,af3ab1dc62686048
l layers,d6809eafd85bdc45
 Each la,81fa8e405d394e91
yer has ,ea47d42ada0ac55e
two subl,ba4f9894f6554d08
ayers Th,2875c8efd6be83da
e first ,24d5eb45657f2697
is a mul,ab5942cd9446788b
tihead s,ba8936137b8c085c
elfatten,36e84484fc554133
tion mec,18a9a9491d789256
hanism a,e412a18b981f1bc9
nd the s,f41c03d21816d094
econd is,41e7c35da49da5a4
 a simpl,6064604224b7a71e
e positi,136c60865638a084
on wise ,f21bbc9c9fd9cf7d
fully co,e0003b1cee485d25
nnected ,db6f1a66f84ed531
feedforw,28df6e6a50c87246
ard netw,dcdf4701e78c1e45
ork We e,e5073b5e063e3df7
mploy a ,149973643d42aec0
residual,0b89f40c0ab6e7b0
 connect,07262f7d449ebbda
ion  11 ,588f8068b1990d16
around e,de3416edec76a5a1
ach of t,05c57642ea2c1178
he two s,179975df93d3d6af
ublayers,36cdedb9c220645b
 followe,737cdacf63a430c6
d by lay,b255bec62ba7adf8
er norma,a40b31e776ddc0fd
lization,d39a7936ea708854
  1 That,69cb622396570f02
 is the ,61313dd0ca003722
output o,1d6c07516da72e27
f each s,0bf9bd19d9a6ead0
ublayer ,62f212921b4ac513
is Layer,6040c928c1c99d0d
Norm x S,0526c33ad2beb515
ublayer ,62f212921b4ac513
x where ,2fe76330f75eab55
Sublayer,be8a5c2ee5228e3e
 xis the,1a31ea6b9567f639
 functio,ac274ecbfca0bcf6
n implem,2fb73ede449a9d86
ented by,f40253e9dc4a2d11
 the sub,9050d848d6ca200d
layer it,add03fb93722757f
self To ,0ce1b3a6a244ce5c
facilita,4633c7285a268321
te these,0e03a95ff1ee440c
 residua,fdfc6175e5d12b7c
l connec,a9b878a004c63a65
tions al,81ffaf434d966d5c
l sublay,4d49c5ab9435a830
ers in t,62537baf5dc37e3e
he model,e06e8a9a4166f9d9
 as well,67e516038b70c804
 as the ,c77242e9a846ed45
embeddin,86adee20295df65f
g layers,e0925166bc5dd214
 produce,35c0cb14c90a764e
 outputs,c29e03f4b039c795
 of dime,66181ab69e5c9698
nsion dm,88f3fabbebaceb71
odel  51,a80914a03c1202eb
2  Decod,41c2acffb67b77cb
er The d,ecc3ee893da04870
ecoder i,46462e62fa266b88
s also c,f5610602f0c37e87
omposed ,f83d014f79274466
of a sta,f6372fc7ceb2bb2f
ck of N ,4f01f95d8fcc0ed3
6identic,48c24bd02056d411
al layer,c329602c16a42dfe
s In add,e97882d41a02e658
ition to,4846c24dd416a255
 the two,9ea69fc1c2d9eba0
 sublaye,a5f72990a62c460b
rs in ea,b4e89a43316ae2c8
ch encod,573fb3e7d59f2dad
er layer,9c8c94106f17a457
 the dec,5f9f950fa82c7571
oder ins,74273a185a6443b2
erts a t,879878999c2c79a3
hird sub,ba75d0241d9ccc4e
layer wh,dc4caca26dd50a25
ich perf,76f8891e33ccff0f
orms mul,29c82bea521ea6b9
tihead a,867335513a5e4fcb
ttention,1256dfa50ed0448a
 over th,4dccc1b38bd1e46a
e output,10873b49775f7fe0
 of the ,f66494a636e8cde4
encoder ,dcc5fc4782fc3744
stack Si,4fef6d8458a07dcb
milar to,f7f05d890d2d8cae
 the enc,c33bc1c1e0b9447d
oder we ,91fe4c05fba4fefe
employ r,fe34d7f2cd62d3b5
esidual ,a4cfb3069cfd8108
connecti,5358e7e618bdd316
ons arou,d82aab69a4cba86e
nd each ,8d4409e291474242
of the s,b293d517623e5cf1
ublayers,36cdedb9c220645b
 followe,737cdacf63a430c6
d by lay,b255bec62ba7adf8
er norma,a40b31e776ddc0fd
lization,d39a7936ea708854
 We also,24d42fcfc5687f0d
 modify ,58ea17c349ad9990
the self,aa8926d097edeb99
attentio,293abe129fc0e635
n sublay,864d292b4793c666
er in th,b0ffaea0bcea13aa
e decode,7599f6ebd2d37a77
r stack ,2781b354f90ad052
to preve,a746e5dcf06ec234
nt posit,cc1550355b4adfec
ions fro,ddc9bbf581c09cf2
m attend,4e63675fb0030267
ing to s,be346946c5564f7a
ubsequen,fd6f41ee842858a5
t positi,9ce08d6d048d2beb
ons This,89be2214360d87e9
 masking,855285b108acc234
 combine,99126541d2938aab
d with f,929a45fbc749321d
act that,6e0a9d2e78c2ede2
 the out,64a2c9ebf6cdebe5
put embe,ea25b5491fb790e3
ddings a,549e9c59a2127b59
re offse,f8e268f402d57715
t by one,74825fa9399953d6
 positio,e9e98943602491c5
n ensure,24f40156502f6910
s that t,2fa50a27c1e34c37
he predi,4b536bbc70b1f88e
ctions f,a6be32e64f58ece5
or posit,a356106c9567350c
ion ican,bf57ac8c5ebae086
 depend ,44041dc4cb36fcc4
only on ,0e4697fd9a2ec9d3
the know,69e5d65fb7afd27e
n output,48c7e0e542da541e
s at pos,89321b7272d12a48
itions l,b357922517f72499
ess than,1af281acba515c7f
 i 32 At,5bfecf668218f8cb
tention ,464d50c98f99a9cc
An atten,b61f90333475770f
tion fun,0cbde36a1d28a074
ction ca,57c02b5bc63d4a24
n be des,8c3fcd3b6fffb6d7
cribed a,69d8c3c9bdb12fef
s mappin,ed021fec937ef98c
g a quer,23ecf3b7e73e6bd2
y and a ,1522d74ffa95f3b4
set of k,6a11b447ba5d4f74
eyvalue ,bb4730a9cf9618a5
pairs to,ee075925cadf0ebf
 an outp,e6b2825dbafc8dc2
ut where,638d18dcd166dd21
 the que,bf3d49449e43696e
ry keys ,743b7bc8f9feda17
values a,e03a01c45858c9e8
nd outpu,a4e0f6cf30d29019
t are al,73d44da75036ce54
l vector,c7b0d1193aa66a94
s The ou,9ade58325dd9f0e1
tput is ,becdf4c2215d1504
computed,2b896d6490a0d844
 as a we,c040ea8c703b0784
ighted s,c6addf18e2385fa8
um 3Scal,58cbb7ca5d592d2e
ed DotPr,c735ca57f26c57ae
oduct At,c9affe6c9de08acd
tention ,464d50c98f99a9cc
 MultiHe,5fd26291d6da4aa3
ad Atten,a3902e5e92ebc654
tion Fig,9f0003d8d261fff9
ure 2 le,39c4e9f62c15a2c1
ft Scale,41a0ca3e8fa117b8
d DotPro,10415263af178529
duct Att,798b218020257f0f
ention r,900ac7480dc7836d
ight Mul,eea96fd744043bd6
tiHead A,9a35e52b1d9d4634
ttention,1256dfa50ed0448a
 consist,76f1c8c26dfb01e1
s of sev,5e13abebde4f4a9e
eral att,d583404a1ca8560f
ention l,6854034c1df239fc
ayers ru,4b6d2e8a4d703786
nning in,bc4b8708b24998aa
 paralle,c7c809ca57ac687d
l of the,dc541abe3b3e228f
 values ,f7af3eb8b7b6b7be
where th,0285d4276fce31ba
e weight,19a0759e54950079
 assigne,454d530dac1480be
d to eac,3210a908a01f15fc
h value ,4b822c0fa4555836
is compu,dc7289f23199a4ed
ted by a,3d9c34ef1e7804c6
 compati,4096871fc7c76eff
bility f,95c4f8cc9a44e71e
unction ,d3ba920445f8f94a
of the q,71be8c24fdae82a3
uery wit,a2f496e412b2be25
h the co,ffc578c62b951f9c
rrespond,52cab24e605dcbde
ing key ,60d0c1d9090224da
321 Scal,8f386fef93b6e1f8
ed DotPr,c735ca57f26c57ae
oduct At,c9affe6c9de08acd
tention ,464d50c98f99a9cc
We call ,7e7d44b2741ac8ee
our part,b45ed59dbf74bfca
icular a,cb4136e7c5d054e0
ttention,1256dfa50ed0448a
 Scaled ,a47805ddaebf34b1
DotProdu,7bd0f0fc87ef1e47
ct Atten,7f728c158cb6e56e
tion Fig,9f0003d8d261fff9
ure 2 Th,0d4d6bd421c4bf0b
e input ,06c66d3a938c65c0
consists,66427e47f67c1cf4
 of quer,94c9352bc74bf1b7
ies and ,ab9a6c53a9d0562a
keys of ,c07412709efe8c59
dimensio,453b49517b68eeb5
n dk and,3bd9438d8804e155
 values ,f7af3eb8b7b6b7be
of dimen,ea2de34f7c37a31e
sion dv ,1765f7178d94f731
We compu,b37e51af0eff51d1
te the d,3bc5a41a21ab51de
ot produ,71c9af6d1538029f
cts of t,c020330bbd23ce2a
he query,bbcc2aaa74f580e7
 with al,aa35de4667a6c6f3
l keys d,e06462c6c55ccc7e
ivide ea,6906ab95014d7815
ch bydk ,6693db5bfc621165
and appl,dfa887b2d2cf8654
y a soft,9d564965ed77304f
max func,671b3f600380be67
tion to ,9b4716effb19adcd
obtain t,dbc1ba919f9159e3
he weigh,740e3f3284a24f52
ts on th,91172c676e0cc66c
e values,5c58aa4d84ac7a3b
 In prac,6bb041a24593cdfd
tice we ,386ba0cf0166460d
compute ,d2732b5d080c28d7
the atte,b2b8d4462e836b1f
ntion fu,ac37d2b021e095d3
nction o,873eb10222bdbbf5
n a set ,31af19d1f09d626b
of queri,f6a08453190777de
es simul,06a72325d87a3dcc
taneousl,5a2eaf4789dbc12e
y packed,1a05f8f2702b5a63
 togethe,7d923bcb71eb7801
r into a,95254bb2a0bc1e04
 matrix ,20a7743cb32601a2
Q The ke,77fb901b8b2483e8
ys and v,2b3424751bdd4557
alues ar,f2a0011dbbf2e878
e also p,641e3e4e649750c3
acked to,2b6adea018155dd1
gether i,d8e3c0b7a03068c3
nto matr,633aa3ff41166dab
ices Kan,980e91faab710388
dV We co,5d6319c6fee5de3d
mpute th,806da578d885c9ab
e matrix,2a6e6837881b9e76
 of outp,4d41c41cd20f06da
uts as A,c5874f11f500ae6b
ttention,1256dfa50ed0448a
 Q K V  ,0186ce58b8856e2b
 softmax,60c0feecb3998ea4
QKT dkV ,768317281c515040
1 The tw,3f3f7f34a9a1384d
o most c,fa8bcf3cb7037e30
ommonly ,1885ced1328803e0
used att,a255ba3ef68a9cf7
ention f,6e73719f30300db8
unctions,fe8aa8a6531394f3
 are add,673980e106917023
itive at,0666712ea27afd1e
tention ,464d50c98f99a9cc
 2 and d,c4fef7c1daf019c0
otproduc,f6e92a96f89d9938
t multi ,9593d85e8f4d9367
plicativ,8ea2f435952542e7
e attent,75cef8506b1a17a2
ion Dotp,1f3b5ab3e1c5172a
roduct a,3bf99a3fa0dcf128
ttention,1256dfa50ed0448a
 is iden,fe6c3229032dcdc3
tical to,1a4da0b36e16fefd
 our alg,026145df3e944ce8
orithm e,ae2ef657c485b680
xcept fo,184e4289122037ef
r the sc,8cc912166df27124
aling fa,c8ffb9ffcf6d5c2a
ctor of1,f7f3d034664c92cb
dk Addit,46ce4345f6d17439
ive atte,9416919363588435
ntion co,d864b472d04f5500
mputes t,0890de0088c20d65
he compa,c7f72146a55aa105
tibility,6384f880989ab7df
 functio,ac274ecbfca0bcf6
n using ,6acbd5f402c136aa
a feedfo,59984baf431f1dcf
rward ne,895e3a54662ffc40
twork wi,264c92d13bf75335
th a sin,e778db79bd1f86d0
gle hidd,fcb1aaa3ba9b5cf7
en layer,6b226a15581a2435
 While t,1647f34abaa0a659
he two a,9fe83658d9e84c7a
re simil,a5e4abd5fefadf5a
ar in th,2b31eab7f0b94f1b
eoretica,eecd18e69f82e333
l comple,b69aebe83e3a8c2d
xity dot,0ee44d7b5072f091
product ,546c7761e18eb985
attentio,293abe129fc0e635
n is muc,a223d251c3f5eecf
h faster,ec21fd407e05df42
 and mor,c6281ff6a1091168
e spacee,1629d8aab0ca227e
fficient,c2fe2f629d78d171
 in prac,0c6fa76aba8f1651
tice sin,6f727778b7aad8b7
ce it ca,7609bb7f8a189442
n be imp,cd8d1e00cc14a578
lemented,4238855afda5801c
 using h,afd21b22c1587fb1
ighly op,b8e52e7f38cc323e
timized ,6bfca2d388182665
matrix m,ed62f3af23432fe9
ultiplic,ddb7da8110b61c8d
ation co,91e3e17584f8867d
de While,08ca1e94f3d74946
 for sma,13b2cd54eb0e88bb
ll value,92aed9cef93d2ce3
s of dkt,c00e9220fe885001
he two m,f002e50666319d19
echanism,b399ba2282b6ace8
s perfor,8ebb2feea117cac3
m simila,7b6634e2065f2e1d
rly addi,0eeee2281bc0d39e
tive att,086846f043c078b0
ention o,81b6be4edb2c07d7
utperfor,e09d73d467417b4f
ms dot p,6997ac4f13aac3e6
roduct a,3bf99a3fa0dcf128
ttention,1256dfa50ed0448a
 without,fe0e0a9ebf3310fb
 scaling,8b098070f233d414
 for lar,6b118bc32bc4a69b
ger valu,2fe30a8b5de1308e
es of dk,5e096bca9d9d8605
3 We sus,0a704df15aec3f7e
pect tha,a8badd6e3852b208
t for la,cde7d777bb940714
rge valu,921975a52295a34e
es of dk,5e096bca9d9d8605
 the dot,3f63b7d5f2c7a6fc
 product,b6de68b376c0c641
s grow l,a0b5dbd71a927d31
arge in ,045373919e285d25
magnitud,efb24af61bef6ecc
e pushin,604819507b70b071
g the so,5c01ea5e76a422d1
ftmax fu,7baad29aa3a842f8
nction i,66b7276c18bb951c
nto regi,adf9548ff5f37cba
ons wher,34e5226fb0344ef6
e it has,af3ccc96892fd547
 extreme,e5649dca0cda7bcb
ly small,e9ee5ec20cadbd8e
 gradien,8484f6437339bd06
ts4 To c,2eab0955412553a9
ounterac,0984acb1b8da810c
t this e,cc302c1984cf0c13
ffect we,3a543ac294beee13
 scale t,b8b587cf2070a361
he dot p,ef6417f9a2968768
roducts ,376dc70495beab71
by1dk 32,4f2a767dc3eecba4
2 MultiH,8df704593f4defa5
ead Atte,93591715944d44d4
ntion In,76e79412e6a6dca8
stead of,13932dc502e429d3
 perform,044ff582440d97ec
ing a si,c142ee0ff93c78b3
ngle att,8577db85183411ba
ention f,6e73719f30300db8
unction ,d3ba920445f8f94a
with dmo,7f09e75f02f5f831
deldimen,795025c170fe4214
sional k,8b0def888b387825
eys valu,8af4c3d8a7aff16f
es and q,5172d947bdbb4e2f
ueries w,bc6478f105cdfc7a
e found ,4403fa5dcb7589d8
it benef,032664c735606fdb
icial to,48234c9518412053
 linearl,7fb40f83934ca2e4
y projec,10fd24154182eacc
t the qu,d3457b6c8fcd888a
eries ke,dfb3579c4cac8f65
ys and v,2b3424751bdd4557
alues ht,ebb4a4490237e7dd
imes wit,0dca2412571a4f8e
h differ,8862d53c1bc76600
ent lear,59d953bf5fe7b6b4
ned line,3587fac2f52e7ec8
ar proje,72a9ce051365fe45
ctions t,1495b194720c3d80
o dkdkan,87b7c5318ea6f934
ddvdimen,9060f5bc224ec59c
sions re,91c84df8d70de0a6
spective,b1c4b03d5eb6b429
ly On ea,ca4b767c74b3cc36
ch of th,3d4d41bf392bd292
ese proj,dcadbe73a693bc43
ected ve,953ce0d997672e11
rsions o,1845af9ae180338f
f querie,86737716b4b5f0e9
s keys a,6e41dcc5c195ab61
nd value,c804a4de87e303f0
s we the,9010d858ccb5cf67
n perfor,5bbeadcc16bf45db
m the at,4e43576a0569d25b
tention ,464d50c98f99a9cc
function,00c3602336c0b6a9
 in para,f8111cd04008c9d3
llel yie,b3d1e7c6296d577a
lding dv,32d3241002e64577
dimensio,453b49517b68eeb5
nal 4To ,402e734a279ad8ba
illustra,d8be2130d0ac7bf7
te why t,f73c52db4b33e030
he dot p,ef6417f9a2968768
roducts ,376dc70495beab71
get larg,d7a3b9eac6daef86
e assume,46d39905bb2d1dcd
 that th,c435161a6526a426
e compon,2b76cb3f7d259c02
ents of ,38ee3334f7bcce6a
qandkare,1e56d994f851e7d7
 indepen,e704827c6e5c03f5
dent ran,09439010ec600078
dom vari,81536911efcb8ab6
ables wi,ad833fbe58ccd5a6
th mean ,8d2fff694e749ef4
0and var,d7e03ba438f0f8d7
iance 1 ,4064a2486a14816d
Then the,11e0c76affba0a2b
ir dot p,526ad53829845aea
roduct q,bc68b27e3fce1a10
kPdk i1q,452a088926518a7f
iki has ,bebcf28dc406fe19
mean 0an,988bcb14a6fcfe53
d varian,bb72a92a1cf9ca40
ce dk 4o,4efcc1bbd0cc4abc
utput va,83b294668cf56090
lues The,a0216e265560fc3d
se are c,9c74beb99e88dcbe
oncatena,0cc19ac8f274ef95
ted and ,994423cdef3f8213
once aga,33857bb5e51b60d3
in proje,d3bbad90978dfd67
cted res,760ae3ffafbde37c
ulting i,24e97845e396f5d5
n the fi,7c0c11aaf7f40b71
nal valu,ca0ef97e729d7bb7
es as de,3bf5ef7f3428a885
picted i,ca151369ef626d44
n Figure,19b2d999b887c3fc
 2 Multi,c99ae3d1c6b26692
head att,24f6f5a2922dc1a9
ention a,fad2e036ac547246
llows th,c4608a8065dd5438
e model ,4a85d708e81d3529
to joint,7ab2806a5a0ed109
ly atten,571508a2d77a4797
d to inf,386716c20faa35c8
ormation,20ed50fe7c85ca48
 from di,746dacca3c459786
fferent ,f2148cecdaba582b
represen,feb6b85b020990c8
tation s,a3bf4bf7120d9f30
ubspaces,faa5e33d00ee2fa2
 at diff,92d1434880b4c699
erent po,8557046538c398c8
sitions ,aab17109ba83d359
With a s,dcc2385b9bfc42eb
ingle at,506ffa7a07eccddb
tention ,464d50c98f99a9cc
head ave,85d4784d2c071419
raging i,055e71972be3d4d8
nhibits ,daacd4e9d9c4ea9d
this Mul,ce8f815240aa8f25
tiHead Q,4cfcbb62a823633b
 K V   C,25f355e56be34a8f
oncathea,4c25afe000bd2e86
d 1 head,37b8fea9955286dd
 hWO whe,1c911b2cefe0a766
re head ,6dfad3feb1797e41
i Attent,fa2a6f53e7f4c0ea
ion QWQ ,85e1543548823126
i KWK i ,65861ee7a0bdf830
V WV i W,5e34fe8b3f188dea
here the,461b9d16452df4c1
 project,4ba0f3514f51ae29
ions are,053610dea476af75
 paramet,d19e21c582103b27
er matri,fa6cc89a7316e309
ces WQ i,2b553396526abd28
Rdmodeld,847d83c8875bcb06
kWK iRdm,ca76ace08f74438d
odeldkWV,dfd3a1780d02852b
 iRdmode,18939296c2edfc4a
ldv andW,c4da5e575acabe0f
ORhdvdmo,ed24e5fb8224bae6
del In t,2c16795a1b7a169b
his work,18c79910af1ed62c
 we empl,c0cffc8ce464ac8b
oy h 8 p,77bcd212519367df
arallel ,2453973452dcaaf3
attentio,293abe129fc0e635
n layers,eb485c83eb0a36f3
 or head,6f4df748589656a1
s For ea,98025b5c9dc62dd6
ch of th,3d4d41bf392bd292
ese we u,b6ceb33205757ae3
se dkdvd,a526cacdbdd9e42d
modelh 6,cad473e754f1ced6
4  Due t,af5b6e60337ed702
o the re,857f4adf9369d7b7
duced di,53dd9457f02ddb57
mension ,1f581e75ef018962
of each ,056a6ff04c19cd8b
head the,2f3b29298d9278bd
 total c,c57a53c29de599c5
omputati,f9b821dd6912aa1e
onal cos,88836593a4b8150e
t is sim,64bd2c0f7fad3988
ilar to ,6f63a8147775d4d3
that of ,4c6531c4e06f7df8
singlehe,d9455a01d7ae7819
ad atten,f820f3ebc54850b0
tion wit,6bf2f56e796c7af1
h full d,63a2f0e845d2c594
imension,3d34f80a1cdb6892
ality 32,e4ffae90798a8b2e
3 Applic,ae4cfc3ca7ca9643
ations o,e1ec6fcb57a8e92c
f Attent,cb577d0670eaa5e7
ion in o,8da81d0eb45fa190
ur Model,6c0eecf2fed4015b
 The Tra,93f01125e3dc6479
nsformer,dc59fc09507d5d1c
 uses mu,33006b1c8d3516bc
ltihead ,850ed67e01d43ba4
attentio,293abe129fc0e635
n in thr,8656efc979a01cab
ee diffe,1640f41d371a0bd1
rent way,00da6164a08d7cf1
s In enc,dd29511f160f9d25
oderdeco,1e2ca45f815b5f88
der atte,97accf50876feb95
ntion la,37445ad45dbae0a8
yers the,6db0ae3ddb316642
 queries,9ba1e10ce206b311
 come fr,897b4ef718ec0951
om the p,7cfda8d24be5d8da
revious ,38a2c0b958c5dd43
decoder ,8e0c3018e2b55239
layer an,4070a7d21eae1179
d the me,56cb142cb31fce4b
mory key,b9055bc410893147
s and va,cf949c16346bfc17
lues com,0a011ee3bf316515
e from t,9a185e2103b3b4ae
he outpu,fa0c83b88f585fb9
t of the,55a3f2b017dd0eae
 encoder,6ed98a4dba2ba9a0
 This al,da1aaea477d93fed
lows eve,47893678baf26e68
ry posit,d29fb173bbde0ca5
ion in t,62f9501652f7c170
he decod,5b4b076ddbf35af2
er to at,8db06a9b456447ed
tend ove,13f7b838c72fb7a1
r all po,2c211a0a29157863
sitions ,aab17109ba83d359
in the i,ce779fd1e34a9f3a
nput seq,391b8de9dd8972d3
uence Th,4ce0b405865d2825
is mimic,1eb6b7a76a7a1fa4
s the ty,fd65dec252932602
pical en,697f315bf3c296ae
coderdec,6d23b70fea291492
oder att,4a2630a4f1f05f9a
ention m,c2f076fe3703ed0b
echanism,b399ba2282b6ace8
s in seq,7cd73065e612b698
uencetos,45007e9e167524ed
equence ,ec3e99c6b5b8d167
models s,e0eb519f8c94b327
uch as 3,7aa57c59e9c054e4
8 2 9 Th,1c2a8bc9b3e4a848
e encode,f1757a6f95ba2aeb
r contai,c902c46caf004eca
ns selfa,bb3362d12102a161
ttention,1256dfa50ed0448a
 layers ,5500754dd39ca776
In a sel,7036528f475c6c07
fattenti,ee2417ec9853a074
on layer,3ce7c3aba64bd105
 all of ,db61da290fc17d0e
the keys,0e6160f37966bd10
 values ,f7af3eb8b7b6b7be
and quer,80f0326e45074de4
ies come,f9c521e0d3029bdd
 from th,2ec5627d7a79a9dd
e same p,afc21c86a2c3ca1b
lace in ,9539a89ae087ba7c
this cas,11090906687a06e5
e the ou,ad1099a5622a1d1f
tput of ,a2e12ad6ce51e9c0
the prev,6ec297b696fa3c82
ious lay,baae01eac0991bde
er in th,b0ffaea0bcea13aa
e encode,f1757a6f95ba2aeb
r Each p,9e7f0ed763269985
osition ,b63cb6854bc2ec38
in the e,e31cb6f7f9fb9616
ncoder c,ffa689162fa87755
an atten,b862d3deac18cae8
d to all,0d1dccc3118c452e
 positio,e9e98943602491c5
ns in th,bf3170100707c3c0
e previo,49378f7b6746200c
us layer,79a9bdd7f671393c
 of the ,f66494a636e8cde4
encoder ,dcc5fc4782fc3744
Similarl,551c15ebf56342e0
y selfat,ac8d56eaf9974b22
tention ,464d50c98f99a9cc
layers i,35f3a09152a43557
n the de,a0073c7c8be88aac
coder al,2d879afa1ad2add2
low each,257b24a771d88932
 positio,e9e98943602491c5
n in the,3754ef49b08e263c
 decoder,e2724bea66aed807
 to atte,78259c71e8f2c1ca
nd to al,30e8adf536b145b6
l positi,b3dfb28ccdbc0af0
ons in t,4233b2e5691f341f
he decod,5b4b076ddbf35af2
er up to,9476e0f243411592
 and inc,15dd900f9a68ef58
luding t,6e2e63e9a7d7411b
hat posi,5aea0df1fcb7f3d5
tion We ,f7d365ec62b2eae5
need to ,3742d685055756e0
prevent ,18510612e162c88c
leftward,5dbcf01e62bfbb0a
 informa,a31a4b10c81707e3
tion flo,1d0aeb846e371061
w in the,7a353055088a6a36
 decoder,e2724bea66aed807
 to pres,525990c97accdbc7
erve the,1da66bc560c4e0f4
 autoreg,bdae9ceb1f636183
ressive ,5838e8e6b94d5f9c
property,c1a3986feb76490d
 We impl,dbb35d49826b11fa
ement th,1a6047b447586ef9
is insid,35d1b77709b4d866
e of sca,1b49632836679598
led dotp,4160b6fe702d91b7
roduct a,3bf99a3fa0dcf128
ttention,1256dfa50ed0448a
 by mask,bb01bfd4fc2fedec
ing out ,effd547332195e0c
setting ,e832a472eaf613d4
to  all ,2d63da36da8200b6
values i,5e59e3e2157725e8
n the in,2f6d4a622d7a6570
put of t,e339ba114077ff69
he softm,588b9a94e81da272
ax which,c5e1159b0352cf9d
 corresp,b56f83ee8db7fd1d
ond to i,3b14615f93f92c47
llegal c,717dbc1c6cb0f026
onnectio,cf61a7ef6e765ca7
ns See F,3c72c447582b7a28
igure 2 ,1480c37e075d9f8e
33 Posit,1e93efa905625923
ionwise ,af17d1712b3df98f
FeedForw,60b0d94a905f812e
ard Netw,45d6c16daca58869
orks In ,ced4203be1d688b3
addition,6571d13488835fb8
 to atte,78259c71e8f2c1ca
ntion su,91f0e22c9c57298c
blayers ,f23ff70d9d59aeac
each of ,8fde4200de39fe89
the laye,17e9d6cd9e38a6d7
rs in ou,1891d7cd49df36c8
r encode,77de051783903ad1
r and de,bd9c246443b93773
coder co,902ea97699351772
ntains a,beece2861ab06253
 fully c,3f881501d528ddaf
onnected,f08cd2a4a6250eb3
 feedfor,dbdbcf5e136f35f0
ward net,1ec15cb1df36cc74
work whi,3326bc8b6a5327c7
ch is ap,12f4d7e37903522e
plied to,afa555648735430b
 each po,5fbf9ef480b84e43
sition s,7be2c27e0706d5f4
eparatel,fd590a86249a6f3e
y and id,9061e8eb4134f006
enticall,2114b75639531321
y This c,c5aef4f5dbf215de
onsists ,70e280e2c0aaf374
of two l,917eb6b9b8fe17e2
inear tr,870d24d0a313f704
ansforma,e961466346728eaa
tions wi,e89acf93ad865019
th a ReL,45f2b6f504b1ded1
U activa,13ea04b553f00c88
tion in ,a797b3b1e76a78e2
between ,cccbb8f24e468dfd
FFN x  m,5fa80b4aedf40851
ax0  xW ,39d1021455efe984
1b1W2b2 ,c09334f4db511abe
2 While ,ba0fbd8dbf20ea1e
the line,aba3360001128cb1
ar trans,e2c05e7d8eb2da55
formatio,d18c9e73713e6190
ns are t,18c48a38883702e8
he same ,edb8696f4fc03f09
across d,6134480e7a4d7ac0
ifferent,7800b8a15f477d7a
 positio,e9e98943602491c5
ns they ,109723b990c65dd5
use diff,d3320a1c9653a3c9
erent pa,e7ad677bb9ea8b11
rameters,2e4fd33a2790e730
 from la,93417847cacf20b9
yer to l,db65c94b44f06e3d
ayer Ano,6fc16cc7516e267b
ther way,350c1178a6851abb
 of desc,80037987c12e7eeb
ribing t,1b867f4d648259f6
his is a,6b21a01251c6ce9a
s two co,39a81ac4ff255b32
nvolutio,0ce8fb2eb1f83e4c
ns with ,95719eeeb3f5c651
kernel s,65bb66a7e4ef9b47
ize 1 Th,da2183eee96b88b1
e dimens,43ccbb101e807b35
ionality,98c66f469b394168
 of inpu,279430681df70a1f
t and ou,2e603fac832b9254
tput is ,becdf4c2215d1504
dmodel  ,551d2cccc1328abc
512  and,23c45bd32081dbef
 the inn,7930049bb74585fe
erlayer ,d5ec0ee3e2b6bf4d
has dime,87d7f0535e651eef
nsionali,8ae2c47bcfcab9b9
ty dff 2,c72b3f331275010c
048  34 ,f2a6be2e6fcd2b30
Embeddin,32a882daf7df8509
gs and S,bbb118846b08e07a
oftmax S,baf9303c861378fc
imilarly,b221ef8d803e6a03
 to othe,3ff39bd09f3f6418
r sequen,23c1a2278f656d83
ce trans,3e0e7b47f7454e9c
duction ,c1c010a0cc319b5b
models w,54ec0a38f27b3056
e use le,f5b0f268d70c9ea4
arned em,d1f97f4329556bd0
beddings,fdda228a243676de
 to conv,75314b6b85eafe39
ert the ,6dd343e816b8faf8
input to,bf9e1c65253b557a
kens and,374672213962ceac
 output ,1cc779dca32ce7a2
tokens t,658dce70ad085db9
o vector,fac239c5ca2c5a3d
s of dim,423a4921edbebc00
ension d,15326afc1d6096d7
model We,3712d681657c3120
 also us,0ecce67395ee6492
e the us,802fee85fe07fa20
ual lear,7f198152f1cc85d3
ned line,3587fac2f52e7ec8
ar trans,e2c05e7d8eb2da55
for mati,4e1cd44008b76d1d
on and s,9e7c648f0f9aef22
oftmax f,9ef177a4463029f0
unction ,d3ba920445f8f94a
to conve,260fbee71ed78bc7
rt the d,88c58f6caa6f1a66
ecoder o,2f68167cc96efc5d
utput to,7a54a1c132d88e6d
 predict,b039cfe442546fdf
ed nextt,60fe32abec525acb
oken pro,5897395c62d24549
babiliti,9dfc15f27908f190
es In ou,fd31da2ff01a7392
r model ,c1c3b7e795df2a26
we share,4f36f01a7638ba1e
 the sam,58cfa76992ad8892
e weight,19a0759e54950079
 matrix ,20a7743cb32601a2
between ,cccbb8f24e468dfd
the two ,bec7b6f1d30d82e9
embeddin,86adee20295df65f
g layers,e0925166bc5dd214
 and the,8637eb042f71ceb3
 presoft,6aba2cb360310b90
max line,5a4a560104839b36
ar trans,e2c05e7d8eb2da55
formatio,d18c9e73713e6190
n simila,0406e17fde77e836
r to  30,602ae62411b3353e
 In the ,9a90d6edafc28852
embeddin,86adee20295df65f
g layers,e0925166bc5dd214
 we mult,b4e78d9c8e60c1f4
iply tho,e432c9a8d3dd4fb6
se weigh,131a9fd8c707bde9
ts bydmo,3ffbbf7a1d144bb5
del 5Tab,da77c81493a3d3e1
le 1 Max,ca10ccf289eb30dc
imum pat,23b85076c33a0627
h length,0b354816e8618540
s perlay,fba7230506198cdd
er compl,a880bfe46aa5ae9f
exity an,87bf35ac94184832
d minimu,87268f0d3672d16e
m number,c654b18a88e7ade2
 of sequ,acb6946ec6c6a05f
ential o,0f8821a3863c15f3
peration,8c160e8f68f013d4
s for di,4bc159e0750ed781
fferent ,f2148cecdaba582b
layer ty,cc68d079a17d0fcb
pes nis ,4af418af59fb95eb
the sequ,59651af372b3339d
ence len,f35181beb3df4410
gth dis ,3cc781448187736d
the repr,fa3b99d4050ab356
esentati,50e4ac9deae1aa5f
on dimen,2170a3a432f83344
sion kis,bca466e8d32c9e05
 the ker,aa2bc2a6c407abb2
nel size,b4f95c96fa2e3282
 of conv,9353287c51156e6b
olutions,082dea82e4db782e
 and rth,05afd5f77bc63358
e size o,ba3902a4590a24d1
f the ne,0097bb9bdd5d048d
ighborho,489ce4c3b0287657
od in re,3ba4a99e351b2d2e
stricted,6cd7b3945319804c
 selfatt,d36246d96c7b5896
ention L,6de061b8038a9f23
ayer Typ,9d26cf1ec3c9520e
e Comple,af6a1ff64673e3f4
xity per,2a1d7f0f2075f868
 Layer S,fc5aced5689f3829
equentia,ff84a0e26c98a9d3
l Maximu,8c0f33c0db029420
m Path L,78af152610281d3d
ength Op,3d9698080a993573
erations,cb4349b16fad3ac3
 SelfAtt,d3839e93d76e0728
ention O,fe75e3cf48bd244a
n2d O1 O,2f97df0d0604660e
1 Recurr,868f4580129cdb78
ent Ond2,28b0d3ec4355b9ad
 On On C,6194bf44e865552a
onvoluti,e102e8db27bcc3fe
onal Okn,b66c23708aa183c5
d2 O1 Ol,3add4c26286e039f
ogkn Sel,ceab6c92fce2e481
fAttenti,5fd4fa2b82eebc36
on restr,385b73032b543b27
icted Or,c5d55a24405187c4
nd O1 On,f4ceb26cb25a5be7
r 35 Pos,84cea2abb11a92f7
itional ,53cf902664e519c1
Encoding,50296d17a3e188dc
 Since o,7bae32e48f77ac14
ur model,35d7d9d555df915e
 contain,b34d6dc3193553b5
s no rec,c104b7f68213fda3
urrence ,1de3e65374893156
and no c,be1aa601f0626459
onvoluti,e102e8db27bcc3fe
on in or,2aa9395806fb383e
der for ,036805e05e6382de
the mode,cf13ffc4c7601c0a
l to mak,1b900bfdcc88b04f
e use of,b18ae242e1b06f5b
 the ord,b14e09be05784e57
er of th,f0797de07b0b32b0
e sequen,142892e6bd4c03f1
ce we mu,d81114d785301765
st injec,2b686a0886ff2ffd
t some i,54c7c69911e4f563
nformati,b4990319e02b09b2
on about,3fc2a5247a41b2c9
 the rel,6f7282bd1d5d17b3
ative or,a5e1b3996301ba34
 absolut,b2d5a14082a0bdd3
e positi,136c60865638a084
on of th,a2d69d603612c81d
e tokens,eb70d3b5f8751453
 in the ,dd8b76a94a7874e7
sequence,fbec94ea3ff9c4b9
 To this,b8548591adf33365
 end we ,b8918eb914c7dea5
add posi,b149f16934ff10de
tional e,63c35ea02d0873dc
ncodings,de2780987c602bd7
 to the ,7aa8902579cc42b6
input em,f2f9ea599becaf15
beddings,fdda228a243676de
 at the ,35be95b2a10bf08b
bottoms ,2c592147d4cb7ea1
of the e,eba09d254d82b590
ncoder a,4d05647a976a2922
nd decod,37c732602f6c23c0
er stack,87b7e5f6e0dd8de1
s The po,3e58a0eb839b8068
sitional,81422d66debd7d0b
 encodin,a4f2075c5fe176ed
gs have ,5652628551e6dab8
the same,3d31badae9e18a84
 dimensi,56d694e846baaff3
on dmode,5d0b6cb9b4c3ba5e
l as the,3f6d88a97bb0d807
 embeddi,2352156771f9b1e6
ngs so t,28f9e10f6e5b890b
hat the ,7d35d805900e586f
two can ,22bef73bd874a717
be summe,216ab461990ce09b
d There ,efbfcb04708a9ba5
are many,ceaf7d4017d36ebd
 choices,c623e1c54930a899
 of posi,7a7f1efcd5e293fa
tional e,63c35ea02d0873dc
ncodings,de2780987c602bd7
 learned,416782c303e1f7f5
 and fix,a2029648789a11a7
ed 9 In ,319d649ad1aafaaf
this wor,d4881fd04919944f
k we use,7c8c0ed396a79c59
 sine an,a9d6147e31fb0efa
d cosine,edb809af592f32f9
 functio,ac274ecbfca0bcf6
ns of di,3829034edcb8455e
fferent ,f2148cecdaba582b
frequenc,53b96411f6fa7241
ies PEpo,d64e9c8231a5241d
s2isinpo,d4cbee5b47ebc5cc
s100002i,08859b4518e59e03
d model ,fe789dab3a4e0c0b
PEpos2i1,b3def64de88a9b84
cospos10,7e16c3b0c59e6f4e
0002id m,536c9ba7169dc1c5
odel whe,a057e58a9f23d3ca
re posis,43ded995123fb527
 the pos,707dc8aa11a4143b
ition an,ccbf9cbdcc1f5f4a
d iis th,afb5963540846826
e dimens,43ccbb101e807b35
ion That,5c11cf699b5e01b8
 is each,38cd16d78a86944f
 dimensi,56d694e846baaff3
on of th,a2d69d603612c81d
e positi,136c60865638a084
onal enc,83bcf4c41656041e
oding co,503f601870d83630
rrespond,52cab24e605dcbde
s to a s,8450bf974b2e4e25
inusoid ,a2afc69ae40c0fe7
The wave,7323312bdb0643ee
lengths ,3c1933e1c4a2b1a7
form a g,18e8869874cf36c6
eometric,8c5b85ec4a32cadc
 progres,135419d8cf9baf01
sion fro,fb4351d4dc10bc37
m 2to100,e9edc049a44dbf4d
00 2 We ,ba421defb7fa27bc
chose th,2644a0ee9458485e
is funct,32f3436566094293
ion beca,7dd0753faa048ae6
use we h,2b5739c04d335cd7
ypothesi,2a3815a39ef41ebc
zed it w,8f1e0beb7f470051
ould all,2b2db1b565eb276e
ow the m,811a41fd39e39e02
odel to ,80600948332b770e
easily l,afac50fa811be84e
earn to ,253c57ff50d6a1de
attend b,446255f4e9b32e7c
y relati,26273c58ab8e70e8
ve posit,bf3941e62936d952
ions sin,270a8c545297eb8e
ce for a,33457cd450bf4870
ny fixed,03829177e4978b54
 offset ,ca4d0ab8be8dd816
kPEposkc,fc3ff6f6c9b4bdfa
an be re,940b03e46e9494da
presente,fc6f97bd2b6ee8e2
d as a l,7c59f61af845271f
inear fu,3bfb81bb6168571f
nction o,873eb10222bdbbf5
f PEpos ,1f7503f0ea478855
We also ,7c8c894f822614df
experime,7cb4021108f99345
nted wit,8e233577458545b8
h using ,e16f3c9687255a16
learned ,d649951010cdfa30
position,2414468800e43760
al embed,5c23d8577f78f8dc
dings  9,46642ef7b72c383f
 instead,daa1214f057cb694
 and fou,52687e1565a77745
nd that ,7cf2834e7ec41079
the two ,bec7b6f1d30d82e9
versions,31d9ba55f9ca256b
 produce,35c0cb14c90a764e
d nearly,ebc9ec999737d596
 identic,46cc1ca6f3b36d6d
al resul,903df058d7513edc
ts see T,02ade190808cdd1e
able 3 r,7d20ed103ac90505
ow E We ,fc165c2aa5fa2b0a
chose th,2644a0ee9458485e
e sinuso,5b01a0bec556cec8
idal ver,636331507e3cfa55
sion bec,a9fb624813c98513
ause it ,5aaa6a23b1e5a477
may allo,72619ca926f035c1
w the mo,031a2e6f44691158
del to e,cd20ef90f825e9f9
xtrapola,d9f2986b215a90da
te to se,164fe8b0bea888bf
quence l,2aaab173bb318094
engths l,73940589ee1b9d23
onger th,667cac6d54c85adc
an the o,6f4042d1e485b12b
nes enco,81b2c046baaeee41
untered ,ba0c68f590376031
during t,e089189710dc4bbb
raining ,79a3b92282fdd719
4 Why Se,d3bf47063bff5ce4
lfAttent,abee824efac61330
ion In t,954a69258a088921
his sect,aa5986f7c7d31b3c
ion we c,4ff89d1738c6ea46
ompare v,e22967f5c97de11c
arious a,394b0e7c1bf2983a
spects o,3aac02854028cddb
f selfat,f4062b33b4fff6af
tention ,464d50c98f99a9cc
layers t,9a3deead6e16f7b2
o the re,857f4adf9369d7b7
current ,4c364534a186c927
and conv,ea1ebc53629fd4b4
olu tion,f2202819db4a53ab
al layer,c329602c16a42dfe
s common,eaf6286a5afe86e7
ly used ,a551408ff0228fbe
for mapp,80fbcc52194cf6f2
ing one ,eab8d558cf9fff0a
variable,e7dd1ec01a45d4e0
length s,b8e7ffaf306f22df
equence ,ec3e99c6b5b8d167
of symbo,fbc76b689ca1167a
l repres,7ba58e474d1adcaa
entation,ae73ba5592e24559
s x1  x ,c12ad9a9289f2475
nto anot,9f01d1c8a81dced9
her sequ,7b44b3f14dd9b973
ence of ,3f53000fdac8cdd7
equal le,fa74f34c2dd39f29
ngth z1 ,9f052010815f1329
 z n wit,06db964c6ff5f975
h xi ziR,d341cfd96455c791
d such a,7be56b85fc4da58e
s a hidd,d2c6c19c476395ac
en layer,6b226a15581a2435
 in a ty,3f436ec985176f8d
pical se,9bbdfd2323dda710
quence t,dcafbb36c2aca827
ransduct,998c3193d152e6bc
ion enco,46137800aa65b788
der or d,a905ea672dcdd442
ecoder M,aa7601b52320aeae
otivatin,46b4d8c37edf115c
g our us,afd3020f910bcaf0
e of sel,8739d531019b72d6
fattenti,ee2417ec9853a074
on we co,cfbe6c9e1e86aeec
nsider t,a7b5f726a5745f7f
hree des,af23e712f52c9c50
iderata ,d2a6439bd0044cf4
One is t,89020e0fdc23d4b8
he total,ecb9612eae330818
 computa,fc4a10741784216b
tional c,4d9c2aef23b51765
omplexit,9d1ad9b18713d00b
y per la,b5300805d53795ef
yer Anot,c3ac9d058a0c0879
her is t,3e08459a2edc02b7
he amoun,61da8ede71ead484
t of com,40132567bf3a3064
putation,54b99937a0ac0e2b
 that ca,3dacfc5df292f5d4
n be par,8272cfe682a56a78
allelize,7be7e2591ecb96d1
d as mea,21bf28001e995a20
sured by,3a0f8e6beaff9455
 the min,eaacda9ec8a57207
imum num,b3d576d9af5e7b02
ber of s,4cc3851095392be8
equentia,ff84a0e26c98a9d3
l operat,414b431928a5dd14
ions req,bce74ec5918f963b
uired Th,5f0cd56c4b59e5d6
e third ,3036db84bb569f00
is the p,ee892afe26d8032f
ath leng,cc30f41fc711b7cd
th betwe,da29ea383a6fe9b9
en longr,633de2aec8dd1648
ange dep,085edbee495f056e
endencie,b5ea953bd40f70b6
s in the,f230c9906d41ff0b
 network,45a315ecb660b36b
 Learnin,438aa4673d66c2e7
g longra,008f9badf482216e
nge depe,c52fadcce3e13a48
ndencies,4e5035cd3ba46092
 is a ke,0188d7f86862bc5d
y challe,1b9fa1ecef244096
nge in m,f820df4486b3dd0a
any sequ,c41f34e9ce2e74cb
ence tra,dd1339c6fcd3ed50
nsductio,f7243b9b1b76c393
n tasks ,e077f7b73e477646
One key ,dc8dd41e37875cde
factor a,90e8856b1bfe0cbc
ffecting,5d74d31d7161155c
 the abi,3b5aa0c40d99a4b1
lity to ,728c4ed9fddc4bcc
learn su,2f49607338352264
ch depen,1caaca48d4834933
dencies ,689b2fc8cc1cecaa
is the l,d382b82220bee5ed
ength of,c70084b3d83b2ba1
 the pat,9e525315e3b390cb
hs forwa,58166061d3729a2f
rd and b,91b6a76e152da37e
ackward ,74a168bc64d4ef7e
signals ,7209e3e63926823d
have to ,05214fc033f34bc2
traverse,e645adb45ed76f05
 in the ,dd8b76a94a7874e7
network ,fc46c2826a0cff71
The shor,d733e01794be7e19
ter thes,a9819e85d37d08c0
e paths ,2791f4c21ce6565a
between ,cccbb8f24e468dfd
any comb,9c95d298b328f305
ination ,e2d117c62fe4bb7c
of posit,6fa0b5304ab105e4
ions in ,361176cb8e520f45
the inpu,f64a1b916a9577dd
t and ou,2e603fac832b9254
tput seq,31208addc7e8b8f9
uences t,e15ca1685bdc83d2
he easie,83fc2b2f29f1cfb1
r it is ,63cf7372fdefb61a
to learn,58b6bf4a56df58de
 longran,58888b00af178f10
ge depen,9820c06efe0f8434
dencies ,689b2fc8cc1cecaa
 12 Henc,7cff4fe9674baef1
e we als,909b49d495947d61
o compar,6ea8b7c09aa8d6e4
e the ma,f591cb71e97b9306
ximum pa,b627747d46d34da1
th lengt,577dcb9cfb6130f9
h betwee,6f9c0ea02fb9c48c
n any tw,ba04f36cd380aad8
o input ,b0828f1bd876d886
and outp,3d5f0fcebff8206c
ut posit,f5386568955f7ce7
ions in ,361176cb8e520f45
networks,83fbe20c6e733e9e
 compose,1fd78757a17d4977
d of the,804291cf1205f255
 differe,f50aa989b705e7a4
nt layer,55bae454ce7ffed6
 types A,01e5328e18ee43e6
s noted ,7328ec9609d50ad8
in Table,1e6c5203a4e2512e
 1 a sel,bd54ccc80c171f87
fattenti,ee2417ec9853a074
on layer,3ce7c3aba64bd105
 connect,07262f7d449ebbda
s all po,391bd9358b55808b
sitions ,aab17109ba83d359
with a c,640c4335473e03ef
onstant ,b63e3f4f64534c25
number o,2cbdc05e755085e1
f sequen,b453041b0e282c24
tially e,807f035cdec251a5
xecuted ,d9c79a3240f048c1
operatio,51b81623f0e033b0
ns where,3ab6c2027a3cf215
as a rec,f94bbe1f5faecab3
urrent l,45e713af8b47a68e
ayer req,b0bc80e4083327ea
uires On,5d8d0e635e25bcbc
sequenti,82d9a356db681eed
al opera,09f445e3d482e4b4
tions In,6eeec8dc0005f8f7
 terms o,1b295a3423ab1bb8
f comput,0533d9686ecc7854
ational ,39022ab2737532b0
complexi,0e48be0089c5a829
ty selfa,67e007427c778f58
ttention,1256dfa50ed0448a
 layers ,5500754dd39ca776
are fast,ca4515db76e59345
er than ,3d8819cadfc23e55
recurren,a207ea9514b09039
t layers,1f1cd5775f148f4b
 when th,3b4eaa0f59645983
e sequen,142892e6bd4c03f1
ce 6leng,170e14ea49cf602e
th nis s,2ae341b9a27710c2
maller t,1be08c691cfafd3d
han the ,71e5deed6cd289eb
represen,feb6b85b020990c8
tation d,d77221d0883dcf4f
imension,3d34f80a1cdb6892
ality d ,bf74a1627961a54d
which is,e27fcd8be53025f2
 most of,1cc2fc2a9f9a5ac8
ten the ,139f3cf15618b068
case wit,4a17d4b15c225d4e
h senten,fe211eb59cec4bb7
ce repre,d2b09f6fcd4d4d75
sentatio,1a4296c8d9b6d612
ns used ,efb6c3b0fe4dc126
by state,1bb18c8f9bbf0347
oftheart,18990514e765ead5
 models ,d9f0c2d2f2e3d2ae
in machi,868031c90cdd7305
ne trans,bf7fa5ee9d6c0369
lations ,3b8838eb9adf3a6f
such as ,68834b61f954523b
wordpiec,77796cdd905059e6
e 38 and,cb27fb0006a0d173
 bytepai,45b77db6f1a6dff9
r  31 re,ac8755d448b409d5
presenta,83a2777cf81f0650
tions To,23c1543b927ffa76
 improve,15931b7ded28029b
 computa,fc4a10741784216b
tional p,4412473c7849e072
erforman,48c07a8921edd4e0
ce for t,f8cf33d900297445
asks inv,da6d08a307b26cfd
olving v,a39728f74a237f18
ery long,e2ac4eea18d00066
 sequenc,a95b63d282ddbb7f
es selfa,a6d7a99c95b9cc02
ttention,1256dfa50ed0448a
 could b,57403fa14fe59bcb
e restri,c323ab7500e6e239
cted to ,abbceed45601f096
consider,485b31baefac602f
ing only,7862f3be75094822
 a neigh,d0496fc7921a599b
borhood ,28b817900d1384b8
of size ,6ba3667830c813d8
rin the ,6e2a2d54a4b6360c
input se,54d25e9dc96515a2
quence c,345a02a4288bcf3d
entered ,8fc0879211165a86
around t,67dc1047b7ef919e
he respe,e5ebf2ecf0664685
ctive ou,0099d5c30cc0168a
tput pos,d32fb87b84ab55f5
ition Th,b3123a0b9a344415
is would,8b52ec3ac73d84d1
 increas,7df5ad6867b3bace
e the ma,f591cb71e97b9306
ximum pa,b627747d46d34da1
th lengt,577dcb9cfb6130f9
h to Onr,3b9388adef128d8f
 We plan,35292b6700f23eac
 to inve,317dd349759f4217
stigate ,778d41533a8f6bf6
this app,b625eaeda8a93f54
roach fu,d1414c3c98166eb8
rther in,183e240df5a4dcab
 future ,f9ebf28f4dbd7c3c
work A s,dd5cf9bc2d353469
ingle co,b1c7f1d86084e07c
nvolutio,0ce8fb2eb1f83e4c
nal laye,1c05096e677d698e
r with k,c2fb9d2b570ed1a9
ernel wi,812f8a88a488d901
dth k  n,71be1219eb134d26
 does no,9ca47a621d9e094c
t connec,55f81c615df7d9d5
t all pa,792e9311d111052a
irs of i,e2bfdcf62793e75f
nput and,bcbb9a327250113e
 output ,1cc779dca32ce7a2
position,2414468800e43760
s Doing ,509d0c61bf2b3a6b
so requi,5ec86983215636f3
res a st,3f474673613745f4
ack of O,2f07b8cc398da8e7
nkconvol,9914b2a63df79f01
utional ,1a874c9b7766dd20
layers i,35f3a09152a43557
n the ca,a2609cf113293c80
se of co,ac518468c6fd8bf3
ntiguous,de09085efc58dc2a
 kernels,8c7fb19eb84e7e36
 orOlogk,68e80bdf404953b6
nin the ,3391696c1475f0c4
case of ,ce1b2216e8954273
dilated ,b6acc74e851e7644
convolut,ee2785c98dd6934c
ions  18,a08c1c24ae483b36
 increas,7df5ad6867b3bace
ing the ,cadec4802733589d
length o,1437f50fe3831112
f the lo,3c89e06b55ed0f33
ngest pa,bfc88a919873dde1
ths betw,6939f335f86aae0b
een any ,0b73d3512139126a
two posi,123a3f1e5219c894
tions in,f28c7dc1364d6260
 the net,15c273aa19e5921c
work Con,1e45c8e81ac90d83
volution,e9418691da567c4d
al layer,c329602c16a42dfe
s are ge,09864784cf09c4f5
nerally ,70b859c717b1fb3b
more exp,40cfe736c88b37f6
ensive t,1ebd8fd2a1d652b4
han recu,b68d8c38702642ca
rrent la,833aeef7793e6ea4
yers by ,ad91da1e515a33f4
a factor,8776a1ea4bb60f2a
 of k Se,2ddbd7f0f09a643b
parable ,b6e637c5d3e0c359
convolut,ee2785c98dd6934c
ions  6 ,27edf5efab63bd63
however ,9a65a784111615ea
decrease,c65443118421878b
 the com,792ca797b826ee6e
plexity ,47d4ad57ccdf4b29
consider,485b31baefac602f
ably to ,ab379ff7a64db6e0
Okndnd2 ,6cd86ca841ceb5f9
Even wit,230a2d4159f35e7d
h kn how,5e4c43dcbf321ffc
ever the,4be055ecae6e6fa4
 complex,e387d51777cb261f
ity of a,1af35db3118baac5
 separab,1dbafa6b1a8d8114
le convo,a1ffaa7f7f22db00
lution i,25fd21a4d62e337c
s equal ,e4443d2ed53bb25d
to the c,4e789a97f78566ad
ombinati,bc70873474ea17a1
on of a ,e2e64f5cda54e7b5
selfatte,9ecc7b7515a56215
ntion la,37445ad45dbae0a8
yer and ,61b0df630d32ec87
a pointw,0e6e0f20c8e826a3
ise feed,801a1fb7f29035c3
forward ,e92737f73bd28fe8
layer th,84acb5ef783d8aec
e approa,33f7653797e8eb73
ch we ta,c7c01a689a141798
ke in ou,43f85ef1ec470dee
r model ,c1c3b7e795df2a26
As side ,13ea3b35097f2cbe
benefit ,409bd2fcf20ae135
selfatte,9ecc7b7515a56215
ntion co,d864b472d04f5500
uld yiel,3fc6e9994b9328ff
d more i,b3f47da2df0c63b2
nterpret,7cdd5fce4c5ab3a4
able mod,6a90e8e6e1bb0a8e
els We i,d8e25c12b79d39c6
nspect a,0bd2690fb3829e09
ttention,1256dfa50ed0448a
 distrib,b3955c8c194e2c9f
utions f,7b4ab456b44802c3
rom our ,8f0004094f978613
models a,e910b04f7d9e9254
nd prese,50bc1bb7ffc7cea1
nt and d,6373113edd09e936
iscuss e,4049f5b3a9a2c0b4
xamples ,0a5e94e57c7de864
in the a,f4badc9cd2189d91
ppendix ,f27c2dadcb6f304f
Not only,a697ae691680de91
 do indi,6e324c1d717d9004
vidual a,7a398f25ca4a6896
ttention,1256dfa50ed0448a
 heads c,832208f0b7b25b5c
learly l,c21cf40d5ddd2225
earn to ,253c57ff50d6a1de
perform ,5258dbc34a677551
differen,e2c9aaccf59f03a8
t tasks ,3b62292dc4a7a106
many app,305e2d2e7e9d2f90
ear to e,5ae83f2fb33e9617
xhibit b,21e9b6859b99612f
ehavior ,94d2ce5e187aed92
related ,e79f12414a7a685b
to the s,10305e494e1bcb27
yntactic,6e066cd33f88fed1
 and sem,f9f8aa11aff03cf1
antic st,9fe171b1ce58aea3
ructure ,7575846a907073c0
of the s,b293d517623e5cf1
entences,1d0d3ecee3f30648
 5 Train,e11d638e0d1cf452
ing This,c096fb9d57207e16
 section,f47e349dc5251d20
 describ,77b3241aae0dd2aa
es the t,fe65ec2d3eb4872c
raining ,79a3b92282fdd719
regime f,a17b9df0fa671fe2
or our m,7bf81fdd31eb51d9
odels 51,40708a0e39f9d907
 Trainin,e12f7e8f6cc9a95c
g Data a,470dea69698237c8
nd Batch,9fc316089b40306b
ing We t,1855f943456a9207
rained o,7362519aa7399d77
n the st,1c6dcf9bf9935575
andard W,3120d1fc997120ae
MT 2014 ,c4eb29bd996e5ab9
EnglishG,5a47c107d6e17ee4
erman da,acb4ca79967f8ade
taset co,60356d0742d5efd4
nsisting,2ed084daf5dae435
 of abou,f0eeb7d326fb94e2
t 45 mil,c400d778315df344
lion sen,33d698533d32e7bd
tence pa,539f6ebff527ce43
irs Sent,7ed7edf56fa54c7c
ences we,8f849b440c8bab70
re encod,608ada4a727aee68
ed using,16b08d95f8478004
 bytepai,45b77db6f1a6dff9
r encodi,b5ec5c2a13d55da3
ng  3 wh,1b214c52cee53ea3
ich has ,2d00358b2ed5f1f6
a shared,aa3ce186f78c253f
 source ,774ae435f1c057b9
target v,bba33d49dad17d1a
ocabular,8db988912290531a
y of abo,fe6cf5e83ba248fc
ut 37000,b6a3400a3e4a5dff
 tokens ,73a4f4e5e9612191
For Engl,77c4aa68731d1003
ishFrenc,309ef2f5f00916b7
h we use,9e12e99b65bd814f
d the si,4bf3f1b25777c3da
gnifican,f2ecc7ff9a0d2365
tly larg,5730f70569d62ea6
er WMT 2,5e54874f09c88373
014 Engl,5469298f6b5a8d20
ishFrenc,309ef2f5f00916b7
h datase,2e2f5fa28ebf3653
t consis,98963faee6a57853
ting of ,8632333b866826c4
36M sent,33a8294f77147699
ences an,9611ec4b69351416
d split ,f9f7d400bcb64e1d
tokens i,0081c666f3ef8a5f
nto a 32,37a4de79805692e2
000 word,27cfcacac58ee04e
piece vo,e684ffa65811085c
cabulary,11e96f1516d7d4ab
  38 Sen,69764ef58523b1a7
tence pa,539f6ebff527ce43
irs were,40c19db1b722ca23
 batched,8b61fb8ebfa33b2c
 togethe,7d923bcb71eb7801
r by app,8bb976a0e0414c02
roximate,dc2095b9abe7d56a
 sequenc,a95b63d282ddbb7f
e length,a70dfbbd0c3f3574
 Each tr,af45d9f1eaa56496
aining b,bf074c1b53b38922
atch con,227a27c4853374a3
tained a,b4d72cf7173ebf99
 set of ,ee8c2449750accb6
sentence,8576ea6c43ab41f0
 pairs c,810ab0c4ec830daf
ontainin,b48a5ffecd940fc3
g approx,68c9015a604754a5
imately ,bcd70286cd33b24e
25000 so,c3db31b595a1ea7a
urce tok,d6e61c162c600657
ens and ,d066fa2c4aae5ccc
25000 ta,486310a2d1cc47a0
rget tok,c1abc54adab77e78
ens 52 H,054fc7ac7a79265f
ardware ,79ed39ad732d0cd3
and Sche,824919384bfa39db
dule We ,c3e709af6765ca60
trained ,e794479d35ed7998
our mode,856ab70a631077b9
ls on on,766e0ca14d881fb9
e machin,fb0da3b2b0db58cd
e with 8,630edec8c36384af
 NVIDIA ,af8a50debd6efa0e
P100 GPU,2d2e5e2af42537be
s For ou,4bc5af3a50c2d719
r base m,8c0e8cdb54693bd8
odels us,532f33a6fe12cb5b
ing the ,cadec4802733589d
hyperpar,c3d59ca30317231b
ameters ,f87868035130c30d
describe,1c4dca31808af4a5
d throug,5afac86e823bb3e4
hout the,f9c162f752b80101
 paper e,15c47f075dd9741c
ach trai,703248bcfe343c46
ning ste,fa81c341eefa4549
p took a,69206fd2d9b29bc6
bout 04 ,83ba907fb61117a1
seconds ,e2fbbe3e20bd1399
We train,d83328ac8aebade7
ed the b,71189e91356398df
ase mode,50dd80b2fd983de1
ls for a,7e8f626cc482406f
 total o,7b457ae2239a0b01
f 100000,4d368ba7088cda8c
 steps o,967935030db09e48
r 12 hou,e68b7d2fd28fd072
rs For o,7aafe96d7f0ff8f5
ur big m,a950859c03c114f4
odelsdes,4b6f890f9cf6a847
cribed o,a94f79b3a7915771
n the bo,b4000e34b7bb10d1
ttom lin,b72e0f9fb00a6bbf
e of tab,edcd5638cbfe4b9f
le 3 ste,d014fdc3bf288a16
p time w,17c592875573225d
as 10 se,c301229ca303fa0e
conds Th,995409aeb677622f
e big mo,f4acf645f819815d
dels wer,0baa6810557d6212
e traine,b95d1855cbd37ccf
d for 30,a32e94fbf4008938
0000 ste,11951eabf0ed2cd0
ps 35 da,134e3dde70b9c48f
ys 53 Op,78dfb900e8a25e98
timizer ,8113c5912bf6a67c
We used ,afd0f4aa55fdba5e
the Adam,9376b06ee8f267bd
 optimiz,4d72684a0de984d9
er  20 w,9e2ba4e1e096368d
ith 1 09,01d99ba4b056f2fc
2 098and,79ae018bb6394fc1
 109 We ,e9a2065c6f8ec3b4
varied t,8d9f21413b063938
he learn,6af608cf814a3c43
ing rate,0d6a55be94fe0992
 over th,4dccc1b38bd1e46a
e course,f1f18dd28532b089
 of trai,c10aabadd141c1c7
ning acc,a6422443470727c2
ording t,9c691fb0cdeff3d7
o the fo,5404b247f07c1ce6
rmula lr,3bce1a45d2f73514
ate d05 ,01cf45d045259cb3
modelmin,d22a16e3325df6d2
stepnum0,a628a7b833fe4933
5 step n,20af7f32596514de
umwarmup,2b1238af104eb53c
 steps15,f3743f2db55b6f6e
 3 This ,59ca93c2b939f6a6
correspo,a346bbea85c59c6d
nds to i,d751550da5b90bcb
ncreasin,24efbb55e42bda6c
g the le,4f7d612aeece6076
arning r,5a07db0c8167679d
ate line,6a4cc8503cdbbc28
arly for,32e5da3d43455437
 the fir,ff2c3872d6538003
st warmu,a6d76f14604eada0
p steps ,fdaa6bd9c8233b2c
training,1fc0e75b48dd96bb
 steps a,a2c1ef9bd7976a52
nd decre,906a6e788b6b6f19
asing it,571f53eee98e0975
 thereaf,d315dcf6e461dcd7
ter prop,0c914a0fa72e0be8
ortional,3a66bfab94825e6a
ly to th,ff2cfa040ad1ead1
e invers,c12e1dd06ffe70e0
e square,5fbb5a5c9cf9d1d8
 root of,8b82d593e15dd30e
 the ste,e3c73a8b0e723790
p number,e2fb28cc554398e5
 We used,b2cbc6bdf645f959
 warmup ,5fc0fdb4ce0d3637
steps  4,7a4cebd66f923308
000  54 ,843a3b68c935c451
Regulari,8c151a17447f2e38
zation W,7de5d0116f2dd775
e employ,91f103014da96590
 three t,d40bfc58084a990d
ypes of ,6b481932a4099596
regulari,85f5af8dcdb70774
zation d,f091e9a07ecbec7d
uring tr,8c21da34dac05ab5
aining 7,7955103524711b25
Table 2 ,2071944df7c9ae13
The Tran,63807cf62e0d95bb
sformer ,ce448f6ad4ccbfdd
achieves,9b25cba257f21afa
 better ,9d517d4017e2bf2b
BLEU sco,88dd6d4dd8354631
res than,3cdb907d84122501
 previou,2de4dad9fa52dfd0
s stateo,63f6fc9196b0f008
ftheart ,13b04a9b4a8a338f
models o,0a9125c2b7f64008
n the En,0dcfe4fe75b51e52
glishtoG,11fb22fbede03741
erman an,212829d6c18cfa56
d Englis,ed87f75dd301f22b
htoFrenc,037a4dd8066b2502
h newste,f2c3e08d9e5ff60e
st2014 t,fa338702e9b45bef
ests at ,e92482ed4d672197
a fracti,bbb248484a34b691
on of th,a2d69d603612c81d
e traini,a80a582d504a026e
ng cost ,ce7a4f78c6c6d5f4
ModelBLE,5396e5f8cc2fc596
U Traini,3fcd8d611dcd116d
ng Cost ,65d579f55addfa63
FLOPs EN,5d1ea87063910089
DE ENFR ,f0df72f2f9ed4d5a
ENDE ENF,7bcb7f7babc8defc
R ByteNe,8cc7179704784495
t 18 237,45540c7c1244ac52
5 DeepAt,a1e264bf09a754e6
t  PosUn,e2fb13bb395c8d2a
k 39 392,7a6eb35d70304e5f
 101020 ,4a391743de0f0b38
GNMT  RL,7e567326dda2fe57
 38 246 ,7a123988446207cb
3992 231,29108c6e316980b8
01914102,648ea74b6df4c5cf
0 ConvS2,62cd4059e17115bc
S 9 2516,b850eb3213e727f5
 4046 96,958f9f63133938c9
10181510,574b19208ea58e89
20 MoE 3,f56e07e796f54e29
2 2603 4,fedada1ebd105b56
056 2010,f52564ea15831b27
19121020,c2f86eff44391410
 DeepAtt,e60633f62e1b1503
  PosUnk,68bc43a33c5750a5
 Ensembl,9b092db444bffb88
e 39 404,acffdc2dc04212ed
 801020 ,8898985bfe5e384f
GNMT  RL,7e567326dda2fe57
 Ensembl,9b092db444bffb88
e 38 263,5c9c3ba5bcb5b61b
0 4116 1,3e71b650c841a9fd
81020111,85316ff39e15b34b
021 Conv,d63f34f243752e50
S2S Ense,151aea649aaf742e
mble 9 2,5255130eeade78d5
636 4129,e2e4492a80370f18
 7710191,dcd2005c1e941d47
21021 Tr,539ab224074b27cf
ansforme,8de271335d26a3ab
r base m,8c0e8cdb54693bd8
odel 273,611ca05b34ea2986
 381 331,7d7947504c56985e
018 Tran,cf956e05b7d73648
sformer ,ce448f6ad4ccbfdd
big 284 ,0208938014262201
418 2310,a3fdff664f9fe7f8
19 Resid,58b1f0774e53d246
ual Drop,62fb943c9aa94b8f
out We a,db45cbdb7f3ee776
pply dro,22292112fea5d930
pout  33,46a8163ab7ecac1c
 to the ,7aa8902579cc42b6
output o,1d6c07516da72e27
f each s,0bf9bd19d9a6ead0
ublayer ,62f212921b4ac513
before i,18d45ef71de8eb96
t is add,262088d6f7576636
ed to th,9ec0fa63d62948a8
e sublay,7bad18b1c7940621
er input,a137711dc4916521
 and nor,475a31bdcad6e0b1
malized ,f6ac0756297dd72d
In addit,7516fb84ffb30c6d
ion we a,ed6a31ac58d005c5
pply dro,22292112fea5d930
pout to ,1130453fc39a5e74
the sums,da14973c6b14ce93
 of the ,f66494a636e8cde4
embeddin,86adee20295df65f
gs and t,4eabffe63017d702
he posit,d4e46c2b88242111
ional en,bc2aea7617a94ebf
codings ,2d3cfe6fd3862bb8
in both ,30c7007f540551a5
the enco,8079ca626f7df556
der and ,62c49049edf1d1c3
decoder ,8e0c3018e2b55239
stacks F,c699d700b622cdcb
or the b,b13d4f6e9426d4e6
ase mode,50dd80b2fd983de1
l we use,10b39f9ebca43d6c
 a rate ,74085b7790ef78e2
of Pdrop,feffa1411746ad57
 01 Labe,79333cde3676e8f2
l Smooth,ae6874ee2069ca8f
ing Duri,9e81edc85869272b
ng train,4d5ea8cc91059abf
ing we e,22d6973f2eb1bbfe
mployed ,a8c80f47f988a99d
label sm,4f863736d17b17a7
oothing ,962681b20ac3ded2
of value,47bf39828ec4090b
 ls 0136,5dfc86d0b20b37aa
 This hu,9867543f1b8a964b
rts perp,15f0ea06152b536d
lexity a,9cc4683008c4705a
s the mo,20bebd5ae8661154
del lear,65e9aa196e5dbeab
ns to be,e42711f90c56f988
 more un,0e81dc951aaf6eab
sure but,838fcdead233b49a
 improve,15931b7ded28029b
s accura,67fc98cadefbaaf3
cy and B,d7083cd7157562e9
LEU scor,adcfd382035ea3a9
e 6 Resu,e6f675452a7e5560
lts 61 M,84980ce291e08027
achine T,792c26fa7b84f4b5
ranslati,b0678fa28197311e
on On th,878e696df605dcf4
e WMT 20,6890513527757388
14 Engli,3dc9b644ae2d9900
shtoGerm,97ad0ead5fbee758
an trans,c7b8b6a475b50528
lation t,07b1c9518a0b6b88
ask the ,78070c63cbd8371c
big tran,fc357f340f9f1cbf
sformer ,ce448f6ad4ccbfdd
model Tr,7439fd52288a430c
ansforme,8de271335d26a3ab
r big in,09cb3282cde908c9
 Table 2,7a5ab7fd1df6de45
 outperf,e87dd1405a4675ed
orms the,67b5e15c50cec30b
 best pr,9ef08f4e9d40c236
eviously,2c61c9fe9b084171
 reporte,25492aaae39d16fb
d models,79af2b307bdf0510
 includi,fa94c232e630b235
ng ensem,b0a50be9fc5e10c6
bles by ,b5b2ec40563c1c73
more tha,1d453e6cf6950167
n 20 BLE,e343d70c32e73c4d
U establ,63c222ccdda0c38c
ishing a,c64bc27c3aa6bbd9
 new sta,be3595bedefc85aa
teofthea,d4d02cbf99a18378
rt BLEU ,57f32d470a41acac
score of,3023b40a444900ff
 284 The,52bf5759b5e9cd4c
 configu,a2ec5bdf6f86c0b9
ration o,56d02e3d1a5a097a
f this m,c4d00c648a591892
odel is ,8b574baeef6f5fa3
listed i,b8af953aa2418531
n the bo,b4000e34b7bb10d1
ttom lin,b72e0f9fb00a6bbf
e of Tab,2c52843259c171db
le 3 Tra,c171d94e5e6c92c7
ining to,9bb098e535638ca9
ok 35day,a9b44039a83d05d6
s on 8P1,ec30bbd0d2d432e5
00 GPUs ,51003b0ee63cebd4
Even our,fdb92a7058f430fe
 base mo,7c0e3c961ad452ff
del surp,d4333927789f5c23
asses al,e6b0e351c9cc03fd
l previo,97dd4dde15969acb
usly pub,997aafe559808736
lished m,649a51f2b7441f37
odels an,3805714a34b9dbd2
d ensemb,13436b425c1a1ecb
les at a,8404caa3d37eaf66
 fractio,17381368ca0d320f
n of the,f3da11531a0156c3
 trainin,162279f7069b0ed2
g cost o,6003206d48d363f3
f any of,4432aa575b97f69d
 the com,792ca797b826ee6e
petitive,83ee372537aefb5b
 models ,d9f0c2d2f2e3d2ae
On the W,f1b4245eb1af07c0
MT 2014 ,c4eb29bd996e5ab9
Englisht,31bae4a7f6690ac6
oFrench ,80383dea7daf3468
translat,fdcfee8b170d5c1d
ion task,f7e5a8ce36ac81e0
 our big,b9d2521572afee18
 model a,b9d9188c98cf685e
chieves ,24e3002a952f5073
a BLEU s,8e6912436cc5341a
core of ,ad4bda29b06ea08d
410 outp,7b437fac364271eb
erformin,4cb056070a0ed155
g all of,810a7b256fb23583
 the pre,157cdbbd60b51a16
viously ,dbbbc7c9720884d7
publishe,04ae174602d156c7
d single,560b4bc14e07ba1c
 models ,d9f0c2d2f2e3d2ae
at less ,bb68f52c73356637
than 14t,ea67e9b749407a1c
he train,b073f940726a71f5
ing cost,de286d170b99d4ed
 of the ,f66494a636e8cde4
previous,b0985258825ff482
 stateof,b869ad6da763a7f7
theart m,2fbcee6cb19bfe29
odel The,4b7acfe9f38077c6
 Transfo,bbd59a60b00c1ae4
rmer big,a8e730fb2043722d
 model t,23a544fb22494695
rained f,edc11919c5269955
or Engli,1ceed3cd022c515c
shtoFren,7cd527d4cc8fdec9
ch used ,2e978c1d8d019f62
dropout ,4c0f2976691b81a2
rate Pdr,29ac949cc4a480d0
op 01 in,3c0828b8ae7795b0
stead of,13932dc502e429d3
 03 For ,716aaa7e7d8f11b8
the base,0a081621f0ce887a
 models ,d9f0c2d2f2e3d2ae
we used ,4e4920eef74531b0
a single,5c60960879c49a09
 model o,993f293297ba74a7
btained ,2572de09bf7e4f32
by avera,d64e34a19961b7fe
ging the,6b09fc34230be0e7
 last 5 ,c53770885d27f79f
checkpoi,fda923130879a842
nts whic,acba5871c5261ce9
h were w,25b20b336065187e
ritten a,99bdbea51ac39725
t 10minu,c2019ad2327ba049
te inter,487fb4fc57c2ea14
vals For,fb7a00c7de68dcf1
 the big,04e2695ab7e98401
 models ,d9f0c2d2f2e3d2ae
we avera,e557e3220b093985
ged the ,b6634555be81a508
last 20 ,75dc5fafc0fb6ec3
checkpoi,fda923130879a842
nts We u,06c9be8b345fbd21
sed beam,b1ac6b4d19c70fe8
 search ,811ed056f84fb804
with a b,93a3bf1197db54c3
eam size,921c4f51e55c03a8
 of 4and,2e3e921f6749fb99
 length ,780cbb6f05d084a7
penalty ,6c87f06c108942c8
 0638 Th,d8512e98861ebdb4
ese hype,3f7a7409e9c2b4a7
rparamet,3d3751a541915ea0
ers were,5becf272f7d8da91
 chosen ,33a92b9525227bc9
after ex,f320d38461da26c7
periment,991836d90cb48cd1
ation on,18126a915f5e85c6
 the dev,8820b7802003f49a
elopment,57cd31b0e020f568
 set We ,424d18150db4596d
set the ,3b47749a8340247e
maximum ,4f3cc5f1d68e24d3
output l,f41e658712d92bd6
ength du,95224c63742c045b
ring inf,fabe8d2aa0c31f59
erence t,518d7b3badd6b043
o input ,b0828f1bd876d886
length  ,c4f5de2f550e56bc
50 but t,34865b2b8e5ffc00
erminate,60e326d281870155
 early w,4ee2aac998d3cf5b
hen poss,fcd712b2572fa1e2
ible 38 ,471c47d907a89e7d
Table 2 ,2071944df7c9ae13
summariz,3eea36f8758abe4e
es our r,cd4f81c85884d37c
esults a,3aed1ff07683d948
nd compa,d5d2cdfecdccb8d2
res our ,222d28b7bb617641
translat,fdcfee8b170d5c1d
ion qual,5413841e47e7bda4
ity and ,b04fdc09e4c9cd07
training,1fc0e75b48dd96bb
 costs t,9a51f7619416ee4c
o other ,5b82bd87844e521a
model ar,68edbed288ca388e
chitectu,3cc85809535c526f
res from,7e1842835d778177
 the lit,18f291f52ece58c7
erature ,c85662d6720a4185
We estim,964ad9db6842f4e5
ate the ,2954ae61812ce82d
number o,2cbdc05e755085e1
f floati,8b6e330124bb2a52
ng point,3b9de509da8b759e
 operati,2a132d76086c5b2f
ons used,cf99411f4e6db6b2
 to trai,ea89c2e557708f12
n a mode,8124d4e38cacff83
l by mul,66b064af7c5cad9f
tiplying,6460ce4fbf8fe105
 the tra,0919a85759ed3f72
ining ti,6503939623031804
me the n,2a75f0499ff2d38d
umber of,708a1e1e19f1e8fd
 GPUs us,d25262f834b82e37
ed and a,0093dd4e9d355ec0
n estima,95a2f110e6d4988d
te of th,e71daa0fd3fb9dc0
e sustai,3fcd11a413806271
ned sing,08a4ec01d8a9024d
leprecis,4567e5f0bf260608
ion floa,10fa2eeda29d1bde
tingpoin,91898995b3aa9a67
t capaci,89d17105da75fa30
ty of ea,6ef11e930cf8f03c
ch GPU5 ,f8a93a75d5c2192a
62 Model,1100f12c50e32c3b
 Variati,a1996c22958eaecb
ons To e,9670852ccc26bb11
valuate ,8c9269ea94b587ac
the impo,2750074ac9aabc66
rtance o,e8fde68c3e223cdd
f differ,9b6e73f806a8f902
ent comp,d4570cd1da322e9d
onents o,de8826f4533579d8
f the Tr,b1598ff7804de946
ansforme,8de271335d26a3ab
r we var,89ef077276c6b4e9
ied our ,fa0628e60b3bf95b
base mod,eda3d2229630aacc
el in di,f81760b5313ed675
fferent ,f2148cecdaba582b
ways mea,a20c24564781f6ee
suring t,c9ba12a6e61d4526
he chang,52843f32361e19ed
e in per,7f2d3015c647450e
formance,b5274f83e3ea206e
 on Engl,d7cbfcdd3674703f
ishtoGer,509263150ee3ff0a
man tran,fe47e1c12b7e8594
slation ,a0ce583f78498269
on the 5,98985a2c6d6af407
We used ,afd0f4aa55fdba5e
values o,30481b90e0b7c7e4
f 28 37 ,6dff4e4a74ffec02
60 and 9,2a779c6f2c3e1322
5 TFLOPS,f8364b32ae12b091
 for K80,0b09a434ca660e53
 K40 M40,321d73a98a8e062e
 and P10,9c4719a103eda19c
0 respec,7cb9819cc05c5c10
tively 8,71fe12e1cf6c9b22
Table 3 ,d4a3928716667830
Variatio,51c1a038e517b9ff
ns on th,4a348daeeca43374
e Transf,1bf5be4fd0bc54c4
ormer ar,5e182b4b086663ea
chitectu,3cc85809535c526f
re Unlis,6caaf3cd8c903fc1
ted valu,1faae3a847fa354b
es are i,1f2b5451499447ac
dentical,8b1c7ca0bee24786
 to thos,cc449e82045d3596
e of the,b766d96d4160758e
 base mo,7c0e3c961ad452ff
del All ,18d421df5c15fee7
metrics ,bb91d916ad2f90cd
are on t,354ba8cde8f9ce22
he Engli,4b60e2dc3f225a13
shtoGerm,97ad0ead5fbee758
an trans,c7b8b6a475b50528
lation d,1d397e90e29f68d9
evelopme,9c1190c984bc9e01
nt set n,5d8cdcf927abbca8
ewstest2,e0162d2d3f42e03d
013 List,69a04f71b50b59cd
ed perpl,84dc346c96bf5093
exities ,d31e9bc3e8ff34fc
are perw,39d7697df44acde2
ordpiece,d489da5ce12e0ac0
 accordi,f361f3d9e00988fb
ng to ou,e687ac635a8f95cc
r bytepa,6dd65c1dcbc7295e
ir encod,a0ef68dc34de3e23
ing and ,0fbcee21b723f1fa
should n,705cf1c9ec8e41b8
ot be co,dd835534e382088a
mpared t,dafd3f46e7ffc2a6
o perwor,a1db48118619f7d8
d perple,8907e703dee233c1
xities N,ebe420aeb75a3586
 d model,aabe6aa2da72d037
 dff h d,56966f0ccfd6fd71
 k dvPdr,d697f4a71c7bdbfe
op lstra,20181ae06389fa4f
in PPL B,3ddbf59bfb10c044
LEU para,313a218301ff7ab5
ms steps,c1968a18ebe8edc9
 dev dev,47e8fb7871e825af
 106 bas,5b714a8293828f75
e 6 512 ,a74632b0ee13ae37
2048 8 6,85aa767ce842fbb2
4 64 01 ,90e5cd0aed01e96e
01 100K ,97de1ac3411c725a
492 258 ,4d0091f2700d6743
65 A1 51,869d8b5ae392d8e8
2 512 52,94dee21ea5129dbd
9 249 4 ,8b16805f9247bf93
128 128 ,b43b4699bb3f0436
500 255 ,bdeb3cf8179852f0
16 32 32,2f4206a3d8768679
 491 258,3f825e9abe325e19
 32 16 1,73e69aa2c2553a45
6 501 25,c0d9f569ee1f0ec3
4 B16 51,44dbc442d1ab36f4
6 251 58,6bf9d99cc9141d3b
 32 501 ,8d375ce7a3f9ad7f
254 60 C,e14d6b4175aba40a
2 611 23,341ca9f75d92a839
7 36 4 5,5ec74ca96b51b0a7
19 253 5,1cfe638863e508a6
0 8 488 ,9ab18aa7095c4719
255 80 2,bdd01be86e3afa28
56 32 32,22957f93aac879d2
 575 245,b1d00093891e83f5
 28 1024,d97405e31c528701
 128 128,05a4530099130284
 466 260,d37f604bc8cadcac
 168 102,86648915c850c73b
4 512 25,0f9cd952cadd6951
4 53 409,65ef3d5f4a8d60cf
6 475 26,012cf5900151f9be
2 90 D00,497a96f9ca5b0ad5
 577 246,7e82124242bd0a2d
 02 495 ,5e756c30634346d8
255 00 4,2db1cbf7db4f9c25
67 253 0,3643f5ddef5b9c3b
2 547 25,8f1a46f60c03a469
7 E posi,35a8db9398ad038a
tional e,63c35ea02d0873dc
mbedding,ddb624e15f0b4764
 instead,daa1214f057cb694
 of sinu,2aa1ccb66e807625
soids 49,830fe575e72a9d56
2 257 bi,ea8ef1dc8e72ac9c
g 6 1024,6bf357c2213784ae
 4096 16,a1421f2e61b3397d
 03 300K,8f8c6b3b274309ef
 433 264,ab88805e2cdfd2ec
 213 dev,0b4f6cede48bf8e7
elopment,57cd31b0e020f568
 set new,80bb52d3bf107300
stest201,455279cfe2ae903d
3 We use,507ad769f9c9269c
d beam s,5e636d3f3b87436b
earch as,136f15687925b033
 describ,77b3241aae0dd2aa
ed in th,6c0f0420bdb8869d
e previo,49378f7b6746200c
us secti,e35867e8e361a7fc
on but n,d7978c565637af88
o checkp,8be3f79aa66cb826
oint ave,9431fe563575bf6a
raging W,1e8fcb50ea1948bb
e presen,6c79d48cfb7e6ae9
t these ,a6b28d6f7c86347f
results ,67b5151d67c2f217
in Table,1e6c5203a4e2512e
 3 In Ta,63bc4cba09961ff0
ble 3 ro,5ca5b3371c5d8b0a
ws A we ,e18afd8cb24ee527
vary the,baf8d83bb011991d
 number ,d4cd1891df2eed92
of atten,087ee5bfe87b3ec7
tion hea,d86aa609c96cf328
ds and t,b1f3a8c06813eff2
he atten,8455b104d5e39b19
tion key,842df4492d46450f
 and val,5f54ab84324a2e53
ue dimen,70c04f5015c1957f
sions ke,62691d9e077e2f2a
eping th,f97c6eabe0b63882
e amount,dccab58297e3570d
 of comp,80ae8432bff914d4
utation ,12d58f02a06f371a
constant,afbb1c8569d8c47f
 as desc,142e712a7a227c49
ribed in,2a28afd7f25fce0d
 Section,e0304d7040cbb13c
 322 Whi,e6ea96d64e9957af
le singl,112eba62e8cc020a
ehead at,6f18ecd4383caa0f
tention ,464d50c98f99a9cc
is 09 BL,bb2794d0876c5f9c
EU worse,3760efd31035a0df
 than th,e1adb85cc893fc27
e best s,7e6f53c6c3e4e168
etting q,59a00d7f0fb7dcbc
uality a,684b1b09f11f3341
lso drop,c0c91ed41e8652fd
s off wi,203850321a5a975d
th too m,6dbd69c6ab5c2d96
any head,f50c188ce95d8bf1
s In Tab,5a09190b7dd16d9b
le 3 row,6e7cd7bd1c262ced
s B we o,439e10f64690d06b
bserve t,c84edbb537eafbf8
hat redu,12231536a16c2076
cing the,738b37d72d006e59
 attenti,ab9f9fd18534cc10
on key s,b0f9d5389d4c6b63
ize dkhu,af77ffac4eaa1d6e
rts mode,96d28fa65d6ff7ef
l qualit,98660b54fa3fa366
y This s,7eb003b911533a49
uggests ,cc2fffdb0ce6e52e
that det,e9271a81d125f277
ermining,2b3c9fcfefd93ab2
 compati,4096871fc7c76eff
bility i,73367809c2f1ddec
s not ea,632d6e66613ab5ac
sy and t,3f5f09efabaf2c33
hat a mo,ecd60eb0428d9251
re sophi,86495a0b85c9f05b
sticated,b380d9536f8c9184
 compati,4096871fc7c76eff
bility f,95c4f8cc9a44e71e
unction ,d3ba920445f8f94a
than dot,9d02b93fe14aea5f
 product,b6de68b376c0c641
 may be ,03c110cdb7567b70
benefici,0d4b9ec03e868889
al We fu,329fae6232cb6b28
rther ob,7f886d5bf6fb757e
serve in,55156d05c7d7398b
 rows C ,5e635996626057c1
and D th,29fd8d0439add14d
at as ex,ee6880e17a41a9a6
pected b,5947008d74d9c65e
igger mo,98ea057531c47210
dels are,19d424b1c686cc58
 better ,9d517d4017e2bf2b
and drop,44271f098f8d1746
out is v,7f58a7115b2e2b80
ery help,2af8c3448e05e96b
ful in a,779ccc9f6f6c9eee
voiding ,0992167c5fd7b5cf
overfitt,335c10d8dd279f0b
ing In r,a51ab04e404250d1
ow E we ,afd2a9edca3589a9
replace ,8190ae52933bef17
our sinu,46e42c46aceef5a7
soidal p,e3499fc8d26fb1c9
ositiona,87ca331cb20ab396
l encodi,a7f1e261a39d536d
ng with ,ca41c13b77225cf2
learned ,d649951010cdfa30
position,2414468800e43760
al embed,5c23d8577f78f8dc
dings  9,46642ef7b72c383f
 and obs,264b293ffaf80209
erve nea,90778ade04968a28
rly iden,4fcbf40b1389e84a
tical re,d56811fa60dd9463
sults to,cd98e1b5be33680e
 the bas,176407296565668a
e model ,4a85d708e81d3529
63 Engli,9d6e663825000f27
sh Const,cfd7979d1db86387
ituency ,a82c66d92851f8ba
Parsing ,b012f837edbc8e36
To evalu,50805e1825a9a3a5
ate if t,cc3807214002b5a8
he Trans,f11720426a07cfbd
former c,832f93068a73698e
an gener,e743d5e7b88c2a94
alize to,26399409aa27f1e1
 other t,45d8560febd3a287
asks we ,eefdf8f82fb56fc4
performe,c3d77f94a6cf7ef3
d experi,f60308c0be3a17c8
ments on,47e018b5eb480037
 English,33e4ce2412d0513d
 constit,c03b9fd544541ac6
uency pa,f6b6295a09fb3454
rsing Th,a63253e327407e2f
is task ,4375bc5b3efaa2d8
presents,5327a0d9fcabf9ae
 specifi,0f0f38ba344b0e0a
c challe,f635af4264097a97
nges the,3ed537d65a969763
 output ,1cc779dca32ce7a2
is subje,d8f4fb95ee7566fe
ct to st,49c197117efe2966
rong str,74afe1460549dbb5
uctural ,37cce37df5cf8c5f
constrai,19dfebdc300a49d5
nts and ,7753768fd0b7704a
is signi,4884b16c4e027632
ficantly,9741a3116645b156
 longer ,041106c90a59d234
than the,0a6e9a3c29a2ded3
 input F,0e621a778418c865
urthermo,5d33ef25aa9ee229
re RNN s,2cf2fcdc6ed42d08
equencet,cecf46fd23d35e41
osequenc,2dab6d2cf4cfb0f7
e models,037848cf4c1804a3
 have no,cd50ff8ef96ba666
t been a,a338649f73f164fd
ble to a,6c6d17053ebd37cd
ttain st,ef171f8f702bc1ed
ateofthe,7e9a42a02490f928
art resu,e3d86bc499308229
lts in s,fa514d0e210e14ff
malldata,46f70d54cbaedee8
 regimes,301e0d5bcbf32a9d
 37 We t,03bcb00cbe73b020
rained a,89180df528f9f1a6
 4layer ,2f64cc72b73ac8cb
transfor,1589ac6aeca480db
mer with,b8c0aa54e41d4201
 dmodel ,60ac97f470f6f7e1
 1024 on,0a19fa6fae30fc86
 the Wal,e412a5f34c60ccfb
l Street,1d9f281e6ed76142
 Journal,0c22cafd26ec9a50
 WSJ por,74ad997ee79bcd30
tion of ,eea7a636fd5ec8a5
the Penn,10abfaa5f761db33
 Treeban,a67db4e093091e51
k  25 ab,035bf763bc7bc3a5
out 40K ,7985ba3db5ee4dd6
training,1fc0e75b48dd96bb
 sentenc,315f0387cfd84bfd
es We al,673a60a5b315fe48
so train,dd5bb25011b0128d
ed it in,3dd83d428500388e
 a semis,89a5352225ad99db
upervise,f433ead987d05f02
d settin,0ae0607d6570a6e9
g using ,4b4106f5e78714ec
the larg,fc92d19f99714df1
er highc,d17e230ebbfecc6a
onfidenc,367705c84bb53fb7
e and Be,b42e4c820316510c
rkleyPar,a331cf8f0a4b7121
ser corp,75f527c763d27005
ora from,6a5e372abd1c8222
 with ap,be8662eec31bdf25
proximat,bbc39c23deb1dfa9
ely 17M ,40914e695d18dd7f
sentence,8576ea6c43ab41f0
s 37 We ,c006f4e553e117ad
used a v,c95ce1ad35a2b404
ocabular,8db988912290531a
y of 16K,a58becd66ce77f15
 tokens ,73a4f4e5e9612191
for the ,4d58c5a90b0cfcca
WSJ only,aaee9236b6faeedf
 setting,c7ada1896857ee6e
 and a v,b42503114b2143bf
ocabular,8db988912290531a
y of 32K,8ab6f38fb1c8a41e
 tokens ,73a4f4e5e9612191
for the ,4d58c5a90b0cfcca
semisupe,136bfe902818e6ef
rvised s,8b8aaa345b3dab91
etting W,6354b251fd989705
e perfor,30932a3fb9cb2926
med only,d94a3ef0c8e65a5a
 a small,a820717b63514473
 number ,d4cd1891df2eed92
of exper,29cc06dd66dcf962
iments t,bf447c1139dd3f2f
o select,2526192c873d629c
 the dro,0a0916f6b31a22b3
pout bot,d5898052c1ff3d29
h attent,4aaec93c12577151
ion and ,cec771785ee165ae
residual,0b89f40c0ab6e7b0
 section,f47e349dc5251d20
 54 lear,ce6a28b8db0e4622
ning rat,7ef8de52fa5bf221
es and b,1c55ee5bad028197
eam size,921c4f51e55c03a8
 on the ,d4840f0425a2c266
Section ,d2143e4f9b33e980
22 devel,b712960317ace1fb
opment s,f7739058bb6e078a
et all o,20b499a097170e34
ther par,18640a4706298311
ameters ,f87868035130c30d
remained,57aad06f1f272587
 unchang,b0ee3ca79c07b78a
ed from ,3f2e0b082cebe9e2
the Engl,bddb1f4e9db99d44
ishtoGer,509263150ee3ff0a
man base,afdcec48bd720d1a
 transla,398858416401523a
tion mod,6b0becafb775dc87
el Durin,3adde436d2c87c39
g infere,9f7deb41ed29da3d
nce we 9,8f3f0cd997606fb3
Table 4 ,603d25c5cb73e73e
The Tran,63807cf62e0d95bb
sformer ,ce448f6ad4ccbfdd
generali,2a60a05f7a6dda8f
zes well,3fa775f37f9ab3bb
 to Engl,0dc1b4660ec57634
ish cons,347d4b211fbb5185
tituency,e13c0cbdffb856bb
 parsing,4f5450cedc577f80
 Results,610b024aae8fee90
 are on ,9539bf4bf7767b25
Section ,d2143e4f9b33e980
23 of WS,0df0c0b7019a6fdc
J Parser,e4ec66417e8a887c
 Trainin,e12f7e8f6cc9a95c
g WSJ 23,bc68d45f5d76801f
 F1 Viny,b070b6c44c3375c8
als  Kai,56cb75d3bb39383b
ser el a,6cdb916a3ad50697
l 2014 3,ff2188999c125a54
7 WSJ on,8289e1534beaa302
ly discr,ef0d958a696a1621
iminativ,316583bef72779e4
e 883 Pe,9a6d1882dd6417af
trov et ,da0dc10d9e47a320
al 2006 ,b186755d6e40071d
29 WSJ o,44336c8981e89682
nly disc,368603ef75501e23
riminati,a4d52304769565a5
ve 904 Z,c41a020ca589af9a
hu et al,e36361ca2e286a39
 2013 40,a5a8b41afa9d2ee1
 WSJ onl,48c36f436810dd86
y discri,3cd78a8057a1e052
minative,83c925956b18b1ca
 904 Dye,20bf179214aa634b
r et al ,3403397b2eec21a8
2016 8 W,1ff1f052327973c7
SJ only ,fd102b32ba006345
discrimi,cb9fa1a54a6761ea
native 9,62cb2345e988e926
17 Trans,0fcc01c2bfb31059
former 4,25f86bf39c99244d
 layers ,5500754dd39ca776
WSJ only,aaee9236b6faeedf
 discrim,1c0c52dcfae7a032
inative ,ab4e9d51a283de03
913 Zhu ,81536633737a86bb
et al 20,7c7c55f00cf783f2
13 40 se,a80cdbab8fcb7ad4
misuperv,91afe29856733395
ised 913,11bf289506c5bbd7
 Huang  ,5ba481faff901da8
Harper 2,89d8478f684afa5b
009 14 s,724ad809b52c7f05
emisuper,4c38129ac196afce
vised 91,d64e0e743a0246f5
3 McClos,d9f78c973426d608
ky et al,f1097f035de212da
 2006 26,e25726010446fc44
 semisup,deb89c902fd29e4d
ervised ,25b167bd147d8aa7
921 Viny,a3c5aee429551f0c
als  Kai,56cb75d3bb39383b
ser el a,6cdb916a3ad50697
l 2014 3,ff2188999c125a54
7 semisu,a5989b814516dd51
pervised,a12758508ee49c4c
 921 Tra,b40153f7154c271d
nsformer,dc59fc09507d5d1c
 4 layer,98db256dc607825b
s semisu,adfb0cd017c989f9
pervised,a12758508ee49c4c
 927 Luo,afc591be1e576c3b
ng et al,ca26d343d995b750
 2015 23,1429823b7ccf2ae3
 multita,64d7741e78239c0d
sk 930 D,b504e6dc5f2f1bfc
yer et a,4fd87bdeeafb1913
l 2016 8,2bba1cc6f0e8d1e7
 generat,8bb45d020d942fbe
ive 933 ,5943497b463c938c
increase,16f196abe83fba0d
d the ma,159b3d73174bbcb7
ximum ou,3f572f42d096b1e0
tput len,d1829e89df51fc81
gth to i,b6e20878b2462361
nput len,158152ab9f8e1aa6
gth  300,92dc1ca3bae10842
 We used,b2cbc6bdf645f959
 a beam ,864e8404867aad09
size of ,5eb17a75d932a243
21and 03,d180ff07da3e3faa
 for bot,a27a02c6b695b672
h WSJ on,31409d54bc07f442
ly and t,3652fba0d2e40cdb
he semis,dcb98e5df062685b
upervise,f433ead987d05f02
d settin,0ae0607d6570a6e9
g Our re,cc165f262b3bdd56
sults in,be64c39d28eb74f8
 Table 4,f3693528f3932334
 show th,695adfef09e10a1a
at despi,7f6de1dacc7d7fe2
te the l,574e52fecea21d27
ack of t,4e3892be3b10e8b5
askspeci,ffaa2b19c94bcc02
fic tuni,83d0efbe7e60430c
ng our m,7458f9fbd1ae8c32
odel per,387ed4aa1349dd8c
forms su,35c95bfd3f131a67
r prisin,ecaa790ff432bb71
gly well,9e97059c66a97510
 yieldin,109e98d5bf2962e6
g better,dcce911938ed2282
 results,15701239e017afa0
 than al,b1bd808f2d5d08c2
l previo,97dd4dde15969acb
usly rep,2b63807698d7d58a
orted mo,82a272ce746acaf0
dels wit,5df5a90ddc80333d
h the ex,d147cf14e4813dd0
ception ,be41a466baa44f29
of the R,1be99e31d7e082d8
ecurrent,c4b7ebe149e852fb
 Neural ,935d1083e392cb10
Network ,d0015a158e46d37b
Grammar ,714ad67542883e48
8 In con,b502adb06a52a5d4
trast to,9408f550f9818ad7
 RNN seq,28eb736de8ce07a6
uencetos,45007e9e167524ed
equence ,ec3e99c6b5b8d167
models  ,498a6144021d57f2
37 the T,4c03bbfa3994ba50
ransform,200925ec50274440
er outpe,9b7302e8ba3547f1
rforms t,ff28918f03e7d831
he Berke,793c8e4a36abc03e
ley Pars,2856ef6cdd05dd64
er 29 ev,1fe3e1d5861170f2
en when ,1c105b1b91230ce1
training,1fc0e75b48dd96bb
 only on,150637a15fcec131
 the WSJ,d6619982baebb4b6
 trainin,162279f7069b0ed2
g set of,c4bd3cc58d5bb6aa
 40K sen,3227043ee1caa6c1
tences 7,b5a82763b0d8adaa
 Conclus,a1414960fb52d388
ion In t,954a69258a088921
his work,18c79910af1ed62c
 we pres,b17083c12e3380e4
ented th,e38c87aa440ed32a
e Transf,1bf5be4fd0bc54c4
ormer th,fcc2d9c24d2a05b3
e first ,24d5eb45657f2697
sequence,fbec94ea3ff9c4b9
 transdu,a8ffa673cee19ee4
ction mo,b8ec711e8596f8f2
del base,a5f25848c5ef9f97
d entire,caad63b085061164
ly on at,8d60bc1ef2e50ffe
tention ,464d50c98f99a9cc
replacin,7d217509412eef27
g the re,e6c7479bbb5ecc9c
current ,4c364534a186c927
layers m,a6400ff6acdef55a
ost comm,af08c861499fbd02
only use,3a683d9bd26900aa
d in enc,a0fe8710fe816b5e
oderdeco,1e2ca45f815b5f88
der arch,9c7aea66ad0b50d3
itecture,e24fa398cd631bc2
s with m,1bed5a66db1efa6a
ultihead,1e599b16f98f912b
ed selfa,2a65a19bfb7ae8cf
ttention,1256dfa50ed0448a
 For tra,839ea72d9ef6a8d4
nslation,300fa0be570e9b62
 tasks t,303035748a535ee6
he Trans,f11720426a07cfbd
former c,832f93068a73698e
an be tr,30b78c95699040d4
ained si,3bfcd3b450ff101c
gnifican,f2ecc7ff9a0d2365
tly fast,98f44616475997f0
er than ,3d8819cadfc23e55
architec,ad58e04638e83f93
tures ba,3334ce8b4ddf1e98
sed on r,91ff31da7a67a797
ecurrent,c4b7ebe149e852fb
 or conv,fb99fa58a31a1916
olutiona,1da97e1f8afa5e74
l layers,d6809eafd85bdc45
 On both,160b95ba5c1ef995
 WMT 201,80bc8177003cff48
4 Englis,06336440c20491a9
htoGerma,c33f86151cc22f85
n and WM,f0f314991f8e5289
T 2014 E,805644d5639714b0
nglishto,11950e0112029ae0
French t,c38c1820aed86100
ranslati,b0678fa28197311e
on tasks,c25f8d236ea87a1a
 we achi,3444f652f0b303f6
eve a ne,c3117dc5f145f98d
w state ,9de4bafcb51d67a5
of the a,d994350c1b2ec472
rt In th,3fb0d768d17bdbb8
e former,57f5f5e0b3222603
 task ou,d316f48ece86ac8d
r best m,6877aee532b50d6f
odel out,06e66a4d7e004280
performs,169ab5de732fc8a8
 even al,97c4706a9bd77ea2
l previo,97dd4dde15969acb
usly rep,2b63807698d7d58a
orted en,3f18f30dfff118ba
sembles ,1e4d5f82c16e656d
We are e,a5ab1117ed92d223
xcited a,e0def9aca5428bb8
bout the,d49f0c88738b2ae9
 future ,f9ebf28f4dbd7c3c
of atten,087ee5bfe87b3ec7
tionbase,8f359265d712c9d4
d models,79af2b307bdf0510
 and pla,e606a923c6be868e
n to app,df6df15a8148fdcd
ly them ,a151c5b993a3a3e4
to other,3cdf8cfecaf7bf25
 tasks W,275d1278e95c4f28
e plan t,8461b60ddf0a9b87
o extend,8e8401ad95ad8849
 the Tra,9b6d4fea824ac62f
nsformer,dc59fc09507d5d1c
 to prob,20930415b64d4d80
lems inv,a274f772fc4c14cb
olving i,2eacf43fad331b02
nput and,bcbb9a327250113e
 output ,1cc779dca32ce7a2
modaliti,78b20cbf6c7fe469
es other,5a74664e260ae950
 than te,c8edc6ba12061db4
xt and t,c7d1079ce06058e4
o invest,9be15f118aa59305
igate lo,d4e22f95caee2b5b
cal rest,b3c05ae1be191a6c
ricted a,1b9dc795aa6b5673
ttention,1256dfa50ed0448a
 mechani,bc558c75e498dac2
sms to e,0dd2e30c816dbddd
fficient,c2fe2f629d78d171
ly handl,0d8e8f1b7b4c0db5
e large ,ee1fe01c8f514d98
inputs a,2a47e4c2fb1f19bc
nd outpu,a4e0f6cf30d29019
ts such ,656c9d3d15fecc53
as image,311aa440ffbe329c
s audio ,74e9d2973fabab88
and vide,327c35f74500052e
o Making,5982467bfd84ac28
 generat,8bb45d020d942fbe
ion less,d105aedb571c722d
 sequent,bff1155e0998d65f
ial is a,398259b712785c9f
nother r,77fd2088cb1b7de0
esearch ,fe67204d033c0b25
goals of,b7c92602f8dea3a4
 ours Th,54d2babb95652ed2
e code w,86184ab81204d21e
e used t,b7ce5f9f8eaaf377
o train ,f1af37670f7c489a
and eval,5330c6f34eab7601
uate our,b891dfdd84736859
 models ,d9f0c2d2f2e3d2ae
is avail,6c835365920a00e5
able at ,769b04b24485d01f
httpsgit,0204d549ae5d3e6a
hubcom t,d98eec39f3891293
ensorflo,034ba391e2f67dee
wtensor2,99c38475b4facb37
tensor  ,0e6af011a5a3eef1
Acknowle,c6d6f6846394c47c
dgements,14ea86bcbc351944
 We are ,e9220e28c999a7f2
grateful,0051262ebca42030
 to Nal ,f1f3e3526c6d8556
Kalchbre,82285930b4ef137e
nner and,f04ceb3d6834199b
 Stephan,6d96eb0d3e1f1fb4
 Gouws f,daae5724201040e7
or their,68dc3470ad349c20
 fruitfu,c6eb186b944c5e6b
l commen,1bc324d6c3973fd6
ts corre,19c56564018299f2
ctions a,e6f7c6b8659e23a0
nd inspi,5eaafbf8e47bc510
ration R,30a88702f9e73c44
eference,fbcd435eabb7db66
s 1Jimmy,e7ea0c3641501e3b
 Lei Ba ,25a5fd10c98fd00d
Jamie Ry,daf2be7bd3ff3d59
an Kiros,6225797a1a43b0aa
 and Geo,307bde38b8839162
ffrey E ,00d8d093eab25af5
Hinton L,6100090715015eb9
ayer nor,adbf15fb00d2a147
malizati,671072bf0f3e9c15
on arXiv,674893fad87ab4ba
 preprin,53803bd21bcfb53c
t arXiv1,ccae598a5230fded
60706450,c240cd5656e6290b
  2016 2,7973c31cb4577505
Dzmitry ,a724c9c5816bdc32
Bahdanau,98af5b30b67b4e6b
 Kyunghy,f65aba95afce0b5a
un Cho a,fa00c5af5309bfd8
nd Yoshu,28a6ee4d2a0600ac
a Bengio,87046977a45ed0a1
 Neural ,935d1083e392cb10
machine ,7e2ba1949eed651b
translat,fdcfee8b170d5c1d
ion by j,d92ac1b56fadd62e
ointly l,5faa163f30585aba
earning ,20e7627998db18bd
to align,24835d3569bb0c29
 and tra,f286cd684cb01506
nslate C,23d12b8f896ba6c7
oRR  abs,5804c7e10554a895
14090473,21c68f008b7eca08
 2014 3D,23c8c105682d5615
enny Bri,ce2c0c12b2e464aa
tz Anna ,f4c7e48a30861af3
Goldie M,11995184f9834247
inhThang,003c6f1931e520a5
 Luong a,8429b9de81e20ffc
nd Quoc ,5428a5c8ac1cf6bd
V  Le Ma,42e35dfb541e9bb9
ssive ex,ba94a7d1bfc836c0
ploratio,59f38cbaa00d2e49
n of neu,b893b14330e5adc3
ral mach,6378b7d9014d34f3
ine tran,5eba030332124f00
slation ,a0ce583f78498269
architec,ad58e04638e83f93
tures Co,73f8ba7314efa1e8
RR  abs1,dfac327c8282c387
70303906,aeac30cc53dfa934
 2017 4J,a3179184418af99e
ianpeng ,27606b307e0d7953
Cheng Li,f0d9abb5913fd824
 Dong an,ad69f9a299f61298
d Mirell,65778a18f183662c
a Lapata,f254ea74f488d93e
 Long sh,cc29e84457d8034d
ortterm ,b0b6d2ccffa3d582
memoryne,626a92887922e883
tworks f,45af4e6c760f93df
or machi,211992215c33779f
ne readi,f63c3ad964cff603
ng arXiv,214c19e20552d6ea
 preprin,53803bd21bcfb53c
t arXiv1,ccae598a5230fded
60106733,41927e3a2e814e21
  2016 1,b02fe5ab01a2183a
05Kyungh,03199b7f4b315ce6
yun Cho ,e89139808b31d9b8
Bart van,f06a90c0d594fbe7
 Merrien,c154b12ae6e8d2d1
boer Cag,d63558f1b097f14c
lar Gulc,d33f39488c1f57af
ehre Fet,7817d5f29157c3a0
hi Bouga,4f386419f091a14c
res Holg,08e9fb23fbb33f6b
er Schwe,f6d9aae386dbd26b
nk and Y,37967441eda19052
oshua Be,e3be8ed9c1afd606
ngio Lea,2f81446e554905cc
rning ph,c64f84aee10f86c0
rase rep,a1dff6f9433547e8
resentat,02eff80b552df6b5
ions usi,9a675f67e35a7e93
ng rnn e,29111d3b15cf8b1b
ncoderde,65a2815cd3eae620
coder fo,fecc8a6c96197ed6
r statis,48c4bab7cbbaf075
tical ma,53dfda1734aa38de
chine tr,a5c11b1ce1a8657f
anslatio,a176c9437394dc46
n CoRR  ,ee2f607c84208147
abs14061,414f7e90ab12d162
078 2014,55fb5a0c1f6581de
 6Franco,621bc533af2797e9
is Choll,eea79f4ce74116f0
et Xcept,37209a39bb244098
ion Deep,ff89ccbf7fb7fdab
 learnin,00a73ef559699658
g with d,fc101630bbead0f9
epthwise,ce2cbb8710d4736f
 separab,1dbafa6b1a8d8114
le convo,a1ffaa7f7f22db00
lutions ,95f9beb1c147f564
arXiv pr,5cb19321e22b18ef
eprint a,00005091e51351e7
rXiv1610,7c2dfe217cd915bc
02357  2,762a6c69b3be8c7d
016 7Jun,515645d08b516506
young Ch,bdb1bfc18356dae1
ung agla,fe65b251cf4087a4
r Glehre,3640331cc7615792
 Kyunghy,f65aba95afce0b5a
un Cho a,fa00c5af5309bfd8
nd Yoshu,28a6ee4d2a0600ac
a Bengio,87046977a45ed0a1
 Empiric,0b4aaa5a5567648c
al evalu,ed5cd53f1c926995
ation of,4bad1155f635ca86
 gated r,8aee8ca0844bb137
ecurrent,c4b7ebe149e852fb
 neural ,92b3a5171f1fd6bc
networks,83fbe20c6e733e9e
 on sequ,33ef7748309193b7
ence mod,2959611c36f21552
eling Co,27ece723692cf142
RR  abs1,dfac327c8282c387
4123555 ,942c9822e88c2fe1
2014 8Ch,58875b6dc8e10d0a
ris Dyer,9059d51509e07e82
 Adhigun,564b52b8685a793e
a Kuncor,b90a0a313edb0bc1
o Miguel,1a05b0804c02dd9b
 Ballest,cc4d2fc086b3282d
eros and,82572f9f6c2dba5c
 Noah A ,9f2eb30c2ead650d
Smith Re,336747ddcfee79f5
current ,4c364534a186c927
neural n,a58c0848506924cb
etwork g,2ed2661721f61067
rammars ,052ded699ddb9ae5
In Proc ,e402f6a52abbc40d
of NAACL,dbab8ca92f3c06b0
  2016 9,02f83858705970cb
Jonas Ge,eb8009e71c5d0bbf
hring Mi,2d9085e82e00316b
chael Au,dbd13ae438df7a16
li David,3d9743e84caa74af
 Grangie,21b329df4376642a
r Denis ,9fa81ffc0277c4b1
Yarats a,33c17f322c7b7843
nd Yann ,4b4a0726ca44a7e7
N Dauphi,a9f87fc071d781f2
n Convol,0d713b7719fba183
u tional,d4a2d2fb83893b7f
 sequenc,a95b63d282ddbb7f
e to seq,4ba8de64832d042b
uence le,1a5c37aed7346209
arning a,66c8619d2cba7a87
rXiv pre,78304d4d9578dd06
print ar,894f7839c6869e99
Xiv17050,9a4dfc14afc77133
3122v2  ,724a73a524104baf
2017 10 ,f886578f3634b33c
Alex Gra,f53fe399ae6390ff
ves Gene,4495a124a1b7d76c
rating s,ade47eafc119da25
equences,3aa5bfd5a49d015d
 with re,62fb32e315399427
current ,4c364534a186c927
neural n,a58c0848506924cb
etworks ,457db824a8cf2709
arXiv pr,5cb19321e22b18ef
eprint a,00005091e51351e7
rXiv1308,663f3310b9f33185
0850  20,7941e38499d4be87
13 11 Ka,3b8418aac4fac2b7
iming He,ec03f6db2789879b
 Xiangyu,892841021611741e
 Zhang S,f3423942c6762126
haoqing ,ea9b39994e14e2b4
Ren and ,53837dd403d31de7
Jian Sun,f45013e1b7141509
 Deep re,b883f9929c6acd81
sidual l,9dc8b822d9629166
earning ,20e7627998db18bd
for im a,8b90ef0ac602d392
ge recog,0d26da31fc7b89f6
nition I,2b951bee06d37e61
n Procee,38e1bef338bc47fa
dings of,62a977e86bd7d35e
 the IEE,9d3c9aba54c70c27
E Confer,8c9073d336e325a4
ence on ,2ed3cf05ba8259d0
Computer,be26776c7ea64edb
 Vision ,954712e39349b73e
and Patt,68a60dcf21a76982
ern Reco,29b69dd38f203e46
gnition ,5263d893425f3210
 pages 7,e575d589277d164a
70778 20,6f70383f52f2eb43
16 12 Se,04d44c597229a26b
pp Hochr,6301c1ecabeff5a4
eiter Yo,d6c869a1533e8f55
shua Ben,03baec91e4a38708
gio Paol,3133c252ed2d8f10
o Frasco,387d05b8b066cbda
ni and J,f1a77c297a5579db
rgen Sch,0d61777bf79f997f
midhuber,ad7c3e0aee2fcfa9
 Gradien,a487864f854784dd
t flow i,0a9203b7c5ede8fd
n recurr,4b7fa3a7775649f7
ent nets,e7e813286dc553c7
 the dif,6c3aa6766d5f5b31
ficulty ,18c73d1b504055e7
of learn,28a477321e2f0699
ing long,7d03f0c7d9f2fd8a
term dep,2662a1c51f5efb15
endencie,b5ea953bd40f70b6
s 2001 1,892205331ed29f47
3 Sepp H,f55d961dbd8f896b
ochreite,7668a4eb013ad49c
r and Jr,ee8d424e9792314c
gen Schm,e98e05304b99f4fc
idhuber ,c2e8603add6a5f58
Long sho,dce7de2b165b1964
rtterm m,16e171987d03a373
emory Ne,a6c1aa7f703e84b3
ural com,f899f66f94747486
putation,54b99937a0ac0e2b
  981735,b9144ca721a94bf4
1780 199,fe742656f44fb4fc
7 14 Zho,5cce3a947288df73
ngqiang ,b895ce8babc44dc3
Huang an,ab0842fdf00dbfea
d Mary H,b8986e4b6d07c421
arper Se,65d91adc9982594c
lftraini,5aa7035a17db6351
ng PCFG ,a4b0acc0969a288a
grammars,6e71b6b8fd96269e
 with la,a622561cd9a8a484
tent ann,b8089a3ec7e755f5
otations,b871de550c53736c
 across ,1c1d4e4e177020e0
language,1d0e6d47f27e5aae
s In Pro,b0cf1d0658a725bd
ceedings,5ae5afc9e78a67b9
 of the ,f66494a636e8cde4
2009 Con,b795b1cbcec4c8b8
ference ,043065bca3567b1e
on Empir,afc57f664844166e
ical Met,dd9df03552e3dcd5
hods in ,58481cd5e8b30f1e
Natural ,ec2ca9b16533d904
Language,03522b4544bff137
 Process,e72a170e3c384275
ing  pag,d1775a39224e156d
es 83284,6abc206116ed4dfc
1 ACL Au,3299f56eee15f94a
gust 200,cb22feb0f53598eb
9 15 Raf,c12052bc6acc7fd1
al Jozef,12ab77bb240b52a6
owicz Or,93591a85f1101df7
iol Viny,e47f4391c65c8730
als Mike,3c66a45f658b1ea8
 Schuste,72a7a32278388dd6
r Noam S,876648c7715e810b
hazeer a,d629b0ca31c01894
nd Yongh,1d79933a2ec0ab0e
ui Wu Ex,705bd48fefd58a3a
ploring ,d8c705014752788b
the limi,fb9bd26b7cd86c06
ts of la,e603e92d93cfb9ab
nguage m,c504ac2fff9ff96d
odeling ,1877a3bd34dc12fa
arXiv pr,5cb19321e22b18ef
eprint a,00005091e51351e7
rXiv1602,33691818dc728c63
02410  2,fff6d61617f09ad1
016 16 u,597d2089d6cd59ad
kasz Kai,5c22e861098b9fb0
ser and ,286ce9018cbc57dd
Samy Ben,5ac25193727659fc
gio Can ,00189a465ef3c3a2
active m,f51d40fde9d48a43
emory re,405f59cd3fe10ddb
place at,7bff5e64eaf7ea9c
tention ,464d50c98f99a9cc
In Advan,e8021812c7723f29
ces in N,d6cf14e6ae67c534
eural In,70d41ce199012d12
formatio,d18c9e73713e6190
n Proces,87b077987b6947a1
sing Sys,1fb206c4987eeead
tems NIP,4092cfab4625e106
S  2016 ,e2174fc7aa763b65
17 ukasz,3be4a4c1a2ee861c
 Kaiser ,4c20b47357420916
and Ilya,1ea165dc78d29a84
 Sutskev,f095751a3bf7b188
er Neura,8f463b54bb8815a6
l GPUs l,4a8a778776570a6b
earn alg,5dc8c3c2cdb9c2c5
orithms ,9c6c96a9847ed61e
In Inter,966b632ea178846f
national,4c80bcae64bb08d5
 Confere,b75fe83b730ce57c
nce on L,196ec04bbbd65232
earning ,20e7627998db18bd
Represen,36f763e5b8efc679
tations ,2a214b1e2a6e2248
ICLR  20,e7e95e5e5c756ac8
16 18 Na,1e965e28729c9a89
l Kalchb,d45e09ad7d41b318
renner L,6d013bc61a45a553
asse Esp,a3418f4e37d23b2a
eholt Ka,32aa5a234831ae13
ren Simo,34b59c34f5ff48d6
nyan Aar,b86ad9e1b2a14555
on van d,8be65f9d415e7e5b
en Oord ,3d1c1f8076983449
Alex Gra,f53fe399ae6390ff
ves and ,589a25588e5afa97
Ko ray K,d2f48cbda74b3438
avukcuog,fb5eff69420c2466
lu Neura,288dd3ae1337a46b
l machin,765101cd727b9e0c
e transl,e89822e70480dec0
ation in,df7d8c2b4455c53e
 linear ,df5a00a8a2206227
time arX,b5a18ac43566bf50
iv prepr,30934754ca9d6d83
int arXi,bf66d17c56084785
v1610100,a284330395a630f3
99v2  20,64d94cdecdab42da
17 19 Yo,01d14539a1882360
on Kim C,1ba8116bf8192dec
arl Dent,aec1ba8248a0c9d6
on Luong,14fb45031bda6d90
 Hoang a,0173a9ae322f0209
nd Alexa,d1987d0b2b710939
nder M R,888c50ed6d9cc6fd
ush Stru,8bcb2c42fa7d9544
ctured a,6b9b15c90e1394ec
ttention,1256dfa50ed0448a
 network,45a315ecb660b36b
s InInte,033563fc1b094268
rnationa,355dce94e0703795
l Confer,6cc6d8bdc055d75e
ence on ,2ed3cf05ba8259d0
Learning,7a7a446123a3491e
 Represe,132dba5c66b527b0
ntations,633e706e8db3028e
  2017 2,8beaf7e5342b3f81
0 Dieder,f73cd9d90b05ff7a
ik Kingm,916bb98ef97996bb
a and Ji,032060e1c7488c36
mmy Ba A,0b836ae340ca80cb
dam A me,bd654942749016dd
thod for,32c903361a1a457a
 stochas,c37436630257bc0a
tic opti,73262e22afcbd27d
mization,df094d62494edda5
 In ICLR,848883ee429ca794
  2015 2,8c3a0dcf867a66fe
1 Oleksi,2e1a32501bf698da
i Kuchai,ee3a636a665ccf30
ev and B,a903f4dc48f2464a
oris Gin,ad6dc9498a800f02
sburg Fa,aaa359f1455d6bae
ctorizat,3d662a6cd8028009
ion tric,2e87ec23ed012b6f
ks for L,6680b17b3a17e301
STM netw,3e16f8e67605565b
orks arX,5717ba1db70bd7b0
iv prepr,30934754ca9d6d83
int arXi,bf66d17c56084785
v1703107,d06200113098655f
22  2017,73cefd8381575b03
 22 Zhou,d1d9a0ce9916107b
han Lin ,f4666756c82f1dc7
Minwei F,f70007d9baff2dec
eng Cice,d5a4bfb2df71606f
ro Nogue,b618335d0c45d2df
ira dos ,4e688e10c6ac0b35
Santos M,90a487c5e5fe8c3a
o Yu Bin,70d207d02018a4b8
g Xiang ,42cf2ff91e86c70c
Bowen Zh,ffb3cecf7fe74d1d
ou and Y,8abc92ca75828e1e
oshua Be,e3be8ed9c1afd606
ngio A s,f52a86633bf953d4
tructure,fca8806ae0d5c234
d selfat,7a61c1adf03421ed
tentive ,9e6cf02502846889
sentence,8576ea6c43ab41f0
 embeddi,2352156771f9b1e6
ng arXiv,214c19e20552d6ea
 preprin,53803bd21bcfb53c
t arXiv1,ccae598a5230fded
70303130,a8afd212f90e494b
  2017 2,8beaf7e5342b3f81
3 MinhTh,95ad18b50d51353c
ang Luon,f980b2b3fcbe4cd0
g Quoc V,e683fcdea38ed9fc
  Le Ily,f31562f25dc32bd4
a Sutske,07528e284b75f74b
ver Orio,55d3a8feddec5562
l Vinyal,c8d8022bbb14d1a4
s and Lu,26f94279cb51fe4d
kasz Kai,5c22e861098b9fb0
ser Mult,44ee250828d762b6
itask se,a7592ec344f8c4f5
quence t,dcafbb36c2aca827
o sequen,16cc974648e0d281
ce learn,413f379d0a097992
ing arXi,c394cd76a97d2ce8
v prepri,6e70e2d0716369da
nt arXiv,4789e0c98dd1d88e
15110611,48c13501426c47fd
4  2015 ,4881b1574a874bac
24 MinhT,7243b490980f3954
hang Luo,b99fdc7110947555
ng Hieu ,e7ac25cda9c5e6e4
Pham and,14018025271b2de5
 Christo,1e4c564091f994cb
pher D M,6cd1c6388eb91aa7
anning E,89a78482fd80cbd5
ffective,3000478f08d3b7e1
 approac,0cbc419904e84c32
hes to a,493ae85de8273ea1
ttention,1256dfa50ed0448a
 based n,9a9ef17ad927b792
eural ma,9ed3219ee2a6209e
chine tr,a5c11b1ce1a8657f
anslatio,a176c9437394dc46
n arXiv ,c2afcc892249c78d
preprint,4e777952c807bbf2
 arXiv15,6d4ad872e96b4f89
0804025 ,5c3e99d385d2b2ad
 2015 11,b4f4017fb8b0dc0a
25 Mitch,2b05fb4565dbc9c3
ell P Ma,34398c5ee3e80862
rcus Mar,103c4b80fe1542be
y Ann Ma,902891d9ea79a938
rcinkiew,d0c8764fac26fd1c
icz and ,e7bd2dc2989fae01
Beatrice,e06ad20d8ef58225
 Santori,44c53508a0a87113
ni Build,d97750d151fedc33
ing a la,5e912993e05fad2d
rge anno,bd5e709deb29d806
tated co,798b2867af6c962f
rpus of ,807cef08b3860906
english ,1ebf25b0274d53fe
The penn,a5c43dc7eba51d89
 treeban,b40f238e5b0fbce2
k Comput,5cbbbe31fb589884
ational ,39022ab2737532b0
linguist,263895372817a283
ics  192,29083a480b284d91
313330 1,3a3b9627335f98e4
993 26 D,093485a577ab2eb6
avid McC,f489556a03aaeb3e
losky Eu,022eb7cf7d91d1da
gene Cha,e18a9b341fa38a86
rniak an,ba0b01c3208f35c3
d Mark J,7b696c6459a83e27
ohnson E,2b69d7e6e7fcc146
ffective,3000478f08d3b7e1
 selftra,dac8e9479f108d89
ining fo,398f7e346db9fd83
r parsin,6afce8a3d9e175df
g In Pro,cdb5424e85f8d1cc
ceedings,5ae5afc9e78a67b9
 of the ,f66494a636e8cde4
Human La,a9acf8ca2cdb0e20
nguage T,eba4742b7abf4264
echnolog,57d8db95d54cb646
y Confer,56a247d6adda4ff3
ence of ,3f53000fdac8cdd7
the NAAC,79774ecc6dbc0cd7
L Main C,a3c36e87d3933d79
onferenc,c4692a7596d264c6
e  pages,c1081bdf91123a06
 152159 ,df6a9d5645c3cd76
ACL June,96ce36114f6fc80f
 2006 27,6bb46780ddd30e40
 Ankur P,8b1e1ef1d67e2a8b
arikh Os,91da01b9172cd805
car Tcks,3bf1ad43749166e1
trm Dipa,5caf5a17c8d965ec
njan Das,d52146148c3214de
 and Jak,1b7cb2b90b50be1e
ob Uszko,0ec0a3bdcc744107
reit A d,4ca5039fbad3e657
ecomposa,8fe4acd2ca62a0c6
ble atte,1709dfc6d1e10c2e
ntion mo,ca26dca25dfcb7df
del In E,a33c58fb9f7695f5
mpirical,75d311b36e5d2bdc
 Methods,41063df3153d5f74
 in Natu,2eb8fcd752993803
ral Lang,944e39724c87a4a4
uage Pro,7d3ba123ecb51dad
cessing ,4f7d0eedf8b5ce49
 2016 28,e26353e2dd3e169a
 Romain ,a31cee005d29fcc5
Paulus C,84263dc143c10059
aiming X,f1536ee4bb96c1df
iong and,96a5da17d58a48b5
 Richard,55326f84bb0be77a
 Socher ,42f26d145f601f06
A deep r,18eff18633f2c219
einforce,79c7bca9b6b3d8d8
d model ,fe789dab3a4e0c0b
for abst,ef6a4bb6144ea1a9
ractive ,9b95b721d6be04c7
summariz,3eea36f8758abe4e
ation ar,a9c553fe375f53b8
Xiv prep,014576d1adbc6195
rint arX,7e67898173561b07
iv170504,e8c4de4c85f073db
304  201,d7892bef9dc7e720
7 29 Sla,478f20acf2ea4a97
v Petrov,b3b3f45c466c361d
 Leon Ba,eb28666730925dbb
rrett Ro,be9a5c220413f5b6
main Thi,1f0532fc79f7866c
baux and,a91cdedca83fd5a9
 Dan Kle,aba73174cce30328
in Learn,19cc8e9f8268e4dc
ing accu,85c55ceaf77460ac
rate com,7cd6620791904e57
pact and,8475d840d0b74940
 interpr,0afe88b7df3fa938
etable t,cfe987b69a858c7b
ree anno,6467597623291a89
tation I,d8fd0b72651a5117
n Procee,38e1bef338bc47fa
dings of,62a977e86bd7d35e
 the 21s,cddea4418fab4627
t Intern,e2a471129f5e04d0
ational ,39022ab2737532b0
Conferen,f4685d75032eb2e0
ce on Co,ea7b90b1d88fb941
mputatio,13559d32d2ac33eb
nal Ling,588da7a4ac6893dd
uistics ,36b82174faec0b68
and 44th,955aebf65c43960e
 Annual ,7d600982948fe9ea
Meeting ,f8a4c5debd087f25
of the A,0557d18e4b346b1f
CL  page,268f66dd0e7d412a
s 433440,3339219b8ff9ab1c
 ACL Jul,66337a7a473a7c08
y 2006 3,12b9f4d8b36589c8
0 Ofir P,8ead6336458e2c88
ress and,db8c43fa277adcb6
 Lior Wo,b8d6d4c2fcbc7f6d
lf Using,8e5e424ecb177ccd
 the out,64a2c9ebf6cdebe5
put embe,ea25b5491fb790e3
dding to,800b67ab55d219de
 improve,15931b7ded28029b
 languag,7f7bd48e6e40b762
e models,037848cf4c1804a3
 arXiv p,7da34a0acc254858
reprint ,36d4f5b6f664d529
arXiv160,fded3c0506d8e4b0
805859  ,141be36542aae937
2016 31 ,9c4edeb001f2d96d
Rico Sen,1fd95634a88191b6
nrich Ba,f9d3c133e4fc61ea
rry Hadd,93f4ae7067f7ffda
ow and A,c0953c0fe7de5b90
lexandra,eda076451e68aa1f
 Birch N,f15a0465d02fffa8
eural ma,9ed3219ee2a6209e
chine tr,a5c11b1ce1a8657f
anslatio,a176c9437394dc46
n of rar,e1f70b96d4ed556e
e words ,869b729fdcdb5d92
with sub,ad5190364d6e3642
word uni,82c02e477a705bc5
ts arXiv,60af3d0f1e9ac3ed
 preprin,53803bd21bcfb53c
t arXiv1,ccae598a5230fded
50807909,d7ce3bcc63571b29
  2015 3,44b2c10ccc517363
2 Noam S,ba9a419864341704
hazeer A,cf594624cb165a5c
zalia Mi,b5abf7c7f6ccda41
rhoseini,4f497670ab747e0e
 Krzyszt,424cd3011ad8b6a6
of Mazia,f2717024ece562b3
rz Andy ,007405194d1075df
Davis Qu,1f08cb9957cfcade
oc Le Ge,749ada9f201e2901
offrey H,bc8c0b9cdd3243e4
inton an,935154746274b297
d Jeff D,735d303caa0717cf
ean Outr,6acc0bddaa1b2366
ageously,b0479967ac44ec07
 large n,f1d80803e73809dc
eural ne,5aa282e81a3b3504
tworks T,bda7db0f70e00487
he spars,70645fe6eca763d8
elygated,61de09659cd5f511
 mixture,e8e874748a06ea08
ofexpert,bc110d3cfe541120
s layer ,d7345a5cc2a395a1
arXiv pr,5cb19321e22b18ef
eprint a,00005091e51351e7
rXiv1701,8a13a9c76d8752ca
06538  2,344c48903da6e301
017 33 N,0f19586a36a86646
itish Sr,fc709b625104e342
ivastava,064cfecd33c1ad7d
 Geoffre,76d9705dc540ac25
y E Hint,ed223d4e4efb8081
on Alex ,d7b85dc7a2182167
Krizhevs,f22be11990596723
ky Ilya ,d04bac29c92cb38f
Sutskeve,cea54abc967c3e39
r and Ru,f3f482705017aa74
slan Sal,14a3c758c50edfb0
akhutdi ,4f8b0d6d04c153be
nov Drop,a0082889a8167b70
out a si,112e982761f66d78
mple way,8a7e7bfc8569e44a
 to prev,ebf7a74a0602559a
ent neur,c6ffb3b0da968d77
al netwo,eab7601fa5f24d49
rks from,b258379df5f69df4
 overfit,22dffb4713ada4b5
ting Jou,87aba56f205acfab
rnal of ,f7277fb2495f35e0
Machine ,ff58786eaf9ae9ed
Learning,7a7a446123a3491e
 Researc,f217e5b3e991e89a
h  15119,7e6c3b57aeef4c02
291958 2,614c97639f0af49c
014 34 S,f91db62b597815ec
ainbayar,23a4e868f892fdf0
 Sukhbaa,80b314394bdedc7e
tar Arth,04e2f2e2181eb6e2
ur Szlam,f80e839973da4120
 Jason W,0a018a4e64bca955
eston an,9b5323d422298a0f
d Rob Fe,ac7c6094fce3292b
rgus End,55fbd37a26a8d297
toend me,8c41cf76bf47e7b8
mory net,702bf91d9caf4f42
works In,a9ece2e6b0b01fa9
 C Corte,0055d35ce2aded27
s N D La,e296df15722c9343
wrence D,cf864c40bc6d666d
 D Lee M,fa8045dc6656f8f8
 Sugiyam,32f76cee3d99b720
a and R ,f4e667f0b0d64b78
Garnett ,d098c78316188045
editors ,09756c9df602d2d4
Advances,ebcee62f689554ef
 in Neur,580ded5b416925b6
al Infor,c639138469d24657
mation P,24115ee2d1423c1c
rocessin,c8bf7d2648122526
g System,d83dc3b2a58421b3
s 28  pa,8ce5a2488fed05b8
ges 2440,b4bbdd945bee2cb8
2448 Cur,3b3d9cf855e5e426
ran Asso,7fd4d9e8d24d50cd
ciates I,29f9d5fbae5e2fe2
nc 2015 ,b8617c7c0abe40ad
35 Ilya ,ca54d1373e59ff2d
Sutskeve,cea54abc967c3e39
r Oriol ,f5b061d19966c893
Vinyals ,c7c4334bbdd1f4b0
and Quoc,35be59866eeb6315
 VV Le S,85c870b081c730c7
equence ,ec3e99c6b5b8d167
to seque,3079aca309e14a27
nce lear,6ec8bbbac2b4b238
ning wit,948f8ce757d9d90d
h neural,221f34509cfa646e
 network,45a315ecb660b36b
s In Adv,f202f31f2864772d
ances in,fb9cb18fce597607
 Neural ,935d1083e392cb10
Informat,f54f3d8dd45866df
ion Proc,16ecd681d4af494b
essing S,f20754c4b55043b7
ystems  ,33cd3bd99f526d96
pages 31,995b6d237b740919
043112 2,7da8876a7acd8afc
014 36 C,c12483689989eb2d
hristian,d45436657fff7076
 Szegedy,96c50d9b1e85fb1e
 Vincent,7fb037e758226d62
 Vanhouc,f8fdff86910bd4c0
ke Serge,aca8f0f00352bd28
y Ioffe ,21bb2ecea3a3665c
Jonathon,d2fc820df9aac035
 Shlens ,0a2dacdc1c96c132
and Zbig,81734e5a1f7141c3
niew Woj,620e376e06903134
na Rethi,59496a2e8333b29a
nking th,46c6aa30fb6158a2
e incept,61d88701b0ecf779
ion arch,216d49832439836d
itecture,e24fa398cd631bc2
 for com,0d47efbf8df5c0c7
puter vi,8501fa8e218a3554
sion CoR,6ae8ea9d52cc9b6f
R  abs15,33a49f98766e30ee
1200567 ,65e51d5f07f40b9b
2015 37 ,52e38d23689dad27
Vinyals ,c7c4334bbdd1f4b0
 Kaiser ,4c20b47357420916
Koo Petr,e075bd1ed52d2e2d
ov Sutsk,7641fb0ebda4f1dc
ever and,e0dfeb7314dd11bd
 Hinton ,f8ea0692b3ac9e0e
Grammar ,714ad67542883e48
as a for,026ba2b23c9205d6
eign lan,1c37fe41733304d4
guage In,f41f4acb7b074e27
 Advance,904413373e29c87b
s in Neu,45f7af173595d66d
ral Info,0a25c6d6667f2fc3
rmation ,10fb6d5e243295bd
Processi,a1383a61b3fcc63b
ng Syste,8c72747eb9e0f893
ms  2015,2840c8ad5a22ff58
 38 Yong,71f6a2c181693d9e
hui Wu M,48cda7c6cbb155b6
ike Schu,5ae3f3e0f69d6a47
ster Zhi,e59570984956aabd
feng Che,1ffc80c1bf17dab7
n Quoc V,2347d970a31b175b
 Le Moha,60ccb138bc27c16f
mmad Nor,315d75535d7e7207
ouzi Wol,311f9223a8b8e8f7
fgang Ma,489019f5d4cde99f
cherey M,5aebbcceb31d2a50
axim Kri,f23f3f9168462eaa
kun Yuan,d5452c5d04886679
 Cao Qin,2f387c50fdf7a6da
 Gao Kla,eb047e2db488aff5
us Mache,ea6210918bdaae8d
rey et a,e4b2b5e789b65fb7
l Google,c3dc5a469b955efe
s neural,8bf141b146e6eb62
 machine,7dd7cb77422ad4da
 transla,398858416401523a
tion sys,f68114526e676374
tem Brid,866f09bf4c71e832
ging the,6b09fc34230be0e7
 gap bet,7dc19d00f60b8eb3
ween hum,1b60cf08958ce47f
an and m,8d17885b5de840bb
achine t,8d7858f0c3e27832
ranslati,b0678fa28197311e
on arXiv,674893fad87ab4ba
 preprin,53803bd21bcfb53c
t arXiv1,ccae598a5230fded
60908144,e29d4c0eb03bf1b1
  2016 3,cda50af79d42573a
9 Jie Zh,eaa26be09a69eb6c
ou Ying ,ae0d6f340218452e
Cao Xugu,ff6f6763b4309916
ang Wang,d17c33dd11c8822b
 Peng Li,db9c49490a4ff51e
 and Wei,a3e77f5b498c5425
 Xu Deep,e1ee3bb000258f4d
 recurre,a1c6913174a98516
nt model,7e73a065230d85cf
s with f,c9ee84c1fb237af3
astforwa,dcd804cd7d573886
rd conne,60068db24707c71a
ctions f,a6be32e64f58ece5
or neura,906ac55262da6001
l machin,765101cd727b9e0c
e transl,e89822e70480dec0
ation Co,2483bf49aa99ca56
RR  abs1,dfac327c8282c387
60604199,f82bb66103edd2e2
 2016 40,c8d6f0d49040abab
 Muhua Z,7b5a022db3ea03d2
hu Yue Z,c133c927d902e0d5
hang Wen,9e24fe61b51c432c
liang Ch,55974be5599adb5c
en Min Z,8becad50dfc69e46
hang and,89fc82f74e671cad
 Jingbo ,97145b7acb0d3b1e
Zhu Fast,23449a2cea7f5477
 and acc,127ce0277feef8ad
urate sh,571e0d0f108177d3
iftreduc,b44e1776966b9feb
e consti,b7b5a3cf5e0b2d54
tuent pa,96176d922cbaa9b5
rsing In,61a0ad2e344b9c35
 Proceed,33c64e447c4499fe
ings of ,3d24408ff4728547
the 51st,aaf664c75ca232bf
 Annual ,7d600982948fe9ea
Meeting ,f8a4c5debd087f25
of the A,0557d18e4b346b1f
CL Volum,d0629ccddf9fffbd
e 1 Long,7388b4928bd2f443
 Papers ,ace235ae32b09f87
 pages 4,4d6dbdcdc5e41a2e
34443 AC,5896e8625ebc0c85
L August,dda61d275e410a8e
 2013 12,d04c032e122ed544
Attentio,d76c31328616b627
n Visual,09499fb5ff1a7b21
izations,68dcb2c3cb6e0260
 InputIn,c07c29dddd7880de
put Laye,f98073607ea365e9
r5 It is,c5847ad01d89b036
 in this,8b1689eb7d373413
 spirit ,ac90589099621574
that a m,964fc46f041ef438
ajority ,0819d66216041505
of Ameri,e2d5d5a515c73039
can gove,6ee93bb5d921e9e0
rnments ,98153d21490ea173
have pas,fd480f68ea92d16e
sed new ,6f2f2304cdbdea1c
laws sin,72a672934e050864
ce 2009 ,25f2d789930df222
making t,361d26f982eef4d1
he regis,94dd5432910770b9
tration ,c4f9ecc7952c6858
or votin,f8fcba1315e4e364
g proces,d89657e4a852ebb0
s more d,3d05e78c2ffbf0b0
ifficult,4cb0b6735a2fd2d8
  EOS pa,63ba18357150a91a
d pad pa,32a559057ff7826c
d pad pa,32a559057ff7826c
d pad It,289f9abc9f95c961
 is in t,630997d8d2c73831
his spir,f77b441ad34d0413
it that ,c2bea46fc1c05360
a majori,997b9308c412f477
ty of Am,733276990494d500
erican g,c8f53ed938c32e38
overnmen,a0f468d95deb834b
ts have ,b70d65b20bba5947
passed n,cdbf063caf09ad87
ew laws ,83a2f0445ecc2e1e
since 20,3de03691551e55e8
09 makin,70a6694fd95f893f
g the re,e6c7479bbb5ecc9c
gistrati,7d1443debdba4990
on or vo,30508d072f94aa9a
ting pro,cc74377169390611
cess mor,7d8f7e0b13d96391
e diffic,33edd329a8ffa36a
ult  EOS,f8e759b74f62f017
 pad pad,24f9f755f241bd8c
 pad pad,24f9f755f241bd8c
 pad pad,24f9f755f241bd8c
 Figure ,62c0e704b353e667
3 An exa,011193f6b74fc250
mple of ,7603ccff58329f7b
the atte,b2b8d4462e836b1f
ntion me,1f86ca497ad5c1f6
chanism ,6cdde7426a0ca7f4
followin,96c729dc71baf934
g longdi,6005ca678deed4f7
stance d,28b49a2d5e5e0ec1
ependenc,c47c9dccf2350441
ies in t,5be28ccfccbf4a86
he encod,6606db5eea879b57
er selfa,3ec1f476145460ff
ttention,1256dfa50ed0448a
 in laye,a0d86ad9d0ca56fe
r 5 of 6,7e858dcf0691cf74
 Many of,9009f36acfec8be9
 the att,5bc3ec213de4bb16
ention h,a1db0caed7a926fc
eads att,d10daf26190c0e53
end to a,10c957788487368b
 distant,5d76f8b345935ffe
 depende,4384899e6904630c
ncy of t,acc8c348ee259b7c
he verb ,9dae0af495c26650
making c,9e994f4aea7dc790
ompletin,372c1a3237636bc8
g the ph,7e452ee3cc5187a5
rase mak,a3fa40e37847a852
ingmore ,e94ff22848a34063
difficul,2fb7ae8a8d59af6b
t Attent,a87db2ca297349c9
ions her,e253d4c0f92456d6
e shown ,89a2e5b24c8291ac
only for,7e038650a2ee9816
 the wor,b7b0abbebd426c73
d making,ac9c7b02295d621f
 Differe,199915b75a6a3f1d
nt color,e06f1fac3026ad02
s repres,6d5936ab0f494a17
ent diff,8be45455039051ee
erent he,bd664931ef136805
ads Best,fba8ba37d0a79c88
 viewed ,5a18ae7a6d2a43a5
in color,d8515f1c4e3a5c24
 13Input,442e14c32c811035
Input La,e2af3c5558e068d8
yer5 The,6a125afae449a45b
 Law wil,69dd65762c659db3
l never ,9dd75e652330fd37
be perfe,82ed383a958dd2cb
ct  but ,5b1a4bc0cd705b0a
its appl,9e77115b8607b086
ication ,0669bebbf325999d
should b,55a3a9ea430c9827
e just  ,9439ce3a09a3e000
this is ,f2f6ca33b3ad057e
what we ,35a9f6eb7250f399
are miss,32840cca8d350b95
ing  in ,89b52f8226d6bb04
my opini,abf46fcf4651fc3d
on  EOS ,c0c84f9b54f929c9
pad The ,0081a1f9f041aa4b
Law will,5cac1168dea2f44d
 never b,3969ccf59b0fc279
e perfec,f477700b5823f1df
t  but i,ebdcacfabe971d32
ts appli,81e3d01d25e3af6f
cation s,6bda2403643808a5
hould be,f1548db914364184
 just  t,e916242b6cc887c8
his is w,5b9e01f695370e3e
hat we a,31b504eb11a4b121
re missi,9eeb246042cb239f
ng  in m,f6cc2d39c82ef8b6
y opinio,54143cf961ee48b2
n  EOS p,0e9c3611f3d1ef39
ad Input,b12316abc1c25b42
Input La,e2af3c5558e068d8
yer5 The,6a125afae449a45b
 Law wil,69dd65762c659db3
l never ,9dd75e652330fd37
be perfe,82ed383a958dd2cb
ct  but ,5b1a4bc0cd705b0a
its appl,9e77115b8607b086
ication ,0669bebbf325999d
should b,55a3a9ea430c9827
e just  ,9439ce3a09a3e000
this is ,f2f6ca33b3ad057e
what we ,35a9f6eb7250f399
are miss,32840cca8d350b95
ing  in ,89b52f8226d6bb04
my opini,abf46fcf4651fc3d
on  EOS ,c0c84f9b54f929c9
pad The ,0081a1f9f041aa4b
Law will,5cac1168dea2f44d
 never b,3969ccf59b0fc279
e perfec,f477700b5823f1df
t  but i,ebdcacfabe971d32
ts appli,81e3d01d25e3af6f
cation s,6bda2403643808a5
hould be,f1548db914364184
 just  t,e916242b6cc887c8
his is w,5b9e01f695370e3e
hat we a,31b504eb11a4b121
re missi,9eeb246042cb239f
ng  in m,f6cc2d39c82ef8b6
y opinio,54143cf961ee48b2
n  EOS p,0e9c3611f3d1ef39
adFigure,98b1355dff260f66
 4 Two a,81dd17c5a2ca2742
ttention,1256dfa50ed0448a
 heads a,d7b12277bf9772b7
lso in l,baaf798cadda96d4
ayer 5 o,aa16d4de86508f1d
f 6 appa,4dfdf3e5defc3815
rently i,46bd3a5f09cd85ee
nvolved ,f56984f1aeef6ac2
in anaph,cb5a4a51d18f70ef
ora reso,84555e3f5dd03448
lution T,2e2a8961e1c5359e
op Full ,b841472d6519e7b1
attentio,293abe129fc0e635
ns for h,5ec970a94d6452ff
ead 5 Bo,0eeb79be4c6c7f29
ttom Iso,5b9171ba69aedc14
lated at,819117264d1f6c39
tentions,d86a22691c696694
 from ju,4d0fd3a32a53597a
st the w,684ed1d421ebc482
ord its ,81677155ea2718d2
for atte,99a28c9668c19ef4
ntion he,a362e68fab3bd187
ads 5 an,4dab6d9a7b2390a8
d 6 Note,eaa8c7b58b0b65ab
 that th,c435161a6526a426
e attent,75cef8506b1a17a2
ions are,053610dea476af75
 very sh,b6924c708f2161f2
arp for ,180a475bbfbd577f
this wor,d4881fd04919944f
d 14Inpu,9b8803af0d72b44e
tInput L,a568676f92f3361a
ayer5 Th,4762bfae35e8b06e
e Law wi,d512a266edd67242
ll never,6d23eda6950ccf94
 be perf,87137068b244fa00
ect  but,5b9a0d8f3468e03d
 its app,ef514ee651c25f4e
lication,65618bcddce5cfde
 should ,5a70eae8fa8a7847
be just ,ab56a997b11de078
 this is,84bc9c7ad8798260
 what we,f5b6afc22cb07ced
 are mis,ef0fdfe6fb85b833
sing  in,db434f43f934dddc
 my opin,1a58c26eed14f26f
ion  EOS,9215962903618caf
 pad The,0647bfd1b4fef1e6
 Law wil,69dd65762c659db3
l never ,9dd75e652330fd37
be perfe,82ed383a958dd2cb
ct  but ,5b1a4bc0cd705b0a
its appl,9e77115b8607b086
ication ,0669bebbf325999d
should b,55a3a9ea430c9827
e just  ,9439ce3a09a3e000
this is ,f2f6ca33b3ad057e
what we ,35a9f6eb7250f399
are miss,32840cca8d350b95
ing  in ,89b52f8226d6bb04
my opini,abf46fcf4651fc3d
on  EOS ,c0c84f9b54f929c9
pad Inpu,26b97c060cb5d2d4
tInput L,a568676f92f3361a
ayer5 Th,4762bfae35e8b06e
e Law wi,d512a266edd67242
ll never,6d23eda6950ccf94
 be perf,87137068b244fa00
ect  but,5b9a0d8f3468e03d
 its app,ef514ee651c25f4e
lication,65618bcddce5cfde
 should ,5a70eae8fa8a7847
be just ,ab56a997b11de078
 this is,84bc9c7ad8798260
 what we,f5b6afc22cb07ced
 are mis,ef0fdfe6fb85b833
sing  in,db434f43f934dddc
 my opin,1a58c26eed14f26f
ion  EOS,9215962903618caf
 pad The,0647bfd1b4fef1e6
 Law wil,69dd65762c659db3
l never ,9dd75e652330fd37
be perfe,82ed383a958dd2cb
ct  but ,5b1a4bc0cd705b0a
its appl,9e77115b8607b086
ication ,0669bebbf325999d
should b,55a3a9ea430c9827
e just  ,9439ce3a09a3e000
this is ,f2f6ca33b3ad057e
what we ,35a9f6eb7250f399
are miss,32840cca8d350b95
ing  in ,89b52f8226d6bb04
my opini,abf46fcf4651fc3d
on  EOS ,c0c84f9b54f929c9
padFigur,75ef5d500bc237cf
e 5 Many,a921fb7a227f2719
 of the ,f66494a636e8cde4
attentio,293abe129fc0e635
n heads ,6279d489fb65abd7
exhibit ,00894ba5b68b3b58
behaviou,2058edeeddfeef31
r that s,6170b82b58376185
eems rel,cc1d5bf41a8e3cc6
ated to ,5d613e158b42c45c
the stru,804394e2cba2bad3
cture of,354e3968d519a4ab
 the sen,506934bb27202484
tence We,13678ba578a5a508
 give tw,fab87367bcbd7a21
o such e,973e541480bb5416
xamples ,0a5e94e57c7de864
above fr,c11b5f4758d23860
om two d,d168f1083090ce3c
ifferent,7800b8a15f477d7a
 heads f,9cae0ba9e0bca243
rom the ,9c8fbb9c3cefe81f
encoder ,dcc5fc4782fc3744
selfatte,9ecc7b7515a56215
ntion at,5829f9262f9ab178
 layer 5,07dd1ba9f8a50aa8
 of 6 Th,5bc444331b8e3025
e heads ,5b0a1750e5d54d74
clearly ,5041c54f48de50c6
learned ,d649951010cdfa30
to perfo,453693c9be3c54c9
rm diffe,26d7070a4897349e
rent tas,e4f2effe42f79434
ks 15   ,d779c6257d937b08
