Plaintext,Ciphertext
aaaaaaaa,bcf3544181fdf3c5
bbbbbbbb,efe0c7a4ce79fbf1
cccccccc,58409c4ca9cef480
dddddddd,1c66cc6d5600acaf
eeeeeeee,0cbb73c8690cfe29
ffffffff,ccc20de91c0f2cab
gggggggg,45d6e04b78bff25b
hhhhhhhh,ed82eafe049bac69
iiiiiiii,c1a2a21bd324a96d
jjjjjjjj,18839370cbd13d10
kkkkkkkk,b35f48c7db710c99
llllllll,981364e5d251eedd
mmmmmmmm,0e279516cb46a066
nnnnnnnn,a46460c5109c791b
oooooooo,7eddfcda65e3cf92
pppppppp,00067ef02a6e8980
qqqqqqqq,2b2c3162ef4e2798
rrrrrrrr,71fb310da0620b4f
ssssssss,79ff7632bbcbe476
tttttttt,5523286825226eef
uuuuuuuu,76b3d7764696cb2a
vvvvvvvv,0b224861e9aae629
wwwwwwww,1cab4af577483ba5
xxxxxxxx,e69286090dfb33da
yyyyyyyy,c49d0e4b6dbf0ef8
zzzzzzzz,bea823d20ce1f662
00000000,16cc3447d8b619e8
11111111,83566ecafed7d41a
22222222,b23e9d1c5c164855
33333333,1d3ee7e659f8d3a4
44444444,d3280c58a829800e
55555555,ca17e08a4a4e1ba0
66666666,f3e8af1e30f1a8d7
77777777,ba2ab601f85459e8
88888888,2916c261e617b7e1
99999999,6af712b40e8f5405
Provided,e3cdf033da51a55d
 proper ,a9c2929a23ce94c2
attribut,9074dfda1e24a270
ion is p,e3e4ae58b237fe0e
rovided ,7a8c7f527385f85c
Google h,2bdfd1ce3b4cec9e
ereby gr,8ecfb35f09bee0f8
ants per,3c058e3ae665fcfc
mission ,fe1310ec7ba082ba
to repro,19acfc0179bf96a8
duce the,976a1eaed591169e
 tables ,22e0d2bc5bec211f
and figu,4faa7f200935c127
res in t,ed5e209b4ff4031f
his pape,9805b20c2498dd67
r solely,bb9e8eebba9bff6b
 for use,b83ea06aba339d49
 in jour,9cf7173c2f92f68c
nalistic,ea640c00bc876ade
 or scho,dc24677fef50fbaf
larly wo,a1d1680acea9a30d
rks Atte,e516f625a4d76b46
ntion Is,366d13086b699dba
 All You,1f5d61e96eae3307
 Need As,2579435f38985873
hish Vas,9f679a68b2a2960d
wani Goo,5e94851ca7577824
gle Brai,e0cc34ec48031612
n avaswa,64cd74fc66cd8e60
nigoogle,e89845bc422e92db
comNoam ,165316596362df8f
Shazeer ,f6944b57cb3176e6
Google B,532685703db31d4d
rain noa,7b29cda90b926c9f
mgooglec,524f5d7dc409a702
omNiki P,f381088cd73b5d6a
armar Go,d0201f883fb1431a
ogle Res,b2e19ca5aaeda2a6
earch ni,a88d58fa2e506e82
kipgoogl,984b2c714fe0bd44
ecomJako,618c94ef9dd4555a
b Uszkor,3dbe8aa0604962ce
eit Goog,63c9d16c40b217b0
le Resea,1c7a65d5b976390d
rch uszg,94797825008c7ad4
ooglecom,f20f7cfe8fe12a67
 Llion J,5634f46a7904c5b5
ones Goo,828779a77d2a788d
gle Rese,806d307f930cfa59
arch lli,56e5ddb2c46e92e5
ongoogle,dd9f51300442643d
comAidan,ade2ff41589357ba
 N Gomez,b6758fbe84a0accb
  Univer,f1d536fbdce20da9
sity of ,67fabcae98a917d9
Toronto ,1d3e78c6a5441498
aidancst,ea8bb65d9dd1b873
orontoed,68a5f27ac24df573
uukasz K,4fbd3f24bed1f5ce
aiser Go,21e447565c78ff4a
ogle Bra,8eaa485893f9989f
in lukas,80f9532fcec68177
zkaiserg,5897cf0e9946bb9e
ooglecom,f20f7cfe8fe12a67
 Illia P,0aa870704538d74e
olosukhi,9200283a3cecdedb
n  illia,fd0700ff360f5fb8
polosukh,564273629d4e0499
ingmailc,0b08ba709c40545c
om Abstr,0981ee87e3210e3c
act The ,af21abc3ebf0c263
dominant,403ec606e1ee15b9
 sequenc,3d0f5d6d8da60829
e transd,712dac7cba85d5a0
uction m,b1654a8f56f72fa2
odels ar,f246a20d0b7ffacf
e based ,58ec204f92392136
on compl,7a0643a207be281c
ex recur,d28009dcdc505aa1
rent or ,093299c9894eb097
convolut,7354bce155cfb566
ional ne,c1a94fb6dcf98c09
ural net,2cc8f7382cf865c5
works th,84a29f46e93fc15f
at inclu,7c4ee9ad5d241d9b
de an en,a73fc4055fb1a19e
coder an,61096dca07507236
d a deco,34a392c28135f212
der The ,d3fd16a1e791d7d7
best per,8565d026c415c3c0
forming ,b7c80019d7e51c83
models a,07e3d3f5df5357b8
lso conn,3686041979c74937
ect the ,c394939d4a099021
encoder ,5f6d33637b2d2d48
and deco,c3cab7e8440f5bc8
der thro,b575a4e874e77b09
ugh an a,1ecefe8433ef091a
ttention,277dcdafe63a85bd
 mechani,d8e7a1254ceeb8e1
sm We pr,46d96f43facabfec
opose a ,35194b0b245643ee
new simp,b34e4b18dc6cac68
le netwo,c74c9e7dbe6f6450
rk archi,de189ccc5b46a67e
tecture ,8d217060a1d72758
the Tran,2cd43e82fde9f4a0
sformer ,9bd208ef8a233597
based so,a94d29ff65c4e66f
lely on ,305ce65c60be269c
attentio,9daa3b0469c41f43
n mechan,35df06213124a7ab
isms dis,26d2ad9f598fb806
pensing ,60cc9b3f5647590f
with rec,5e869124e9851737
urrence ,6e6f70e3889cccb7
and conv,f70ad8798690b343
olutions,b6c22866ff90e13a
 entirel,36d4980b8b4e0ae3
y Experi,fc3f7f533ee58377
ments on,d9016e0bac304d9c
 two mac,865f4078acf58126
hine tra,2c556e93cd760a75
nslation,ed75e0322bf31a7f
 tasks s,d41aed1b8c116a5f
how thes,5ef0ad5bc5954e1b
e models,773548d0a0975bdc
 to be s,d47861a107208a33
uperior ,07e1e829aa9873bd
in quali,f7810ed1a07870e0
ty while,92f136697c23bef3
 being m,a5199cf602f0006c
ore para,782b2a3058c03340
llelizab,f9bcd82c9ed7943f
le and r,60df90dd62de2771
equiring,f28a534de9bd986d
 signifi,40bd8e2a49f97cba
cantly l,a538267fa7e6280a
ess time,46ca68874c606988
 to trai,62793f34b96bc0ca
n Our mo,726f0bbcc2b3fd0f
del achi,e5bfaa6429e4f757
eves 284,1ea73b06fe965dc3
 BLEU on,a1a2e8d798272426
 the WMT,e573da56290f1648
 2014 En,bc4fc88682ad94ce
glish to,03f82e8d75cb5794
German t,cdb1da4a420feaf0
ranslati,6544e1dbaea4a266
on task ,3079baead18bd4c4
improvin,008cefe94d2cf4c7
g over t,644afad570d7fd1c
he exist,3ec12d886c886119
ing best,cee564137a336c5f
 results,4b96a9a6539f73b8
 includi,57827797e4983108
ng ensem,e3aee4a623193ea0
bles by ,fbab30c02cce40f2
over 2 B,21c6924f5b3b2c06
LEU On t,c68020679aec8889
he WMT 2,8f4dba339af7b85c
014 Engl,32717033dee0526f
ishtoFre,ce533ec103081fad
nch tran,a3c3cc9c4d7308fe
slation ,8b03e13a378c6cab
task our,e388853069e33728
 model e,b258ef4099197bdd
stablish,ab4b66d1ba88130a
es a new,39cd1bc22a7c0d3f
 singlem,f899121a4972db33
odel sta,b68faaab3dde1356
teofthea,6da3393dca738845
rt BLEU ,bb7080be4044ac12
score of,48c2f0bf13da0240
 418 aft,3ce8fc59b6b4f265
er train,ff35080006ec37eb
ing for ,9515903bc424baf9
35 days ,888fa1608ba09b4e
on eight,bc59b90c024d8089
 GPUs a ,8ec49a8dd8e38097
small fr,983c0ea19d266cf7
action o,683b68dc832cda20
f the tr,0882d04d69a800f1
aining c,4756de5fb90db3c9
osts of ,f102ac09252c09a1
the best,4bc97f8a501b1e03
 models ,87ea00551e28ce86
from the,74c36bded727d24c
 literat,59cefc7f116a35a8
ure We s,66837299b5810843
how that,18e17737e09ea54e
 the Tra,176d996e3fd3595b
nsformer,affae37f90df0cd6
 general,0c052b82d4985f67
izes wel,64a5c3f1e747e836
l to oth,3c3bbae5ed8c372a
er tasks,2e821cde79aedd78
 by appl,02f6c134d24e74c3
ying it ,8a3785dc2d32b56e
successf,b2fa0c48a834732d
ully to ,973b720ef1c7ff7b
English ,f0348e9769962823
constitu,870f07b42e86536c
ency par,92a88a4133fe5f85
sing bot,f024c0830a2edfa9
h with l,2fa1e7adddb99252
arge and,4e1947a6feb738c2
 limited,d37c61e9e1a5ea5b
 trainin,63c1797a2a3286ae
g data E,b8c58490582de6a3
qual con,ffd2ecefa77431d3
tributio,cbd091d67e5c3b78
n Listin,ade795915977e28a
g order ,279f287d3bcbd16a
is rando,8ca81452c8a5e06f
m Jakob ,27f56efda71e8f44
proposed,28d45ad717a5eb5e
 replaci,b47ee3534192803a
ng RNNs ,5105dcc56b28ce5e
with sel,d1c1163dfda80ea0
fattenti,482c21d4bba60f3d
on and s,13164bab1d1970c5
tarted t,ad8348dd62027a93
he effor,8150474ad5e82c63
t to eva,9f635c54c0f51b1a
luate th,ebeaf63fff9efee8
is idea ,8a5ed01f7e7594a5
Ashish w,03962da87075f3c6
ith Illi,a290cfbfe825ccf6
a design,3f95287f49b94f30
ed and i,1cb784e28ae879ee
mplement,a5969ecb1bc9ac30
ed the f,bc4cbda8388f894b
irst Tra,83c94359733ebef1
nsformer,affae37f90df0cd6
 models ,87ea00551e28ce86
and has ,dfba1cbda8212415
been cru,6557960f8fb78d69
cially i,186b2e6edb444d74
nvolved ,0051d331e39ba300
in every,86db6ea822a6a2d3
 aspect ,c6f3073f37f94521
of this ,52ebbac846334f1e
work Noa,58c192263e0e2101
m propos,c1d3e098d702f481
ed scale,9c38d703187d3062
d dotpro,127819ea2e8873fb
duct att,f5135912bef4b0f6
ention m,b13b1ff2cea7baac
ultihead,6bfae097cc2aec82
 attenti,4dbd63aa47b55bf0
on and t,9813332ad8bb7b9e
he param,531bab70eb6f4bd4
eterfree,cdda0598a5a780dc
 positio,d4277b1ef6d713a0
n repres,95c4075ecaea0558
entation,04bd73d207f991ba
 and bec,d2b6c12a80ba5eaf
ame the ,2e000c5db092f95c
other pe,7f77b058b7a4b766
rson inv,2b468c2de6b0de2b
olved in,37cbef130e264655
 nearly ,112ce8dbd469a4b6
every de,9f0d63d52c21ffab
tail Nik,db9439d2e0068278
i design,ece0c127620007a0
ed imple,8b5bfc1c8ae14f92
mented t,3653686f03ee428f
uned and,84e0400b520081cf
 evaluat,e9e56deba580194a
ed count,9c4f4e03878f354b
less mod,78d081fbb38f8b73
el varia,2178b56c27ff1758
nts in o,97fac7abcf99c098
ur origi,e506bb0fb2a0ad3e
nal code,b433b380c48b6a1b
base and,b774bfcc5dc08ff0
 tensor2,42488fe25e1d1512
tensor L,b033aa2f489bc664
lion als,e6ebc749bb47dc09
o experi,04dec0287d978700
mented w,52a2ffa6163c3253
ith nove,6fe283795be9cefa
l model ,40c5eb79e9e73f1b
variants,90872a81da9228be
 was res,3129c1bcd8afcde1
ponsible,0de8e22a6c4ccd6b
 for our,653226d859289d1a
 initial,8fb6e6c07c87c490
 codebas,dffe14e80bf9b112
e and ef,204ba4d7f969a509
ficient ,5be6c577966c43bb
inferenc,3dcbe5d6002935b9
e and vi,8e03990bb3c7c3c3
sualizat,03789dd7134e70ec
ions Luk,39217ab4358acb8b
asz and ,c88de9030dbcc14a
Aidan sp,66ec8f0660bc7c5e
ent coun,fd9b86718d621027
tless lo,c46e8caab1e603b9
ng days ,f21901edd7ffaae1
designin,96cccc4c6957c543
g variou,67d05f02d357bb2b
s parts ,3391c9f8dc4e3141
of and i,15dca93467cc6038
mplement,a5969ecb1bc9ac30
ing tens,1ecbb5b8f4823ec4
or2tenso,be4da4271dbca7f8
r replac,b8305757e61fb47c
ing our ,a293c0b1869ea673
earlier ,a614765680e75537
codebase,97a9e7d7142fce2d
 greatly,66124b40bf135419
 improvi,e4fe301211fc5e8c
ng resul,b9c91ba11516e37e
ts and m,eeab52e015b6d6bd
assively,70234fafecf820f6
 acceler,79cdf7f23b272fa2
ating ou,69f4370041e062c0
r resear,52b399ab22d95c7b
ch Work ,046a0b400e68914b
performe,07e0187f91eacd3c
d while ,e5946a0046279a8d
at Googl,8398fb3a22d65447
e Brain ,03c07431a89964fe
Work per,c7d5ccde01f76740
formed w,6c6706796d6c261c
hile at ,3a6d91d86f8f9ceb
Google R,ca9650835b90dad5
esearch ,d36bfad2e1e40b2d
31st Con,1ad6df65678846a5
ference ,bae212d0f740128d
on Neura,a3750d3c7fb37df3
l Inform,e92f893b27cb9c6c
ation Pr,88a839cd13e125ff
ocessing,b2cab9ddf45c561d
 Systems,66121643a3fe07e4
 NIPS 20,9ff34c9407fb96cd
17 Long ,2db63a0d8096d8d7
Beach CA,cb31f91cea832839
 USAarXi,76c5bac7c880d497
v1706037,6597963f788a3ad1
62v7  cs,d2bf150211ecde19
CL  2 Au,8249d257704ab2e3
g 20231 ,7c12a9dc25acdd5e
Introduc,f75c4f7a747fc575
tion Rec,ee6d2af9a36ad70a
urrent n,6ee727e054b2b696
eural ne,56cd6a641d80c0ab
tworks l,d29215eaeecc59b9
ong shor,152d93f80ad386ee
tterm me,0b86b091d57e27a3
mory  13,d8bcddf4c6166790
 and gat,7b694265ce420dfa
ed recur,589bab1311b885e2
rent  7 ,4a262c6d1940e5d9
neural n,a5b3afcb24c150c4
etworks ,8a4c1685191e4866
in parti,e7927c064f58923b
cular ha,1d0cc5fe93805a80
ve been ,b1e780ffb118042f
firmly e,c42ecf14e3d6a07e
stablish,ab4b66d1ba88130a
ed as st,59c386705fac5167
ate of t,6c8b4742016f1f02
he art a,df7fea810b614dc5
pproache,15f9c9638d9f6001
s in seq,9c8fcd40cf2b1358
uence mo,f2365cb390b66f15
deling a,0cb3fdb2e3466e70
nd trans,0d92ff795c291647
duction ,d3aeb95400634208
problems,8d9ec6b7c23be154
 such as,b2e98de3613a2a70
 languag,b67494659c302e91
e modeli,c2187b44910f8072
ng and m,c3f6d87d1c6c1b5f
achine t,1126502bb6a9a8a5
ranslati,6544e1dbaea4a266
on  3525,836d89c97b4e2666
 Numerou,10d06ae975c69318
s effort,89e69a8e4f9de6f9
s have s,15175128a7e60e14
ince con,5201cff40f9eb071
tinued t,d60ae70a11619b7d
o push t,87d1812510e13a83
he bound,77ef0e018dce8923
aries of,28d2e97198536d3b
 recurre,e51c983a29f26954
nt langu,9a8756f8fdf5daf0
age mode,780372b146aafeb7
ls and e,8e4eb0da2cd51278
ncoderde,c1086a4673a0a008
coder ar,bc3148fdd10af578
chitectu,3a8b2572d5640d3b
res 38 2,2e35809350ecdf68
4 15 Rec,47f6cfc82faf0f70
urrent m,0e46898a2bf4512c
odels ty,3da697f10e4de38a
pically ,6337f41fc2443e01
factor c,af42de36de432edf
omputati,a1677290973ce3d3
on along,dd23599a679807f1
 the sym,783899352f6a3a81
bol posi,b4847e66774b2d73
tions of,2399bd6b92ce618a
 the inp,8a026d91ed9afd1e
ut and o,5656adcee4394b3e
utput se,6aee14d1fffd5786
quences ,f4013a007df741c4
Aligning,bbb97c576d858523
 the pos,f91454f050c520df
itions t,4738f0995a994f60
o steps ,556f7ad3a8e9502a
in compu,37d1abfa7f68c22e
tation t,b3bd6c500360615f
ime they,71283537131a4878
 generat,ea119b69af1ebdcc
e a sequ,8176bd77801d0ad4
ence of ,36e3692dc447646c
hidden s,a87704fcbb83199a
tates ht,e8ecc925ed009ccb
 as a fu,bb23910f2f4cff73
nction o,c6364ff47398c993
f the pr,6701e110797783e7
evious h,6af3c65c5e09b6d8
idden st,b271db5d6fe414a9
ate ht1a,e2f400690911a513
nd the i,ec69587a8fe4a745
nput for,f32600f3ba937f6d
 positio,d4277b1ef6d713a0
n t This,c4578bbefa6d66f8
 inheren,69b68298eeeed998
tly sequ,3b4205023bfd00ff
ential n,24b3f7ca3d985cf7
ature pr,c9c5f1912fc0289d
ecludes ,df8cf50397992150
parallel,da120f597b4a35ec
ization ,0baa1bdaeb15f0c2
within t,43fd49981cb043d1
raining ,2549c0f576b5422f
examples,4456e26842e9ba4e
 which b,0c6e27cf510720d1
ecomes c,c1dc62b89aa09a9d
ritical ,6fad5bd3d4ff1943
at longe,ee3072770e8e2cdb
r sequen,097446bd357cbd7f
ce lengt,ea368a49a3678e69
hs as me,1b3c291850d0f57c
mory con,f67d3c2fbffc4272
straints,fab473045323ba48
 limit b,0ce6104bfdccc4e4
atching ,c86c8d930520a5da
across e,3500e8951b58eb5b
xamples ,352b3352dc0e24d0
Recent w,a9bc8503b669ed7c
ork has ,31e535b392b031fd
achieved,b226c0a2cd3a0211
 signifi,40bd8e2a49f97cba
cant imp,e65d93c25954f9e9
rovement,b82b9abcb35205d0
s in com,89a8cb5d7a061e5d
putation,cb8308b11bf2c6fd
al effic,e9fe5bf0b7302982
iency th,ac7042688874d7eb
rough fa,cac7f2c4edcaa489
ctorizat,5e380d553530403d
ion tric,46812fad86232c29
ks  21 a,9b1dc6e95aab0b8d
nd condi,a988d104615592d9
tional c,d974e9720b812157
omputati,a1677290973ce3d3
on  32 w,32bf6e0e4ef8f8e4
hile als,a7212c34f707a48a
o improv,1159d5910639f813
ing mode,d67f2ff90907bf8e
l perfor,4cfa642e57cdc236
mance in,a2bdd3aee44b5b40
 case of,d16934b631ece49e
 the lat,15666ee415db6335
ter The ,cd3dedd936403f58
fundamen,1b5bf45a2315c67a
tal cons,e6121f7bf103b7fd
traint o,4e38c3af65df46a2
f sequen,3ff74671135b4f30
tial com,18bd24446c3225c6
putation,cb8308b11bf2c6fd
 however,2929fc99b79d48a4
 remains,39ec941637e5df8d
 Attenti,e76c3ec122b2ec57
on mecha,c33745c2a54e47f8
nisms ha,82426a0e9b185bd3
ve becom,b9feddc97339f6c6
e an int,822a3a5b04beff43
egral pa,0d5e3f143a921b01
rt of co,b22f7b447f88aae8
mpelling,22d38becad6178a4
 sequenc,3d0f5d6d8da60829
e modeli,c2187b44910f8072
ng and t,f82687ecf8d7d65c
ransduc ,d0122d782ceb5b95
tion mod,956156e146e6e8ae
els in v,3c1031f1cf31a153
arious t,c0b8f351ae4429f6
asks all,1c894c7d87f96179
owing mo,a3bfd1449ac53643
deling o,dd08245f2ee00010
f depend,7f746ce4c2b30938
encies w,c73dda59e25e26d0
ithout r,f91360b267e7fb39
egard to,56f84b3d66890f95
 their d,729c3e3376dbc323
istance ,b09acb0452a1b43b
in the i,c94886625bc383db
nput or ,970e87d2d4fff9f1
output s,8cc6eb2478c5ddca
equences,3fa6143606ee5be9
  219 In,df46bb3af10b9004
 all but,036845d0ce0523f0
 a few c,0f9cf3ab5067e15c
ases  27,b8cfa70a3f072cc0
 however,2929fc99b79d48a4
 such at,0f5fe922ee95e4c5
tention ,e2bbb76f6b5d2d4c
mechanis,abb4c4065e76056e
ms are u,f8dec9e483a37ddc
sed in c,8ef1042652753047
onjuncti,dda41b9399f2bcbc
on with ,596136c421bf4cee
a recurr,60faf59d8dd425b0
ent netw,1a54a62e1c147c0a
ork In t,ba20540f27d014be
his work,381f5d0a9e4721bb
 we prop,c60187309cc1e345
ose the ,f2a1d8e6a85bcf59
Transfor,251b9125d6f537a2
mer a mo,2f4b6544b12ee4db
del arch,2de298b1813947ca
itecture,569f67ed2b87538c
 eschewi,a8f82efc2ac6b16b
ng recur,01e365a5f9ce230d
rence an,0c942851910bfc05
d instea,44002f79aad28e2b
d relyin,37d10ed580183a10
g entire,452c653981154bff
ly on an,b81120965e2168c4
 attenti,4dbd63aa47b55bf0
on mecha,c33745c2a54e47f8
nism to ,cb9fc21083edbb31
draw glo,a075c11d2cd5c574
bal depe,46e129d65f498d1c
ndencies,3166cbabca0b024e
 between,1897b2fa1cc912dc
 input a,b774167e8a7f699b
nd outpu,ff3f8d571fbaf125
t The Tr,fd0bbf324ea80add
ansforme,ef2255f3eda0b805
r allows,eb1f7dc363ed6692
 for sig,4f1f5a0ef346e53f
nificant,598a082ac3829186
ly more ,339b377894be1ff7
parallel,da120f597b4a35ec
ization ,0baa1bdaeb15f0c2
and can ,660894371bfbe258
reach a ,2364fcc78d3ae0b2
new stat,5dda292ddd9ee11c
e of the,e176649f2ab5099c
 art in ,fd8ff9a39da7544c
translat,c136a59d02558001
ion qual,dd0daba543a3f67b
ity afte,2a4550cbe59ac69f
r being ,047a0a188f2ad2a7
trained ,3611a03b53b08576
for as l,9616c865cdeec9cc
ittle as,26ac8a740e1e0232
 twelve ,48b095189ea7e123
hours on,76a3b33f17b68e7c
 eight P,7a6e2ade88268911
100 GPUs,c7592949ed1f4acc
 2 Backg,b4d73e810868e40c
round Th,3d4587f1cb99b063
e goal o,ba0d4ecd587e65e0
f reduci,97c25f360d137bc6
ng seque,0517bb1de9211981
ntial co,2fbc6438d2295d2e
mputatio,32e8d375ab74bfd7
n also f,17ba64aec058d446
orms the,6321048219e6d800
 foundat,40eec0923485b876
ion of t,b1f2410b89429ad0
he Exten,c662aa87270005f0
ded Neur,adedb8a200cd08da
al GPU 1,c161c1554be1058b
6 ByteNe,ce9c7acbb017b298
t  18 an,f4a1da01e70b3aaf
d ConvS2,76fcb2cea4b3821a
S  9 all,2e17f5f592075972
 of whic,74503a14a6f02291
h use co,6afa9d0cec07bc20
nvolutio,7e75d6eaa11af635
nal neur,33244db65eb17f67
al netwo,c8f52027982f4231
rks as b,9f9e18947f68ebb1
asic bui,04bb76f563dd4b28
lding bl,985bff305261fe45
ock comp,ce56dd0ebf7400d3
uting hi,4f5444922d7a81f9
dden rep,6c8d2d149e33b86e
resentat,871c257ab97b93b3
ions in ,5390d36e4982bbe0
parallel,da120f597b4a35ec
 for all,ccc503a446775bef
 input a,b774167e8a7f699b
nd outpu,ff3f8d571fbaf125
t positi,359be75614394c83
ons In t,ca5bfd21ca5e62de
hese mod,27463804ad25ff80
els the ,231ef868480074a4
number o,ce0549657e8fc26f
f operat,5a1ba96d22ea8bd2
ions req,a0ada9b4858dd445
uired to,0ae90c5989a63788
 relate ,44449239aff39302
signals ,93d0018b6f58eb5b
from two,584dea3f9003f512
 arbitra,d35ff334af683105
ry input,d7dad366e69687bd
 or outp,947696c128786ac1
ut posit,fec0ac27beed47cb
ions gro,59c9b4ea09f25170
ws in th,1aee2fd20f7b8cd5
e distan,51fb3f203ae283fe
ce betwe,c96f6773a0d4319f
en posit,07afd8654d985547
ions lin,8c359364d711b832
early fo,e036d2940a670038
r ConvS2,bec47ee90c28e146
S and lo,005963f3e3de6a19
garithmi,724b8828705a0017
cally fo,dc57d871e24ad77c
r ByteNe,559374382111c3f1
t This m,6f73407f9d54ccff
akes it ,1645634623e10b73
more dif,d7a0d26222805377
ficult t,1f92de917de57966
o learn ,966971f9d8263a6b
dependen,9110d239ed95da09
cies bet,ca251687574e31e9
ween dis,48fbafdd537f9de7
tant pos,c63295f5f69d5428
itions  ,9f0d0d67596f53b0
12 In th,4f26ba3d74b43a39
e Transf,9c25af714086f42f
ormer th,371a266f582365d7
is is re,0073fad275f8321e
duced to,417d8b2b9a23da1f
 a const,7f7ad0bff05f9d6f
ant numb,4ddd70fb6f53b6ef
er of op,8a93fe714500a3f9
erations,1bd042d8ee97bb46
 albeit ,71892afc9fa43680
at the c,dc71a7b39130b2ab
ost of r,3c4c69dc2bba0a59
educed e,a30f2adfeffd1754
ffective,ff8d26671d12d4bd
 resolut,99d352a1b7929491
ion due ,e8dd424a26f40939
to avera,afa22b0dce4b1001
ging att,8d8c017e02e0db64
entionwe,d962100fa30f6420
ighted p,dea6c52c2d335d01
ositions,a6f65a6383d9eea7
 an effe,c9b752683abb8d2d
ct we co,dcc3bc493bf0ca4d
unteract,73a6287bcdddbc5f
 with Mu,5d3dcbbfa1f561fe
ltiHead ,14ddfcca5697d384
Attentio,80e86608bb378cc0
n as des,a8188969ad4caeb1
cribed i,4f9db4d09bacebb7
n sectio,1a8cadb38213b6f2
n 32 Sel,4debfffef12d3b04
fattenti,482c21d4bba60f3d
on somet,96d521e82f19a8dd
imes cal,be9ce809bbdb4881
led intr,d1b15285f3f135ef
aattenti,c7c80208def1c715
on is an,fea6016ad6d2a78b
 attenti,4dbd63aa47b55bf0
on mecha,c33745c2a54e47f8
nism rel,d57da0421695104a
ating di,1be6a1a98c073553
fferent ,dd1ddc5da1f2e7c5
position,056084c038479c85
s of a s,a25962d18d1292c1
ingle se,f8948ab0c90c695d
quence i,9765dd1b936be3b0
n order ,d32a1cf57a4654ab
to compu,ba722601ae3f6782
te a rep,1605c3942ca9567b
resentat,871c257ab97b93b3
ion of t,b1f2410b89429ad0
he seque,5cec326f9ad7210e
nce Self,0350673f5526a064
attentio,9daa3b0469c41f43
n has be,23818e5638cabe8c
en used ,9921528ba1636007
successf,b2fa0c48a834732d
ully in ,be6f3c2bfaceb223
a variet,6d16c6817f409244
y of tas,7996623cdb8cf759
ks inclu,85612806484c95d7
ding rea,fe308ffe1d18949c
ding com,df07966c4fa7ebf1
prehensi,be9197f37188f0f9
on abstr,677da34d6b8fe3aa
active s,665af63c369cda95
ummariza,d6516d4b2a245526
tion tex,0aa0a2e17582a936
tual ent,ea218f95e9c046aa
ailment ,23365a6813d92c47
and lear,428bd289c1c4d25d
ning tas,6b46e11dc3b890c0
kindepen,500b35b84a93371a
dent sen,39979d84dbc96471
tence re,05a2b4c3fde990a9
presenta,f0502cbf94c8ede6
tions 4 ,d4ae57da144c8815
27 28 22,c213d0856256a115
 Endtoen,7145fed6f0305f29
d memory,223dcb72e21151f3
 network,eac01e66d05ba6f3
s are ba,401ed96a2418d4f2
sed on a,e2501b7d02165ba6
 recurre,e51c983a29f26954
nt atten,f794901e5529cfcd
tion mec,d836f35efe0b7a76
hanism i,4a0a8ecfa02cc96d
nstead o,8d4fc9748e22e626
f sequen,3ff74671135b4f30
ce align,ab7683d7cc2fd208
ed recur,589bab1311b885e2
rence an,0c942851910bfc05
d have b,abbfdbcd31b15345
een show,49c8206e5e4cedf1
n to per,8e977f8cea790077
form wel,73d82510d2127f71
l on sim,f377c9baaa17344f
plelangu,74b6dadcf948f042
age ques,889b02b5f280d8c5
tion ans,afe7c73489856a6c
wering a,97f90da8cc973ea7
nd langu,dfeb3635bf762dfb
age mode,780372b146aafeb7
ling tas,428dbe1971e1aa37
ks 34 To,94b53b92089ef370
 the bes,cf16dcee480b1f73
t of our,dd049e3b2dc947e5
 knowled,caaadf8e9d41962f
ge howev,89bfa1c787417142
er the T,7db8570a10aecb93
ransform,e6954ad9828beb19
er is th,e32b2b8998cd2664
e first ,910e815964d80c42
transduc,e08782fd3d82b705
tion mod,956156e146e6e8ae
el relyi,9b7fb96a0961d613
ng entir,d6552dc62404a8c0
ely on s,5032e06e464f7062
elfatten,5f8a4f165b5f8652
tion to ,7d3a7f961c8ad634
compute ,d6c4c564615a51e0
represen,eeccd3686961c0d7
tations ,4aa8e6537c645b9b
of its i,1597fbc42732c27b
nput and,730e048da387b410
 output ,48d521d9a10ee28b
without ,a1d878719934a114
using se,4d13c8c00fbd1937
quence a,8ba0eaf62bbe6aaf
ligned R,94e62bb1e856629b
NNs or c,dd00c96fc3a2947a
onvoluti,8705d7b55cbe9fae
on In th,1d1f74a5b01a7fe1
e follow,5c60ac12f2406a51
ing sect,2363a788e2278ee1
ions we ,b3cbead78bd3b715
will des,720fc2824d4d09c3
cribe th,b663a316fefc498b
e Transf,9c25af714086f42f
ormer mo,d95a237b7cbfdc22
tivate s,c54c48a8e7385ea7
elfatten,5f8a4f165b5f8652
tion and,8cb419d98c3587eb
 discuss,0694c3b719a4b091
 its adv,045a7fe23d5be265
antages ,85ff01830091310f
over mod,133de956198b130c
els such,f0d8c3bbcc432e76
 as 17 1,ec29f8a8f1537418
8 and 9 ,19d9995b57c8522e
3 Model ,575016b9dc46307a
Architec,ac53a58d2c6c7b0f
ture Mos,7b34b456ac79f633
t compet,0cb177dd4bf77832
itive ne,b72932320d1ad98b
ural seq,932195622cee2a0c
uence tr,d88505fdaee1f31f
ansducti,bef58926e110280c
on model,29550ab16a4be89a
s have a,877591435a9a342f
n encode,8688822c3296982d
rdecoder,c4d8b8b75819e137
 structu,a128b61e689cd636
re  5235,b38ae8dccf39c5a0
 Here th,734f2a1366e833b0
e encode,a0e27e363d435897
r maps a,559b15fea911c792
n input ,aee09af1ee98a871
sequence,6c72a9e3f115205b
 of symb,488ad25ed28455e2
ol repre,aefcb35d54c67faf
sentatio,d8ad23063844b323
ns x1  x,3e0b84c140f4845e
 nto a s,6db0c3474c19a9cb
equence ,4976b90fecaf93ef
of conti,a892641cb34433bb
nuous re,09fdbf2f7a0620ea
presenta,f0502cbf94c8ede6
tions z ,4246e4d81660f477
z1  z n ,d239fcac5f00a948
Given z ,08717cd3d7e8ca4e
the deco,227560b2b8f0015f
der then,bbb479761521c913
 generat,ea119b69af1ebdcc
es an ou,5c8cea2339b9f6be
tput seq,5d37bde714c8f06d
uence y1,871c04b9b50c3609
  y mof ,7ea5ceb349afda73
symbols ,8ee8edef19f95338
one elem,496d5cad6094ec44
ent at a,55390f1fe67d96f5
 time At,f32ae7f7c67dd326
 each st,d354dbda3bbc627d
ep the m,8b2f4ef834f6683b
odel is ,19884abe1ae705af
autoregr,5d28b6f44bfede61
essive 1,b2f137670b57dd11
0 consum,491ac9c3271a3727
ing the ,a51d107ff623d6d1
previous,7bc7d2b08c62452a
ly gener,de14ac4051f20fbf
ated sym,05133d5323703ede
bols as ,d3634409960bbe90
addition,3c4eb3d266bb6c73
al input,8e8b58fb3888815b
 when ge,51bf537ead57dbf7
nerating,dea8ca66440b5749
 the nex,f28b30cf676a46a1
t 2Figur,630c1533509dc0d1
e 1 The ,b884598e414b0272
Transfor,251b9125d6f537a2
mer  mod,670a0260adefa468
el archi,d38f0c212e29c15d
tecture ,8d217060a1d72758
The Tran,0ebef3cb6b6fd335
sformer ,9bd208ef8a233597
follows ,bb2f02349606f104
this ove,92336ab63a6b9151
rall arc,ff9b6a25d538d445
hitectur,951f8b0a2ce8fd8d
e using ,d7b41326ce4f6984
stacked ,3760271999ade4d5
selfatte,32cc2b2379791b1b
ntion an,ce94b21de2fd792d
d pointw,8b1a36dd15e4c0fb
ise full,f383b6b5fe1d1168
y connec,657a3cd4911bd66c
ted laye,4cfc8e5ae6b183ef
rs for b,27afe2d29211cc69
oth the ,82a603eff6ac3ba7
encoder ,5f6d33637b2d2d48
and deco,c3cab7e8440f5bc8
der show,212189defd3c129d
n in the,18719dc65177cc55
 left an,33caed78941a447c
d right ,1d5bf84de83a42b1
halves o,28813fcd1d43dc25
f Figure,c80e2e7ad0706cd6
 1 respe,b515bc3ae0aa0565
ctively ,9b58cbb1d2ec2d2a
31 Encod,1e456d6108de1c62
er and D,97a4e88dcfa0a743
ecoder S,2a6838eece0d5041
tacks En,a07e6fe570e78057
coder Th,0255a10615bc25e3
e encode,a0e27e363d435897
r is com,c15728fd0168eb12
posed of,e119708a6082e4e5
 a stack,9ca093ceda5a0574
 of N 6 ,377ce4df5b3f5f72
identica,b7d0ed2d92ab1cca
l layers,8b13fee33cd672ce
 Each la,8a2e6f2409fe2a5b
yer has ,986b63b2844e5781
two subl,b9ad078f574f5f70
ayers Th,9f66ea760225ea49
e first ,910e815964d80c42
is a mul,843cae2c92e9f913
tihead s,8dd815f54005a4d6
elfatten,5f8a4f165b5f8652
tion mec,d836f35efe0b7a76
hanism a,b15469df7bf66c2f
nd the s,eb9960e1ab8c5d30
econd is,e223828e0ec68452
 a simpl,baf5bbfafa1ee763
e positi,96306994bc37e69f
on wise ,35a88d36b291693b
fully co,7ba5238c7ea27069
nnected ,a98242528605838d
feedforw,54fcd6c0fe477ab0
ard netw,f7f118ff2bf8e932
ork We e,307dc6887259f46f
mploy a ,3393c44fa5f374ea
residual,a8e92e0dbdf301a6
 connect,6fa3503230390d67
ion  11 ,734a4ff1ff9569b6
around e,584d16a59a9ce82e
ach of t,8349162a866263b8
he two s,8d3172a68147766c
ublayers,a6944e4e3bdf7f1a
 followe,20ef2331999361b5
d by lay,e71821bd6ebcda9b
er norma,24820c663a23d7cd
lization,57f755a33178f837
  1 That,78019a5763090abc
 is the ,bed4a4013fdd42c3
output o,5c6e866e61267055
f each s,64cf5a6224860570
ublayer ,fcb7d4b4bfdd3eae
is Layer,a63d6628c7992e97
Norm x S,985a29eb7e4db1da
ublayer ,fcb7d4b4bfdd3eae
x where ,3dbb689ef4b55674
Sublayer,e5ba69d154d59cd4
 xis the,5fa240f5d014381a
 functio,343776446be2405e
n implem,3c6bd50b6e2be82c
ented by,99062bf11eebcffb
 the sub,3a2e259ac3438555
layer it,ed796c0f857fefb9
self To ,f701eaff3187e35f
facilita,c6ccf56333cd22c1
te these,4751f149aef34045
 residua,96c4519872728057
l connec,9b6ea3b2959ee0bb
tions al,9ad4dcaf3e9d345c
l sublay,e98d330a87c7c455
ers in t,4e5bdc81a2823eab
he model,f023e61d6555fb38
 as well,7c09b8c376e96ebc
 as the ,2f3aeb4b4cb2b719
embeddin,9fd6af61f74e3075
g layers,f8d4fdcafa6bf8eb
 produce,5e4b963c221df96f
 outputs,0e763c81dc825ebb
 of dime,e577dd518b808fea
nsion dm,71036b2dea3257be
odel  51,3d30181b2dddbc40
2  Decod,c9611199c9205cc6
er The d,09f143f5bd58a321
ecoder i,d9c2f4849f31bac0
s also c,df4f34b42621e8d7
omposed ,e7e6d7daac38b0e4
of a sta,e5ce3b518d3fe11d
ck of N ,810ae17510e0e643
6identic,a8a20e42197ebe5f
al layer,8713fae8afc71dde
s In add,3025edabebb9fea5
ition to,f6aa53f3671b17b7
 the two,4f14c871519ab304
 sublaye,eba564fcb92c4d41
rs in ea,dbe2436a9dacb42f
ch encod,8acf20b7b56f85bc
er layer,ec8abf1b5cf15113
 the dec,4ae1f4b19c983079
oder ins,18ac60848e00dd46
erts a t,269ebd7f4db7333b
hird sub,56ddf0cad19616d6
layer wh,1ae8dfe8ffb3f018
ich perf,d319544d7672b10c
orms mul,273212c67b282dfe
tihead a,3c6196ff09b25d60
ttention,277dcdafe63a85bd
 over th,4e861f444cb1ce35
e output,05fc8b1605063d7d
 of the ,dd8ad90f8f8e55ae
encoder ,5f6d33637b2d2d48
stack Si,4a602939843f5a67
milar to,48b5fe758c19af4c
 the enc,f50141e00783a904
oder we ,14c9bfd9c193125a
employ r,9a2b69a31eb2f455
esidual ,bb28312e22f1bbb7
connecti,dad0fb5e5c851294
ons arou,cd5d0af8e26dd5db
nd each ,8ffeb5220af53ad1
of the s,6b445e507b525d07
ublayers,a6944e4e3bdf7f1a
 followe,20ef2331999361b5
d by lay,e71821bd6ebcda9b
er norma,24820c663a23d7cd
lization,57f755a33178f837
 We also,fc50654a6dfcaf8d
 modify ,b5779ac2f077d31b
the self,d0254b02e5f1cfc6
attentio,9daa3b0469c41f43
n sublay,66c51475e97eaa3d
er in th,331cbb95c754d2bb
e decode,1cedf9454f6e32c4
r stack ,3149abb3d1c830f0
to preve,f98d88e41c07fc3e
nt posit,ebf50f044f6a8ff7
ions fro,7a785441e01bc250
m attend,b52c4767f18d2414
ing to s,91fb0098f5031ed4
ubsequen,a73b060594d7b133
t positi,359be75614394c83
ons This,a115586221240464
 masking,97a21f671d3c2f96
 combine,820a2971c2f8085f
d with f,5dd6226650c53979
act that,c77721ca0bba2299
 the out,4a4e4de9f2b66fab
put embe,6d383967a9083b7a
ddings a,295a40ac58fc99a0
re offse,9fb3a00917c9c430
t by one,75b26191cfe79ebb
 positio,d4277b1ef6d713a0
n ensure,f1e33f117bf68b75
s that t,10b39cdbefd76cff
he predi,38a8ae5ac5bdd5d9
ctions f,f758bfe7b8ae19f3
or posit,b4e8a2a779a0dc03
ion ican,bfdbeada5d5979eb
 depend ,4c4909d2c3c819ea
only on ,685533a9e26d5866
the know,94bd99a82a783c86
n output,5a00f6437689ed03
s at pos,d3205c39a135c303
itions l,5c7f36b61b29d5ad
ess than,704dd0623a9dcaf3
 i 32 At,43f1fe29be2c20ab
tention ,e2bbb76f6b5d2d4c
An atten,3faa49b834625d6e
tion fun,76ff1b0e3f1d1b76
ction ca,7355d788e9eeff8d
n be des,4eedb37a96b224d6
cribed a,070011d1ee514fdd
s mappin,38f7682fd67a108f
g a quer,15fee1d4a8ed20c2
y and a ,a12c07854ef7f06a
set of k,756cfcf02bb2cd9a
eyvalue ,568886c275fcc0b7
pairs to,3ab8d9dddb8602f0
 an outp,4c8564ec551908a4
ut where,98744aa486790a22
 the que,baa2c1cb1341219b
ry keys ,a78153febce34d69
values a,20e6713c23c8837a
nd outpu,ff3f8d571fbaf125
t are al,a042b1241b88e55f
l vector,6591aaf1c7b16a7a
s The ou,8f019aa975cd9084
tput is ,4aeb6105c5790722
computed,a8b611708a4efb18
 as a we,0ad29bff5e783608
ighted s,816c44ba831f9cb9
um 3Scal,02399b2e9cb8a7c1
ed DotPr,288906239c1b087a
oduct At,7f0d16bd7f386e05
tention ,e2bbb76f6b5d2d4c
 MultiHe,367b6756de30d0be
ad Atten,d419880a59a50cf1
tion Fig,54684afa7afc493a
ure 2 le,85e137cca34db93f
ft Scale,fcadab1dfc716935
d DotPro,cf89f381484010b4
duct Att,d81ff45362a7d436
ention r,95a4518158ddbfc5
ight Mul,f68dd0deb3d5cae8
tiHead A,8fa737d961e00c46
ttention,277dcdafe63a85bd
 consist,abe5daf644745b7e
s of sev,52646b3e748b7942
eral att,c6c17fd63093c669
ention l,f999886e86d98965
ayers ru,1b73fdc3fcb30953
nning in,93ca9cc1c56f0ecc
 paralle,f6ad047b40aab9be
l of the,dac6f1286280f763
 values ,eb8412be23c7073f
where th,63ca7f0de3085e96
e weight,6f4233112f42696a
 assigne,7e3d5c41455ee2ff
d to eac,9d076fd57b3b3ac4
h value ,4a1d0cf49380df02
is compu,24b4152a09f34380
ted by a,25ae66db3fff9dfe
 compati,4b69c7fffbc6f448
bility f,9d6c891c3554eda2
unction ,9535dd9d4e13ee86
of the q,4e64ede3dccc0434
uery wit,9cc909d0e4380f7c
h the co,f4bd9faae27d72c6
rrespond,2ddd22ae7cc44614
ing key ,c0bcab5c94394fd6
321 Scal,7ab74412330bd4e7
ed DotPr,288906239c1b087a
oduct At,7f0d16bd7f386e05
tention ,e2bbb76f6b5d2d4c
We call ,57983cf1bef6df29
our part,54759ec71eacc134
icular a,135f62c29026f45b
ttention,277dcdafe63a85bd
 Scaled ,6ce80cbba85386c3
DotProdu,18ba1eaa969f6535
ct Atten,125336c5dfe49b6a
tion Fig,54684afa7afc493a
ure 2 Th,171f8fcbc3e4c466
e input ,6e1eac47dd57555c
consists,93dd588f82854e5b
 of quer,5a232c3c6fdf2604
ies and ,eac220f426248f44
keys of ,50c70785a4543c72
dimensio,5bb5e8878285403f
n dk and,b475f15e671e6622
 values ,eb8412be23c7073f
of dimen,009349b073359205
sion dv ,449e909d435a31f1
We compu,e0520fd8c2594c6e
te the d,bd37b6029f994c39
ot produ,b2d8af2dd37f8303
cts of t,aa8b15ee2938cd42
he query,628c2331106f0b3f
 with al,eddbc86900c297fb
l keys d,95575f8fa2d76bd9
ivide ea,d68175caae302e38
ch bydk ,f3ed4fd8770ad34a
and appl,dfc389667dc8e621
y a soft,ea959b1d48771839
max func,9fe8d2f4f54bfe9e
tion to ,7d3a7f961c8ad634
obtain t,0135a13f4f87abe4
he weigh,4a7677ab65b5547b
ts on th,c7381e9378cda1e5
e values,c6a903ef6da9c495
 In prac,2776e5f3c45b3698
tice we ,f0e95f7e62350542
compute ,d6c4c564615a51e0
the atte,13a615f803b436b6
ntion fu,169e6e603be62dc2
nction o,c6364ff47398c993
n a set ,0cfd8a8211f8e9c1
of queri,8bbabfd62b9c6525
es simul,990d7013f48a6415
taneousl,c8ae531ee1e55182
y packed,ecdb9f98d1f24ca1
 togethe,794466a644a8da34
r into a,3e73e20fe332ec90
 matrix ,e78d771b34e661ff
Q The ke,414577aee6537bce
ys and v,b2fb205f64a645b4
alues ar,f14deae6c7520009
e also p,586f8c196dbe9b68
acked to,3357be0c5484c822
gether i,9d91bf2143468e11
nto matr,be25ed190df140bc
ices Kan,847b3d8b99044a43
dV We co,9487ea3070c24f9f
mpute th,9d2e1ab5da29f2d9
e matrix,f01904f0d74b07a4
 of outp,1c1a5be4c38537dd
uts as A,c564e4af635a3cbd
ttention,277dcdafe63a85bd
 Q K V  ,df7b4880de28da69
 softmax,849a26e8d43951f3
QKT dkV ,4bd77aef8bb85f9b
1 The tw,7695fe891567f37b
o most c,c913762746cb91f3
ommonly ,86ccc1ac3fdc7525
used att,c3955f099cda285c
ention f,f3c243f72ae760fe
unctions,7f9e0bfee2185c22
 are add,788d728d69a3af05
itive at,e5220eec47572cae
tention ,e2bbb76f6b5d2d4c
 2 and d,55b40607a2cc8166
otproduc,dadec4d9b5a6785f
t multi ,724efcbb5c6f65cb
plicativ,b96cec15fa933626
e attent,d155b3d56591a245
ion Dotp,865c9c57b8f6d3ea
roduct a,78ad2ec5d48ead77
ttention,277dcdafe63a85bd
 is iden,01dd63f88083ad47
tical to,924c00c7e57756cf
 our alg,486cf555d205c3a9
orithm e,28a7acefacbdd8a5
xcept fo,c56c972d2f22b2c4
r the sc,37dde39c62b302b5
aling fa,9541e1c1d991ee2c
ctor of1,32409dcb2fd869f2
dk Addit,496ba558a6c41319
ive atte,24b1a559cc61a8c7
ntion co,13d06d759c41a7db
mputes t,6412b702cd6d9aea
he compa,78bf0017b7f607bf
tibility,790897232b4aa8b1
 functio,343776446be2405e
n using ,160ace49b2b8be27
a feedfo,e047d0a756c9a9f3
rward ne,a2c97dc685905315
twork wi,d51118ca29b9f294
th a sin,590bfeaeb2b92e8c
gle hidd,e0508e93c79b9ef0
en layer,c34754aee345ebef
 While t,1fd1b3b260ed7114
he two a,bdc8210310cdaef6
re simil,8e367f0b771fae62
ar in th,106f877a01be6f85
eoretica,c24451f5a0040ec0
l comple,c353f64f4a8702c6
xity dot,67a9c3a0302e9251
product ,65bb1c98dd5c79be
attentio,9daa3b0469c41f43
n is muc,5c5c2a8922df7c8c
h faster,31f6a21afe7ef8b0
 and mor,89d2d5fcee162544
e spacee,70559fc70c67b270
fficient,d0f3a67e7a873103
 in prac,19f1aaefb01ac808
tice sin,d323d84e5bde4f49
ce it ca,946c58c0a7b3a312
n be imp,2e932de03c90b50a
lemented,4e30e2c0e6358380
 using h,c4aeaa727206f0cc
ighly op,cc2f20401cb47c3e
timized ,7b2954be8aa4aad2
matrix m,bda1744310692b22
ultiplic,9ef432e42283ed6d
ation co,726c1d931168a841
de While,47d79b6d9460b04b
 for sma,af384440b5661a56
ll value,5d679e734d712155
s of dkt,218b865f5909f6f0
he two m,9f6af0b6a2506245
echanism,bc0d6d172a1182da
s perfor,aa1bfa321f1ea797
m simila,6212babb88fb2fa5
rly addi,9cdc326de963a9a0
tive att,3f6111ce335af6db
ention o,724e1cf5d051759e
utperfor,593764820d4f0e06
ms dot p,f5f63584402846f3
roduct a,78ad2ec5d48ead77
ttention,277dcdafe63a85bd
 without,cc770e33fc8f744f
 scaling,c271f54dc664788b
 for lar,2fde0c1494b58e32
ger valu,fbe854e48823d0b2
es of dk,448a6b1ac67841e7
3 We sus,f93118898f1367b8
pect tha,394a55da592d7933
t for la,8703cf5b018771aa
rge valu,c0a79b7e2fd4d4fb
es of dk,448a6b1ac67841e7
 the dot,faabc7e27efa6e68
 product,575a72e8220028eb
s grow l,463c81373ef73dcc
arge in ,cfd6b08a148f4c09
magnitud,52db547e04149f0c
e pushin,1e1535048cd2e1c0
g the so,357bf25b54b34c55
ftmax fu,4da39cfa4d500272
nction i,365e6b9b7a5f339d
nto regi,23b9a0ca9ef0a3f1
ons wher,6b99a1ef714df90e
e it has,3713c39bc7010a06
 extreme,0e22ed77823229b3
ly small,d09d5c8955043276
 gradien,7300762ac7255f61
ts4 To c,228584a8a98d8392
ounterac,907738886870b1aa
t this e,55cf0be33876d6af
ffect we,9ddfdee88fcfea30
 scale t,042a55edf7e849dd
he dot p,f12dc34c0834f87d
roducts ,1ef1e9deddc1fef4
by1dk 32,151bd8edbf35f004
2 MultiH,2fcea98c4f3754f7
ead Atte,15526a6b18a41ce5
ntion In,59dced6d6c8b79d7
stead of,9558955bbf76e830
 perform,aeb3a743ce684d28
ing a si,2c879e094ad2d5a5
ngle att,73da7ab76550eee4
ention f,f3c243f72ae760fe
unction ,9535dd9d4e13ee86
with dmo,77a185cbd1b46c45
deldimen,6e237e1d6d17da46
sional k,2049be2465860269
eys valu,3bafa09a03229888
es and q,8b9ff71ebca96e5b
ueries w,9ebcde60c89b5ef3
e found ,af6eb2afeee52c78
it benef,d504986f80d3e639
icial to,efa8b94529c22321
 linearl,b9a6a30bdecc012f
y projec,14e1ef08dd51d5a1
t the qu,0d31a29ccfe43656
eries ke,d9fedf44b59c1ceb
ys and v,b2fb205f64a645b4
alues ht,9f22f7f5d26a4f10
imes wit,6d8d3121fa989fca
h differ,a0e04e2daa8f84a5
ent lear,c35d36b5be8fed9d
ned line,78444b54657c4f9c
ar proje,3160ea6390339bfc
ctions t,c6aba5950eda685e
o dkdkan,68d4b09aab6a14c3
ddvdimen,1dae8d0f89a3289d
sions re,ff60c18895942d4d
spective,e91be4e916fd28ae
ly On ea,70363311aa5898a7
ch of th,c90c406f7097b77c
ese proj,5ac8ae48844df711
ected ve,16331d82bc8ddfc4
rsions o,b8b060ab845ca7cc
f querie,a38a0c1a0783298f
s keys a,5aec3c332ca3a334
nd value,1582918f41aa5f02
s we the,de26a9fe785cf077
n perfor,4b90b226959f04a4
m the at,f8b2d343949cb18f
tention ,e2bbb76f6b5d2d4c
function,2618c91e0df39349
 in para,e5c84b1be63ca510
llel yie,4945a6c51a499b8f
lding dv,3b0547816e99b159
dimensio,5bb5e8878285403f
nal 4To ,a527aa1298400529
illustra,a1cfe36ae9fe5fc4
te why t,83c59b5a4b0b1b00
he dot p,f12dc34c0834f87d
roducts ,1ef1e9deddc1fef4
get larg,998e2145af81a206
e assume,6fb293b04cfb38ca
 that th,df305a8e69df042a
e compon,596a5cb726d896a3
ents of ,18fffd67ae8d9f54
qandkare,7dfd4608ecc05a6e
 indepen,000a70e918bcb4e3
dent ran,95b2c568e9a92b47
dom vari,6859a1054bbfdf3a
ables wi,327b1bef530ba0ac
th mean ,1619f45a63816fc5
0and var,b2c552cd93286947
iance 1 ,1d1c906bbb723333
Then the,14022d6e4255b6b5
ir dot p,b94d0ab77227cdbd
roduct q,a5618c825cc2164e
kPdk i1q,e5575bf7926d84a2
iki has ,40b574ccab7bd6f5
mean 0an,057c24dff21fbcb3
d varian,ebf5d474c3d73c07
ce dk 4o,f6e28c4e6c8f5362
utput va,581a2c7d7a00eae5
lues The,95ed89cf83efb9de
se are c,a1b85fbca6491fd8
oncatena,34bc72935a14a15f
ted and ,81caf46c7eb9b2f9
once aga,7000e1b9e1d70e3b
in proje,36e2fd5d9d2aa4e1
cted res,3272f7f854195a3e
ulting i,5c2e074346373c4e
n the fi,57207fe688d7e404
nal valu,e5c326511137bf51
es as de,11aab0721d46552d
picted i,de2ddd0b7bd13748
n Figure,91a5d0f6fde028a4
 2 Multi,d498647eefdedc15
head att,69a1c09cdb7c493c
ention a,0f758310cb64af1a
llows th,4cd0a640cf993149
e model ,f7389461fd252d0d
to joint,2be97a832d938acc
ly atten,08fb26b0601e19ae
d to inf,f8fee3f7048c72ef
ormation,65191650e9296f8a
 from di,a4b172337f6f7963
fferent ,dd1ddc5da1f2e7c5
represen,eeccd3686961c0d7
tation s,89a4031e5444699e
ubspaces,761ed7ad72c79413
 at diff,54070712f20b9141
erent po,5c48c5b527e252aa
sitions ,9cedfbfc80ad4660
With a s,895f2afd6745405f
ingle at,a2432f9e7ccf9758
tention ,e2bbb76f6b5d2d4c
head ave,e8eb84e0d7f2c8a9
raging i,44f8e35faf418831
nhibits ,9d09b5b41fac25db
this Mul,d68960b3da8b541d
tiHead Q,e388f282da9fa524
 K V   C,201fbec8d6728ffc
oncathea,c8b76265dd1f6fb7
d 1 head,d685da916f3febf2
 hWO whe,b8c4da135052cc88
re head ,053acd6527c63aa5
i Attent,6854fe98c9118dd2
ion QWQ ,d90807d5fc5e3323
i KWK i ,0a1c6dd46ca448dc
V WV i W,7799de3e6a219163
here the,128a32614320e567
 project,5431595993db375e
ions are,d259f0cd6c2243a0
 paramet,16bd169d5651b98b
er matri,fa2debdce380db99
ces WQ i,cebcf15f1b713708
Rdmodeld,964504dbcc5ee8aa
kWK iRdm,e89927e9582b2cbf
odeldkWV,bd83a087c64ba0e5
 iRdmode,6424f30b84b19c0c
ldv andW,3c3990deb5a34a33
ORhdvdmo,84e7896c31306e2a
del In t,83bfa134fb09af44
his work,381f5d0a9e4721bb
 we empl,7f526b48a6de048b
oy h 8 p,18633b1cfe8bd511
arallel ,5255010a77a66b52
attentio,9daa3b0469c41f43
n layers,08196161bb04b1da
 or head,9697a2b1ce238cfd
s For ea,bff133ac7d22d30b
ch of th,c90c406f7097b77c
ese we u,46f7086ddb29d751
se dkdvd,7407a66e880c57c8
modelh 6,e36d3c393bfd76ba
4  Due t,5ebc749518ac03f8
o the re,215127011f2876c9
duced di,ed61733d7043a454
mension ,a886c9109f79d691
of each ,3e54eb137dd98ce7
head the,e93763f16854b5f8
 total c,52709201b541e256
omputati,a1677290973ce3d3
onal cos,0e78296ecba5e9c5
t is sim,d65b3466458864bb
ilar to ,c6a48077792e17dd
that of ,5b05eabe423da249
singlehe,d52c06cc9560c41d
ad atten,4fd6d2060d93a720
tion wit,590ec8f7cd4c7d79
h full d,4219a6e796373be8
imension,42928bb91d41ff2d
ality 32,6c5176ccc555261f
3 Applic,59a69a2d2783d3df
ations o,8aeb962d8247a609
f Attent,d6e9a4dd15047411
ion in o,b72a25dfa10b8cff
ur Model,6b9cf6051416ec10
 The Tra,b6ae10e93c1a9177
nsformer,affae37f90df0cd6
 uses mu,485ea71314eb0e1a
ltihead ,378cb475db61590c
attentio,9daa3b0469c41f43
n in thr,f491747d6e837a3c
ee diffe,2f6b9503a5fdd497
rent way,a65e6794879bd752
s In enc,dfd9bd2f13f461e8
oderdeco,7db5637137113d49
der atte,137d0abc8d5ca7e3
ntion la,ac1472f737ca29a4
yers the,c368d5aa91b88514
 queries,90d3799f22e0bbb3
 come fr,03a7c7bbce6e58a2
om the p,f48e755bb5477617
revious ,080708a10845eb1b
decoder ,883aad7ec6646cbc
layer an,39b430feab20bcd6
d the me,c5b1734cb5f4f137
mory key,d661fb6a0716f87f
s and va,396a3ad8a7b548d8
lues com,bf9230c4c6162448
e from t,9a895b63e82836be
he outpu,dec5aa97144d2ecb
t of the,f284e7d1137694c5
 encoder,1102692a0b3e2a6d
 This al,43d08fd9a4707009
lows eve,6572c0dc26d9e879
ry posit,bb335ffa9ed62f8f
ion in t,ea386f28d4b071ed
he decod,2855b88f0c5f6eaf
er to at,0cce5091f6c57bf1
tend ove,8db65c06f79daf0c
r all po,ba7a8ef13a5af3b9
sitions ,9cedfbfc80ad4660
in the i,c94886625bc383db
nput seq,a27aef456498d8d1
uence Th,557d1349f15a1324
is mimic,8de6216f9fa427f4
s the ty,7a180d4401f45fa6
pical en,47e2aa151bcda76d
coderdec,c5885f167b2e98da
oder att,596f883e759889b0
ention m,b13b1ff2cea7baac
echanism,bc0d6d172a1182da
s in seq,9c8fcd40cf2b1358
uencetos,4cc0d4e1692da0c0
equence ,4976b90fecaf93ef
models s,3c25124c1d79930e
uch as 3,eb1c3e675772430b
8 2 9 Th,776955a8f2bcc242
e encode,a0e27e363d435897
r contai,f199c4119de760af
ns selfa,ebda5d935d3dffc5
ttention,277dcdafe63a85bd
 layers ,7117d42e73efa478
In a sel,c4733596b5c98223
fattenti,482c21d4bba60f3d
on layer,5cac116682607c96
 all of ,7bd9b9a3e4fe6354
the keys,b77dc5dd0f362249
 values ,eb8412be23c7073f
and quer,15d71be9b8cf2013
ies come,d413c1ce44dbe583
 from th,ceaebc1d880ca139
e same p,cf5c6e9ec55d93c5
lace in ,0e9b0c9b94282a61
this cas,d2b6af76598ed023
e the ou,4606cd4e3d6648fd
tput of ,af5958c43de21b4a
the prev,97257a287c08a254
ious lay,9095643b18c7ecc1
er in th,331cbb95c754d2bb
e encode,a0e27e363d435897
r Each p,1034818830de42dd
osition ,9c6a7da6e1c48c71
in the e,611967121d469082
ncoder c,cab1221a2c6c7051
an atten,d97e235f09261841
d to all,fa4c61ab7eb8f14a
 positio,d4277b1ef6d713a0
ns in th,9ef414c0832b7e4a
e previo,992b02ce1b85d612
us layer,de06088633b6217b
 of the ,dd8ad90f8f8e55ae
encoder ,5f6d33637b2d2d48
Similarl,5c2e4e29b8feaa3d
y selfat,95a4d512a91dcc85
tention ,e2bbb76f6b5d2d4c
layers i,172b6a220c255d65
n the de,798ffa0136298c7a
coder al,da5197633dc91abd
low each,273caa9261642afb
 positio,d4277b1ef6d713a0
n in the,18719dc65177cc55
 decoder,013276a2db42df4d
 to atte,33de8070c697e523
nd to al,b2c7afc046d9b4b3
l positi,fc7f8e50b64613c9
ons in t,7034c84575f45076
he decod,2855b88f0c5f6eaf
er up to,39a61d2f2b0fbb29
 and inc,a78b7848a34969a8
luding t,bc512c60b320c445
hat posi,e40938f0df285ca3
tion We ,015e0fbddc9eadee
need to ,b3b9b38a888501c1
prevent ,fadbf13e7ba178fb
leftward,142b3be4917dfc12
 informa,efe1fc28c6043b03
tion flo,5731a8172e63699c
w in the,1ae1c3c4c54bbb7c
 decoder,013276a2db42df4d
 to pres,3e13a614ae3e8cbb
erve the,e53df913c483e66e
 autoreg,83bd764c21ebe062
ressive ,e574c65b47a924b8
property,82835f261fea7a87
 We impl,a510c6b0011c0b8b
ement th,9a246051c7c1243d
is insid,dee26e4a98151df3
e of sca,f05b408ca6bb30e5
led dotp,873586d81e42108e
roduct a,78ad2ec5d48ead77
ttention,277dcdafe63a85bd
 by mask,cb9b6adce8fcfa1b
ing out ,f99af1e3af19ed5d
setting ,08fc4ba30f6336fe
to  all ,eb957e063a2fccef
values i,be700f89a5ec6c5d
n the in,3b82ed353f6743d7
put of t,400b3df1820d9428
he softm,195dc757653539d4
ax which,ddf7ca3df8aacf44
 corresp,dd7ced7a5863170e
ond to i,f723147eb686b484
llegal c,4697033611c939e5
onnectio,3e4ecd75334fc5c1
ns See F,d892da5d13400ff6
igure 2 ,84ce5169720e2a67
33 Posit,e9a2c2a54483bb04
ionwise ,9826098be90d0cd2
FeedForw,4595109b948f20f4
ard Netw,ae2ee9e9b5243c2b
orks In ,609964379eaebdbe
addition,3c4eb3d266bb6c73
 to atte,33de8070c697e523
ntion su,b405054f86ccb1cf
blayers ,77176fb750cf2d95
each of ,b8172c48726d3e36
the laye,e4d6244d9e384109
rs in ou,9e370b6df08e8a27
r encode,872055782e8715cb
r and de,01cc57974eeeddb9
coder co,c67fcacc2fa4f703
ntains a,a97c1620b1bf01dd
 fully c,2b2e28a9ac58a147
onnected,5504489b9e026562
 feedfor,6a94c2dbd7e5272b
ward net,559da71e417a0a6c
work whi,b5146e80652c9644
ch is ap,0445a5e40847a61f
plied to,f44f1a8dc62ca07f
 each po,9b5b3fc32db25f88
sition s,1a7103eaaa2b5d2d
eparatel,6b2c1aebbf905b75
y and id,ff225e43f66e9ff1
enticall,5126bbc8edb2a066
y This c,9052c45d3a2a3115
onsists ,0dc341bc16097e82
of two l,ba5a684291092990
inear tr,afafda89cc6a0eea
ansforma,8dc70b96d029e20c
tions wi,f2132e0525b5021d
th a ReL,a469212ed0df0af1
U activa,eeba7fe12a5df6d5
tion in ,0f3122af8ef83098
between ,bdfe73ddcd92f2f0
FFN x  m,5fd75009373dc998
ax0  xW ,2e5d166a164ecfeb
1b1W2b2 ,aa4dffba57d58027
2 While ,4df49c0f1ccc26c6
the line,6678c7760adcb9a8
ar trans,0211b96c40ba5c1b
formatio,7adeada0b52399ce
ns are t,88e524b997b04f44
he same ,ff3c3412ab1078fa
across d,80c7bd666f500ac8
ifferent,931966cc4a9b3712
 positio,d4277b1ef6d713a0
ns they ,d3a5716fdc7c0062
use diff,3aa12d3048e7af94
erent pa,b9374d32dcec3f07
rameters,5ed7d6b5eb26e5b5
 from la,d6c217af18a8cb3c
yer to l,dfa64c115d680867
ayer Ano,197c6b65b448d07a
ther way,a3aa98925611fe7f
 of desc,d733f3d8dd568bb7
ribing t,bf542eb626bd529d
his is a,bff00e5c78d33203
s two co,330bbb26ecd59363
nvolutio,7e75d6eaa11af635
ns with ,5ffe43723e748d6f
kernel s,b12c81d6ca9426ca
ize 1 Th,cfcfdf8f97f11442
e dimens,3cb925b4174e6c76
ionality,dac48290b94c2d26
 of inpu,6473232c19f4c1aa
t and ou,978cbfe28c3462c3
tput is ,4aeb6105c5790722
dmodel  ,40e208969a6b6164
512  and,67e5f2d14d3947fa
 the inn,4bf108839fa35ebe
erlayer ,5d8ed1bd47b208e7
has dime,8e5f26ac113b0785
nsionali,2932448e8ee99cca
ty dff 2,893e0cd3140ddb8c
048  34 ,2a4739260dff7b56
Embeddin,b6cb59460d6bfed8
gs and S,273ed6813f6aad75
oftmax S,dc65373d6d935102
imilarly,a3309ee7c2955f83
 to othe,4b39fccd4321b518
r sequen,097446bd357cbd7f
ce trans,027944899f3c714f
duction ,d3aeb95400634208
models w,6497481465787889
e use le,4ca98ceb5f690506
arned em,cdcb080ca546c092
beddings,12abf6bc7e219bd9
 to conv,07a0bbcd43389856
ert the ,87f78a3538562518
input to,dbaebd9bd64cbcbf
kens and,01e1e8c0c12201fd
 output ,48d521d9a10ee28b
tokens t,53b7936e547f2d1a
o vector,46affe2ca171eba0
s of dim,7a60d4443b2fd567
ension d,190d62bf52dd6e02
model We,bd561b3ed68b9d10
 also us,5fe4d5bf26dd3865
e the us,ec511b231d601f4e
ual lear,ab57baff4c07134a
ned line,78444b54657c4f9c
ar trans,0211b96c40ba5c1b
for mati,fbb9141f6df897b9
on and s,13164bab1d1970c5
oftmax f,01f1c820a0124337
unction ,9535dd9d4e13ee86
to conve,96365855c40571de
rt the d,4734089c1e3fd497
ecoder o,3c27de5ffc69ab47
utput to,dd8c7fa9d5536d19
 predict,562db3f26e7f1992
ed nextt,d490da880f6b513d
oken pro,f49813beb36251a1
babiliti,6e392a805ad3c1d7
es In ou,27a7848391840297
r model ,c1f74d766d52f825
we share,10e1f04a00133429
 the sam,160d066f6a45fccb
e weight,6f4233112f42696a
 matrix ,e78d771b34e661ff
between ,bdfe73ddcd92f2f0
the two ,c3b42d9de3805c9d
embeddin,9fd6af61f74e3075
g layers,f8d4fdcafa6bf8eb
 and the,fb4c4e0aa17ec190
 presoft,6502b8170de115d8
max line,eb8e0bfb9c4ac77c
ar trans,0211b96c40ba5c1b
formatio,7adeada0b52399ce
n simila,407e351ce3ad38d3
r to  30,9f60184442b80d36
 In the ,376787cc9ee508b0
embeddin,9fd6af61f74e3075
g layers,f8d4fdcafa6bf8eb
 we mult,8ce2f71883bcbfbf
iply tho,1f551bac69da55d9
se weigh,273d4e253be2d123
ts bydmo,fe68f8510f610212
del 5Tab,63b41a3402b644e4
le 1 Max,a666984ba583f126
imum pat,5cd793a0a50dd06f
h length,bf9422b9c58f9b1d
s perlay,8533b04a08a8ea0c
er compl,a8525cbdb6a8b2d8
exity an,55d534b5f3ca1c36
d minimu,c5edd83bd3a78faa
m number,08c2f4f906d11ef1
 of sequ,11a43f14e5ace350
ential o,0fa24be4fed4f506
peration,0b7967f43b4b779a
s for di,06f0e46b7c9e64c9
fferent ,dd1ddc5da1f2e7c5
layer ty,248b8b0e9ad93641
pes nis ,5db3bbe61749e0e1
the sequ,115b2df7fa8cee65
ence len,cf336aba3d228209
gth dis ,9cbb81533e092168
the repr,1a883cae0d32870e
esentati,c9575873a2bfd6e9
on dimen,f126acd185126186
sion kis,e5f10dfe5b75030a
 the ker,077577bfaadd4f33
nel size,ad77a7804bd2a666
 of conv,c85d9600d89dfd5b
olutions,b6c22866ff90e13a
 and rth,8946f731036d086c
e size o,f9b90560fcae8ea1
f the ne,ec09058fc844cfbc
ighborho,81b20c502f4c2cf0
od in re,a21b1c93c0becf1e
stricted,56ac522871b8eac3
 selfatt,cbb6385ab002d6d0
ention L,c78e89fcca5d9ad3
ayer Typ,a2960329d0d3fec7
e Comple,f79bcc775bb92fc4
xity per,de1d5ddf8cf6b6ee
 Layer S,f92256f8b1aa9cf1
equentia,3bc20f949286746d
l Maximu,341bf54e8d19ef40
m Path L,e4dcbc32291cbcc8
ength Op,08b662727d7cf2c9
erations,1bd042d8ee97bb46
 SelfAtt,6dec209b605b0bdf
ention O,3049c5820573df28
n2d O1 O,61c106d6be376d85
1 Recurr,7bb236baa460afb5
ent Ond2,911e0b52e95bc403
 On On C,0ab895e921237d67
onvoluti,8705d7b55cbe9fae
onal Okn,b5433a52a9575c33
d2 O1 Ol,bc25bb1ce9c1e070
ogkn Sel,024585abfa9ef52c
fAttenti,e66c0de544d937e8
on restr,e939a4f0ad2416db
icted Or,8d3ac737f72000b8
nd O1 On,3f0f1282d06a2b8a
r 35 Pos,e24aeef1cbc9c547
itional ,435ee4b52901cb45
Encoding,12c29f10f6773b07
 Since o,6052d6effce54b12
ur model,1a31b4155a5209ab
 contain,19570fdcae1bd3df
s no rec,37963d25fbc92ff8
urrence ,6e6f70e3889cccb7
and no c,ce70921cb2ad164c
onvoluti,8705d7b55cbe9fae
on in or,4310a78e6a5a3d45
der for ,1b4b02e6d4dd5adf
the mode,04cbbde476d9698d
l to mak,dbad6217d3f33b42
e use of,f13eb3315083f061
 the ord,ee850f24c3ea2bff
er of th,2f2e31c12704b50c
e sequen,20e87284fa82a4c0
ce we mu,104a991111b09c5e
st injec,27d908d2a75e64bc
t some i,90429534bb10599e
nformati,02d2415c01faae2d
on about,0ccedac27015ab31
 the rel,2b37cd7f0229885c
ative or,12dcfaad298c8944
 absolut,3014ffb269344fec
e positi,96306994bc37e69f
on of th,07db2200669f840e
e tokens,782559395495d8fe
 in the ,9a8a728a10566e0d
sequence,6c72a9e3f115205b
 To this,afad67a98cf2073a
 end we ,dd601efed9b84d9e
add posi,917d7d56cb344544
tional e,0490905102f58f42
ncodings,f796b1f873d92c20
 to the ,192c6ee9d5e37008
input em,c9274cb8b5a0140d
beddings,12abf6bc7e219bd9
 at the ,243a09a79324401c
bottoms ,19d470da00f1fb25
of the e,01d5cba1aaef2303
ncoder a,9ce651d862a1f1e0
nd decod,986e2b7945f9159f
er stack,e9b888865570aa8f
s The po,627832a3adea9243
sitional,fe01765dd9b26f28
 encodin,53d9015e3001740c
gs have ,e9d38a16a61a0d41
the same,545dbd9f0a31ffa5
 dimensi,b429966888a66cd3
on dmode,aa3e626863fff073
l as the,cf50b7268cbbd4d8
 embeddi,24422cb18d245f5b
ngs so t,36b9eebf59ad7ca7
hat the ,ab04a94ce35edd74
two can ,8a2b580dd64b1241
be summe,7037dd756db87c93
d There ,e77c88ded05a9413
are many,6bec19a3e0f11b8e
 choices,d5228f66784a6f27
 of posi,f06d96b7cad7ab90
tional e,0490905102f58f42
ncodings,f796b1f873d92c20
 learned,55a02d952dbb6c89
 and fix,614c0675d44575cc
ed 9 In ,af2ab67a957fb534
this wor,a4a7836d06c061f8
k we use,f03b864cefc2c8fd
 sine an,91ab06154dd956b1
d cosine,b30e26e6c1ce762c
 functio,343776446be2405e
ns of di,8d916eaa94660a3a
fferent ,dd1ddc5da1f2e7c5
frequenc,910b22ffa2c8e36d
ies PEpo,9773ada79424f9cf
s2isinpo,c6e8905af7a711f8
s100002i,a03e9fcb0a2fb16b
d model ,0b362b7e2940146e
PEpos2i1,9e895322bdc92d23
cospos10,530c9533b71ecf56
0002id m,49ebd8935eba2b68
odel whe,88640bf054812590
re posis,38ec2bdfc52c792c
 the pos,f91454f050c520df
ition an,400f9e5469413b00
d iis th,63527bdf6f36b2bc
e dimens,3cb925b4174e6c76
ion That,cf8de49745334f2f
 is each,efd39c033e72ea1d
 dimensi,b429966888a66cd3
on of th,07db2200669f840e
e positi,96306994bc37e69f
onal enc,a506e09faf55a553
oding co,5b4fa1effa4cbe77
rrespond,2ddd22ae7cc44614
s to a s,59fd7de12888012e
inusoid ,f9c0db147aea1d42
The wave,2009197cdb0c8d90
lengths ,d11e2717d553c2cf
form a g,dab77ffd5f4e94c7
eometric,4447f50bc325bbcb
 progres,a7561a2f7dd56904
sion fro,e2960143d63d2fff
m 2to100,2248883b248c6e31
00 2 We ,3da40a8c594f51ad
chose th,a9b9a49871f78e3d
is funct,31429db7db546941
ion beca,e37c5b226dfbbac9
use we h,593a25af61a1de75
ypothesi,cd275fcadfab90ce
zed it w,ea70d6d615678ae8
ould all,e29405c44f8b5f52
ow the m,976c16f2bf7958d3
odel to ,a0f12da7555355e7
easily l,6200c2819115727b
earn to ,df2062ded996a55d
attend b,d69702663cf1952b
y relati,5f294c03e0763bf0
ve posit,8bc706f55b9c1d65
ions sin,08a569ae39c66e83
ce for a,011e9b8d44891c54
ny fixed,8eb9f69afe17811a
 offset ,a1943d7871bc7f88
kPEposkc,3ceabb393ab12143
an be re,a355f4ce72720d45
presente,8b36ccfde6a1eea0
d as a l,873a782ab4e51ce3
inear fu,d499828bb68e25d9
nction o,c6364ff47398c993
f PEpos ,9d1a674d6a4e6667
We also ,7847998629e40a90
experime,ddd2518360ad29b9
nted wit,2e200ee28030ed84
h using ,dab14efdf33b8951
learned ,0d335e17fec7135d
position,056084c038479c85
al embed,a1ae1212c3327d96
dings  9,7963ca6b2c45338d
 instead,8b6c81acbccb18ed
 and fou,3283dcc5a0a1b8f1
nd that ,fdd6c1a9146ad64b
the two ,c3b42d9de3805c9d
versions,c53baa882cd3537f
 produce,5e4b963c221df96f
d nearly,6eb22c5abaa25af0
 identic,12c43da13fc24f38
al resul,eff88ba0cba29d45
ts see T,b65aa07f9bc3b099
able 3 r,f03f3dfaf55989d1
ow E We ,86a6d33f3ff98c6c
chose th,a9b9a49871f78e3d
e sinuso,3d9e95dbb3f2a1ea
idal ver,f63e77c02f6b0a30
sion bec,0739394eb86cdfaf
ause it ,1b6fd8ca3b83ed68
may allo,b128e76ce18a3e34
w the mo,9224b1731b69aff4
del to e,ceacb6b2b2d04cb5
xtrapola,c1836967c62fa2f0
te to se,452b8a8541dac5cb
quence l,58921ef215dc6698
engths l,b9db0d0844e5af02
onger th,375877fec95372ce
an the o,ab39ee950335f875
nes enco,d8caecc32c5a9986
untered ,b71c4e02022a93c1
during t,c94c4de91637a7e9
raining ,2549c0f576b5422f
4 Why Se,12e8403a58bfc64d
lfAttent,09d78091d7166f9d
ion In t,92a4b5edaa41bdb1
his sect,9b5f3a8c2b4a0e49
ion we c,16902433e886075e
ompare v,13e7dbe09128f125
arious a,44cd977a2970c0f4
spects o,ebb0e6de8fc2fe7c
f selfat,946a0458a641f67f
tention ,e2bbb76f6b5d2d4c
layers t,fba6985b22de99ee
o the re,215127011f2876c9
current ,6e5c17d8cce0b126
and conv,f70ad8798690b343
olu tion,42776798fa10d0fd
al layer,8713fae8afc71dde
s common,ab45853e7de19609
ly used ,698b6f07bf6bd8f8
for mapp,9fc7c1d9e6df6337
ing one ,8fa2ca3d1d398b3b
variable,cea389214891afbc
length s,68a2a42958412951
equence ,4976b90fecaf93ef
of symbo,9600bf779d30d38a
l repres,a327096004435b12
entation,04bd73d207f991ba
s x1  x ,a9f824478386b07f
nto anot,c259773c0ee92048
her sequ,e9af288143eda680
ence of ,36e3692dc447646c
equal le,9b596544fa06f00a
ngth z1 ,dbe9414b25b85dbc
 z n wit,639aacde15224637
h xi ziR,079ce5afdfa91ac8
d such a,34295d4f06de0f3e
s a hidd,375a4a047e61cdd7
en layer,c34754aee345ebef
 in a ty,f4b4fbf5ac599b04
pical se,84e09b9a8c029905
quence t,bf15c01186bcac65
ransduct,45beda23ca38b668
ion enco,bcd75c0f385604f6
der or d,bf4fb1098f076e57
ecoder M,0ca51a5a098cf921
otivatin,646bb60cd15b5be0
g our us,81ac4e8b26097956
e of sel,8eacdb40af1da7f8
fattenti,482c21d4bba60f3d
on we co,b567c4ac744c7518
nsider t,bf5ced7416104882
hree des,02a2cfc18bb6d56f
iderata ,c8f02d34cd66feae
One is t,53c8c46841d32d49
he total,3eec70b2dd7f61fe
 computa,ef87f8cb6f55ee36
tional c,d974e9720b812157
omplexit,a12bce1a9f4452f4
y per la,77c3f6f62522b119
yer Anot,c20b201f1ba10570
her is t,ba0ad18bf39cf5e3
he amoun,3a7f3652b26a839d
t of com,7055481a22fc899d
putation,cb8308b11bf2c6fd
 that ca,f62543e83c5b9698
n be par,1206b54bd00f8012
allelize,eb924879bb7f289d
d as mea,88e58b0ec2a6817b
sured by,fa9748d65d2ad342
 the min,c91c143ab5726aad
imum num,dc4c998fce158c7b
ber of s,cfd5336bedfd9470
equentia,3bc20f949286746d
l operat,f30c06dfdf4d90a2
ions req,a0ada9b4858dd445
uired Th,bfc077c4b78a11de
e third ,6c2c23650dbd0577
is the p,990c7043ad20f8e9
ath leng,8b92e01f91855b05
th betwe,892e5f5dc8b955b7
en longr,61f8ec01eb47f678
ange dep,8759b72db5c635bb
endencie,52eb88cb2117d5aa
s in the,c167efbf92564aa9
 network,eac01e66d05ba6f3
 Learnin,3e0f741930ecef1b
g longra,cfdf778b18808992
nge depe,9d736104b0b9e84a
ndencies,3166cbabca0b024e
 is a ke,a82b4bd2c406ad52
y challe,8c98f97f67138b71
nge in m,654b1d14d5c12cb9
any sequ,431903f30580d4e6
ence tra,c5fc628c70f5d268
nsductio,480298b3b004919c
n tasks ,2217b0c0c0f4cc51
One key ,093082964a13e95c
factor a,e31137f85b8f85a2
ffecting,da16c27549b337c9
 the abi,7bd7c5a56ad0e735
lity to ,b42b519b7902214b
learn su,915f9255d7e75d0c
ch depen,a8cf28612cda126f
dencies ,3119d6c4030218a3
is the l,75cd55f52e99dc6a
ength of,ab8cc608772e4678
 the pat,54581389155e5cc5
hs forwa,7c59a3e557cb1b47
rd and b,3979217337b36b7f
ackward ,e4d7af3e3e9f2a98
signals ,93d0018b6f58eb5b
have to ,5bcaf98f6df197a3
traverse,8e287bfa20e6e00e
 in the ,9a8a728a10566e0d
network ,07a995f6f06fbba1
The shor,fc93108f176d4ec5
ter thes,0ac3bfaf396d3825
e paths ,564253854f3d51b4
between ,bdfe73ddcd92f2f0
any comb,2f3cfc4a170d80b0
ination ,42a2994befe7a568
of posit,6986a5624adb3352
ions in ,5390d36e4982bbe0
the inpu,18b4c8af17e64816
t and ou,978cbfe28c3462c3
tput seq,5d37bde714c8f06d
uences t,9337f75d47df196e
he easie,95b796c73e1f8c14
r it is ,9072c68363729a3f
to learn,e3d858303c075cac
 longran,8b8d93971c93ad09
ge depen,4dc7ba6c212fde11
dencies ,3119d6c4030218a3
 12 Henc,65941ad6c134ab46
e we als,75fd4e54d1f0a4be
o compar,1aeca4845185daff
e the ma,9679636f14b57453
ximum pa,726c9ba0390a9b5d
th lengt,ff53428e080a12b7
h betwee,b1fcd68af18c63ce
n any tw,438062d660ce452d
o input ,7c5ea0a01bdf37cd
and outp,a9d6a1bf9861b9a9
ut posit,fec0ac27beed47cb
ions in ,5390d36e4982bbe0
networks,5449cfcbb19e31b6
 compose,8965225f184c4d55
d of the,1c4c7f38e52e31bd
 differe,ce1fa01fe7e3d6b0
nt layer,955f16b50e48ad7d
 types A,5e73ca91a7c1f052
s noted ,b6272a468b53eca8
in Table,e050875ddb315c1d
 1 a sel,6dedbe14aff97a4e
fattenti,482c21d4bba60f3d
on layer,5cac116682607c96
 connect,6fa3503230390d67
s all po,4c75d07d38fcb20f
sitions ,9cedfbfc80ad4660
with a c,ef436ac1c40e70fb
onstant ,79bd1c07a5a4235a
number o,ce0549657e8fc26f
f sequen,3ff74671135b4f30
tially e,041546a5e8ef3368
xecuted ,e100ae601de230a7
operatio,651fcec70c1330d3
ns where,23c07469c013f46f
as a rec,c121ad842398de8c
urrent l,dc8cc5ed876d4f77
ayer req,13ded7e0e5ff5642
uires On,659cdb4daa880cd8
sequenti,c21acc59d163dd30
al opera,463571c4fd6807da
tions In,a429e9873534df5c
 terms o,8dbe98b37a9efe33
f comput,f4e6419b9d2a64e8
ational ,303bee3bc6d566e2
complexi,e6d68ef76672ef6e
ty selfa,eaa1641bc6b9ef3e
ttention,277dcdafe63a85bd
 layers ,7117d42e73efa478
are fast,5bbbb7ea3731d81e
er than ,e6162ea39d594dd6
recurren,2349dea212dce2d3
t layers,c72210540254347e
 when th,3c4c98d23621a7aa
e sequen,20e87284fa82a4c0
ce 6leng,79dde6b8ca677572
th nis s,e6fe45a5c5cb9b21
maller t,e30527d3227465d8
han the ,72ab27422b02a699
represen,eeccd3686961c0d7
tation d,8de851f7074daab7
imension,42928bb91d41ff2d
ality d ,92db8f03f672e715
which is,b2d3a4c5fb99b8c8
 most of,4ff7cb6062476d34
ten the ,ceb31c7c7f83c5c5
case wit,9d0c8d704e424544
h senten,c1300a95ad3cf616
ce repre,ed28e942fe71f23f
sentatio,d8ad23063844b323
ns used ,2c4ac6025d6a1726
by state,fb77b50e05c443e9
oftheart,4c35d14dfd91bcb6
 models ,87ea00551e28ce86
in machi,612886e7223e4460
ne trans,46b6e2cc4ded63f9
lations ,2c7db4d822eb4014
such as ,99ca586c896adcda
wordpiec,7c035a1e5839cb3a
e 38 and,d4dfaa9c6eb47641
 bytepai,9adb5d401bc6c4b7
r  31 re,c4c77bba8026b46e
presenta,f0502cbf94c8ede6
tions To,d6fa2c27903697ae
 improve,a7637dd64d261089
 computa,ef87f8cb6f55ee36
tional p,8eb534732d8e8e51
erforman,cb5781f2c538ccf7
ce for t,8ecafe138978dffa
asks inv,a3f9ffcd0b9579e4
olving v,bf9ed839cbdd707a
ery long,8f2f872835fd15ae
 sequenc,3d0f5d6d8da60829
es selfa,01bbf5366a60ba31
ttention,277dcdafe63a85bd
 could b,32ad32c09973f3c7
e restri,6ab5b56669cb7728
cted to ,6a6f7549466872b4
consider,7e9b35f6e9bda10c
ing only,e4562f762da45c24
 a neigh,0b09012e91469775
borhood ,00ffe05e2f190481
of size ,9eb9c94f64a59933
rin the ,94636ee51d828a9b
input se,0f59f5195a842f31
quence c,f7f0c2d201c34ef6
entered ,f7398c5656fd021b
around t,346a5c0fcef502db
he respe,22fbd2d9547287d8
ctive ou,1d54d0df916bb657
tput pos,4d7546b3cc00b8ad
ition Th,03d2d39d7c50128f
is would,686dd09a36516da2
 increas,bdea7e9ec8da197a
e the ma,9679636f14b57453
ximum pa,726c9ba0390a9b5d
th lengt,ff53428e080a12b7
h to Onr,421589640b0b82e7
 We plan,65fa4147ce0f45df
 to inve,51854a2bc40fe56e
stigate ,d1e6648599a2df45
this app,92cc17c9d8d092dd
roach fu,922bee5fa75004d9
rther in,a8a35fcec56d2567
 future ,bc1f9d6b88518d5c
work A s,786d91a033857d72
ingle co,b1e1de6c5f0376f2
nvolutio,7e75d6eaa11af635
nal laye,c6d10b5285f2b925
r with k,c603ebe15c6c0d3e
ernel wi,474f34a4c9e0655f
dth k  n,d2a87bfb736c388d
 does no,9bb360314d06f97c
t connec,75a5d6175ed39495
t all pa,0da99bec3437c7fa
irs of i,ee69a7d79acefd2d
nput and,730e048da387b410
 output ,48d521d9a10ee28b
position,056084c038479c85
s Doing ,f265f349ec342645
so requi,ebfde65c1fca111b
res a st,cebbdce29fb79e23
ack of O,bbc4d712df7bb899
nkconvol,ecf7f5173eb149f0
utional ,adf73fcdce7f5e94
layers i,172b6a220c255d65
n the ca,9938739467884406
se of co,be1f1127aec5fbbe
ntiguous,4171d470680cebb1
 kernels,f329a8a1395f44c6
 orOlogk,613889336bb26ca6
nin the ,2b54619c7e390773
case of ,0e87e1b998a87783
dilated ,99c59c5a3e4ba9a2
convolut,7354bce155cfb566
ions  18,aa37d2bdaabb3291
 increas,bdea7e9ec8da197a
ing the ,a51d107ff623d6d1
length o,b1e7b1dd7c5ec331
f the lo,672e2968e6472398
ngest pa,ed52833d86fc8779
ths betw,1b0c5d88b92a86ce
een any ,304f5cd53571d813
two posi,e112f850006cbde5
tions in,82c26670e728b670
 the net,ebb442fb62ac2839
work Con,f73b3c5d525511d1
volution,c197a06216d5ace4
al layer,8713fae8afc71dde
s are ge,610103f0c6a02a09
nerally ,7ab8323ecafb9cf3
more exp,01ff5c2325a48d5c
ensive t,2be26406f84ab26a
han recu,f6f36e6e9a77297c
rrent la,a431f57554d50438
yers by ,c89120fd305a74d2
a factor,676feea402dca784
 of k Se,88cfec0d1eae7181
parable ,6726e3639b812eb6
convolut,7354bce155cfb566
ions  6 ,1675e6cf473311bd
however ,3ef9a70caf3e5edb
decrease,4aa40f5a922685dd
 the com,9ebf8624e0951d23
plexity ,8032dfb399a5b904
consider,7e9b35f6e9bda10c
ably to ,5c5bba65cd282f70
Okndnd2 ,0d12143538c02a97
Even wit,b6131f84e531ed64
h kn how,c0874b8df7461f4d
ever the,140eed4892303a86
 complex,ef5582d9e58c4190
ity of a,9baa5861c19cb942
 separab,750e53662f22640c
le convo,758fd6762f25f772
lution i,8fa7f818ea775ab0
s equal ,2a44ccfb3166cc5b
to the c,eb802a5634dd5b83
ombinati,5a58e297ddce7c29
on of a ,5b4d13f919d45500
selfatte,32cc2b2379791b1b
ntion la,ac1472f737ca29a4
yer and ,d490f9288eb48956
a pointw,dce75b2bc6034d51
ise feed,fb1402a298e52b82
forward ,4435db90bdf6657a
layer th,1d8dacaf3df6ecbe
e approa,4b9021fb31c6192c
ch we ta,cecb88f8daad676c
ke in ou,8bdfe2a209fa0277
r model ,c1f74d766d52f825
As side ,49b1d05d395c1a17
benefit ,8ae295fa3f68bb06
selfatte,32cc2b2379791b1b
ntion co,13d06d759c41a7db
uld yiel,c6285e8c2bed8339
d more i,1bc1d2d3102cce26
nterpret,e121b6d9dd4176c1
able mod,ef6a6d6e36c372f6
els We i,4f2656f56dcdff47
nspect a,0194d9043960a23e
ttention,277dcdafe63a85bd
 distrib,7c2f07d029e2749b
utions f,ed6f36266b9def5d
rom our ,7801b9ad45c4742f
models a,07e3d3f5df5357b8
nd prese,e9dea295e5b0c455
nt and d,180adcb54eac16bc
iscuss e,6f775280b0d4413f
xamples ,352b3352dc0e24d0
in the a,df95b82d0087a04c
ppendix ,9a5c784e179f5ed2
Not only,456deb6303f5bc0f
 do indi,0622579786df1735
vidual a,1f7388c2d93e6652
ttention,277dcdafe63a85bd
 heads c,e904b1936b79bff0
learly l,b679eea7d7dc6972
earn to ,df2062ded996a55d
perform ,89a3a296973dd56b
differen,e9a68b0ab790d636
t tasks ,77a1bad238b4b617
many app,d9e0782b835936c3
ear to e,b8628137edc58dcd
xhibit b,88744ac2eafa8c90
ehavior ,5ab6c37ec5ac4bef
related ,6b7de5b5bf66ee7b
to the s,fe85296327c3fbd2
yntactic,ad5c9910ec2bb139
 and sem,a597cdf857c1f8f2
antic st,f5623b959419efa9
ructure ,b57bd28feb474033
of the s,6b445e507b525d07
entences,f9b71b28505ebbf6
 5 Train,29a51669b3733e2d
ing This,dd9f02c201707f84
 section,7151c6df73626e6d
 describ,f98814f6b24f3553
es the t,c8ab3a5227516f8f
raining ,2549c0f576b5422f
regime f,5b95ebe25796956d
or our m,9575c9e59ec553b9
odels 51,a312a82cd7d1ff13
 Trainin,db862600a622dd80
g Data a,b98b97a6c2cb0caf
nd Batch,51418073d5f34aa0
ing We t,56df8a6bb80a7cde
rained o,ba2b199b34791b91
n the st,265bb49542c40298
andard W,9b5eba60c03029a5
MT 2014 ,4a4f121a89590628
EnglishG,2f1681fa84b13ad4
erman da,291dc40a5c3de6bb
taset co,e52c15d52eb6463e
nsisting,337facec11de1936
 of abou,4f8bdadf47cff6a2
t 45 mil,41b951d24df22f1f
lion sen,22d87e33d5ce29b6
tence pa,e5782216781b97aa
irs Sent,b1e18f5f36f4cf98
ences we,64ae7af47eaa32a5
re encod,908592d472ec55a0
ed using,eee63c448bc160b6
 bytepai,9adb5d401bc6c4b7
r encodi,73f357b1c49af263
ng  3 wh,2183822cdb8d22d3
ich has ,b32ac8b51da49be4
a shared,e19cd24bac579d8c
 source ,08f710eec397b5f6
target v,c1a23983e241dfd8
ocabular,8e2be915db8f44f4
y of abo,36aa00a3bfb09514
ut 37000,b2c26e24e5389a0b
 tokens ,618c5adf45c1bae3
For Engl,286829a1296dd6c4
ishFrenc,d183c11de296b449
h we use,40b02c5bc9aaa7f6
d the si,7997ccab28cb7ed4
gnifican,62145e7c323b9901
tly larg,6e6e9f520e16659b
er WMT 2,7c9571616238891d
014 Engl,32717033dee0526f
ishFrenc,d183c11de296b449
h datase,a6ef6b16d303445f
t consis,e8db7d164e428377
ting of ,45fbdc26e5877267
36M sent,aff413e872e061d1
ences an,e0dfaed0e71d36d5
d split ,9f5021670f4e2480
tokens i,5e20f9e971e6471d
nto a 32,6f7546f29aba4fb0
000 word,2092c7f5d898cf8b
piece vo,d299f4dca7175c77
cabulary,cdc3554ed63afb6b
  38 Sen,10d363c772295bb5
tence pa,e5782216781b97aa
irs were,9cd1152419010ea5
 batched,d05ced05433a41af
 togethe,794466a644a8da34
r by app,e95a9fd1457d4e34
roximate,16f2ce749c636c7f
 sequenc,3d0f5d6d8da60829
e length,5d4d941232ffc4dd
 Each tr,b0de6f8f4016eeda
aining b,e05702ae93a02d4a
atch con,2604bbfab3224508
tained a,e58359e4bf7176b2
 set of ,6044a56db7ce1641
sentence,f09f9be7e2007bd1
 pairs c,70cb3bff9d4fbd86
ontainin,0e6de8c25de0bc81
g approx,032aaa2186ba0e1d
imately ,a2fd2e5158370f67
25000 so,fac6d71c0bca91d0
urce tok,a9a235c194dcb5fe
ens and ,97207594b6dfea80
25000 ta,f656f056376c4f14
rget tok,06176a4dde17d629
ens 52 H,fef99780d93e687c
ardware ,5520c3f59f6596d2
and Sche,76ddc9452e660d93
dule We ,c92109397be75452
trained ,3611a03b53b08576
our mode,c77a8db66d88160a
ls on on,47d5486dbda487ae
e machin,77a3d2e120ba0484
e with 8,724ffb92a8fb8287
 NVIDIA ,4b3b096704f9ebd4
P100 GPU,2c080fb10ad9cdf6
s For ou,e8becce46ea0e02f
r base m,62a0939278623c04
odels us,a09bec63ffb84e44
ing the ,a51d107ff623d6d1
hyperpar,31256bb8a7d9c57e
ameters ,f36511504a124367
describe,dadcf32a6bf59862
d throug,2ec5fbcb41cf806f
hout the,9ddd9e9a4fdb4f9e
 paper e,2ec14af791fc7269
ach trai,63507a21a1906c7e
ning ste,f0336a6d554c8f4a
p took a,29a5c02d05c62035
bout 04 ,6a9071641ca6f736
seconds ,f4a7309bb2b6b03e
We train,c5b3ec06d9074893
ed the b,591d71400f0b584f
ase mode,287903581c71b9cc
ls for a,d8ea36a73b190ed4
 total o,93146dba386fc354
f 100000,deac95b46ba3812e
 steps o,1ade314c20ae1dce
r 12 hou,d2ae08bc84c71330
rs For o,79dcc95ce2e9b71d
ur big m,c5c52d2c079b3edc
odelsdes,d92904626879d272
cribed o,60c20a6325914c94
n the bo,9d686c22d58049e9
ttom lin,b91fe9f771bb560e
e of tab,be10eef16096cf43
le 3 ste,0bd5ffae93f9ee5b
p time w,3730db582aae0fca
as 10 se,ea38b6ac454159bc
conds Th,512eb9dca93e6e86
e big mo,7bb88fe3a75a5b37
dels wer,338e70f8d64ed44b
e traine,00a2f3bf9acfedd5
d for 30,faeba0a2073683c2
0000 ste,1e87b234f35d74f2
ps 35 da,af58310da758b020
ys 53 Op,161d246df8aea0e6
timizer ,15ee1deb5f25a18f
We used ,a3052456e7f592b3
the Adam,c01c0ffe1afa6e60
 optimiz,f73c7a3306ffa962
er  20 w,b30eada1d534a63d
ith 1 09,ba3a71d40fc5c3a0
2 098and,1a4a7cee0c3633fa
 109 We ,eb2367d1edb3dc07
varied t,d7f77c1b89ac7d69
he learn,c9ece0c296ff645f
ing rate,19993bd4d9b0dbaa
 over th,4e861f444cb1ce35
e course,8c81c59f5cc3b896
 of trai,bfbf3ef9f51ee288
ning acc,8483631f93b19faa
ording t,7e027e8a41ead873
o the fo,d187a6a16159d7f6
rmula lr,9af6efcc6113edea
ate d05 ,953ee291dbfab5f8
modelmin,bab960b68ef136bf
stepnum0,2d60a8657f6cf41f
5 step n,4bbd9f89796d1e4b
umwarmup,14d232e290a5ceda
 steps15,135e007c1fd5997e
 3 This ,8fb41f22dd74c230
correspo,ac19d7273c98436d
nds to i,1e2d4116f436c2ae
ncreasin,d894b3f9e85002f9
g the le,d621645fde3b6034
arning r,fef6fce42a5c32e9
ate line,130d94468bcd64c6
arly for,df99e939fe4d1aec
 the fir,8813553cc4fb4228
st warmu,c9f4bed472f2d019
p steps ,d4e36d3aae4301b9
training,6a7574bee420825d
 steps a,73d09251f1050619
nd decre,9c6fc075d6c08f25
asing it,824f2d643dc65b90
 thereaf,14a04384a051144a
ter prop,67c0fe8649447145
ortional,1cc1693f78be1750
ly to th,f045910b43e9e0e7
e invers,4baf1e93122778e9
e square,c632ffaadb0123c5
 root of,53b9163f49561681
 the ste,b10c6c0279ef0192
p number,51e9eb084e06cb49
 We used,e9a53643ef22af58
 warmup ,f50f85aacbcdb127
steps  4,c862e7e0756fdc6d
000  54 ,30f50a1849e0dd66
Regulari,4274ea7215ec0281
zation W,174f4fb555046782
e employ,4e3d6baf4a4eac43
 three t,331ce7d2d379b19e
ypes of ,2af5b90fc47e3eb5
regulari,9928b788ac2c01df
zation d,ecc114d35b904e1a
uring tr,7fd69f60379c2c55
aining 7,f4bac8d06ce7446d
Table 2 ,2439dfcd658c2730
The Tran,0ebef3cb6b6fd335
sformer ,9bd208ef8a233597
achieves,545323543161c449
 better ,3cc6986028cd70c9
BLEU sco,0f6a5174ad38faf7
res than,eb6790c09fc97786
 previou,234dc1724a3c8e8b
s stateo,68f226a7ab1335c4
ftheart ,8e02037fcbb3a866
models o,bfe762e4e59585b2
n the En,c15b89c0460ab933
glishtoG,4058a74f206f75c7
erman an,128d27aba3539193
d Englis,cc490f5d6e968cb4
htoFrenc,f67617ea8631658d
h newste,48beb81f8e3b2f78
st2014 t,49b1590bfa72e9ad
ests at ,f4c6ce5c1ebe6989
a fracti,116024bd5a6d84d3
on of th,07db2200669f840e
e traini,88f505815205bb2f
ng cost ,8b23ecb88a45d516
ModelBLE,0c57bdd799a47673
U Traini,c6c78c936cab91ee
ng Cost ,a2b421ff4d9bf51b
FLOPs EN,84e7af5e99e52be8
DE ENFR ,f4e195c21e293aef
ENDE ENF,73af31cc638d1e11
R ByteNe,07043d24735b1969
t 18 237,fd2f06fcc8e08ae2
5 DeepAt,5d90db049dd2a205
t  PosUn,547235b5b935f2bb
k 39 392,43c55d907b6f29ad
 101020 ,8d06505005d40be2
GNMT  RL,f514bfe50c7fbe6c
 38 246 ,5ddeaa69ef5f854b
3992 231,0e7e00fe46e1ee85
01914102,85c53b4e7fb9f9df
0 ConvS2,890a4dd8ae6715fa
S 9 2516,3c9acc2747b0f973
 4046 96,776e51230b0aa381
10181510,5c907535ba13a19c
20 MoE 3,79b2a732633709c0
2 2603 4,99247fa939de7249
056 2010,67dd38a89fe41fe0
19121020,0bf29584bff1eae2
 DeepAtt,72ba98afbe8c72bc
  PosUnk,09ad6397fa2ae243
 Ensembl,c50988569dffafe2
e 39 404,253999ad545307d8
 801020 ,2b592bc33b298a52
GNMT  RL,f514bfe50c7fbe6c
 Ensembl,c50988569dffafe2
e 38 263,eba48c48479ec3ba
0 4116 1,d1a93b935a17b4b3
81020111,beab52172c1162e2
021 Conv,038c081acfe60ba9
S2S Ense,e080a72a04138d7b
mble 9 2,24d2938dfedcfe08
636 4129,95674826ded50d72
 7710191,fdaac86a611c0eb5
21021 Tr,52b75c8c30f69c19
ansforme,ef2255f3eda0b805
r base m,62a0939278623c04
odel 273,413a960b9c5100ca
 381 331,d590feffea273bfa
018 Tran,9e759c98b1d05c0b
sformer ,9bd208ef8a233597
big 284 ,e8ba5414b0dbc783
418 2310,302b5c9d13a51473
19 Resid,7d0341005d997f11
ual Drop,052701f1825791c7
out We a,7fe8f1e39a3bfa67
pply dro,37d129d889090c1b
pout  33,7727c1d3ba589a8a
 to the ,192c6ee9d5e37008
output o,5c6e866e61267055
f each s,64cf5a6224860570
ublayer ,fcb7d4b4bfdd3eae
before i,6075763fc8a214f4
t is add,7775b60e4891bebc
ed to th,c2d98356541c0182
e sublay,9174fcf9137f2e28
er input,5a4e41e52f87fa78
 and nor,9703806e0ad92dd4
malized ,a16991e3dcffa13a
In addit,07c9100e2dce2151
ion we a,43e098eed4e9619e
pply dro,37d129d889090c1b
pout to ,1583baa0bc13ac91
the sums,405e2679d7473d85
 of the ,dd8ad90f8f8e55ae
embeddin,9fd6af61f74e3075
gs and t,a8fdce75de185b6a
he posit,3454674a7481bd95
ional en,b241081f835a9f49
codings ,0166aca3a59ab5d0
in both ,6cecf4d98ec32199
the enco,8ae95f4091531aaa
der and ,81ea430ae0aa4ab6
decoder ,883aad7ec6646cbc
stacks F,2d3efc72fe184ab6
or the b,8c9c28c703f3ac2c
ase mode,287903581c71b9cc
l we use,ba1703409f59f0fe
 a rate ,7e5f89b5d38347e2
of Pdrop,3aabdbc5ba9d4129
 01 Labe,171805fee3cec6d1
l Smooth,44112fa819b65cc2
ing Duri,f4afd21e02f3ea57
ng train,120bbd0279eb5d07
ing we e,56285e9e89662e27
mployed ,e2a1de9377a34f0f
label sm,620cf5a08e21cdc9
oothing ,a226281965d43ab6
of value,5a262e2795af0566
 ls 0136,5c8de99a5e4d9260
 This hu,e511d1c650cca9c0
rts perp,3bd6e45ddcc25192
lexity a,a4d66509384e637f
s the mo,b155b8272845ec41
del lear,8c9387d8d5d2b935
ns to be,d30e6985b25dfe2f
 more un,2ed32d5179dac988
sure but,9b6b9c5529f4cf09
 improve,a7637dd64d261089
s accura,ddc0101517f928a7
cy and B,d69b4b60625aab91
LEU scor,1d20d2bd7ff6b72f
e 6 Resu,d22e243b253f1c88
lts 61 M,6e69c443273b619e
achine T,fff6e22552852e03
ranslati,6544e1dbaea4a266
on On th,49732673ee17d597
e WMT 20,cd9695a5d9f71126
14 Engli,bd0fb996c849b0e2
shtoGerm,2dc2aa29ae640764
an trans,7ab2c977c94998b3
lation t,0117f996f57c1092
ask the ,dcd5cf5960518b2b
big tran,f34e90b83b9f1c31
sformer ,9bd208ef8a233597
model Tr,2518ab0c1ea0e8df
ansforme,ef2255f3eda0b805
r big in,9e3c1ea4050e5f59
 Table 2,bb3f6346a4ea655b
 outperf,f850157a7f07363e
orms the,6321048219e6d800
 best pr,9cddea9c6b1efae8
eviously,9791f46a797a5b11
 reporte,ffc051b5d0ea0d88
d models,8c60397cfa6e2f61
 includi,57827797e4983108
ng ensem,e3aee4a623193ea0
bles by ,fbab30c02cce40f2
more tha,f7da0df8e62197dc
n 20 BLE,37fdc9944e09d76a
U establ,3f937b9a4d0363cc
ishing a,7db0ed4bffcf2f1d
 new sta,ebe0e938896e69ac
teofthea,6da3393dca738845
rt BLEU ,bb7080be4044ac12
score of,48c2f0bf13da0240
 284 The,f80fbc493d6f655a
 configu,cd8da072ec6d857b
ration o,7f18b2a5c1136ec8
f this m,b64acaf9037f14d7
odel is ,19884abe1ae705af
listed i,3e22b10755a841b1
n the bo,9d686c22d58049e9
ttom lin,b91fe9f771bb560e
e of Tab,f89b67be953c9e87
le 3 Tra,19ac869fae44ba74
ining to,6f2f03231fc715a6
ok 35day,f78e567bca957554
s on 8P1,05bd0c1d56088ff9
00 GPUs ,0add1e5a5e7d6e84
Even our,161179d16ea515cd
 base mo,b2b785277e74f59f
del surp,77e7904dc4e06ebc
asses al,0cbeaa6d9a671914
l previo,4ef28e41ba3da7f1
usly pub,eca68cbd39467f6d
lished m,6bec9386d27fe913
odels an,2c120953a06915c4
d ensemb,8debfe3cc6971a8b
les at a,c3b3a3f7441e4deb
 fractio,6e3d8f199eb8e827
n of the,cb4b756ca9f7020a
 trainin,63c1797a2a3286ae
g cost o,3e23d7b84352d62f
f any of,e414a63fc2ccd09c
 the com,9ebf8624e0951d23
petitive,c2b6ce5a13f8ae45
 models ,87ea00551e28ce86
On the W,52b6a22dbbd9e5d9
MT 2014 ,4a4f121a89590628
Englisht,2914de205619e7d4
oFrench ,9b09d8c2dd54e453
translat,c136a59d02558001
ion task,3d7c56d0bbc635ee
 our big,bb5ba5b00655ff24
 model a,a77a948d8f659564
chieves ,8e71ba84f353059c
a BLEU s,57284d80c2afcac7
core of ,1ec8f0730dfe4108
410 outp,d1fc0e3262e39f18
erformin,7f418cd92caf8e6f
g all of,4db397e2040cd450
 the pre,202853e83e3aef8b
viously ,f46bae511ec9f018
publishe,3d4431a9c77a1bbe
d single,440cf7386b10b51a
 models ,87ea00551e28ce86
at less ,3645f85e2002e554
than 14t,aaeaf7421d3c4dc7
he train,0df14591784a3979
ing cost,6106f77b42990654
 of the ,dd8ad90f8f8e55ae
previous,7bc7d2b08c62452a
 stateof,dab2742fd41e6a3d
theart m,790bf452472828e5
odel The,22f09c3c343d2f2c
 Transfo,60acfaa508e9dd0b
rmer big,219095120570809f
 model t,cb6bea67c20144bb
rained f,d118ec16ffe87912
or Engli,48171d3800829784
shtoFren,4ee98e375509288b
ch used ,58ca14336cba562e
dropout ,a0a7b60ee7b304a9
rate Pdr,e8230ceffd617a1d
op 01 in,9a4113b2012a967a
stead of,9558955bbf76e830
 03 For ,b3108c0ef02b27d3
the base,bbf6341a51309e49
 models ,87ea00551e28ce86
we used ,e1091e798f1dc4ef
a single,1c749e4814c449ff
 model o,f230e782cfa7bbf4
btained ,78d08ac5eb3f8bf2
by avera,4b7627a55a89ea03
ging the,4dfdc2a7665a04a7
 last 5 ,fe2e5765cb1338b2
checkpoi,be633f9f8e676566
nts whic,ec6ff6d42165b4c2
h were w,0ff0f06b22aa83a2
ritten a,1853a547a9c7725b
t 10minu,11617a7f96adbfa2
te inter,d700a5db1866e025
vals For,65f3a64ef72fc761
 the big,4fe9460e9337ed6b
 models ,87ea00551e28ce86
we avera,ffcbe59ce45c21b6
ged the ,8c47e58d3ff9eaa7
last 20 ,df1aacd19cab4852
checkpoi,be633f9f8e676566
nts We u,eca63e44464ade26
sed beam,03ef344477f78739
 search ,4891084d5f43b1ce
with a b,e16492724531eb18
eam size,bad45501ded29cf6
 of 4and,615036c9294f1b9a
 length ,43e3bbd8cfa5c2d8
penalty ,676508a1b395f0f9
 0638 Th,35b64f9f1f4d4a1e
ese hype,ea847dd37246fa0c
rparamet,f7fae8142aa4245c
ers were,315a84d7f9a6293e
 chosen ,6dff6a22a21c9722
after ex,008a11dc40047a2a
periment,47e356d39dc22ecd
ation on,c053ed7154c25939
 the dev,0b2479655761c7c4
elopment,e19a64a0e1f07410
 set We ,fc3c208d34996f2d
set the ,a35147520479d2b5
maximum ,501a06513c1a6d72
output l,aa46283dc5970933
ength du,145c0f73f9eb76a3
ring inf,c04302bc59833404
erence t,7a64a8daee720d22
o input ,7c5ea0a01bdf37cd
length  ,5364c2c64409ff05
50 but t,aff3ac3e3b39582f
erminate,8e9a2a45059e6249
 early w,68c6b5120e8364ed
hen poss,080a2e274d8b49e8
ible 38 ,dd80fab5920c7e6a
Table 2 ,2439dfcd658c2730
summariz,f7a58cb660370a2e
es our r,2b56cb0ad2eb54c3
esults a,329f7c74d36aaddf
nd compa,27881f2e7f4a8970
res our ,f32355bacaf52144
translat,c136a59d02558001
ion qual,dd0daba543a3f67b
ity and ,7090ce4b78a07be0
training,6a7574bee420825d
 costs t,d8ba1c47c6d60662
o other ,090947bdd4aa64f3
model ar,4a7e1882724bfb81
chitectu,3a8b2572d5640d3b
res from,83957b5fb99523b4
 the lit,2eebdca5e9c2a32f
erature ,8fcbee2ba37b8715
We estim,8580c72fe5bbd5a2
ate the ,70836e479a5d48f5
number o,ce0549657e8fc26f
f floati,16d77a1d6f1780ed
ng point,7ed13735a1b23afa
 operati,46e2430bfe807695
ons used,ddbdc242b7f677d0
 to trai,62793f34b96bc0ca
n a mode,8ba82f4be15ee438
l by mul,c9c34ca3490d8657
tiplying,9ea59c80405f7734
 the tra,5b011b5cad7cb26e
ining ti,9da1c3216f3d7a36
me the n,1a2d1b78f17b8e99
umber of,3c4be4a861c4ccf9
 GPUs us,40380b1164263f27
ed and a,04a9479cf6b062cd
n estima,6a6825b71274a818
te of th,3e8a975fa105fd2d
e sustai,8cee9e697f5514f4
ned sing,920bb0a2e2837a4e
leprecis,c82bfe797017bdc9
ion floa,6d2e51003d5818f5
tingpoin,60573bdf173dcafe
t capaci,c4ecd7eda4de7b9e
ty of ea,7eba3b6ee783487e
ch GPU5 ,9c5b0460a82d2562
62 Model,669f5777c7d29728
 Variati,fad807d72cc12762
ons To e,94dc421a48132797
valuate ,b1d5a106bbb84dda
the impo,571962ee7135242c
rtance o,49e553e908c1f49c
f differ,3ea407e9d6c6e1f0
ent comp,01b362648a5262a2
onents o,d85bfc03b0c1d448
f the Tr,c340921e0e7475cd
ansforme,ef2255f3eda0b805
r we var,1f40205b661257b1
ied our ,c12f0f8b3e5b4bde
base mod,616683c1e2cee418
el in di,60d9ec850968078f
fferent ,dd1ddc5da1f2e7c5
ways mea,b82c00bb7da3ab5b
suring t,2742dcc449ba86c3
he chang,488f97cd78707000
e in per,b684eec4b01ce36c
formance,4cefa0433d0f04cd
 on Engl,cfef8cef86df0e9f
ishtoGer,f7b517ceb0f041a5
man tran,0128567a6dcd0199
slation ,8b03e13a378c6cab
on the 5,52aeab3f78f79ed7
We used ,a3052456e7f592b3
values o,bba2fe8e6bf7c51b
f 28 37 ,61a843d1a660971f
60 and 9,08384931bb85ceb6
5 TFLOPS,b4277965a6d2d1ed
 for K80,181de22c1c98f5f5
 K40 M40,3091cc1e07226e4a
 and P10,39de7680cc0d9450
0 respec,e9fede239d902bad
tively 8,dd2cd8fadaf81217
Table 3 ,986a783f0ad778f5
Variatio,6c13b3111a2cc286
ns on th,8bf48597e285ed4a
e Transf,9c25af714086f42f
ormer ar,2868d3a12e02f8d3
chitectu,3a8b2572d5640d3b
re Unlis,2b604b6e58ce68ac
ted valu,74d388b9488ef82a
es are i,aee4021572973a3b
dentical,63c2599be94a976d
 to thos,f3818c7da0ff6d52
e of the,e176649f2ab5099c
 base mo,b2b785277e74f59f
del All ,31328543751cebb9
metrics ,becf0c58f78fc6a9
are on t,aa115381cb3874e3
he Engli,0aff2b45d76025c4
shtoGerm,2dc2aa29ae640764
an trans,7ab2c977c94998b3
lation d,62f51e4fc15a49c5
evelopme,9862886747b3296c
nt set n,4facfa67956b1e4b
ewstest2,3c384ffc44e4a35c
013 List,fd95f186a29a60de
ed perpl,89b837d9db2fa538
exities ,2c5a706b808ef050
are perw,9e21a27adfed993a
ordpiece,2fcaf4c38599952d
 accordi,cc7828156b8fcea4
ng to ou,00c891bd5a63bc65
r bytepa,744cf9be3227ff0a
ir encod,f082a97e5d4419e7
ing and ,44ca659d81f85fbe
should n,5c50dbdeb6c97ab0
ot be co,4b2b2e4e800ed1d0
mpared t,4ceb6ae196c7bdff
o perwor,c3608cce7c6f7325
d perple,e328c582aa96b256
xities N,4b2e544bc279ada8
 d model,d3f5b6c28dc28f8c
 dff h d,3bdd0078f5173b3b
 k dvPdr,6bac53d2caabfaed
op lstra,0a70d57a3f192051
in PPL B,1a857445e7a1f5a4
LEU para,927439ca2dc3e471
ms steps,915b6b4849755650
 dev dev,eb617946e52ce340
 106 bas,a6f6ce1874d46378
e 6 512 ,c9a5118e975b0f99
2048 8 6,0aa810e29506d43b
4 64 01 ,2380ecef4d4f7a0c
01 100K ,f7bb902405ff4331
492 258 ,e9b4b738efc1f907
65 A1 51,b3c83bc55195f3f6
2 512 52,5c85cda53e50f961
9 249 4 ,2ecdfda3b7781f9f
128 128 ,1a307c351195108f
500 255 ,3827674b3da4bebf
16 32 32,595bfb601fc186dc
 491 258,5d3e7a572fb69db1
 32 16 1,cbd3627cff579657
6 501 25,9f51d709845ee7de
4 B16 51,11ef14b52a3baa20
6 251 58,27acfa05b64e3c58
 32 501 ,e49c6f4482867a81
254 60 C,9b9042f5b133a890
2 611 23,35de2f927bded1a4
7 36 4 5,13d60a3db7bc1362
19 253 5,df846780dea18f14
0 8 488 ,b3e2a2ee3dc981f0
255 80 2,a84e0f4b33435d6a
56 32 32,24ebe02b7cc5ae0e
 575 245,1f3810368b266d3d
 28 1024,8255b7612d85492a
 128 128,42bedf0950ac2f05
 466 260,350dc4b01e48d781
 168 102,cfd5e672a618e43d
4 512 25,4d740af41b9eb78a
4 53 409,ae570f09d7c59a31
6 475 26,da86e1f680440649
2 90 D00,f1e96dbb63584ea9
 577 246,18b26ff602fddc3b
 02 495 ,49fc950bdee2cebb
255 00 4,287c3b567e2e41a3
67 253 0,35bfccb20344fe8a
2 547 25,918c0398ce756754
7 E posi,e367c2fef26b5d09
tional e,0490905102f58f42
mbedding,fc2d34c9a9575774
 instead,8b6c81acbccb18ed
 of sinu,9e38e8003c5a7e1d
soids 49,284a4c8507f3ba71
2 257 bi,0f582fa5d6160eac
g 6 1024,d93f6c0761c1cfa5
 4096 16,8f453a6d9dfc78d1
 03 300K,d7fe8e18b53045f3
 433 264,3ca1eb8bcd7805aa
 213 dev,1fd181802aca6668
elopment,e19a64a0e1f07410
 set new,dfcca649c65f42c4
stest201,b4e6af54e6a2aa85
3 We use,d0fb34dfa60e7c42
d beam s,d0e90d17fa11b963
earch as,eaad478cfdb7610f
 describ,f98814f6b24f3553
ed in th,1ea50fe7624c6101
e previo,992b02ce1b85d612
us secti,f07dc718859bfae3
on but n,911a3103c1813a08
o checkp,3a5cd8be75be111b
oint ave,2acac209a7803621
raging W,893c54eca74c6eb0
e presen,dc33b4c2b2bdd700
t these ,5ad99a8824af5f18
results ,46603e4f43614e77
in Table,e050875ddb315c1d
 3 In Ta,c22e464ca52a13bd
ble 3 ro,c753f0ec2ca01bd1
ws A we ,2aae7c49b789079b
vary the,ffba3e01cee73bc5
 number ,cc5cb6c7f35705d1
of atten,53b0c8e75c139c47
tion hea,125d288bff2ec8c7
ds and t,f5d98cbeebad292b
he atten,67b4964a1ed9e274
tion key,ec99dca4ceadd8e4
 and val,afa348896e4c94b2
ue dimen,48c93aee8df00fdd
sions ke,261286af011aab84
eping th,1d2a1cde38bfa9fb
e amount,578ef7e6e1ad6a92
 of comp,1c9fa3595a28bf4f
utation ,aa04d2c57401596a
constant,8097123a2f51f9b0
 as desc,bad0f01ca8709216
ribed in,bcf778025e4e9ad6
 Section,97131fa36d58447a
 322 Whi,8f5ade16bee53a02
le singl,02b97f80e9e474d4
ehead at,0fff2eab67cfea01
tention ,e2bbb76f6b5d2d4c
is 09 BL,74e6f80262a6d8c7
EU worse,49a2a398287a7566
 than th,1df3c6e27e340319
e best s,40c8ec2ca6fe772f
etting q,e4106e23ce27ef02
uality a,b31640608ff3db5d
lso drop,2156dd3665bee794
s off wi,2aa0c0dd0009627b
th too m,e72cdf1c471f0d87
any head,2bfd5e5ac3383b51
s In Tab,6ab7f39d20aab6ed
le 3 row,b8b809ccd51b0975
s B we o,3a3844797c412d7e
bserve t,a94a1f0d902828d4
hat redu,ffc94e9970e04872
cing the,035b92bd03605d6b
 attenti,4dbd63aa47b55bf0
on key s,32893d1f600f013e
ize dkhu,320da64daedd14c0
rts mode,24cb20aa090eb5fd
l qualit,271942d853e54bc1
y This s,05bfab271080e254
uggests ,ad7712312735f51a
that det,ad61a03b362d1a15
ermining,ce24ca1029e8f577
 compati,4b69c7fffbc6f448
bility i,5ce14b9e5ae008d1
s not ea,d47aec4fe07cf8ec
sy and t,700fa3e0aa648fc1
hat a mo,0071b3815aaab343
re sophi,4374bf2d300d4be4
sticated,8095000ef70038ea
 compati,4b69c7fffbc6f448
bility f,9d6c891c3554eda2
unction ,9535dd9d4e13ee86
than dot,c8425172f852a910
 product,575a72e8220028eb
 may be ,35cc867a52998a58
benefici,7f4f599858c18449
al We fu,4f007611635b7798
rther ob,0240a5e7bf2022f2
serve in,ba4c73a0a8a77f0c
 rows C ,f2da1b1abb70294f
and D th,f943991a3416ce70
at as ex,6b91e6814c2e8c03
pected b,e2f7417e0104b881
igger mo,29c3ad42e91e0226
dels are,5b494202d917b860
 better ,3cc6986028cd70c9
and drop,400e7e4593be9c28
out is v,3ddc867f32c46d02
ery help,650fe5ec3f70d1d3
ful in a,031d4629516c5bb1
voiding ,d13bef85af3a4342
overfitt,088b184c242be07e
ing In r,40a1913f13171d8a
ow E we ,9e460d1754f22d51
replace ,32f6b2304f96857c
our sinu,869523ba4b3fff82
soidal p,a9ae464f0e34889b
ositiona,37b73ced93f8c9ee
l encodi,de28b6dd3ac9e68b
ng with ,82ead39708155424
learned ,0d335e17fec7135d
position,056084c038479c85
al embed,a1ae1212c3327d96
dings  9,7963ca6b2c45338d
 and obs,9fb7744a2e42ad62
erve nea,7ac011f883269aab
rly iden,a7e90d167884ccf4
tical re,4c112fb9133a3383
sults to,8226cf3ca7e1a32d
 the bas,920d00e55da645f3
e model ,f7389461fd252d0d
63 Engli,75b7c1a202d99bef
sh Const,2260da1799e2f19a
ituency ,e6fd916474c79d72
Parsing ,81afd9384c053583
To evalu,a07824b8ba327f0f
ate if t,561f26cb79dd152f
he Trans,3946dce762cc4c7f
former c,5d7fd6bb7488ae23
an gener,7f174c584b360974
alize to,8419b06d0f42ca6c
 other t,7c78512a02130074
asks we ,ea7520443ca19d5a
performe,07e0187f91eacd3c
d experi,8762f61dc327bd3e
ments on,d9016e0bac304d9c
 English,87c82f6595415fb8
 constit,fc6b47487f138a74
uency pa,df3151a7113c7129
rsing Th,0ac7feee442e964b
is task ,b359b0f85539cfcb
presents,1ee5e188546de28b
 specifi,63dadccc31e8a0a0
c challe,94fe0b33232815a9
nges the,dc8ed35f3b725ef9
 output ,48d521d9a10ee28b
is subje,a33254c27d2b578b
ct to st,ced1878cf1d2c903
rong str,c534b2af8fa75a8d
uctural ,10f41b767dc81826
constrai,3c29342b63b93e31
nts and ,5a05840129207289
is signi,fc40aa9b788247c5
ficantly,a916fba475a40f9d
 longer ,b97b95ffb0169866
than the,02f98dcbce9d7d8c
 input F,8eb5d05e0d79ea84
urthermo,bb7d53cc60eb45bf
re RNN s,2071fd4c629429a0
equencet,5cc946260b3817fb
osequenc,753d6b5749396d6b
e models,773548d0a0975bdc
 have no,39a14454bd5eb305
t been a,282598422a2c01bb
ble to a,b21ee98169abf9f7
ttain st,dfb1e87bce067094
ateofthe,fa4a0cd16c115641
art resu,bd03d7e4653ac152
lts in s,b5066fb8dd022f9b
malldata,5c262eab2930aeb7
 regimes,6c79442af27c84fd
 37 We t,62b42819f85dca17
rained a,ed16ba0a73fd1359
 4layer ,eccc7958499c819f
transfor,ab7f14a84fd75eec
mer with,d3f27a363bfebb54
 dmodel ,664a23e0087326c7
 1024 on,26237f217f73a9aa
 the Wal,964d188766abe930
l Street,8c939f973c2eac66
 Journal,4d7fa16d9e15521b
 WSJ por,665dbaf353816d64
tion of ,969b5456fe6ec8a7
the Penn,3a63af2277b79f4f
 Treeban,f58ed6d1d5ed4e9b
k  25 ab,9e70d3941040a8c6
out 40K ,dd987da60f4421b8
training,6a7574bee420825d
 sentenc,dbae8f7f29dfa3af
es We al,eca3366de6c38e90
so train,6e3688f6a87208a1
ed it in,cdda73f7bc1a186e
 a semis,df0e80593e3b790b
upervise,fe357898870bc349
d settin,1ffb37f09cda0643
g using ,65e7738b9d2a4ea3
the larg,97557211e50c12b0
er highc,ce0342b07bd72aa0
onfidenc,8c6e6868e061327b
e and Be,c6fc210f180a7a35
rkleyPar,3822ab3436765804
ser corp,0fe1394f094ab3a8
ora from,246526e7074115aa
 with ap,782432b9bcba506c
proximat,bc8d406115d29844
ely 17M ,50f0421691bf32be
sentence,f09f9be7e2007bd1
s 37 We ,0229a5a990cc70a6
used a v,04c1532b8dd1196f
ocabular,8e2be915db8f44f4
y of 16K,ff80637c03b5aae2
 tokens ,618c5adf45c1bae3
for the ,a8a9c45db9a60964
WSJ only,7ab5bdf3461fd3ca
 setting,0d6f3d9d8d7f91a5
 and a v,8707094413b67ad9
ocabular,8e2be915db8f44f4
y of 32K,b28ab2bb3ace5931
 tokens ,618c5adf45c1bae3
for the ,a8a9c45db9a60964
semisupe,a99473d31c2cd1fd
rvised s,2c94e82ee5d0cecb
etting W,73ac332fb3ad4604
e perfor,ed662ec2994f96f4
med only,a4dee4bcaadf4622
 a small,fe89ffe2e9596d32
 number ,cc5cb6c7f35705d1
of exper,68e9a893ecd93fb5
iments t,9808325b027a8caa
o select,403e968ec5cbdd35
 the dro,d9d8f2082b5ce80e
pout bot,65cb140318b5090c
h attent,1c448accda123a5d
ion and ,b7b24053b9dbc16c
residual,a8e92e0dbdf301a6
 section,7151c6df73626e6d
 54 lear,2edd3a5902d8b454
ning rat,56f20ef832bf8ebd
es and b,0b5cbaf4122c268c
eam size,bad45501ded29cf6
 on the ,c7e08fcc59a94d71
Section ,7ddf7e7b6822f75c
22 devel,9d7f76f9e691684a
opment s,4fffa0fa146f9cb5
et all o,4f79101e829695e5
ther par,412dcb1362aeee47
ameters ,f36511504a124367
remained,861d59789788cb8d
 unchang,e805b0bd04e510e4
ed from ,5ba7a8382d79946a
the Engl,8d097ea7c2583d95
ishtoGer,f7b517ceb0f041a5
man base,2f5371f1b06b77c1
 transla,7c8e7ac04f3b1748
tion mod,956156e146e6e8ae
el Durin,93b39e459e3e81ae
g infere,7712408375aa30f9
nce we 9,d9334d4e8fb9ec69
Table 4 ,5d48e5021b8b1e67
The Tran,0ebef3cb6b6fd335
sformer ,9bd208ef8a233597
generali,423f7ae108ac7067
zes well,080b4e9174346e4a
 to Engl,f461ba512adc7db9
ish cons,38192fc35a676ff3
tituency,2c73e46278cf18d4
 parsing,f2777a7aa294ccd7
 Results,17bc00e1576ba951
 are on ,51600dacbb6b814b
Section ,7ddf7e7b6822f75c
23 of WS,1c962c24f110e32a
J Parser,409de35dc6490d37
 Trainin,db862600a622dd80
g WSJ 23,d2a4d74190efed06
 F1 Viny,e9277587ea541f19
als  Kai,03b167082cb664b4
ser el a,e18f2766cfa7391c
l 2014 3,ff182f36983de9ca
7 WSJ on,016c25fc833579ae
ly discr,6d722e38214d8fe7
iminativ,a0bdde6b577d76c6
e 883 Pe,ba5c5b1161935fe5
trov et ,244d7723fcc79325
al 2006 ,3ce94ef53fcfca2f
29 WSJ o,1ed336f8f24289b0
nly disc,60ccda6b67272e5f
riminati,f009ea2423882f38
ve 904 Z,2fe0d8b59b7e6921
hu et al,34fa7dd8d6f33ca8
 2013 40,7fc2507b8fcf03f7
 WSJ onl,e6f1af168821fdc1
y discri,304a42ca41e36578
minative,c3a1bbab5b1d3087
 904 Dye,b2fc894e737e0bf0
r et al ,69d8ae6de58c816c
2016 8 W,e4dd6e206555f645
SJ only ,fdb93e1e4d0c8c69
discrimi,c5916e3f12aeb5bc
native 9,6624e8c0e1bc31df
17 Trans,6b8a0f004ba90f99
former 4,b742dd025299c2f5
 layers ,7117d42e73efa478
WSJ only,7ab5bdf3461fd3ca
 discrim,fc66b491976a120c
inative ,67bee941c8886bf6
913 Zhu ,6abbfef7be3e7e68
et al 20,d4ccd31f47449272
13 40 se,95f59cbed0019598
misuperv,5a038d2e8ecf8bc9
ised 913,d401a0281b2b03cc
 Huang  ,b1774861cbf36500
Harper 2,b3eb3c88e5983852
009 14 s,043138dad6eb6d61
emisuper,782a9bf39f3c689b
vised 91,2b79c73f5d85a61f
3 McClos,d80a15e3dd6cdfe3
ky et al,5c9c22f78455956e
 2006 26,afbfdd6b8a4f7114
 semisup,f5e02101edca7a80
ervised ,85828be7cb643b0e
921 Viny,74746088766913fa
als  Kai,03b167082cb664b4
ser el a,e18f2766cfa7391c
l 2014 3,ff182f36983de9ca
7 semisu,6c9c687053fff0de
pervised,350f5e1b576c7872
 921 Tra,713500510a74b934
nsformer,affae37f90df0cd6
 4 layer,092002162c80be54
s semisu,c2a9dedfff570fdc
pervised,350f5e1b576c7872
 927 Luo,8eec93108cf64dd9
ng et al,9f1014ed4fda56f0
 2015 23,8b10af7668a9be3c
 multita,ba602f6379335a1e
sk 930 D,9f7f0a38fb8d247b
yer et a,84bcca81b6f1f577
l 2016 8,4292f1450b5ccbe0
 generat,ea119b69af1ebdcc
ive 933 ,b81e2fba483ee256
increase,de2aeea4eb51cb60
d the ma,efe4507b332c9a1b
ximum ou,ba12bff167e73208
tput len,7cf858adffaa8179
gth to i,f7f34db8a3fd12b9
nput len,078c60224aa6e9b4
gth  300,436886179437e7c8
 We used,e9a53643ef22af58
 a beam ,2bc173614f9321a1
size of ,e7265e32f30e3552
21and 03,261e3370118c3c7b
 for bot,a80c92b2d8be9ac6
h WSJ on,6710e34b3ef09360
ly and t,f2a8f9e2cdc3b297
he semis,118eba98a7d76e11
upervise,fe357898870bc349
d settin,1ffb37f09cda0643
g Our re,b6293276f1b923ae
sults in,663c6a8905001a36
 Table 4,cb9bbeb8148bea5c
 show th,4e2da96e7485e2d4
at despi,10491bb91d4a13eb
te the l,0f357d2d5ef3e53e
ack of t,8372938a951d6679
askspeci,32cf4c5280e81f5b
fic tuni,27aff3b1dcb7c7ef
ng our m,53266a2fa439d6c1
odel per,f5d0a95d8eb00474
forms su,63606c0074e850e6
r prisin,ab93ac770630dbd3
gly well,376f57db23ba661d
 yieldin,d2f0d43b35d050d1
g better,2760651ec2106db7
 results,4b96a9a6539f73b8
 than al,0cae7946f658d232
l previo,4ef28e41ba3da7f1
usly rep,2ab832e91bdfc5e7
orted mo,48b1e685c9ea35aa
dels wit,7f195acf2b4d7638
h the ex,cd11af4fb75d7fa9
ception ,b462bff9a54e5c0a
of the R,0ab30d2f7f06e063
ecurrent,e5c6bf9bcabfa7d9
 Neural ,8e5b4c08bfc0d289
Network ,ddf68add3f2e0491
Grammar ,7b37ddaf68b7dbe3
8 In con,3fc251f81da72712
trast to,697d3b02389ae5e9
 RNN seq,dca6c26b868d06ca
uencetos,4cc0d4e1692da0c0
equence ,4976b90fecaf93ef
models  ,66872f87bb38efd5
37 the T,dd24d9be989d8799
ransform,e6954ad9828beb19
er outpe,91aec03bf85474de
rforms t,13edde56ff56bd7e
he Berke,795e2a7bc21af2e1
ley Pars,60cc6afa5ea80dcc
er 29 ev,4f40917ffb37f5e7
en when ,ce48f7d021fcc76e
training,6a7574bee420825d
 only on,c45436c196ddd976
 the WSJ,5376719ef884dcc0
 trainin,63c1797a2a3286ae
g set of,8209974b40f99377
 40K sen,43ed5bb1bb6233ac
tences 7,5e4a0ae6aff6a91f
 Conclus,d05f396284f69236
ion In t,92a4b5edaa41bdb1
his work,381f5d0a9e4721bb
 we pres,fa207fc0a9620552
ented th,cd475a739b7623ef
e Transf,9c25af714086f42f
ormer th,371a266f582365d7
e first ,910e815964d80c42
sequence,6c72a9e3f115205b
 transdu,2fae686e1e0330ff
ction mo,772f3934a5f70998
del base,b5d12c68dc6f1870
d entire,00e4c7f22917090e
ly on at,73471091315f6b05
tention ,e2bbb76f6b5d2d4c
replacin,9412de009886d3e5
g the re,6b9fa93366c2d7e9
current ,6e5c17d8cce0b126
layers m,6c8390db84bc99ed
ost comm,ae9cd8f4acc9b4de
only use,5402c409c3c7301c
d in enc,6e1ae28eefd00fd7
oderdeco,7db5637137113d49
der arch,5f8d8e95449ca077
itecture,569f67ed2b87538c
s with m,628ecf623cf68715
ultihead,6bfae097cc2aec82
ed selfa,21b81e09bf76885d
ttention,277dcdafe63a85bd
 For tra,a782bb01d5b56730
nslation,ed75e0322bf31a7f
 tasks t,be0ebb8936a3aafc
he Trans,3946dce762cc4c7f
former c,5d7fd6bb7488ae23
an be tr,eacaf5a2adc45a81
ained si,15e1a153d4927891
gnifican,62145e7c323b9901
tly fast,0e1671628685a245
er than ,e6162ea39d594dd6
architec,608aee39e7bf867a
tures ba,33e70289c9153a99
sed on r,acab42c92c854994
ecurrent,e5c6bf9bcabfa7d9
 or conv,e27cb312c94bd2f7
olutiona,61623119519b8ac1
l layers,8b13fee33cd672ce
 On both,894edd360f1d9919
 WMT 201,9c4b32667df3ceec
4 Englis,7dcfdd6071c619a5
htoGerma,4803ea1ab46d5d29
n and WM,5b1b3e49dfd6e17b
T 2014 E,af5078e250ffb5cb
nglishto,b724c162513d4792
French t,cc0a1a2a7c4418a1
ranslati,6544e1dbaea4a266
on tasks,8c6325c8b03cc4db
 we achi,5fd711b09e0d8303
eve a ne,470948e341f6a47e
w state ,9ce68e342e545541
of the a,69bc9a4ebfa73f27
rt In th,b968635b1df6b3ed
e former,a75c0fa88b689881
 task ou,dcb4544486235375
r best m,d7aa1a11f01b2732
odel out,174bc8faaa7bb152
performs,1bdc473ba50818d0
 even al,69feb6d6796f2acd
l previo,4ef28e41ba3da7f1
usly rep,2ab832e91bdfc5e7
orted en,72a8951e373ddba4
sembles ,152db3caecb639c9
We are e,8f408b43894913fd
xcited a,9d156a5586b1a5b9
bout the,2ed85566e4423731
 future ,bc1f9d6b88518d5c
of atten,53b0c8e75c139c47
tionbase,28bc9fc3be254e28
d models,8c60397cfa6e2f61
 and pla,a0cc6493b71278dc
n to app,0044a5cab9539493
ly them ,c961ac5eaac10ce3
to other,21376c926ae0a489
 tasks W,0e6a3d60c7bb1895
e plan t,3c77182b405e7de6
o extend,82c92f4b2a2ad78f
 the Tra,176d996e3fd3595b
nsformer,affae37f90df0cd6
 to prob,112878f17ecad449
lems inv,697a02fff0cba373
olving i,67aac3c4f615f1f6
nput and,730e048da387b410
 output ,48d521d9a10ee28b
modaliti,114ee2c817e42740
es other,7f5887ddbf5a6703
 than te,b632717fd74339e0
xt and t,4b991ff456e9d14c
o invest,b7858b7c31245ffa
igate lo,54de416f9994cb9d
cal rest,7dda383fd9c2c844
ricted a,ddf2561eb840a8e2
ttention,277dcdafe63a85bd
 mechani,d8e7a1254ceeb8e1
sms to e,ad916c1746de5047
fficient,d0f3a67e7a873103
ly handl,862671185dcfa3c5
e large ,193dea7205e69618
inputs a,277321fd8055c001
nd outpu,ff3f8d571fbaf125
ts such ,91d4d00d92ea7db5
as image,f38a232d4dc61d08
s audio ,38ed8b9fee9fa16e
and vide,e1a820dd04add1ad
o Making,d3a5e159b3a34b11
 generat,ea119b69af1ebdcc
ion less,8c9db622033cf350
 sequent,5b1c6f4cd64cc118
ial is a,90736ca6a173a32d
nother r,21776d19c1734049
esearch ,d36bfad2e1e40b2d
goals of,0e34be2ef33324e5
 ours Th,80c71873df3bcdea
e code w,74febe192b23e4f7
e used t,7a5a48e08f8be7fc
o train ,fdf096510043618c
and eval,44627ec8cded6c02
uate our,246ecf64b3652a71
 models ,87ea00551e28ce86
is avail,7b9ca4d19c5de011
able at ,b42c7b2d11bccd72
httpsgit,640a1fcc57f69f80
hubcom t,fdcf148674be1309
ensorflo,07279810a32c80d2
wtensor2,cf70abf9fa4aa852
tensor  ,f995ee77cf36da13
Acknowle,2d0c8595b7eb0093
dgements,008b0d4ec0183180
 We are ,cdcd2dae3178487a
grateful,47957439bbeb6665
 to Nal ,224e0244947edffc
Kalchbre,2aa5cb787b076325
nner and,1e08da90820d57da
 Stephan,4445b29916663b5a
 Gouws f,fb70ce779521d88e
or their,9128fe6ae4e1a9ab
 fruitfu,e4b34fcf2b917f96
l commen,a61552e4c5044f0d
ts corre,b4469f13015a2d3f
ctions a,6f878c12f236a160
nd inspi,2fadd800f5ddf933
ration R,7c6f928874200c20
eference,cb07a9581871aefe
s 1Jimmy,39297af49168358b
 Lei Ba ,5a8f3c3144b3fc6e
Jamie Ry,ee8289545f9d4f11
an Kiros,19756c9383768bcc
 and Geo,f3f7fc19b714b7ab
ffrey E ,98eda4e149aa9064
Hinton L,e8e65ff0843a987b
ayer nor,5cefd8b691f0371e
malizati,1a3f7be6bdee05a6
on arXiv,65fd9a91b59f40ab
 preprin,2a895af8feef4a31
t arXiv1,954073a951c4532f
60706450,b5cc1443815fe087
  2016 2,7bad05bc36553423
Dzmitry ,425c71fb0c175ec1
Bahdanau,9bc13c419f40db8c
 Kyunghy,bee49274d52c0645
un Cho a,0903190cb19179de
nd Yoshu,7bc5efa74768f8bf
a Bengio,f658d4ddaa4d9e62
 Neural ,8e5b4c08bfc0d289
machine ,f62dc66feb7b8d42
translat,c136a59d02558001
ion by j,74f8bd9c1d0ee553
ointly l,ec6efd79eaa7ed01
earning ,774abe1e205bfe2a
to align,91cde3b20be14139
 and tra,0b68061b581e6179
nslate C,0dcd447123be8306
oRR  abs,f1a6846251b0fe3b
14090473,42064d1d4fd07263
 2014 3D,d6d85fa58025510f
enny Bri,5f41bc2c25cdc16b
tz Anna ,d46745b2cbbbe5f2
Goldie M,2961400501bc0b58
inhThang,5f9da04478a5f30a
 Luong a,9161833165afc374
nd Quoc ,e46c87ffc6394adc
V  Le Ma,479ff242cc6428ad
ssive ex,032a397ea31b4f52
ploratio,70935d87a977258f
n of neu,aae96d8a8f666c4a
ral mach,f3c61d5ab15e734b
ine tran,447ee4b4e10b8c6f
slation ,8b03e13a378c6cab
architec,608aee39e7bf867a
tures Co,aa1ea2536f58030f
RR  abs1,2139c5759ae1a9d7
70303906,ffee988745300cce
 2017 4J,177307e0293f763e
ianpeng ,87b75bf04657f53b
Cheng Li,3eabce4ae48d7b97
 Dong an,731e2790d7a9bc7b
d Mirell,d2dc5d58d457a4a4
a Lapata,e71930f0abc070fc
 Long sh,f8f53b0cad232c35
ortterm ,54bb82e13bd1683d
memoryne,f2b990161b8b04b0
tworks f,51dfebdbef8672f6
or machi,655a06327ccc8a16
ne readi,945e73f35d6c9f7a
ng arXiv,921c8da173bb5da0
 preprin,2a895af8feef4a31
t arXiv1,954073a951c4532f
60106733,442646fd12e58a78
  2016 1,330fd98ae042af08
05Kyungh,efadd56465f6476c
yun Cho ,a0091b7d3efc35a1
Bart van,b06a9b6b83efc09b
 Merrien,f91385cf36c9dbc6
boer Cag,0d97728eefb7f7d7
lar Gulc,ddbeed79b281b7fd
ehre Fet,b2da430552120378
hi Bouga,71474257d09ccfcc
res Holg,cf8cf5e319b17bc3
er Schwe,0bf4a5ee249b5670
nk and Y,06844d46e1ae1e24
oshua Be,b81fa4153128a550
ngio Lea,d0d0af4ab20a7afa
rning ph,74e63950a4f52727
rase rep,3cdcc9079c59cf9a
resentat,871c257ab97b93b3
ions usi,a3b958077fb8af71
ng rnn e,bfb48d6c7fcaf5ec
ncoderde,c1086a4673a0a008
coder fo,33f95e1485eba47a
r statis,398ed57282041a13
tical ma,b3a98d0c9c4f52a2
chine tr,945d68f48cc0817f
anslatio,f109bc404bc65f18
n CoRR  ,e1d74b487ac4e9d9
abs14061,ac41199231083d6f
078 2014,117c697652f2026f
 6Franco,6673a6d7b57f18a0
is Choll,ab4dc21163750be5
et Xcept,76a88969d361f474
ion Deep,1e08ffcc2a821b4e
 learnin,d1539b06de4fa1c4
g with d,e9af241b6c92724a
epthwise,66b5b86f9619b9f9
 separab,750e53662f22640c
le convo,758fd6762f25f772
lutions ,ec83aec11792eb96
arXiv pr,b893e7c0d9759b57
eprint a,22899f7a42db603c
rXiv1610,6f7da7d537cd4fba
02357  2,6c34afe1e242730b
016 7Jun,59781bb18babd75b
young Ch,4459da168488c030
ung agla,9097e0ef7ee34af9
r Glehre,0ffb3c47a66121f0
 Kyunghy,bee49274d52c0645
un Cho a,0903190cb19179de
nd Yoshu,7bc5efa74768f8bf
a Bengio,f658d4ddaa4d9e62
 Empiric,2fb088f3873daecb
al evalu,a65d79d83d441225
ation of,eba72a0d4a31b86e
 gated r,ecc63443c673e4bd
ecurrent,e5c6bf9bcabfa7d9
 neural ,6839449ae4987ab3
networks,5449cfcbb19e31b6
 on sequ,559971b115c21576
ence mod,fc6c85ed1810050f
eling Co,a89a179b07933ac3
RR  abs1,2139c5759ae1a9d7
4123555 ,a78055df75aade2c
2014 8Ch,cd0f896213b28b10
ris Dyer,f6345dcb2697766d
 Adhigun,75f1e941a41d44ac
a Kuncor,a1c5ff4bdb07e50f
o Miguel,51d8034b3bc82bcd
 Ballest,41710b4487d45d29
eros and,3689bd8ae2a53804
 Noah A ,7b53352f383417dd
Smith Re,902584356d6759ee
current ,6e5c17d8cce0b126
neural n,a5b3afcb24c150c4
etwork g,7b86e8ced1bc6d69
rammars ,544aa4a410f43e8a
In Proc ,636ed34910b8b2f4
of NAACL,d5bd67ba1fb4c1eb
  2016 9,06eed011a35e6ac3
Jonas Ge,ee1f9838c2358640
hring Mi,ab87ed8132e43eca
chael Au,018fd29c4bd17dad
li David,08ff8bda4f256105
 Grangie,57357956aa9fd482
r Denis ,e7ec054dec8ed0c7
Yarats a,c959d293fcc409db
nd Yann ,39e044e72cb6dee9
N Dauphi,f7b81181eff400dc
n Convol,5d76485662086525
u tional,af98b5703a7590c2
 sequenc,3d0f5d6d8da60829
e to seq,418b1b339cf44d60
uence le,a80a2c8936f64d67
arning a,28bf9d005b581160
rXiv pre,1592c2307db28081
print ar,f94f7a084dccc9ad
Xiv17050,a7af8c634a62cb08
3122v2  ,d0d77fa9667cf08e
2017 10 ,529fa22d142c2c7e
Alex Gra,8807f5a1d5fbc95c
ves Gene,151ddacf0a0ef80f
rating s,1391dfc91e53bb6f
equences,3fa6143606ee5be9
 with re,51f8f1a24063abf5
current ,6e5c17d8cce0b126
neural n,a5b3afcb24c150c4
etworks ,8a4c1685191e4866
arXiv pr,b893e7c0d9759b57
eprint a,22899f7a42db603c
rXiv1308,9f684d0b4f13d4a1
0850  20,276d517a3c90e42e
13 11 Ka,2bd184a97b99f09b
iming He,d371dcbd3b00f7a2
 Xiangyu,f7994d723c0402d7
 Zhang S,061ddb5e530c4000
haoqing ,a16f4354a892dd27
Ren and ,1e765a494268e694
Jian Sun,7784488ad897e009
 Deep re,36475708b845b637
sidual l,10835389b028ce9a
earning ,774abe1e205bfe2a
for im a,e5db988650111348
ge recog,f308d5ecaa35b821
nition I,d4fe3fcd96aba14c
n Procee,bfb3aecad688cca0
dings of,4ba1d384ce438802
 the IEE,f11398ba7fd26c3e
E Confer,d2ef866148f68c03
ence on ,90b659acc3e491f6
Computer,b0ef77c6586a13f6
 Vision ,212c5ebf3b8e1bbd
and Patt,6c26efc9820223c1
ern Reco,8e2856e85eacadc4
gnition ,ca297febfb75ec0c
 pages 7,df17e35f176538db
70778 20,30d9873ccd0cbdd4
16 12 Se,a2916c6852524591
pp Hochr,9df20322441f0dd3
eiter Yo,a37a54ddcc2cc656
shua Ben,75dc4c352efa191f
gio Paol,bf4911334acecad9
o Frasco,9b1a012db690dd25
ni and J,01310b6f78189da6
rgen Sch,122eeba1fb0adacb
midhuber,ceab0e864e9c0dd2
 Gradien,fbd77c866d748da4
t flow i,410140742f4f2da5
n recurr,fc2421952373f138
ent nets,d8fe552545159084
 the dif,c2e5e19e985fdfb1
ficulty ,8a32b3d7adb15af5
of learn,008cb067417e9c5f
ing long,9d821dbd80404c6d
term dep,af1c000a759c7a5a
endencie,52eb88cb2117d5aa
s 2001 1,9f146d22cc80d05c
3 Sepp H,111b5e3c19301932
ochreite,42804eef6685815f
r and Jr,8e28ac87727399fe
gen Schm,893a2779ed07f158
idhuber ,7e87e9331a58199a
Long sho,0a8ba164ebf62050
rtterm m,8e67416baa7117cf
emory Ne,607c4ad0efb1ccc9
ural com,5c6798ac481c87e9
putation,cb8308b11bf2c6fd
  981735,52922491f0572d30
1780 199,c00c18c256bf0d12
7 14 Zho,85e3dcb2d312cb12
ngqiang ,c47bf2af5229a5f2
Huang an,c9f3197da9d0dd83
d Mary H,cbc48c125b68b18d
arper Se,99129c735efd4af5
lftraini,4e499bf8d4eedf8a
ng PCFG ,8a707ec417a99bfb
grammars,e61609ec2d96797e
 with la,39adf52e1fecef32
tent ann,a0a0ca399eff4d76
otations,2a6601b330c6c7f0
 across ,0a46d9b40c00ae63
language,7455110882b29581
s In Pro,91a62a7fed614f32
ceedings,f54a7ea3c2f366d4
 of the ,dd8ad90f8f8e55ae
2009 Con,f41b83f4d3c5caeb
ference ,bae212d0f740128d
on Empir,e8919f29af85c1a1
ical Met,41f38054e8ccd614
hods in ,d5e5fce979939c85
Natural ,bf1628b591aa8c9a
Language,f5b95ac530de298c
 Process,36951b96c5d439c5
ing  pag,9b0453cdf8bbd58b
es 83284,a1a0a110df77b735
1 ACL Au,bad74bfc344445cb
gust 200,6e25d1fc0b4c4f2a
9 15 Raf,444ee974b7235a4d
al Jozef,2c210dd88f9770a4
owicz Or,5e9331a2fd6547b2
iol Viny,81991c75daa2b0b3
als Mike,a2ac462b43f97144
 Schuste,c42db0a17839d159
r Noam S,5c36baa2b4400259
hazeer a,0f3adff00768ee91
nd Yongh,67618d86cb111148
ui Wu Ex,bc815ae70f9114c7
ploring ,ecbf4b58651225bb
the limi,1fcd54de2338fc04
ts of la,642efda37805734c
nguage m,2a8388892f7077f3
odeling ,40e18020083afe7e
arXiv pr,b893e7c0d9759b57
eprint a,22899f7a42db603c
rXiv1602,5c52ecb9c844983c
02410  2,c55b4aef3cd33f23
016 16 u,4819c246968743a2
kasz Kai,6cd146d1be2a953b
ser and ,8d5ad5250cc6fa52
Samy Ben,a99eed26b449a343
gio Can ,4e707319326df006
active m,dc9e7644f3f89a17
emory re,786dc175878662c0
place at,7b4425a940153639
tention ,e2bbb76f6b5d2d4c
In Advan,f68356f54d0675f4
ces in N,5a4cc2ca1d5aec0f
eural In,266d8604dc322cf5
formatio,7adeada0b52399ce
n Proces,f31ee11535553229
sing Sys,be5d63940655054c
tems NIP,7f2db72afca7d0b8
S  2016 ,6bfb73181ad90a42
17 ukasz,871bd90576703ab6
 Kaiser ,666156be004b2f54
and Ilya,095dcf815f551885
 Sutskev,f54474742cff4e86
er Neura,832f18e24bd87ff4
l GPUs l,9794aef24bfda478
earn alg,2685b8540078bfe7
orithms ,673095fddf2aac3a
In Inter,4c584e883722df2f
national,3e106cd20789130c
 Confere,da9d85486266e8b9
nce on L,252eaf463ebb3cbd
earning ,774abe1e205bfe2a
Represen,4cfdc916484af1ef
tations ,4aa8e6537c645b9b
ICLR  20,bcf0a31fbcf3fde1
16 18 Na,f32ee4ee986838ac
l Kalchb,9a60c3ab8b715b1b
renner L,06ba9cfbb7a89f15
asse Esp,bbdaee8260b07e26
eholt Ka,ed5db6e37f2f1a53
ren Simo,a91d507112df853b
nyan Aar,5e57a2264caa3e35
on van d,21873ce654f2731a
en Oord ,cbb6790a7bf5230c
Alex Gra,8807f5a1d5fbc95c
ves and ,0e16c98a6dc48a5c
Ko ray K,a4ef075787d0b01f
avukcuog,090e42174e8165b3
lu Neura,eb6a6fbc94df7737
l machin,caa01e4495ed1084
e transl,368d548b6514ebe5
ation in,7fa4605c3ffe887c
 linear ,06a3aff94c116dd1
time arX,5bb8f13ee8f1bfdb
iv prepr,7719373f18504e62
int arXi,926411e95b915e6c
v1610100,29edb5a5aff7596d
99v2  20,18750f89988e8dcd
17 19 Yo,f39c670e87381729
on Kim C,b869bf172d4148c3
arl Dent,b81c129d66350c69
on Luong,2cd666e95a6f9a72
 Hoang a,039f02202f5c56ed
nd Alexa,c1ac699e094af597
nder M R,2fc7200f7de97baf
ush Stru,92e45d2ca08a9799
ctured a,879dc32053bf0377
ttention,277dcdafe63a85bd
 network,eac01e66d05ba6f3
s InInte,b5977649b5e60e96
rnationa,263c6eedaa16f4df
l Confer,b24db3e5a245a53f
ence on ,90b659acc3e491f6
Learning,bc6e2ea9ab28a7a8
 Represe,b61253043ad59ac4
ntations,116e7fcb464d7263
  2017 2,ad79f0176c84035a
0 Dieder,525b5367ccaf7066
ik Kingm,1b0a220bdecbef5a
a and Ji,b8136b82b08887b6
mmy Ba A,41bd39cf81c0c2f3
dam A me,d58c7bb92cbec8c4
thod for,ca2a34a77047f281
 stochas,5281b3d531993295
tic opti,89ad78ecd1f0a23c
mization,5dfe6ccc6f1b565a
 In ICLR,ed8988223d2a4aa2
  2015 2,5ce121825289d4e1
1 Oleksi,2837009bde3830aa
i Kuchai,35b5d45c0b1c2f3f
ev and B,ecd038c614519057
oris Gin,0d2906b9e6ea3370
sburg Fa,0a028765a2299db1
ctorizat,5e380d553530403d
ion tric,46812fad86232c29
ks for L,c91238f2274a65a2
STM netw,9bdd5c21f21fe906
orks arX,b453b25d97ad9cf1
iv prepr,7719373f18504e62
int arXi,926411e95b915e6c
v1703107,faaad3bb40e78247
22  2017,c191b95b7579cd6c
 22 Zhou,492a57b3ebb866f9
han Lin ,008cb29cb017fb5e
Minwei F,b345ecfbbb65bc63
eng Cice,0dd39cc1216cb228
ro Nogue,a00c8d3b418ccf49
ira dos ,1d530c512f616cfd
Santos M,873f5ee06ec9e962
o Yu Bin,bf6f2228e5238a11
g Xiang ,af9168e7fbcb7c25
Bowen Zh,40348a60df11cdc3
ou and Y,45a01afb444419b6
oshua Be,b81fa4153128a550
ngio A s,005356ef26c8d0c5
tructure,20e60b67660cdc46
d selfat,11cd8a439d2d49ca
tentive ,06a8aff5c025cc6d
sentence,f09f9be7e2007bd1
 embeddi,24422cb18d245f5b
ng arXiv,921c8da173bb5da0
 preprin,2a895af8feef4a31
t arXiv1,954073a951c4532f
70303130,5585999c68afc969
  2017 2,ad79f0176c84035a
3 MinhTh,9341baba6fa39d4c
ang Luon,22d23414cd851a4f
g Quoc V,a6b8134ef1f4d699
  Le Ily,cb30ec649699b998
a Sutske,71aba0f45504ea66
ver Orio,d51e375c92fff92a
l Vinyal,750530fe05cd53e3
s and Lu,a255bca645d24493
kasz Kai,6cd146d1be2a953b
ser Mult,0814fca52da33728
itask se,b5f632c530d3088a
quence t,bf15c01186bcac65
o sequen,dd69a012eed5df1b
ce learn,63d7fdde8d0714d5
ing arXi,70bed0783c59446e
v prepri,3263328143177692
nt arXiv,d26b1dff49ed2513
15110611,fc31a7a23663da55
4  2015 ,6780049a96f7cbc8
24 MinhT,85ada48e1f5b4d29
hang Luo,2ef5c762426e3bee
ng Hieu ,99fbfa0a704465c0
Pham and,9874c2d5ec4e11eb
 Christo,f7c8c616091ff53f
pher D M,9fdd1499f101a9b2
anning E,fa17b0892eb663a0
ffective,ff8d26671d12d4bd
 approac,9ff39d8df5872f8b
hes to a,9f8803bdace7e79b
ttention,277dcdafe63a85bd
 based n,ca0019c759e99bea
eural ma,5121d61a244c38b5
chine tr,945d68f48cc0817f
anslatio,f109bc404bc65f18
n arXiv ,d0657d2458acef17
preprint,7f24ca00f0c77154
 arXiv15,59d2d3f8d584ebe1
0804025 ,4e3c773e670d7c9b
 2015 11,5cb160a821563874
25 Mitch,5030d0066f6f1e85
ell P Ma,261a6db7ab5efe7a
rcus Mar,93a759ef088b5098
y Ann Ma,077cbda32a3d6823
rcinkiew,ad54dc1899adb6f1
icz and ,45849aef21d9ea29
Beatrice,b4fcb4139b5c4432
 Santori,9bad81bc17492106
ni Build,0a3da5a73406cf92
ing a la,d2aaa24a8e874e20
rge anno,77048bd978c9dbe3
tated co,71a565e693b9e460
rpus of ,d3bdd1295bf25f82
english ,912a8cf875c5f094
The penn,a17186e0dddf020b
 treeban,b34d9025a9429373
k Comput,f3868c8fc001828a
ational ,303bee3bc6d566e2
linguist,c0d6a81966797c32
ics  192,be1ea2c5925ef099
313330 1,e6e0797518d4c7c7
993 26 D,6c9f3cdbee23bf45
avid McC,23fcf6767123342e
losky Eu,c998dec1996a80cd
gene Cha,e5ab844bed813091
rniak an,4c59319206684e69
d Mark J,5508a300a3ab3885
ohnson E,fae6d71fdb463b53
ffective,ff8d26671d12d4bd
 selftra,b0891b349108ab47
ining fo,699145500b772035
r parsin,967a6874ec049eeb
g In Pro,06cd69747a868954
ceedings,f54a7ea3c2f366d4
 of the ,dd8ad90f8f8e55ae
Human La,4887d366abd37c73
nguage T,6bc54e711c775ff1
echnolog,64e5b7574fb96185
y Confer,9c3e6e775e5e4f95
ence of ,36e3692dc447646c
the NAAC,02fa4b26063f8fb9
L Main C,1a8e808e6e8fd25c
onferenc,f2c8455ce4726893
e  pages,c7bada2cbc6eaa37
 152159 ,c0e640443483bbde
ACL June,65778a479842d942
 2006 27,5bf4efaecb08d133
 Ankur P,ba282b4d6bacc83b
arikh Os,cbf3575086b00d85
car Tcks,30f33c891a64955c
trm Dipa,adc307a6e70db004
njan Das,4adb1a95b4eba994
 and Jak,f26772aaccbcd3f9
ob Uszko,60e9fc254818aef8
reit A d,6bc4dda8414c9365
ecomposa,47024f0c7b2e550e
ble atte,e2ee916d141e8e03
ntion mo,2dd760de480e6d48
del In E,122deb10a79b1024
mpirical,5fc43dd2d14f1022
 Methods,45f05ccd5bcbad34
 in Natu,5f1e8c5c2bb8a45a
ral Lang,36b4e7d36abf199c
uage Pro,c615268a0423e5b2
cessing ,4a8b00c172bbd819
 2016 28,1de798c6fe3c6724
 Romain ,52cb27621a9b49e1
Paulus C,f2ed18c5a9a482cf
aiming X,16e1b25631bb853d
iong and,587d5a11b690f3a4
 Richard,c7a8d3582ed7c750
 Socher ,d016016c5b84d21e
A deep r,90ee37ea7aa0ed07
einforce,f6f5b894e1c8d2d9
d model ,0b362b7e2940146e
for abst,ad1a40f604c3d2b5
ractive ,9c4b7ba59d0fa5e5
summariz,f7a58cb660370a2e
ation ar,376136bd458f9d16
Xiv prep,21e85f0cd2ead47a
rint arX,a317a330b9b4493e
iv170504,845bdf284ce9e72c
304  201,bf6c72e0f0e81c0c
7 29 Sla,e66e8dcd67ab2745
v Petrov,19b7cf7672f402a9
 Leon Ba,18be487b2df84b77
rrett Ro,bf9a91764e730340
main Thi,b9d244a6bd7cd951
baux and,9e9d9126ad1a0617
 Dan Kle,50c78b9db8beaf43
in Learn,99831a5a585f6f4f
ing accu,70dd142a17129916
rate com,6da7f90b97383764
pact and,284ab8a99ca350fb
 interpr,ef1edb82e3611baf
etable t,4eba97e5495ec4e0
ree anno,587e67506d9dbd56
tation I,a2b57c07682a1dc8
n Procee,bfb3aecad688cca0
dings of,4ba1d384ce438802
 the 21s,e408d7751c32b16c
t Intern,a42e65570927ad29
ational ,303bee3bc6d566e2
Conferen,9bc8b51d3e533077
ce on Co,b9c5ef691971c143
mputatio,32e8d375ab74bfd7
nal Ling,4c69be0937cecaec
uistics ,6fd58be84fbd83fa
and 44th,c33b1b19727a6b81
 Annual ,5fe9f1ee5d3c089a
Meeting ,866f8df74043ed3b
of the A,3597910572f0c611
CL  page,270a01446797b52a
s 433440,f7e573b5b1fe6791
 ACL Jul,e67f8c4c240cfcc3
y 2006 3,914b831acffb25f9
0 Ofir P,d6260b96ca0ff690
ress and,06c3bc29b1b02bba
 Lior Wo,fb1a5ee47316907e
lf Using,6a02e3e6e77aa411
 the out,4a4e4de9f2b66fab
put embe,6d383967a9083b7a
dding to,e0cb2c3c0d22004e
 improve,a7637dd64d261089
 languag,b67494659c302e91
e models,773548d0a0975bdc
 arXiv p,ed7d131efb697e63
reprint ,6010188a0dcbbd68
arXiv160,15c43d1fc4279543
805859  ,f53fb8bd09309b7b
2016 31 ,389470adbca95abd
Rico Sen,82c3fb7bb5acce91
nrich Ba,5ff8e742c2db79c5
rry Hadd,f8938f9d6dab2845
ow and A,5bbc1e183642a81d
lexandra,7d7b9b7f971802f7
 Birch N,cd9d932ac7562deb
eural ma,5121d61a244c38b5
chine tr,945d68f48cc0817f
anslatio,f109bc404bc65f18
n of rar,2899332512240b6e
e words ,375f23adcf9d224f
with sub,32300cad0f8f40df
word uni,834854e55ad07075
ts arXiv,55267b9ee23b1027
 preprin,2a895af8feef4a31
t arXiv1,954073a951c4532f
50807909,4eaf5aeece779fe8
  2015 3,cea80effb117e1bd
2 Noam S,8acc3d61e0625ce1
hazeer A,83d7d38a221ed9d3
zalia Mi,cac5b66101e331bc
rhoseini,b81f873fdd2f2b6f
 Krzyszt,2567daa47f38e7ec
of Mazia,873735236c5252ab
rz Andy ,2a7ee1e559196478
Davis Qu,c674ffc628cd096b
oc Le Ge,39add84a359766fe
offrey H,572d793d051cf84f
inton an,066d8eb7c1d80188
d Jeff D,ef262a2b989a4510
ean Outr,45ff270e96ae51ec
ageously,a3e57350c1f3ef9e
 large n,185709c02a6e91be
eural ne,56cd6a641d80c0ab
tworks T,ee79a2dc0bb8ffb8
he spars,5bda1b4955e3a9f1
elygated,ffe9ca09dfd55608
 mixture,d51b744f3db17a22
ofexpert,2b10c644164e563e
s layer ,ad763fd3180b4714
arXiv pr,b893e7c0d9759b57
eprint a,22899f7a42db603c
rXiv1701,5ada1782fd9e8df5
06538  2,5e0db91edd010013
017 33 N,42b00f7c14a66409
itish Sr,4e738a62d82bfe0e
ivastava,73a78df2d97292a1
 Geoffre,af46cfcdbf2a1339
y E Hint,0c9f7ed98686bc78
on Alex ,f826833f47a27a8b
Krizhevs,a27c3397ae4426e3
ky Ilya ,b256bc2872a404d7
Sutskeve,4f1d4305306f578f
r and Ru,fb0f5f9b34c79c58
slan Sal,4d9f0fc64d0fdd54
akhutdi ,59025c263dfdb487
nov Drop,ff0c3ce0ad314414
out a si,1c1dd4b38ee4c145
mple way,09f3efe4cfb8aacd
 to prev,76c6d463537ad41b
ent neur,3e352ac81db5143c
al netwo,c8f52027982f4231
rks from,83aab969dda3af30
 overfit,a8916d6519b6c1de
ting Jou,68c792e270bafc22
rnal of ,aecf5d1ccab42843
Machine ,1206bc3c54a89bb6
Learning,bc6e2ea9ab28a7a8
 Researc,96a55aedf2596cb0
h  15119,768ef6395f6c9e3c
291958 2,1a635d8317330c67
014 34 S,03faa3d8d7bff404
ainbayar,391427a053df5c7a
 Sukhbaa,9c108e5cf1bd981a
tar Arth,1352b003f511be75
ur Szlam,ce29ac93f1e69b1a
 Jason W,c7c18f854ee3dc70
eston an,dddac987e34901f0
d Rob Fe,8f7c40599a2eb691
rgus End,7741a7f3c638a1bc
toend me,df458f06c95fbb99
mory net,5b6c4277b27a0bf9
works In,21c6c2e3d89f35c4
 C Corte,58c75c80a9c46d1e
s N D La,38be5ef94eb5b307
wrence D,ccbc5d11c00e4f16
 D Lee M,27494ce564b0cf56
 Sugiyam,62817d0a6b08662d
a and R ,349f596bd81abbcb
Garnett ,c6075b0969553b62
editors ,8b7e18c1f65c654d
Advances,3f03c0aad88b91b1
 in Neur,cfb804641bd17e96
al Infor,4bf8b125a0ed7962
mation P,d0e13f11cfdb2845
rocessin,efde058e401ac846
g System,36ed7477daeb29e3
s 28  pa,915e2565b783ea75
ges 2440,fbbe659fc442c1c4
2448 Cur,4678c5f156a37bbe
ran Asso,4c1487f82d080d97
ciates I,63e6a3e3a734576f
nc 2015 ,7b92808b81af9bfa
35 Ilya ,57ccfeb232aee6eb
Sutskeve,4f1d4305306f578f
r Oriol ,0b23a9950701747e
Vinyals ,7b742eb1ebc534e6
and Quoc,28e23761b844b4b2
 VV Le S,f222f67bdc4a0fa3
equence ,4976b90fecaf93ef
to seque,3cfb8f85f499580c
nce lear,4ca2939a90986857
ning wit,a5c51b6a5f225158
h neural,515677170f14a12a
 network,eac01e66d05ba6f3
s In Adv,c7fb5921ef060cc2
ances in,985d6bb1ed89bb21
 Neural ,8e5b4c08bfc0d289
Informat,5b544b597aab4959
ion Proc,09ed9ff23e06f44a
essing S,58d7bf3fed623b44
ystems  ,d4468a034ac2606d
pages 31,03ed25853a7738a9
043112 2,754caa3cc7e6fa8f
014 36 C,d62fc583f6a0a079
hristian,e1c40d404fb05056
 Szegedy,0fb7cb7a0c45b80e
 Vincent,ae6f2d10c8ce212a
 Vanhouc,0c9f872c4263d3fa
ke Serge,faa809d2548aa52a
y Ioffe ,23261e13ad3c1ef1
Jonathon,05af004e163a92f1
 Shlens ,8b36b001167b0e4f
and Zbig,c66baa6418eb6e88
niew Woj,9147e7a8569cd243
na Rethi,df7c901d84e5b219
nking th,bb07c6a2b3e9d752
e incept,aae0d64af3d78bb4
ion arch,88d2f42313e78c45
itecture,569f67ed2b87538c
 for com,5843b7674f39f1a1
puter vi,a9b516db96c53d67
sion CoR,d598b3f3edf4eb18
R  abs15,6185732081d54c41
1200567 ,6107bbf21eabfe74
2015 37 ,f909d0c51cc5b97c
Vinyals ,7b742eb1ebc534e6
 Kaiser ,666156be004b2f54
Koo Petr,c04ac97f7313a61d
ov Sutsk,975cd6462b60bc6b
ever and,711331faf4b9e592
 Hinton ,bb16fde04d929fb9
Grammar ,7b37ddaf68b7dbe3
as a for,dfc3315f60c31449
eign lan,37f313815fe7a039
guage In,b052083c6fec67e2
 Advance,e4e65af7e51c8d86
s in Neu,50392e84c79777d4
ral Info,f9c8e48eaa1a0a2c
rmation ,201bfa00a81751bf
Processi,d68a0f366549dab8
ng Syste,5d8a32cffdb30eb3
ms  2015,4043c8318d88dade
 38 Yong,a95875b94f34f3b9
hui Wu M,a2423dfda4140040
ike Schu,5cba2c0efbfa4edf
ster Zhi,d09219b0ae94f2e2
feng Che,805c2488a716c028
n Quoc V,d1685061b2954ebf
 Le Moha,67d2518053df03bc
mmad Nor,859812a13848090e
ouzi Wol,591580d891201446
fgang Ma,58762927c3f86344
cherey M,6cad976b102e2cec
axim Kri,e943d79cba49649d
kun Yuan,e1a2e184b8e0425d
 Cao Qin,6c79a9061974091e
 Gao Kla,3cafca4f6ac792d6
us Mache,146550df63a6c15f
rey et a,34ccc30dd5fb8605
l Google,c91437848a56e8de
s neural,897d7d4b9200d592
 machine,65671c8600317736
 transla,7c8e7ac04f3b1748
tion sys,748ab59a9b76b6da
tem Brid,62d763540c4b1741
ging the,4dfdc2a7665a04a7
 gap bet,0e2a7f5df0b21091
ween hum,ca4ff4d0ef1162f4
an and m,2d095121c625a7e5
achine t,1126502bb6a9a8a5
ranslati,6544e1dbaea4a266
on arXiv,65fd9a91b59f40ab
 preprin,2a895af8feef4a31
t arXiv1,954073a951c4532f
60908144,2b28b64a3b7faf0e
  2016 3,18458d422e62d7ce
9 Jie Zh,5c1dee93a878e9bd
ou Ying ,614bc1238d7ee611
Cao Xugu,94eecc2abc199f37
ang Wang,71007cc015a10178
 Peng Li,b7372885aa439c03
 and Wei,29bdf7950cd2bacf
 Xu Deep,9d1d71d24df6be90
 recurre,e51c983a29f26954
nt model,490a4d84609f41c8
s with f,7eb67eb06e7c2613
astforwa,2db7e68771af02ff
rd conne,337b88f480189fcb
ctions f,f758bfe7b8ae19f3
or neura,db233a37a65805cd
l machin,caa01e4495ed1084
e transl,368d548b6514ebe5
ation Co,d80ddedaa4e355b0
RR  abs1,2139c5759ae1a9d7
60604199,6c142c66062de097
 2016 40,e7b66c37912f3d3f
 Muhua Z,12098d2fc33f480f
hu Yue Z,e4ebc44448b5de75
hang Wen,0e79ae99c3c8f217
liang Ch,832211398ae08c95
en Min Z,88056f67081ebc62
hang and,d4823e7a4087be26
 Jingbo ,25ec666058a18cb6
Zhu Fast,52c88a386ae4d1f8
 and acc,ebaa62b6afdac976
urate sh,cf985a27ba40b50e
iftreduc,98cb1a5206329dd2
e consti,bd55641d48cb1b02
tuent pa,0180853d1b91313c
rsing In,9690e92bd4f670cf
 Proceed,4672cb4939b5e6e7
ings of ,f61fa7775e4a9242
the 51st,050fab95740c4809
 Annual ,5fe9f1ee5d3c089a
Meeting ,866f8df74043ed3b
of the A,3597910572f0c611
CL Volum,cde3d074af16c908
e 1 Long,75335ffe580fd64f
 Papers ,0248e782f7a26776
 pages 4,6dd67451645db54b
34443 AC,bbc4456465eac23c
L August,3222dd388e174a3d
 2013 12,d92e4bbea3fef411
Attentio,80e86608bb378cc0
n Visual,8bc5b3f2f1f0ab0c
izations,b402650b1e009a68
 InputIn,1614a4dec9e71f04
put Laye,1e1d882d40334fb3
r5 It is,ff27e96396560d1a
 in this,48baf1f79ce6eab3
 spirit ,7043bd76eee1774b
that a m,f337fe04c64f120b
ajority ,36d01a0a99b0c9cd
of Ameri,b75d27d04baa7429
can gove,c188a5f13be7063c
rnments ,4c661d9750528193
have pas,73ce75b87dd8f6ff
sed new ,ee24413957ff6ca3
laws sin,93acf4acec26a7d1
ce 2009 ,8e42a50f2d5ae003
making t,3698980d10ead1ec
he regis,d4db1cc3cefd73dd
tration ,250ff791e60809ec
or votin,68e27dd1d082ee96
g proces,3771a347fea0edbd
s more d,22b176d50d2ef54f
ifficult,13e9f05abdb2f7d2
  EOS pa,cd54430e23a2c780
d pad pa,2e0eda846d759bb8
d pad pa,2e0eda846d759bb8
d pad It,72d42f369c4a1ef6
 is in t,896339fa15b2612e
his spir,d2c68f585197740c
it that ,79b090eba8015018
a majori,d74e84b641405e08
ty of Am,114a12252eff11f6
erican g,f6c06ab8b523c95b
overnmen,bf18c951ba3f371c
ts have ,d1a72ba46168f69d
passed n,7ff7e4a7364e4ef7
ew laws ,2765326b60746dd7
since 20,36bc1bdfb5d95715
09 makin,299aa9be93996bfa
g the re,6b9fa93366c2d7e9
gistrati,fcbf5e3bc479eb51
on or vo,a823368fc662887c
ting pro,81e4e3c7aad736bd
cess mor,07cb83088e4f9b39
e diffic,12b9aa1af3c1c59f
ult  EOS,0bc51b731beffe57
 pad pad,d8b04f0af9986c56
 pad pad,d8b04f0af9986c56
 pad pad,d8b04f0af9986c56
 Figure ,80d14b2b77dd99ae
3 An exa,72f29204b3cd646b
mple of ,ed7094c19b032765
the atte,13a615f803b436b6
ntion me,a5286f0825b0a757
chanism ,7573025afeddbce4
followin,5d4e96b6bcd327ee
g longdi,ba9c912f15e8c90f
stance d,de90b8e8057ceffe
ependenc,2d35b6d30bf5152b
ies in t,199f951a17b1a034
he encod,e93b772835919995
er selfa,aed2cd126fa0d6ff
ttention,277dcdafe63a85bd
 in laye,28ac42db08f5324f
r 5 of 6,61cd4e8b96e0ffe3
 Many of,fa246a36e9560d3b
 the att,dffe88c030ba4a06
ention h,bd860faba97a230f
eads att,87ffd0032bf2a4db
end to a,98818d971afbdafb
 distant,fd01db0ce1a7a998
 depende,6a2af7cfa9743cb1
ncy of t,986c22d1227d312a
he verb ,23594b05cd2e5884
making c,c70130bad01660e8
ompletin,2550303590e9bbb3
g the ph,9ccff32c18df4fad
rase mak,6a74138d0bda95ec
ingmore ,e98a766c7a3c66ca
difficul,fc3e03248112fb73
t Attent,e17974052f924b6d
ions her,8c63ccf393d4725c
e shown ,00c991f211ea6506
only for,26187b3690edc5eb
 the wor,f9306a5543831b48
d making,ba7e63ec80e79b3f
 Differe,6b374358e5af6c8b
nt color,fa8fe24a59a3307f
s repres,61b7e276a9f7dfbb
ent diff,dc385635528c6c18
erent he,03faf2253e8f3ded
ads Best,346c1d19899198f0
 viewed ,ffc8d69b8f060d0b
in color,b42182c5c128558c
 13Input,3ecb6c9992bb24b0
Input La,7ac2084cfad2eb37
yer5 The,5f1f24a82fa2c2f1
 Law wil,61189765de688b8e
l never ,5620fc21b8261e0d
be perfe,c12662093d6e3d13
ct  but ,26903dec113361fe
its appl,2d4dc5c7f9d1b65e
ication ,b80eced464d645b7
should b,4ef0c06ac670c8e8
e just  ,81eefbf9032612f9
this is ,61d0026d24519c81
what we ,2033b207355c569c
are miss,a6f6098ee455abda
ing  in ,684b9f838d369002
my opini,188f18cb06ca29a7
on  EOS ,124a736a191020df
pad The ,924781f3aa202160
Law will,d5fbd2c44b37bfb8
 never b,605c0014b82fca70
e perfec,630f1c887cae9105
t  but i,b8c98fcf1f070a9e
ts appli,8c32fe628ed03e6b
cation s,02a0569901402f19
hould be,1cea4d941bc495a2
 just  t,3b50169d7c152190
his is w,3fe6592d85212e84
hat we a,2a8f28d53b85fae2
re missi,40b2cab33182dd26
ng  in m,d378395f6de37792
y opinio,3a1c1ce148e6437a
n  EOS p,e41c94eb8b2fb80e
ad Input,b610c5d885b233ac
Input La,7ac2084cfad2eb37
yer5 The,5f1f24a82fa2c2f1
 Law wil,61189765de688b8e
l never ,5620fc21b8261e0d
be perfe,c12662093d6e3d13
ct  but ,26903dec113361fe
its appl,2d4dc5c7f9d1b65e
ication ,b80eced464d645b7
should b,4ef0c06ac670c8e8
e just  ,81eefbf9032612f9
this is ,61d0026d24519c81
what we ,2033b207355c569c
are miss,a6f6098ee455abda
ing  in ,684b9f838d369002
my opini,188f18cb06ca29a7
on  EOS ,124a736a191020df
pad The ,924781f3aa202160
Law will,d5fbd2c44b37bfb8
 never b,605c0014b82fca70
e perfec,630f1c887cae9105
t  but i,b8c98fcf1f070a9e
ts appli,8c32fe628ed03e6b
cation s,02a0569901402f19
hould be,1cea4d941bc495a2
 just  t,3b50169d7c152190
his is w,3fe6592d85212e84
hat we a,2a8f28d53b85fae2
re missi,40b2cab33182dd26
ng  in m,d378395f6de37792
y opinio,3a1c1ce148e6437a
n  EOS p,e41c94eb8b2fb80e
adFigure,57effd12276e808d
 4 Two a,1a9c9f571ee4c5fa
ttention,277dcdafe63a85bd
 heads a,30df7b2febc2e17d
lso in l,20a93e43060aae1f
ayer 5 o,4a097e96eff867bc
f 6 appa,4665637d1f0a6b61
rently i,7d218307bb0022f6
nvolved ,0051d331e39ba300
in anaph,f5aacd3c9fb018bf
ora reso,9f50e2ccab4a7494
lution T,7053fa400cde2d06
op Full ,c653e56c13fb6b7c
attentio,9daa3b0469c41f43
ns for h,f9bec4debe035d8b
ead 5 Bo,1da4c77365fd741a
ttom Iso,bce010aeb3365234
lated at,6c12c98d687b301f
tentions,d265ad7053c77a3c
 from ju,13e06f6995beb251
st the w,aecdfa20084f19cc
ord its ,011feb61f63dd836
for atte,a6c7256f84ebdcf9
ntion he,78ae486937cef440
ads 5 an,b636faf9ed329fc0
d 6 Note,60f75f3fc430fe9f
 that th,df305a8e69df042a
e attent,d155b3d56591a245
ions are,d259f0cd6c2243a0
 very sh,92468096321901a0
arp for ,bb09a49a502ba43f
this wor,a4a7836d06c061f8
d 14Inpu,22971bff58e943d6
tInput L,7dc30b58c54a8580
ayer5 Th,a571a9a2138af197
e Law wi,64384f8706520cb6
ll never,9f0f67b06058619c
 be perf,26c611e78e97545d
ect  but,1a3f3d7a47c002eb
 its app,e316e34c26668bdd
lication,77aeae54cb01dc8f
 should ,9e3773ec17d260e1
be just ,500af390fd83c1ce
 this is,a2ce91df645886ca
 what we,bd9efbcdb05de2dd
 are mis,4c9e0783d370285d
sing  in,f03baa31ebc2cbbb
 my opin,169ecafaa3a9957c
ion  EOS,5f5613ad22c1b2c7
 pad The,7e1b9ebcf2005b30
 Law wil,61189765de688b8e
l never ,5620fc21b8261e0d
be perfe,c12662093d6e3d13
ct  but ,26903dec113361fe
its appl,2d4dc5c7f9d1b65e
ication ,b80eced464d645b7
should b,4ef0c06ac670c8e8
e just  ,81eefbf9032612f9
this is ,61d0026d24519c81
what we ,2033b207355c569c
are miss,a6f6098ee455abda
ing  in ,684b9f838d369002
my opini,188f18cb06ca29a7
on  EOS ,124a736a191020df
pad Inpu,7586c5900c8dfc7f
tInput L,7dc30b58c54a8580
ayer5 Th,a571a9a2138af197
e Law wi,64384f8706520cb6
ll never,9f0f67b06058619c
 be perf,26c611e78e97545d
ect  but,1a3f3d7a47c002eb
 its app,e316e34c26668bdd
lication,77aeae54cb01dc8f
 should ,9e3773ec17d260e1
be just ,500af390fd83c1ce
 this is,a2ce91df645886ca
 what we,bd9efbcdb05de2dd
 are mis,4c9e0783d370285d
sing  in,f03baa31ebc2cbbb
 my opin,169ecafaa3a9957c
ion  EOS,5f5613ad22c1b2c7
 pad The,7e1b9ebcf2005b30
 Law wil,61189765de688b8e
l never ,5620fc21b8261e0d
be perfe,c12662093d6e3d13
ct  but ,26903dec113361fe
its appl,2d4dc5c7f9d1b65e
ication ,b80eced464d645b7
should b,4ef0c06ac670c8e8
e just  ,81eefbf9032612f9
this is ,61d0026d24519c81
what we ,2033b207355c569c
are miss,a6f6098ee455abda
ing  in ,684b9f838d369002
my opini,188f18cb06ca29a7
on  EOS ,124a736a191020df
padFigur,4ac2ac7d3dbc9ef7
e 5 Many,67803324aed0bd50
 of the ,dd8ad90f8f8e55ae
attentio,9daa3b0469c41f43
n heads ,8e8c6ab7f0eaa535
exhibit ,4001b2a2435d961b
behaviou,791c726b37f23732
r that s,77bd00b6d9eb32b0
eems rel,9f00bec7e6dd6f1b
ated to ,5c2500d9ddadbd02
the stru,dbc471e07a88a770
cture of,6d8c7cd27c15f157
 the sen,0ecd0e5bb21675ff
tence We,c1a42708e8cf3d2d
 give tw,47330bc0695cf76a
o such e,16652a3ab5c0a69c
xamples ,352b3352dc0e24d0
above fr,22c86fad91aec519
om two d,86468fee97ab8b56
ifferent,931966cc4a9b3712
 heads f,1c7078699a201325
rom the ,9960d155c4acc242
encoder ,5f6d33637b2d2d48
selfatte,32cc2b2379791b1b
ntion at,b46ac5359983f9a4
 layer 5,aad7f31e829224c0
 of 6 Th,e34404eac7b31935
e heads ,199e6fb7f00e4c9f
clearly ,0219ab8d0daa9650
learned ,0d335e17fec7135d
to perfo,a21b5c21048579e4
rm diffe,f5c2fe5d3bf7193f
rent tas,56ed057d09eba650
ks 15   ,d847e5c667297663
