Plaintext,Ciphertext
aaaaaaaa,81fdf3c515b1b61a
bbbbbbbb,ce79fbf1e6d55799
cccccccc,a9cef48046a2bb7d
dddddddd,5600acaf1bf49642
eeeeeeee,690cfe2936e3ee15
ffffffff,1c0f2cab84bc07a5
gggggggg,78bff25bc5fd8474
hhhhhhhh,049bac6926d63b00
iiiiiiii,d324a96da3b528f6
jjjjjjjj,cbd13d108084c086
kkkkkkkk,db710c99bfbffe44
llllllll,d251eedde8e6497e
mmmmmmmm,cb46a066bd88f79b
nnnnnnnn,109c791b7d034052
oooooooo,65e3cf926a1b7643
pppppppp,2a6e89801e4a1be8
qqqqqqqq,ef4e2798b720385d
rrrrrrrr,a0620b4f03e58a6e
ssssssss,bbcbe476cc3a6d47
tttttttt,25226eef0d613932
uuuuuuuu,4696cb2acbb8e3f3
vvvvvvvv,e9aae62923268e90
wwwwwwww,77483ba5e5eeb805
xxxxxxxx,0dfb33da5e46e7c1
yyyyyyyy,6dbf0ef8f9f4aeaa
zzzzzzzz,0ce1f662f0699415
00000000,d8b619e82d59fe6a
11111111,fed7d41af7bf1ab9
22222222,5c164855a4ad98d7
33333333,59f8d3a4820fb71d
44444444,a829800e60b5257a
55555555,4a4e1ba0cf4c35c3
66666666,30f1a8d78fadd339
77777777,f85459e8754f9e8a
88888888,e617b7e16a117e1d
99999999,0e8f54058efde45b
Provided,da51a55df91d146e
 proper ,23ce94c2690de33f
attribut,1e24a270e0264638
ion is p,b237fe0ea94bcba0
rovided ,7385f85c88ee516b
Google h,3b4cec9ecea6d542
ereby gr,09bee0f80f689187
ants per,e665fcfc15954b2d
mission ,7ba082ba4d7dd76f
to repro,79bf96a857859875
duce the,d591169ec3f26883
 tables ,5bec211f627b848e
and figu,0935c1270e2e7421
res in t,4ff4031fd08b2357
his pape,2498dd67ac869dcc
r solely,ba9bff6bca885996
 for use,ba339d49c895579d
 in jour,2f92f68c25d7b6cc
nalistic,bc876ade18aa5b33
 or scho,ef50fbafdce1e460
larly wo,cea9a30d00adbb68
rks Atte,a4d76b46a756e596
ntion Is,6b699dbaeea1bb08
 All You,6eae330770174b64
 Need As,389858732ddee131
hish Vas,b2a2960d8df6a80d
wani Goo,a7577824c155ed52
gle Brai,48031612116cc86f
n avaswa,66cd8e604e38f25a
nigoogle,422e92dbb76d4a20
comNoam ,6362df8f7d1c5186
Shazeer ,cb3176e6352ade51
Google B,3db31d4d32c3f38c
rain noa,0b926c9f1b464132
mgooglec,c409a70203f0b46f
omNiki P,d73b5d6a933620de
armar Go,3fb1431a364b1997
ogle Res,aaeda2a66a65f4d0
earch ni,2e506e827155f068
kipgoogl,4fe0bd449af8b0c3
ecomJako,9dd4555ac14511a6
b Uszkor,604962ce41ebc2f1
eit Goog,40b217b024be7919
le Resea,b976390d0ccda71c
rch uszg,008c7ad412c2fd84
ooglecom,8fe12a67da20caaa
 Llion J,7904c5b57537e0e0
ones Goo,7d2a788d8fa8778d
gle Rese,930cfa594a48f4f9
arch lli,c46e92e5dd1f313a
ongoogle,0442643dffd94e7e
comAidan,589357ba51dd560e
 N Gomez,84a0accbf71cac92
  Univer,dce20da94f9753bc
sity of ,98a917d93159b6e8
Toronto ,a54414989391d390
aidancst,9dd1b87312553550
orontoed,c24df573f496f8b4
uukasz K,bed1f5ce19681d4c
aiser Go,5c78ff4aad6a908d
ogle Bra,93f9989f3e84ee47
in lukas,cec68177b1ff58c5
zkaiserg,9946bb9edbbebc7d
ooglecom,8fe12a67da20caaa
 Illia P,4538d74e1f128e59
olosukhi,3cecdedb2220e639
n  illia,360f5fb8457bcd8e
polosukh,9d4e049903248b5a
ingmailc,9c40545c825c6941
om Abstr,e3210e3cf67cc07e
act The ,ebf0c263c0b9118a
dominant,e1ee15b9c49d2eef
 sequenc,8da6082949078f17
e transd,ba85d5a04ad1c350
uction m,56f72fa220da75dd
odels ar,0b7ffacf7714a086
e based ,9239213657e5e8c5
on compl,07be281cfb04a3b5
ex recur,dc505aa178ae830b
rent or ,894eb097839491f8
convolut,55cfb566ce461099
ional ne,dcf98c094423f511
ural net,2cf865c5f358f3f8
works th,e93fc15fb5acfb06
at inclu,5d241d9b715cf871
de an en,5fb1a19edd088e3e
coder an,0750723623e9938e
d a deco,8135f212600dafcb
der The ,e791d7d7bd69cbb4
best per,c415c3c02e779eb9
forming ,d7e51c83524bf053
models a,df5357b8e51b7d0b
lso conn,79c74937123221ca
ect the ,4a099021c08d0a86
encoder ,7b2d2d48d0e55b0e
and deco,440f5bc8f6484b39
der thro,74e77b091fb175e4
ugh an a,33ef091a7e989058
ttention,e63a85bd2131bfb3
 mechani,4ceeb8e1efe4c9a7
sm We pr,facabfec44383a09
opose a ,245643ee0dc3df64
new simp,dc6cac689ffd9009
le netwo,be6f6450265ce136
rk archi,5b46a67e36f0f111
tecture ,a1d72758b2a15c8d
the Tran,fde9f4a0f98aec8b
sformer ,8a233597b7cf4f1d
based so,65c4e66f17e28af6
lely on ,60be269c9d1c6812
attentio,69c41f4389f010d4
n mechan,3124a7abcb042100
isms dis,598fb806031aad64
pensing ,5647590f8735ea49
with rec,e98517377c096527
urrence ,889cccb718fbe7f4
and conv,8690b343a992ed83
olutions,ff90e13ab7d74109
 entirel,8b4e0ae35cb527df
y Experi,3ee583774f1716b4
ments on,ac304d9c8c8ebe57
 two mac,acf581267632f725
hine tra,cd760a755cc9494b
nslation,2bf31a7fd919050e
 tasks s,8c116a5fd22e0ed4
how thes,c5954e1bd045859d
e models,a0975bdc5ca9ea60
 to be s,07208a3392bff461
uperior ,aa9873bdf3098dc9
in quali,a07870e0a02e55f8
ty while,7c23bef393f3d20b
 being m,02f0006c0a8431eb
ore para,58c0334020e2b6eb
llelizab,9ed7943f193441ce
le and r,62de27719c8715b5
equiring,e9bd986d3fb147cc
 signifi,49f97cbad19764d9
cantly l,a7e6280a6736f262
ess time,4c606988203b0665
 to trai,b96bc0ca3bbb6212
n Our mo,c2b3fd0f53bfa7bc
del achi,29e4f75725f8a8d7
eves 284,fe965dc34cf8aff6
 BLEU on,98272426569f48e1
 the WMT,290f1648079db9f8
 2014 En,82ad94ce6d2049fc
glish to,75cb5794e837f00a
German t,420feaf08ce03501
ranslati,aea4a2665e5a3809
on task ,d18bd4c4ded2aeaf
improvin,4d2cf4c7549197e6
g over t,70d7fd1cc0955f63
he exist,6c886119c8d35ebf
ing best,7a336c5f8b57ed1e
 results,539f73b8d9dbc53d
 includi,e4983108e23d972f
ng ensem,23193ea055d5353b
bles by ,2cce40f28f4ecb05
over 2 B,5b3b2c06a56df27c
LEU On t,9aec88891eacd488
he WMT 2,9af7b85c84053e21
014 Engl,dee0526fd449ff46
ishtoFre,03081fad17a0caba
nch tran,4d7308fe359f7848
slation ,378c6cab49c9fa4b
task our,69e33728ae9efbb1
 model e,99197bdd8d38b0a6
stablish,ba88130a8e01cd37
es a new,2a7c0d3fd2be235a
 singlem,4972db339804b0ce
odel sta,3dde1356dd98b2cf
teofthea,ca7388459624df6a
rt BLEU ,4044ac127a237f4e
score of,13da02408c4aac52
 418 aft,b6b4f2653dc23b27
er train,06ec37eb6ef67389
ing for ,c424baf96bdbfcc2
35 days ,8ba09b4e73ddf968
on eight,024d8089461c291c
 GPUs a ,d8e38097ec62f3c0
small fr,9d266cf7c179a50f
action o,832cda203a168174
f the tr,69a800f10762557a
aining c,b90db3c98bc0019e
osts of ,252c09a13e50849c
the best,501b1e036b48523b
 models ,1e28ce86744a4671
from the,d727d24c9f68113d
 literat,116a35a8561c1af9
ure We s,b5810843b6e36c06
how that,e09ea54e93d95eca
 the Tra,3fd3595b2b20a05b
nsformer,90df0cd6c35ddbc3
 general,d4985f67ad30e360
izes wel,e747e83600f20537
l to oth,ed8c372aeab2c4da
er tasks,79aedd78d25d87f4
 by appl,d24e74c32c8e33c2
ying it ,2d32b56ee0efc99e
successf,a834732ddb12795e
ully to ,f1c7ff7b274de6ae
English ,699628232b9d6e88
constitu,2e86536cfc78f3ee
ency par,33fe5f85bfe77fc1
sing bot,0a2edfa93c1fac56
h with l,ddb9925207c9515c
arge and,feb738c20ea0d600
 limited,e1a5ea5b2231f6da
 trainin,2a3286aea95d310a
g data E,582de6a37ade8866
qual con,a77431d34ce6812f
tributio,7e5c3b78edf6bd01
n Listin,5977e28a77ee62e5
g order ,3bcbd16a1840f5fd
is rando,c8a5e06fcc5d8394
m Jakob ,a71e8f4453fe4d50
proposed,17a5eb5e3f3d014d
 replaci,4192803a43881b7c
ng RNNs ,6b28ce5e7dfa55ad
with sel,fda80ea0052b9543
fattenti,bba60f3d2e9f6f14
on and s,1d1970c53b6f30db
tarted t,62027a9352faddda
he effor,d5e82c63a2aac34b
t to eva,c0f51b1ac035ac71
luate th,ff9efee8da9c57cc
is idea ,7e7594a56d915bdc
Ashish w,7075f3c6ccc33263
ith Illi,e825ccf687d34d6f
a design,49b94f30f4403e6d
ed and i,8ae879ee838f091c
mplement,1bc9ac306bd9a0ab
ed the f,388f894b4d9dc05a
irst Tra,733ebef1994db2c3
nsformer,90df0cd6c35ddbc3
 models ,1e28ce86744a4671
and has ,a82124156023f908
been cru,8fb78d6955b08db0
cially i,db444d743ac63191
nvolved ,e39ba300d89133fb
in every,22a6a2d3499d3438
 aspect ,37f945214d17cf19
of this ,46334f1e540b8d5c
work Noa,3e0e21014fc19a85
m propos,d702f4815fa1181e
ed scale,187d3062156bb172
d dotpro,2e8873fb9224f4b8
duct att,bef4b0f6e6b70305
ention m,cea7baac0c5df00c
ultihead,cc2aec82f1d4465d
 attenti,47b55bf0d2e5f66d
on and t,d8bb7b9ec36db0c2
he param,eb6f4bd4099dbf5c
eterfree,a5a780dce1406ef9
 positio,f6d713a0db3b62a6
n repres,caea05587d299af1
entation,07f991ba74477615
 and bec,80ba5eafa0918c6f
ame the ,b092f95c1238a2d9
other pe,b7a4b7660ecb17da
rson inv,e6b0de2b62ae9785
olved in,0e264655d958119a
 nearly ,d469a4b6826fe61c
every de,2c21ffabdf6100ca
tail Nik,e006827878af1848
i design,620007a0aba26be1
ed imple,8ae14f928ac46c31
mented t,03ee428f42f5cd8a
uned and,520081cfd0ac59ad
 evaluat,a580194ae4c81543
ed count,878f354b97c6ebaa
less mod,b38f8b733f6cbf00
el varia,27ff175878b252d2
nts in o,cf99c0984dc7a5d2
ur origi,b2a0ad3ea4d7969c
nal code,c48b6a1ba83bea02
base and,5dc08ff06f74953b
 tensor2,5e1d1512d6452b9a
tensor L,489bc664599b01e3
lion als,bb47dc091b1964a1
o experi,7d978700d31ab6a9
mented w,163c32539df06cbf
ith nove,5be9cefa15557728
l model ,e9e73f1b1ef3a48b
variants,da9228beb1ef7e07
 was res,d8afcde1c5424af2
ponsible,6c4ccd6b0b3effde
 for our,59289d1a8c902c2a
 initial,7c87c49039929b9b
 codebas,0bf9b1123ba51013
e and ef,f969a509df752423
ficient ,966c43bb7d546262
inferenc,002935b9142a6d39
e and vi,b3c7c3c325ac16e9
sualizat,134e70ec11690c19
ions Luk,358acb8bef0cd151
asz and ,0dbcc14a42c325c3
Aidan sp,60bc7c5ef93f103c
ent coun,8d621027a238b688
tless lo,b1e603b9c5449632
ng days ,d7ffaae13365a463
designin,6957c543c735802f
g variou,d357bb2b556f344c
s parts ,dc4e31413aa4325a
of and i,67cc6038068c90ba
mplement,1bc9ac306bd9a0ab
ing tens,f4823ec4b8d8130b
or2tenso,1dbca7f8d63d3e29
r replac,e61fb47c78df81d5
ing our ,869ea67309b1530f
earlier ,80e75537142c2f88
codebase,142fce2dd948b0b2
 greatly,bf135419a4e87c4e
 improvi,11fc5e8c6d839a92
ng resul,1516e37e4eba4ac3
ts and m,15b6d6bd7e3facaf
assively,ecf820f688f8f83f
 acceler,3b272fa2e985581a
ating ou,41e062c0efd87a90
r resear,22d95c7bce86052d
ch Work ,0e68914b75fc9766
performe,91eacd3c4f310918
d while ,46279a8d8b92c0d5
at Googl,22d6544775ee4b07
e Brain ,a89964fea239e4ba
Work per,01f76740c80e05a2
formed w,6d6c261c5e102ac8
hile at ,6f8f9ceb8aef3d3e
Google R,5b90dad542dc45ba
esearch ,e1e40b2d4eb6b904
31st Con,678846a512d66730
ference ,f740128d87526f5b
on Neura,7fb37df372523a8f
l Inform,27cb9c6c423bcc10
ation Pr,13e125ff28aa5a7b
ocessing,f45c561d546405c3
 Systems,a3fe07e43d6290d6
 NIPS 20,07fb96cdfc4742f3
17 Long ,8096d8d7eab48110
Beach CA,ea8328398c0843dd
 USAarXi,c880d4974c8bd077
v1706037,788a3ad1253fbaa2
62v7  cs,11ecde19662fed17
CL  2 Au,704ab2e3029363a1
g 20231 ,25acdd5e287ff928
Introduc,747fc5755f50869f
tion Rec,a36ad70a7e1a96ba
urrent n,54b2b696e422b092
eural ne,1d80c0ab617d5054
tworks l,eecc59b923a8c532
ong shor,0ad386ee711a6ec2
tterm me,d57e27a39a13ba2d
mory  13,c6166790c65ff53d
 and gat,ce420dfa23c9ef13
ed recur,11b885e29309d9ca
rent  7 ,1940e5d902e2be4a
neural n,24c150c415e64d1d
etworks ,191e486607b52fb3
in parti,4f58923bf132f8bc
cular ha,93805a80b3251aea
ve been ,b118042fa1eee402
firmly e,e3d6a07e0b7f7626
stablish,ba88130a8e01cd37
ed as st,5fac5167fc35ab5a
ate of t,016f1f02d56723f2
he art a,0b614dc5a68a7e8a
pproache,8d9f600127611415
s in seq,cf2b1358ec401b1c
uence mo,90b66f15368c074b
deling a,e3466e70030d88ee
nd trans,5c2916474bf58126
duction ,006342086774177b
problems,c23be15425d85666
 such as,613a2a705a41b40c
 languag,9c302e91a9c7529e
e modeli,910f8072497b9fc8
ng and m,1c6c1b5f765af78f
achine t,b6a9a8a5691ad38a
ranslati,aea4a2665e5a3809
on  3525,7b4e266653e6ecd4
 Numerou,75c693181dd1215e
s effort,4f9de6f91b32bcc0
s have s,a7e60e1461b79e0c
ince con,0f9eb0712b386ace
tinued t,11619b7d56bbf3d5
o push t,10e13a83cf65646d
he bound,8dce89230a4c26c5
aries of,98536d3be213a24a
 recurre,29f2695492525d11
nt langu,fdf5daf05077e6b4
age mode,46aafeb7668b4479
ls and e,2cd51278d60844c1
ncoderde,73a0a008cc84be85
coder ar,d10af578cd1c1295
chitectu,d5640d3bb884bda3
res 38 2,50ecdf681713e805
4 15 Rec,2faf0f70768dd269
urrent m,2bf4512c0af87dea
odels ty,0e4de38a42ee23cc
pically ,c2443e016f91330d
factor c,de432edff7b851cf
omputati,973ce3d30c6dfbd0
on along,679807f18cf4cc20
 the sym,2f6a3a8124f1ecf1
bol posi,774b2d731cc7a743
tions of,92ce618a954ad38d
 the inp,ed9afd1e5bde589e
ut and o,e4394b3edecc3f88
utput se,fffd57863827dfbc
quences ,7df741c452909b4c
Aligning,6d85852345e0d76b
 the pos,50c520df4fa74717
itions t,5a994f60ee01f913
o steps ,a8e9502aa9617b4f
in compu,7f68c22e72ecb20f
tation t,0360615fca0af94c
ime they,131a48782ec8e819
 generat,af1ebdcc655d29e7
e a sequ,801d0ad49b5f20f6
ence of ,c447646c184051be
hidden s,bb83199a18a072ea
tates ht,ed009ccb5b563257
 as a fu,2f4cff730415bcf8
nction o,7398c99322210556
f the pr,797783e72c9d92d8
evious h,5e09b6d864972ed5
idden st,6fe414a9c1e7b0e7
ate ht1a,0911a5137fb68975
nd the i,8fe4a7452cec1658
nput for,ba937f6d99d2ca1b
 positio,f6d713a0db3b62a6
n t This,fa6d66f8347587af
 inheren,eeeed998f2b2e601
tly sequ,3bfd00ffa3fdfb0a
ential n,3d985cf754405649
ature pr,2fc0289d4f130c8d
ecludes ,97992150eabdc746
parallel,7b4a35ec92b7bc6a
ization ,eb15f0c26f9c347e
within t,1cb043d11774e23f
raining ,76b5422f6c522a8f
examples,42e9ba4ea186e105
 which b,510720d113737e69
ecomes c,9aa09a9d6b0cb9a6
ritical ,d4ff1943cf9849b1
at longe,0e8e2cdbf7535f3f
r sequen,357cbd7f83c1ea0e
ce lengt,a3678e6989959bab
hs as me,50d0f57c45157057
mory con,bffc42729adad71d
straints,5323ba48ca21adb6
 limit b,fdccc4e4430756a4
atching ,0520a5daf25606cb
across e,1b58eb5b3a177e56
xamples ,dc0e24d07ba07f9f
Recent w,b669ed7c891fbb70
ork has ,92b031fdeb870c1a
achieved,cd3a0211427de384
 signifi,49f97cbad19764d9
cant imp,5954f9e9cd86f279
rovement,b35205d00959857b
s in com,7a061e5de69e088c
putation,1bf2c6fde240e71b
al effic,b7302982e7c7e95b
iency th,8874d7ebab474e35
rough fa,edcaa4890d229542
ctorizat,3530403d7a64ff1d
ion tric,86232c29cf7e16f4
ks  21 a,5aab0b8dd2598b85
nd condi,615592d90f3564a3
tional c,0b812157156026e7
omputati,973ce3d30c6dfbd0
on  32 w,4ef8f8e481cdd40f
hile als,f707a48ae86c550d
o improv,0639f813f58d1041
ing mode,0907bf8e6d409c13
l perfor,57cdc23675abe099
mance in,e44b5b40d77e59cb
 case of,31ece49eabe85048
 the lat,15db63357e40b7b0
ter The ,36403f580096bfec
fundamen,2315c67a375d3a29
tal cons,f103b7fd56fabbd8
traint o,65df46a295871e01
f sequen,135b4f308f217585
tial com,6c3225c628b6b0b0
putation,1bf2c6fde240e71b
 however,b79d48a4749e109b
 remains,37e5df8d4a48742d
 Attenti,22b2ec57427cc6cd
on mecha,a54e47f84538ec9d
nisms ha,9b185bd3b17fed25
ve becom,7339f6c65e3eb6b8
e an int,04beff43d8d7eab1
egral pa,3a921b01a8735147
rt of co,7f88aae8ce609e51
mpelling,ad6178a4fdf64445
 sequenc,8da6082949078f17
e modeli,910f8072497b9fc8
ng and t,f8d7d65cfbb7cc24
ransduc ,2ceb5b9560e8c450
tion mod,46e6e8aeeba35162
els in v,cf31a1537cabfd21
arious t,ae4429f6dba2f685
asks all,87f96179a27e38d0
owing mo,9ac53643dd304458
deling o,2ee000106baf4985
f depend,c2b309387832379a
encies w,e25e26d0e6d3d93b
ithout r,67e7fb39cdc623a7
egard to,66890f9558633b2e
 their d,76dbc32347a1368c
istance ,52a1b43bdc4860ab
in the i,5bc383db8364738d
nput or ,d4fff9f19f753d9d
output s,78c5ddcafb2c5ca9
equences,06ee5be919daaed4
  219 In,f10b9004b828e933
 all but,ce0523f0c45b9e71
 a few c,5067e15c5dd411a5
ases  27,3f072cc026533b23
 however,b79d48a4749e109b
 such at,ee95e4c5a67c89c9
tention ,6b5d2d4c233f5c7c
mechanis,5e76056e846acb06
ms are u,83a37ddc69ddf0ba
sed in c,5275304770c4e849
onjuncti,99f2bcbc887aa69c
on with ,21bf4cee8200f1af
a recurr,8dd425b01a7a733d
ent netw,1c147c0a98f61a96
ork In t,27d014be3c4e1042
his work,9e4721bb49fbf398
 we prop,9cc1e345047182b3
ose the ,a85bcf599df45e1c
Transfor,d6f537a2b485b656
mer a mo,b12ee4db91d9446a
del arch,813947ca731a97d3
itecture,2b87538ccbd4afa4
 eschewi,2ac6b16b48541bb4
ng recur,f9ce230dcaa07feb
rence an,910bfc051e8d1941
d instea,aad28e2b6bbb55fb
d relyin,80183a10a3ed1a4d
g entire,81154bff42393e5e
ly on an,5e2168c4223a2739
 attenti,47b55bf0d2e5f66d
on mecha,a54e47f84538ec9d
nism to ,83edbb312c53b600
draw glo,2cd5c5742e27bc27
bal depe,5f498d1cf10a0170
ndencies,ca0b024e4b903684
 between,1cc912dc512259c2
 input a,8a7f699b7dd83abb
nd outpu,1fbaf12535a43df6
t The Tr,4ea80adda55e45f6
ansforme,eda0b805f96bf9d6
r allows,63ed669282477e75
 for sig,f346e53fa1215e33
nificant,c38291863423d2e9
ly more ,94be1ff7c147dc56
parallel,7b4a35ec92b7bc6a
ization ,eb15f0c26f9c347e
and can ,1bfbe25852555b64
reach a ,8d3ae0b27b18719f
new stat,dd9ee11c31a6b9f5
e of the,2ab5099c21daf3bf
 art in ,9da7544c5a4d6608
translat,02558001195235e3
ion qual,43a3f67b1c79281a
ity afte,e59ac69f9156275b
r being ,8f2ad2a75d7edd93
trained ,53b08576cda23e08
for as l,cdeec9ccd637465e
ittle as,0e1e0232cf88f48a
 twelve ,9ea7e1231e79c3a8
hours on,17b68e7c49765d69
 eight P,882689114ea34592
100 GPUs,ed1f4acc12dc9a55
 2 Backg,0868e40cd64c9559
round Th,cb99b063930668a1
e goal o,587e65e0cf0fd20b
f reduci,0d137bc67484ced2
ng seque,e92119813c2e8d03
ntial co,d2295d2e55508179
mputatio,ab74bfd740a90574
n also f,c058d446a17d0203
orms the,19e6d800764687a0
 foundat,3485b876b631e179
ion of t,89429ad0478bd170
he Exten,270005f0660d0831
ded Neur,00cd08daa0107ab9
al GPU 1,4be1058b56b7b628
6 ByteNe,b017b29814f4c0ad
t  18 an,e70b3aaf595a3a9b
d ConvS2,a4b3821a969b56b9
S  9 all,9207597234314814
 of whic,a6f02291576fdcb2
h use co,ec07bc20b7aae00d
nvolutio,a11af635c76a0402
nal neur,5eb17f6700de0224
al netwo,982f42315c30e127
rks as b,7f68ebb107a2937f
asic bui,63dd4b28b9456990
lding bl,5261fe45a4e19f06
ock comp,bf7400d399a957dc
uting hi,2d7a81f9bc5c8383
dden rep,9e33b86e7516a5c7
resentat,b97b93b34b1bb088
ions in ,4982bbe0034b4056
parallel,7b4a35ec92b7bc6a
 for all,46775bef48cad6ba
 input a,8a7f699b7dd83abb
nd outpu,1fbaf12535a43df6
t positi,14394c83d24db2b3
ons In t,ca5e62de2256d092
hese mod,ad25ff804c691c88
els the ,480074a4f035f54c
number o,7e8fc26f418f1def
f operat,22ea8bd29331fbe7
ions req,858dd44522dd1a96
uired to,89a63788fcdd997c
 relate ,aff39302f4559924
signals ,6f58eb5bd98e2ac8
from two,9003f51282598f99
 arbitra,af683105b5565647
ry input,e69687bd2c6fe3e5
 or outp,28786ac14e9fba32
ut posit,beed47cb66b18402
ions gro,09f251706afe894c
ws in th,0f7b8cd503982672
e distan,3ae283feba9053fa
ce betwe,a0d4319f86c0ca5e
en posit,4d9855478af75220
ions lin,d711b832c6aa62c7
early fo,0a6700382c2fd608
r ConvS2,0c28e14610568455
S and lo,e3de6a1941c6c22e
garithmi,705a0017b21ad24a
cally fo,e24ad77cb40769b9
r ByteNe,2111c3f14d33e8f3
t This m,9d54ccff6a4f8b84
akes it ,23e10b73c08dd5d1
more dif,22805377f6e03fd9
ficult t,7de57966d3a6f22b
o learn ,d8263a6b26d02f3f
dependen,ed95da092ec05fad
cies bet,574e31e99c8c6392
ween dis,537f9de7b76f3aeb
tant pos,f69d5428b49d13d3
itions  ,596f53b02087e503
12 In th,74b43a396e4e352a
e Transf,4086f42fa50db52a
ormer th,582365d7579f85cd
is is re,75f8321e261af7cd
duced to,9a23da1f3f42cdf8
 a const,f05f9d6f624f1a4e
ant numb,6f53b6efc41aab84
er of op,4500a3f902fc4340
erations,ee97bb46d9a7fed0
 albeit ,9fa436807ad37681
at the c,9130b2abf096a02a
ost of r,2bba0a59e39f5884
educed e,effd1754e9280d73
ffective,1d12d4bd2ab3a1fe
 resolut,b7929491bc35a88d
ion due ,26f40939e5e12566
to avera,ce4b10018ce8708e
ging att,02e0db640b8c85f5
entionwe,a30f6420c4ebddbf
ighted p,2d335d01b72c898d
ositions,83d9eea731a15742
 an effe,3abb8d2d4e21c03c
ct we co,3bf0ca4d1a6a664e
unteract,cdddbc5ff83b4620
 with Mu,a1f561fe3bc03cbf
ltiHead ,5697d38449d42d4c
Attentio,bb378cc069ab30e3
n as des,ad4caeb1caa0e5cc
cribed i,9bacebb7b236db63
n sectio,8213b6f2a3bd9633
n 32 Sel,f12d3b04e41c1b5a
fattenti,bba60f3d2e9f6f14
on somet,2f19a8dd9cfc50ba
imes cal,bbdb488197590e31
led intr,f3f135efe1884cbc
aattenti,def1c715ed7fbe22
on is an,d6d2a78b1bae6322
 attenti,47b55bf0d2e5f66d
on mecha,a54e47f84538ec9d
nism rel,1695104a637004e4
ating di,8c073553e3b1c52f
fferent ,a1f2e7c5532a3609
position,38479c85802b680f
s of a s,8d1292c114183e44
ingle se,c90c695dc85ac0bf
quence i,936be3b04e09c616
n order ,7a4654ab9ab55721
to compu,ae3f6782dd52bda7
te a rep,2ca9567bf5c1d897
resentat,b97b93b34b1bb088
ion of t,89429ad0478bd170
he seque,9ad7210e5f90ac08
nce Self,5526a064aa3ab8e9
attentio,69c41f4389f010d4
n has be,38cabe8c59918599
en used ,a16360070bb7c275
successf,a834732ddb12795e
ully in ,faceb22328ea7244
a variet,7f409244989b6e0b
y of tas,db8cf759edd0b94e
ks inclu,484c95d7edbbd8d7
ding rea,1d18949c90ff68e7
ding com,4fa7ebf194740509
prehensi,7188f0f9d38842a9
on abstr,6b8fe3aa6c177b49
active s,369cda95ac8244b3
ummariza,2a24552604167cc5
tion tex,7582a93665b0c8a9
tual ent,e9c046aa22c1f75d
ailment ,13d92c479ff0a714
and lear,c1c4d25de4fc9d19
ning tas,c3b890c0ececfda3
kindepen,4a93371adb65dfc5
dent sen,dbc9647183523f78
tence re,fde990a9c0ad5325
presenta,94c8ede641f3858c
tions 4 ,144c881550676b75
27 28 22,6256a115bb400e9c
 Endtoen,f0305f29724c35a4
d memory,e21151f3071f408f
 network,d05ba6f3b3d2d314
s are ba,2418d4f2a6729da3
sed on a,02165ba6581a1d4a
 recurre,29f2695492525d11
nt atten,5529cfcd392129e9
tion mec,fe0b7a7648fda386
hanism i,a02cc96de06b8a30
nstead o,8e22e626a469c034
f sequen,135b4f308f217585
ce align,cc2fd208ada71e54
ed recur,11b885e29309d9ca
rence an,910bfc051e8d1941
d have b,31b15345e71f9c7e
een show,5e4cedf113ed89ac
n to per,ea790077648b77f0
form wel,d2127f71c5947676
l on sim,aa17344f5ad805e7
plelangu,f948f04227d1da17
age ques,f280d8c5185d8aa0
tion ans,89856a6c3bac4653
wering a,cc973ea78222c2c0
nd langu,bf762dfbee27bedb
age mode,46aafeb7668b4479
ling tas,71e1aa37501e2166
ks 34 To,089ef370ca6d0a8e
 the bes,480b1f737a5a2c31
t of our,2dc947e5b9aa85c8
 knowled,9d41962f0b3a7f13
ge howev,874171427e7cbe31
er the T,10aecb938c5f5322
ransform,828beb1962562829
er is th,98cd2664203910de
e first ,64d80c425e528890
transduc,3d82b705c17c1279
tion mod,46e6e8aeeba35162
el relyi,0961d6136c698269
ng entir,2404a8c00b89ecbf
ely on s,464f70626bc9ac80
elfatten,5b5f8652def2f2c4
tion to ,1c8ad6343dd5e991
compute ,615a51e0735481c4
represen,6961c0d70e5d2a01
tations ,7c645b9b80553178
of its i,2732c27b2eaa29ed
nput and,a387b4102ed31346
 output ,a10ee28bd4a82163
without ,9934a114a765a58a
using se,0fbd19373641ab29
quence a,2bbe6aaf46044ae9
ligned R,e856629bc17a5301
NNs or c,c3a2947a551a45cd
onvoluti,5cbe9fae7e780ba0
on In th,b01a7fe1cc86fb05
e follow,f2406a517a41d5fd
ing sect,e2278ee190e08111
ions we ,8bd3b7159b27d5d5
will des,4d4d09c3e93c3948
cribe th,fefc498b6a5cdafe
e Transf,4086f42fa50db52a
ormer mo,7cbfdc2276cde699
tivate s,e7385ea74709709b
elfatten,5b5f8652def2f2c4
tion and,8c3587eb4cc2b2e9
 discuss,19a4b091a5979602
 its adv,3d5be265f04765dd
antages ,0091310f88714cc4
over mod,198b130ca8451ec9
els such,cc432e762aa827ec
 as 17 1,f1537418e3927a14
8 and 9 ,57c8522e87c4f27b
3 Model ,dc46307a921e391e
Architec,2c6c7b0fcfd24f18
ture Mos,ac79f6339bf9209b
t compet,4bf77832a695e6ed
itive ne,0d1ad98b2952a101
ural seq,2cee2a0cb03839ea
uence tr,aee1f31f664e19a1
ansducti,e110280cd4b19333
on model,6a4be89a172f6c35
s have a,5a9a342f187e4dae
n encode,3296982d732ed7f3
rdecoder,5819e1371b55f4bc
 structu,689cd636890290fe
re  5235,cf39c5a0f3429a9f
 Here th,66e833b006130a68
e encode,3d4358976a7f2850
r maps a,a911c792e916f023
n input ,ee98a8710b95e786
sequence,f115205b2bc17243
 of symb,d28455e26534c9be
ol repre,54c67faf39773fbc
sentatio,3844b323132e1937
ns x1  x,40f4845ead3c2249
 nto a s,4c19a9cb82b4dc74
equence ,ecaf93ef51b64c0f
of conti,b34433bb694c42cb
nuous re,7a0620eaf134c4bd
presenta,94c8ede641f3858c
tions z ,1660f477eebc8b18
z1  z n ,5f00a9487be57387
Given z ,d7e8ca4e4a78456a
the deco,b8f0015f38c1718c
der then,1521c913732c32ea
 generat,af1ebdcc655d29e7
es an ou,39b9f6becc3cbc45
tput seq,14c8f06db02f0395
uence y1,b50c3609978738bf
  y mof ,49afda73f9773183
symbols ,19f95338cf6753d6
one elem,6094ec444a0092d6
ent at a,e67d96f58cc8a509
 time At,c67dd326ea8a5517
 each st,3bbc627d1f4503c0
ep the m,34f6683b98362661
odel is ,1ae705af602370c5
autoregr,4bfede6133bfd105
essive 1,0b57dd1162a2f44a
0 consum,271a3727bc76ce98
ing the ,f623d6d129bd38dd
previous,8c62452a7b6cccc0
ly gener,51f20fbf261526bc
ated sym,23703ede92740978
bols as ,960bbe904be84d77
addition,66bb6c730f6d2df0
al input,3888815b76c30860
 when ge,ad57dbf73e15da18
nerating,440b5749a20b8b39
 the nex,676a46a14a9d0542
t 2Figur,509dc0d1da4881ec
e 1 The ,414b0272b246c4da
Transfor,d6f537a2b485b656
mer  mod,adefa468b989a110
el archi,2e29c15d732e2dfe
tecture ,a1d72758b2a15c8d
The Tran,6b6fd3357f88a3bb
sformer ,8a233597b7cf4f1d
follows ,9606f1049d4d139a
this ove,3a6b9151dd47bb7e
rall arc,d538d445e3f9c504
hitectur,2ce8fd8d94741dd5
e using ,ce4f698401f4e3c2
stacked ,99ade4d5c73f02a4
selfatte,79791b1b4874413e
ntion an,e2fd792d7966bc55
d pointw,15e4c0fbcf3d0257
ise full,fe1d1168d775722a
y connec,911bd66cf72b1159
ted laye,e6b183ef4482282a
rs for b,9211cc69c0ee4803
oth the ,f6ac3ba717a65524
encoder ,7b2d2d48d0e55b0e
and deco,440f5bc8f6484b39
der show,fd3c129d0bdd9524
n in the,5177cc555ef50cae
 left an,941a447c0bcfbc40
d right ,e83a42b16577d9a3
halves o,1d43dc2569696e53
f Figure,d0706cd659e5e4b4
 1 respe,e0aa05654a1d6954
ctively ,d2ec2d2a703a0c60
31 Encod,08de1c6208c0fbc7
er and D,cfa0a743fe0b6630
ecoder S,ce0d5041fd055a33
tacks En,70e78057da6c2cb2
coder Th,15bc25e3e7801d6d
e encode,3d4358976a7f2850
r is com,0168eb1217e73a7f
posed of,6082e4e57b1878d4
 a stack,da5a05742ce950f3
 of N 6 ,5b3f5f7287bdcefc
identica,92ab1ccad0bb0ee2
l layers,3cd672cefe97deaa
 Each la,09fe2a5b85fd3612
yer has ,844e5781b6eb9a90
two subl,574f5f7091c6c60e
ayers Th,0225ea498206d765
e first ,64d80c425e528890
is a mul,92e9f9135d202e61
tihead s,4005a4d6ab1af797
elfatten,5b5f8652def2f2c4
tion mec,fe0b7a7648fda386
hanism a,7bf66c2f04f5b4d7
nd the s,ab8c5d3077d8a885
econd is,0ec684522b305a1c
 a simpl,fa1ee763dfb6b542
e positi,bc37e69f2550c495
on wise ,b291693b01ab72fd
fully co,7ea27069e2761ad2
nnected ,8605838d3ebe6b4d
feedforw,fe477ab0d85c369c
ard netw,2bf8e932c3b99ed4
ork We e,7259f46fed039a7f
mploy a ,a5f374ea5c776af2
residual,bdf301a69d827c2d
 connect,30390d670c7d490a
ion  11 ,ff9569b64c67509c
around e,9a9ce82ed367c48d
ach of t,866263b8e2eb7952
he two s,8147766ccf57d20f
ublayers,3bdf7f1af5858ba4
 followe,999361b5de9f556b
d by lay,6ebcda9b59a241ab
er norma,3a23d7cdbcecd661
lization,3178f837103b2afb
  1 That,63090abc4114d772
 is the ,3fdd42c3a214ea04
output o,6126705580800e3e
f each s,248605708a4cbd65
ublayer ,bfdd3eaed2809342
is Layer,c7992e97a219f092
Norm x S,7e4db1da9b172abc
ublayer ,bfdd3eaed2809342
x where ,f4b556742371020b
Sublayer,54d59cd45320dcbd
 xis the,d014381a5271bfe5
 functio,6be2405eae6d5c61
n implem,6e2be82c62990087
ented by,1eebcffb23334ad0
 the sub,c343855584cc1976
layer it,857fefb9e44b263f
self To ,3187e35f0097fc6b
facilita,33cd22c115e81375
te these,aef34045b26365b3
 residua,72728057c9e8c422
l connec,959ee0bb33375628
tions al,3e9d345c0f1f7f29
l sublay,87c7c4552c965ee6
ers in t,a2823eab99615abd
he model,6555fb383da98af6
 as well,76e96ebc62184efe
 as the ,4cb2b7199f0b1355
embeddin,f74e3075b69a685b
g layers,fa6bf8eb9bb4e1f1
 produce,221df96ff15bdd53
 outputs,dc825ebb0ad9fea2
 of dime,8b808feaf82d1e4b
nsion dm,ea3257be4c341748
odel  51,2dddbc4080e3cbfe
2  Decod,c9205cc68a0f130e
er The d,bd58a32148253d68
ecoder i,9f31bac036a51c68
s also c,2621e8d7ef653747
omposed ,ac38b0e4bf512c30
of a sta,8d3fe11df6cf89b7
ck of N ,10e0e6433f0ef3ea
6identic,197ebe5f56c7f76c
al layer,afc71ddeae129ee2
s In add,ebb9fea5447c7a93
ition to,671b17b79c980762
 the two,519ab3040e21e0f2
 sublaye,b92c4d411f5637b9
rs in ea,9dacb42f37ea4ade
ch encod,b56f85bc861469d0
er layer,5cf15113d5df92a8
 the dec,9c9830798c2fb45e
oder ins,8e00dd4659c712d1
erts a t,4db7333bc6211ed3
hird sub,d19616d6bbc06065
layer wh,ffb3f01863bcaf2b
ich perf,7672b10c47461a42
orms mul,7b282dfee6f1fad3
tihead a,09b25d60f7fd6b6f
ttention,e63a85bd2131bfb3
 over th,4cb1ce353cd133b8
e output,05063d7dcc7b3032
 of the ,8f8e55ae20dfc4c0
encoder ,7b2d2d48d0e55b0e
stack Si,843f5a6726f2c8ed
milar to,8c19af4cf21d120d
 the enc,0783a904e1cafcf2
oder we ,c193125aa5ae4dcb
employ r,1eb2f455d0448ca6
esidual ,22f1bbb7e8f9c946
connecti,5c8512942a9fdcd3
ons arou,e26dd5db8ffa5e62
nd each ,0af53ad185c73c3e
of the s,7b525d07be66f0f3
ublayers,3bdf7f1af5858ba4
 followe,999361b5de9f556b
d by lay,6ebcda9b59a241ab
er norma,3a23d7cdbcecd661
lization,3178f837103b2afb
 We also,6dfcaf8d9c7e0769
 modify ,f077d31b4c343280
the self,e5f1cfc6e54a6b26
attentio,69c41f4389f010d4
n sublay,e97eaa3d62e7ef06
er in th,c754d2bb27f83ec4
e decode,4f6e32c4fa6c6c0e
r stack ,d1c830f0762e7a4a
to preve,1c07fc3e1e253109
nt posit,4f6a8ff7041da47c
ions fro,e01bc250746dc394
m attend,f18d2414092722f1
ing to s,f5031ed4bbf1d653
ubsequen,94d7b133859f2f38
t positi,14394c83d24db2b3
ons This,2124046486ba74c7
 masking,1d3c2f96ddeaac49
 combine,c2f8085f97ffe948
d with f,50c539790d844794
act that,0bba229907649af1
 the out,f2b66fab2a445ec6
put embe,a9083b7a7e99c7e6
ddings a,58fc99a07a5a0f64
re offse,17c9c43082e3ec2e
t by one,cfe79ebbeb6c9d7f
 positio,f6d713a0db3b62a6
n ensure,7bf68b7582abf503
s that t,efd76cff11eebef1
he predi,c5bdd5d91e15d5e0
ctions f,b8ae19f3a0b2e4b7
or posit,79a0dc03730d67dd
ion ican,5d5979eb7654b85a
 depend ,c3c819eaab636b1a
only on ,e26d586604d7314e
the know,2a783c865cac72ac
n output,7689ed035086e9fd
s at pos,a135c30305d6bff8
itions l,1b29d5ad528956d1
ess than,3a9dcaf317522834
 i 32 At,be2c20abe573975a
tention ,6b5d2d4c233f5c7c
An atten,34625d6ee834b31e
tion fun,3f1d1b76dfd045e1
ction ca,e9eeff8df251d003
n be des,96b224d6a3082315
cribed a,ee514fddd51d3917
s mappin,d67a108f16610af3
g a quer,a8ed20c294a9d2c4
y and a ,4ef7f06aeaada30c
set of k,2bb2cd9a6003735c
eyvalue ,75fcc0b7ffe724ef
pairs to,db8602f05aff7788
 an outp,551908a41d06a50d
ut where,86790a22ddff5016
 the que,1341219b84475772
ry keys ,bce34d69adcaffd7
values a,23c8837af0f7a2b3
nd outpu,1fbaf12535a43df6
t are al,1b88e55f5a9d82dd
l vector,c7b16a7afa60f968
s The ou,75cd9084b8873d5c
tput is ,c579072209ba241a
computed,8a4efb189f1db2d3
 as a we,5e783608374cc310
ighted s,831f9cb91f03f2b4
um 3Scal,9cb8a7c1e75e5a17
ed DotPr,9c1b087adc5cd0d1
oduct At,7f386e05f08073b2
tention ,6b5d2d4c233f5c7c
 MultiHe,de30d0be97d1dc70
ad Atten,59a50cf1ca3949ac
tion Fig,7afc493afa31250e
ure 2 le,a34db93f33baf6c1
ft Scale,fc716935a6286275
d DotPro,484010b4388d9877
duct Att,62a7d436f855ba55
ention r,58ddbfc536269f1b
ight Mul,b3d5cae821322988
tiHead A,61e00c46f3437d53
ttention,e63a85bd2131bfb3
 consist,44745b7e1d4635fc
s of sev,748b7942e5682d99
eral att,3093c669584a29cd
ention l,86d9896520750ffa
ayers ru,fcb3095348f3e933
nning in,c56f0ecc33ebc069
 paralle,40aab9be39310d75
l of the,6280f763b9f8d512
 values ,23c7073f3b0bc88a
where th,e3085e9644c38d96
e weight,2f42696a03cc1507
 assigne,455ee2ff596dfe11
d to eac,7b3b3ac4a4434014
h value ,9380df0245f26e0b
is compu,09f34380110c31a3
ted by a,3fff9dfe789ac9dd
 compati,fbc6f44848bd45aa
bility f,3554eda248e0ae58
unction ,4e13ee86dd5700fb
of the q,dccc04341d5ca4e4
uery wit,e4380f7c3ed5daee
h the co,e27d72c62c743002
rrespond,7cc4461465227346
ing key ,94394fd69b7a21e3
321 Scal,330bd4e725dd33d8
ed DotPr,9c1b087adc5cd0d1
oduct At,7f386e05f08073b2
tention ,6b5d2d4c233f5c7c
We call ,bef6df2934d4ae4f
our part,1eacc134c820fed4
icular a,9026f45b1b857481
ttention,e63a85bd2131bfb3
 Scaled ,a85386c30df4e939
DotProdu,969f6535d21d1558
ct Atten,dfe49b6a5af3f974
tion Fig,7afc493afa31250e
ure 2 Th,c3e4c46626420ef1
e input ,dd57555c463da814
consists,82854e5b634c8419
 of quer,6fdf2604a709fe35
ies and ,26248f44b9e658b5
keys of ,a4543c72a16d6338
dimensio,8285403f1fdbefb9
n dk and,671e66220f449084
 values ,23c7073f3b0bc88a
of dimen,73359205fc32b853
sion dv ,435a31f1184322ad
We compu,c2594c6e15241dfe
te the d,9f994c39ea7333f7
ot produ,d37f8303d6edabd2
cts of t,2938cd424c81b67e
he query,106f0b3faa5ba525
 with al,00c297fbc1c8447c
l keys d,a2d76bd9283dbada
ivide ea,ae302e3849687f98
ch bydk ,770ad34a56ac1364
and appl,7dc8e621dd91b2b0
y a soft,48771839ab63c577
max func,f54bfe9e04185749
tion to ,1c8ad6343dd5e991
obtain t,4f87abe4e2b45df6
he weigh,65b5547b31dfb984
ts on th,78cda1e5cd1c5baf
e values,6da9c495d66bfe16
 In prac,c45b3698b904efb6
tice we ,62350542ea76be29
compute ,615a51e0735481c4
the atte,03b436b6c0fe4644
ntion fu,3be62dc29e3198ba
nction o,7398c99322210556
n a set ,11f8e9c178640409
of queri,2b9c652574f60ef8
es simul,f48a641588951337
taneousl,e1e55182aa4e444d
y packed,d1f24ca19952c914
 togethe,44a8da340d76137b
r into a,e332ec902564fe79
 matrix ,34e661ff51f42642
Q The ke,e6537bce117a48d2
ys and v,64a645b4af4eb1e3
alues ar,c7520009ad93427f
e also p,6dbe9b682eb853bc
acked to,5484c822d3e95bb8
gether i,43468e11a69ce1d1
nto matr,0df140bcec43971c
ices Kan,99044a43d849932b
dV We co,70c24f9ffaf268cd
mpute th,da29f2d987b35859
e matrix,d74b07a4e9cb99e2
 of outp,c38537ddc2bc1f2d
uts as A,635a3cbda4a8d63e
ttention,e63a85bd2131bfb3
 Q K V  ,de28da692b5aad4c
 softmax,d43951f34f62337e
QKT dkV ,8bb85f9b36788a3b
1 The tw,1567f37bcfce4567
o most c,46cb91f3584734f8
ommonly ,3fdc752566f787e7
used att,9cda285cfd545904
ention f,2ae760fed4daa50d
unctions,e2185c22a8f88c9e
 are add,69a3af05d0a7b766
itive at,47572caeaa720eac
tention ,6b5d2d4c233f5c7c
 2 and d,a2cc81669b252b03
otproduc,b5a6785f18f5a9dc
t multi ,5c6f65cbd91b6882
plicativ,fa933626865afcb8
e attent,6591a245c2be7187
ion Dotp,b8f6d3ea0c029331
roduct a,d48ead77736acb1c
ttention,e63a85bd2131bfb3
 is iden,8083ad47ebf8ad3c
tical to,e57756cf1fc6d238
 our alg,d205c3a9cefa757c
orithm e,acbdd8a5cb95d56c
xcept fo,2f22b2c422189c89
r the sc,62b302b5201d3806
aling fa,d991ee2c55342b93
ctor of1,2fd869f2c5a998de
dk Addit,a6c41319a57e7167
ive atte,cc61a8c7e02a062c
ntion co,9c41a7dbbb297637
mputes t,cd6d9aea31ab0a88
he compa,b7f607bffb2d5bac
tibility,2b4aa8b176bbc3ad
 functio,6be2405eae6d5c61
n using ,b2b8be2755b9df87
a feedfo,56c9a9f3d8634fce
rward ne,85905315a4c6a505
twork wi,29b9f294f481d998
th a sin,b2b92e8c069c6e5c
gle hidd,c79b9ef0c340832d
en layer,e345ebef864e9c97
 While t,60ed7114bfc787b6
he two a,10cdaef65d0e5925
re simil,771fae62f242c89a
ar in th,01be6f8568522492
eoretica,a0040ec02b976dd3
l comple,4a8702c6bf88bb8d
xity dot,302e9251375e998b
product ,dd5c79beecaa1181
attentio,69c41f4389f010d4
n is muc,22df7c8c2fe89474
h faster,fe7ef8b0ba15efab
 and mor,ee162544b32fbd03
e spacee,0c67b2702db637eb
fficient,7a873103bcd4fef1
 in prac,b01ac808e9ed81ea
tice sin,5bde4f49a68dcf33
ce it ca,a7b3a31253123962
n be imp,3c90b50a2196aeae
lemented,e635838008074a9d
 using h,7206f0cc4e121d0c
ighly op,1cb47c3e78c36084
timized ,8aa4aad28efbbbd5
matrix m,10692b22846b5c14
ultiplic,2283ed6d8f5d3500
ation co,1168a84108ba3936
de While,9460b04bc8c5f96a
 for sma,b5661a5653ac90a0
ll value,4d71215500fd1fee
s of dkt,5909f6f06a84672f
he two m,a250624531c7a946
echanism,2a1182da159dc3cf
s perfor,1f1ea797d991dc86
m simila,88fb2fa50d210a38
rly addi,e963a9a05ce489fb
tive att,335af6db155d0160
ention o,d051759ecd94a0e2
utperfor,0d4f0e0617f88b28
ms dot p,402846f354c7ea73
roduct a,d48ead77736acb1c
ttention,e63a85bd2131bfb3
 without,fc8f744f10a4f06e
 scaling,c664788bf040d8ea
 for lar,94b58e32a486a6bb
ger valu,8823d0b245dd13ab
es of dk,c67841e730dc79c0
3 We sus,8f1367b87827d768
pect tha,592d7933ebf77f09
t for la,018771aae0c091d2
rge valu,2fd4d4fbcbaa5e9c
es of dk,c67841e730dc79c0
 the dot,7efa6e683b0c33e2
 product,220028ebc1097e41
s grow l,3ef73dcc1e405ca5
arge in ,148f4c09cddcd0db
magnitud,04149f0c0c7b4e98
e pushin,8cd2e1c095488613
g the so,54b34c559d7d4949
ftmax fu,4d500272cbafb9e8
nction i,7a5f339d1ee850c9
nto regi,9ef0a3f13df93aff
ons wher,714df90ee5dc9c89
e it has,c7010a06d4e4ba0e
 extreme,823229b3464e7d60
ly small,55043276d25d62d6
 gradien,c7255f61d3706aea
ts4 To c,a98d83924f943138
ounterac,6870b1aaf1888f91
t this e,3876d6affedfe2f7
ffect we,8fcfea308b125a16
 scale t,f7e849dda37d56a6
he dot p,0834f87dff670ce2
roducts ,ddc1fef4c165d621
by1dk 32,bf35f0045f78b143
2 MultiH,4f3754f73c3943d6
ead Atte,18a41ce5e1d68385
ntion In,6c8b79d7c3b3f6f3
stead of,bf76e83075c5cef9
 perform,ce684d28eddda4fd
ing a si,4ad2d5a5d634aa6b
ngle att,6550eee45609922f
ention f,2ae760fed4daa50d
unction ,4e13ee86dd5700fb
with dmo,d1b46c45c0fce282
deldimen,6d17da4663df3e36
sional k,65860269d7e6b8f1
eys valu,03229888ca5b7c8a
es and q,bca96e5b9c2c4d3e
ueries w,c89b5ef3cef1a68a
e found ,eee52c786e597969
it benef,80d3e6392463619a
icial to,29c2232100a94fa5
 linearl,decc012f695e10a7
y projec,dd51d5a18f17806e
t the qu,cfe43656d920ba54
eries ke,b59c1ceb4ed4b232
ys and v,64a645b4af4eb1e3
alues ht,d26a4f109c87ae9a
imes wit,fa989fcab84df39b
h differ,aa8f84a53d7e3fbc
ent lear,be8fed9d0d41b536
ned line,657c4f9c07b95422
ar proje,90339bfcca79dbc8
ctions t,0eda685e40e341da
o dkdkan,ab6a14c38682e28a
ddvdimen,89a3289d04e38753
sions re,95942d4d39b43d5b
spective,16fd28aec60588fa
ly On ea,aa5898a7aaa1fb6e
ch of th,7097b77c51795ba1
ese proj,844df711c86fdb02
ected ve,bc8ddfc499dbf121
rsions o,845ca7cc013b7dce
f querie,0783298f4fb747d8
s keys a,2ca3a3345a0c65da
nd value,41aa5f02e5629a01
s we the,785cf0779c51d9fd
n perfor,959f04a4d3119b2b
m the at,949cb18f02884797
tention ,6b5d2d4c233f5c7c
function,0df39349a12836f4
 in para,e63ca510aafce84d
llel yie,1a499b8f05cd9f3b
lding dv,6e99b159874d08a8
dimensio,8285403f1fdbefb9
nal 4To ,98400529a8946e76
illustra,e9fe5fc4c298a1d1
te why t,4b0b1b002a783d18
he dot p,0834f87dff670ce2
roducts ,ddc1fef4c165d621
get larg,af81a206ec48f279
e assume,4cfb38caa81baba4
 that th,69df042a5bdd2e70
e compon,26d896a32f33925b
ents of ,ae8d9f544276be2e
qandkare,ecc05a6eeb2ca815
 indepen,18bcb4e34e8e688c
dent ran,e9a92b4742d554f1
dom vari,4bbfdf3a35dffe9f
ables wi,530ba0ac62981c97
th mean ,63816fc5f52fbd4f
0and var,9328694772d8ff07
iance 1 ,bb723333c3b23c96
Then the,4255b6b53b0fed19
ir dot p,7227cdbd4db2603a
roduct q,5cc2164ee1007f94
kPdk i1q,926d84a2db46663e
iki has ,ab7bd6f51318ef45
mean 0an,f21fbcb3c3ca1589
d varian,c3d73c071a742764
ce dk 4o,6c8f5362dac254fb
utput va,7a00eae531f61f79
lues The,83efb9deda838bf4
se are c,a6491fd8820b8421
oncatena,5a14a15f5cd9b754
ted and ,7eb9b2f9ba30c1dc
once aga,e1d70e3b9d2d4d82
in proje,9d2aa4e1509bb7fe
cted res,54195a3e4aa5a466
ulting i,46373c4ef9722de7
n the fi,88d7e40409344f23
nal valu,1137bf5114e386c0
es as de,1d46552d31d0e691
picted i,7bd13748f57ea91e
n Figure,fde028a4d26f0a88
 2 Multi,efdedc1571777575
head att,db7c493c5d094d1c
ention a,cb64af1a9d685a2f
llows th,cf993149a407c1e0
e model ,fd252d0da8bac793
to joint,2d938acc5e3f41a9
ly atten,601e19ae67cd04e1
d to inf,048c72efe7359dea
ormation,e9296f8a9d957a27
 from di,7f6f796351a0a8a9
fferent ,a1f2e7c5532a3609
represen,6961c0d70e5d2a01
tation s,5444699eebafa35b
ubspaces,72c794139c43cb3e
 at diff,f20b91414685dca3
erent po,27e252aac201763f
sitions ,80ad466003227e29
With a s,6745405f046e1d29
ingle at,7ccf97585b8e120b
tention ,6b5d2d4c233f5c7c
head ave,d7f2c8a936dc2e10
raging i,af4188310b0d0629
nhibits ,1fac25db9cf7f733
this Mul,da8b541da5b163db
tiHead Q,da9fa52408cabe0f
 K V   C,d6728ffcf009f6eb
oncathea,dd1f6fb756abd3ce
d 1 head,6f3febf2fa40689c
 hWO whe,5052cc8812cbc4ac
re head ,27c63aa536d41640
i Attent,c9118dd2e2452a79
ion QWQ ,fc5e33230857629d
i KWK i ,6ca448dca49893f8
V WV i W,6a219163c1a9b3bd
here the,4320e567eb0eb7f4
 project,93db375ead08ac76
ions are,6c2243a0890d89d2
 paramet,5651b98b8e426809
er matri,e380db9904d50845
ces WQ i,1b713708d5befb2b
Rdmodeld,cc5ee8aa4596b786
kWK iRdm,582b2cbfc7a28cc8
odeldkWV,c64ba0e53dd38e31
 iRdmode,84b19c0c120cd6b3
ldv andW,b5a34a332f72cc28
ORhdvdmo,31306e2abcab14a2
del In t,fb09af44b573f6c4
his work,9e4721bb49fbf398
 we empl,a6de048b53e5be98
oy h 8 p,fe8bd511201d67b6
arallel ,77a66b520adc784d
attentio,69c41f4389f010d4
n layers,bb04b1da3391ffed
 or head,ce238cfd3d29e47a
s For ea,7d22d30b24d7eca1
ch of th,7097b77c51795ba1
ese we u,db29d751d7374ae2
se dkdvd,880c57c87389daf2
modelh 6,3bfd76ba01d2f4d9
4  Due t,18ac03f8c9c58e29
o the re,1f2876c9ae55b771
duced di,7043a454cad36e6c
mension ,9f79d69147bea0ef
of each ,7dd98ce7aecbba8e
head the,6854b5f8eea20217
 total c,b541e256f7270ebc
omputati,973ce3d30c6dfbd0
onal cos,cba5e9c52c69215f
t is sim,458864bb41bd8e9c
ilar to ,792e17dd3e62ff99
that of ,423da24928d8c69b
singlehe,9560c41d2585ac21
ad atten,0d93a720b212f5aa
tion wit,cd4c7d7991cab814
h full d,96373be8d8343a17
imension,1d41ff2dfe0a5464
ality 32,c555261f60339c86
3 Applic,2783d3dffe504d49
ations o,8247a609c3d95f90
f Attent,15047411a26f4a5d
ion in o,a10b8cffd2562613
ur Model,1416ec1013b3817f
 The Tra,3c1a9177157b545d
nsformer,90df0cd6c35ddbc3
 uses mu,14eb0e1a27201fd7
ltihead ,db61590cd58acd98
attentio,69c41f4389f010d4
n in thr,6e837a3c99df418e
ee diffe,a5fdd4975e509c8d
rent way,879bd7525840ae27
s In enc,13f461e81d67e1c6
oderdeco,37113d49e02e8b1a
der atte,8d5ca7e3d3469e48
ntion la,37ca29a4729c8f50
yers the,91b88514fd97e49e
 queries,22e0bbb339cfe396
 come fr,ce6e58a2035c8951
om the p,b54776174f91b8f8
revious ,0845eb1b36cec4f8
decoder ,c6646cbcb7bb3ea3
layer an,ab20bcd66e38f73d
d the me,b5f4f137d70671b9
mory key,0716f87ffe6529f1
s and va,a7b548d8a631a175
lues com,c616244844891462
e from t,e82836be8d662799
he outpu,144d2ecb77265de7
t of the,137694c5f1ae01cd
 encoder,0b3e2a6d63f71926
 This al,a4707009d6723273
lows eve,26d9e8790f09bf70
ry posit,9ed62f8f89e86535
ion in t,d4b071ed1303ad7d
he decod,0c5f6eaf8919a3ad
er to at,f6c57bf18427d7e6
tend ove,f79daf0ca8b6162a
r all po,3a5af3b96efe76ad
sitions ,80ad466003227e29
in the i,5bc383db8364738d
nput seq,6498d8d15b08969f
uence Th,f15a1324897a2287
is mimic,9fa427f4e0e1f593
s the ty,01f45fa614bb24d3
pical en,1bcda76d0fd7afe4
coderdec,7b2e98da58d2c5f1
oder att,759889b05d7bcb25
ention m,cea7baac0c5df00c
echanism,2a1182da159dc3cf
s in seq,cf2b1358ec401b1c
uencetos,692da0c0d934b284
equence ,ecaf93ef51b64c0f
models s,1d79930e3fdd1cf2
uch as 3,5772430b4d719f17
8 2 9 Th,f2bcc242a687fb82
e encode,3d4358976a7f2850
r contai,9de760af1300d38d
ns selfa,5d3dffc5ec704447
ttention,e63a85bd2131bfb3
 layers ,73efa478c885dfb9
In a sel,b5c98223e1211732
fattenti,bba60f3d2e9f6f14
on layer,82607c96820f7587
 all of ,e4fe6354c2856021
the keys,0f36224918352e33
 values ,23c7073f3b0bc88a
and quer,b8cf201322e7a1e2
ies come,44dbe583716df258
 from th,880ca139fdac67de
e same p,c55d93c5e6af9ec8
lace in ,94282a61fad80656
this cas,598ed023838d69b3
e the ou,3d6648fd4acc759c
tput of ,3de21b4a04e524dc
the prev,7c08a254b0715e7c
ious lay,18c7ecc106122e7e
er in th,c754d2bb27f83ec4
e encode,3d4358976a7f2850
r Each p,30de42dd614f6a6e
osition ,e1c48c71855a50b9
in the e,1d469082a9224dbf
ncoder c,2c6c7051d942aad9
an atten,09261841ec231931
d to all,7eb8f14a94abee56
 positio,f6d713a0db3b62a6
ns in th,832b7e4aed5f9519
e previo,1b85d6122073ddbb
us layer,33b6217bc26dff2e
 of the ,8f8e55ae20dfc4c0
encoder ,7b2d2d48d0e55b0e
Similarl,b8feaa3d7e1e7212
y selfat,a91dcc8589277637
tention ,6b5d2d4c233f5c7c
layers i,0c255d6580fe6f26
n the de,36298c7adc536ab7
coder al,3dc91abdd530a4cb
low each,61642afb716af008
 positio,f6d713a0db3b62a6
n in the,5177cc555ef50cae
 decoder,db42df4d553098fe
 to atte,c697e523f6edb5c7
nd to al,46d9b4b3296c9e0e
l positi,b64613c95d48ec16
ons in t,75f4507617e240cc
he decod,0c5f6eaf8919a3ad
er up to,2b0fbb295c0ad1fc
 and inc,a34969a8f0eef4dd
luding t,b320c445178cd063
hat posi,df285ca33f488bea
tion We ,dc9eadee4d7e00aa
need to ,888501c1d9010c45
prevent ,7ba178fb6b968e95
leftward,917dfc12db034065
 informa,c6043b03a840c92d
tion flo,2e63699c599ac369
w in the,c54bbb7cdde3a04d
 decoder,db42df4d553098fe
 to pres,ae3e8cbb21a60e6e
erve the,c483e66e7ce176d4
 autoreg,21ebe062d6197a93
ressive ,47a924b88e32a5ae
property,1fea7a8770d64969
 We impl,011c0b8bcd6ce2d9
ement th,c7c1243dbe410ac2
is insid,98151df325972655
e of sca,a6bb30e569c132c8
led dotp,1e42108ece319b71
roduct a,d48ead77736acb1c
ttention,e63a85bd2131bfb3
 by mask,e8fcfa1beef1d5b6
ing out ,af19ed5db619b377
setting ,0f6336fe50c00459
to  all ,3a2fccefdab0d909
values i,a5ec6c5da803c9ae
n the in,3f6743d77389aa8c
put of t,820d942855d2581a
he softm,653539d44ef81ac7
ax which,f8aacf443b448bfa
 corresp,5863170eb710dc8e
ond to i,b686b484e0e2bc8b
llegal c,11c939e58a8e061a
onnectio,334fc5c11ff858a7
ns See F,13400ff6d587c91c
igure 2 ,720e2a6764703659
33 Posit,4483bb046b11d38e
ionwise ,e90d0cd2ca308a70
FeedForw,948f20f43ca952de
ard Netw,b5243c2b262e4ed1
orks In ,9eaebdbe27159405
addition,66bb6c730f6d2df0
 to atte,c697e523f6edb5c7
ntion su,86ccb1cf859a9f8f
blayers ,50cf2d955ab83104
each of ,726d3e3670e1cbf2
the laye,9e3841099438cb58
rs in ou,f08e8a272f63e196
r encode,2e8715cbdda413bb
r and de,4eeeddb9dd7b5f52
coder co,2fa4f7035bac0987
ntains a,b1bf01dd9ed95e0d
 fully c,ac58a147264f7050
onnected,9e026562c047bce6
 feedfor,d7e5272b652221a5
ward net,417a0a6c4de8dc9c
work whi,652c96445638effd
ch is ap,0847a61fa4fa036d
plied to,c62ca07fb43f3403
 each po,2db25f88d52a7628
sition s,aa2b5d2d151aa2db
eparatel,bf905b756cb4d171
y and id,f66e9ff147d4f4de
enticall,edb2a066a9fc0184
y This c,3a2a3115187881c6
onsists ,16097e8240533628
of two l,91092990414fa1d1
inear tr,cc6a0eea6d1e7ddf
ansforma,d029e20c4c95fe51
tions wi,25b5021df2d0ed3a
th a ReL,d0df0af19275a62a
U activa,2a5df6d530fe6ed6
tion in ,8ef83098b26ead71
between ,cd92f2f08569bd3e
FFN x  m,373dc998e9c3a548
ax0  xW ,164ecfeb7d1ee656
1b1W2b2 ,57d580270785a13e
2 While ,1ccc26c64c1d80bf
the line,0adcb9a89026dac2
ar trans,40ba5c1b553c3dd4
formatio,b52399ceac819050
ns are t,97b04f44a96fc71c
he same ,ab1078fad0532fc9
across d,6f500ac876f7b0ee
ifferent,4a9b371249192cd5
 positio,f6d713a0db3b62a6
ns they ,dc7c006200d4352b
use diff,48e7af948128fd96
erent pa,dcec3f072772a34d
rameters,eb26e5b523855858
 from la,18a8cb3c76b1733d
yer to l,5d680867acda29f4
ayer Ano,b448d07a15923b30
ther way,5611fe7fa303dc4e
 of desc,dd568bb7b878e12b
ribing t,26bd529ddbc1065e
his is a,78d3320345149e60
s two co,ecd59363e66f166e
nvolutio,a11af635c76a0402
ns with ,3e748d6f42ab65df
kernel s,ca9426ca2f069a02
ize 1 Th,97f11442a5ab2ac2
e dimens,174e6c7676ad98ac
ionality,b94c2d26964b998c
 of inpu,19f4c1aa0bc65ee9
t and ou,8c3462c373493bd9
tput is ,c579072209ba241a
dmodel  ,9a6b616480052cf1
512  and,4d3947fac247b69d
 the inn,9fa35ebe4be3a604
erlayer ,47b208e7a7924834
has dime,113b078573e1f17d
nsionali,8ee99ccac947dff9
ty dff 2,140ddb8ca14bf47a
048  34 ,0dff7b56baa1e2f3
Embeddin,0d6bfed85265da47
gs and S,3f6aad75aaebdb4b
oftmax S,6d9351022f235b57
imilarly,c2955f83f85d7c0f
 to othe,4321b518b7a3f91f
r sequen,357cbd7f83c1ea0e
ce trans,9f3c714f40097e21
duction ,006342086774177b
models w,65787889e1f7a512
e use le,5f690506b810460d
arned em,a546c0928367c3a9
beddings,7e219bd9eda645a5
 to conv,43389856f7243a04
ert the ,385625182ea894d5
input to,d64cbcbf1f5b84be
kens and,c12201fda8c6de22
 output ,a10ee28bd4a82163
tokens t,547f2d1ad692c2c1
o vector,a171eba0bc8f5e0c
s of dim,3b2fd56713915aea
ension d,52dd6e0252f00d56
model We,d68b9d101a67079c
 also us,26dd38651a8584ad
e the us,1d601f4e1bc7da68
ual lear,4c07134a453804d8
ned line,657c4f9c07b95422
ar trans,40ba5c1b553c3dd4
for mati,6df897b9fb15c23e
on and s,1d1970c53b6f30db
oftmax f,a012433755e30adc
unction ,4e13ee86dd5700fb
to conve,c40571dea6fce9de
rt the d,1e3fd49719088ba3
ecoder o,fc69ab47b9ca8351
utput to,d5536d1991a2023a
 predict,6e7f19925bf55802
ed nextt,0f6b513d1a07eeaa
oken pro,b36251a1ea9d96c8
babiliti,5ad3c1d71429aa5e
es In ou,91840297e75b68f9
r model ,6d52f825883c9782
we share,0013342926e45dff
 the sam,6a45fccbc4dd612e
e weight,2f42696a03cc1507
 matrix ,34e661ff51f42642
between ,cd92f2f08569bd3e
the two ,e3805c9d7c2f71a1
embeddin,f74e3075b69a685b
g layers,fa6bf8eb9bb4e1f1
 and the,a17ec190e8831bcd
 presoft,0de115d857ce6534
max line,9c4ac77cecbc1deb
ar trans,40ba5c1b553c3dd4
formatio,b52399ceac819050
n simila,e3ad38d35ea381f4
r to  30,42b80d36ace805c4
 In the ,9ee508b0825720d8
embeddin,f74e3075b69a685b
g layers,fa6bf8eb9bb4e1f1
 we mult,83bcbfbf31dc6958
iply tho,69da55d99bdbae84
se weigh,3be2d1237ed5b667
ts bydmo,0f610212273d3f09
del 5Tab,02b644e4392d8076
le 1 Max,a583f1267abc7c2a
imum pat,a50dd06fecabea39
h length,c58f9b1d8c0904cb
s perlay,08a8ea0c0d7b8e43
er compl,b6a8b2d88f286869
exity an,f3ca1c36f9708101
d minimu,d3a78faad4e666b0
m number,06d11ef1116d662c
 of sequ,e5ace350f4733193
ential o,fed4f5061d3f4d20
peration,3b4b779a0369fb02
s for di,7c9e64c9ce3c64be
fferent ,a1f2e7c5532a3609
layer ty,9ad936417a2d7343
pes nis ,1749e0e13c8ab343
the sequ,fa8cee65a8e6f890
ence len,3d22820903cf3006
gth dis ,3e092168a8b038b0
the repr,0d32870e435e6cc1
esentati,a2bfd6e9d61a06e7
on dimen,85126186779b18cc
sion kis,5b75030ad2e43898
 the ker,aadd4f335a4cf178
nel size,4bd2a666e4fd7e17
 of conv,d89dfd5b66ca8168
olutions,ff90e13ab7d74109
 and rth,036d086c484fb5f1
e size o,fcae8ea1a2bd871e
f the ne,c844cfbc636de0f6
ighborho,2f4c2cf0510667db
od in re,c0becf1e93852de6
stricted,71b8eac38d31d7e8
 selfatt,b002d6d0430324e0
ention L,ca5d9ad3ab9acf65
ayer Typ,d0d3fec734f7f1ba
e Comple,5bb92fc4d1dff128
xity per,8cf6b6ee4809f7da
 Layer S,b1aa9cf14f6ef251
equentia,9286746de6ed2d62
l Maximu,8d19ef40145d6b54
m Path L,291cbcc8cef41321
ength Op,7d7cf2c9f5b9eff4
erations,ee97bb46d9a7fed0
 SelfAtt,605b0bdf575c4ac2
ention O,0573df28d2515a34
n2d O1 O,be376d8502f09636
1 Recurr,a460afb5cb163e28
ent Ond2,e95bc403e9c02d0d
 On On C,21237d673edffcb6
onvoluti,5cbe9fae7e780ba0
onal Okn,a9575c33bd4d7043
d2 O1 Ol,e9c1e070520501f6
ogkn Sel,fa9ef52cc5a23d9b
fAttenti,44d937e88acdce78
on restr,ad2416dbb9e6f22b
icted Or,f72000b87e10bcb1
nd O1 On,d06a2b8a30052f08
r 35 Pos,cbc9c547a9b12cf1
itional ,2901cb45c1409527
Encoding,f6773b0754d72f1a
 Since o,fce54b12ad8a16ed
ur model,5a5209ab7e60f03a
 contain,ae1bd3df3177a4f1
s no rec,fbc92ff858aca2ba
urrence ,889cccb718fbe7f4
and no c,b2ad164c8204955c
onvoluti,5cbe9fae7e780ba0
on in or,6a5a3d45c5a909b7
der for ,d4dd5adf84ed9bfc
the mode,76d9698d74f3d12c
l to mak,d3f33b4226535364
e use of,5083f06153de6cd5
 the ord,c3ea2bff07ce0ce8
er of th,2704b50cb7913958
e sequen,fa82a4c092e70c5a
ce we mu,11b09c5e83d489aa
st injec,a75e64bc85cdf647
t some i,bb10599e0773b35f
nformati,01faae2def3462d3
on about,7015ab31b78ddef6
 the rel,0229885cee135f9f
ative or,298c8944d8fcd148
 absolut,69344fecc93bbe81
e positi,bc37e69f2550c495
on of th,669f840ee21f3a6a
e tokens,5495d8fe5de00d54
 in the ,10566e0df76bbc4f
sequence,f115205b2bc17243
 To this,8cf2073acb7da6bc
 end we ,d9b84d9eb1b5b969
add posi,cb344544f3f86318
tional e,02f58f42224d4be9
ncodings,73d92c202fdeb51e
 to the ,d5e37008e59cc513
input em,b5a0140ddd44747f
beddings,7e219bd9eda645a5
 at the ,9324401c44999577
bottoms ,00f1fb2561351a6d
of the e,aaef23039713c974
ncoder a,62a1f1e09d48a900
nd decod,45f9159ff2ed999e
er stack,5570aa8f1ffef038
s The po,adea9243a6d874f7
sitional,d9b26f28bbf7e714
 encodin,3001740ca069a267
gs have ,a61a0d41a2ee1102
the same,0a31ffa5ab13a109
 dimensi,88a66cd3ea7eb2d4
on dmode,63fff073b0ea719c
l as the,8cbbd4d8866185fe
 embeddi,8d245f5b91b2e38d
ngs so t,59ad7ca72477b11b
hat the ,e35edd746526ffdf
two can ,d64b1241563fa5d3
be summe,6db87c93da5fa91c
d There ,d05a9413fdcc9bb4
are many,e0f11b8e6924b24d
 choices,784a6f275b40c223
 of posi,cad7ab903edee0fa
tional e,02f58f42224d4be9
ncodings,73d92c202fdeb51e
 learned,2dbb6c8932e2bac3
 and fix,d44575cc7f1b5738
ed 9 In ,957fb53460c93a28
this wor,06c061f86ae8eced
k we use,efc2c8fd81c10e7b
 sine an,4dd956b1c1a7be6e
d cosine,c1ce762c04a17166
 functio,6be2405eae6d5c61
ns of di,94660a3ada17c433
fferent ,a1f2e7c5532a3609
frequenc,a2c8e36dd6f1e289
ies PEpo,9424f9cf4afaa98c
s2isinpo,f7a711f8e5a324ec
s100002i,0a2fb16bd470db12
d model ,2940146e137eabed
PEpos2i1,bdc92d235da11c15
cospos10,b71ecf56333fbf2f
0002id m,5eba2b685ce75a8b
odel whe,54812590deaa1b86
re posis,c52c792ce038067a
 the pos,50c520df4fa74717
ition an,69413b008db17992
d iis th,6f36b2bc21bea9ec
e dimens,174e6c7676ad98ac
ion That,45334f2f6a5361d1
 is each,3e72ea1d9ff88c12
 dimensi,88a66cd3ea7eb2d4
on of th,669f840ee21f3a6a
e positi,bc37e69f2550c495
onal enc,af55a5535925208d
oding co,fa4cbe77aff3e44b
rrespond,7cc4461465227346
s to a s,2888012ee99a23cc
inusoid ,7aea1d428f28b0e1
The wave,db0c8d90af494046
lengths ,d553c2cf74e25be2
form a g,5f4e94c794f19374
eometric,c325bbcba6e43eea
 progres,7dd5690415f148e2
sion fro,d63d2fff91f7a62d
m 2to100,248c6e31e4fdc7b7
00 2 We ,594f51ad93d9d901
chose th,71f78e3dfebdc701
is funct,db5469417edded9c
ion beca,6dfbbac966dbfe2b
use we h,61a1de754f721d3b
ypothesi,dfab90ceecf57146
zed it w,15678ae87b9b4ce5
ould all,4f8b5f52d1fa2814
ow the m,bf7958d324bcccf4
odel to ,555355e764de4af9
easily l,9115727b00b86e84
earn to ,d996a55d10e7adfd
attend b,3cf1952bb70adcf6
y relati,e0763bf0988d8ba0
ve posit,5b9c1d65a54111e4
ions sin,39c66e83e8210ac1
ce for a,44891c54c412e646
ny fixed,fe17811a830b1cdd
 offset ,71bc7f8847f21fdf
kPEposkc,3ab12143f72bf224
an be re,72720d45bdaf51ed
presente,e6a1eea0b7f7db58
d as a l,b4e51ce3ef98d6ee
inear fu,b68e25d9c6e2f856
nction o,7398c99322210556
f PEpos ,6a4e666776483a4a
We also ,29e40a9093135bb7
experime,60ad29b91e11eb1a
nted wit,8030ed8461084f9b
h using ,f33b895167aeb6d4
learned ,fec7135dcce3050b
position,38479c85802b680f
al embed,c3327d966042c938
dings  9,2c45338d4f37d48d
 instead,bccb18edfb6fe474
 and fou,a0a1b8f1c8a9c713
nd that ,146ad64b6bc4f388
the two ,e3805c9d7c2f71a1
versions,2cd3537f4f947036
 produce,221df96ff15bdd53
d nearly,baa25af0a0577a8a
 identic,3fc24f38ea3b5139
al resul,cba29d45c4818bba
ts see T,9bc3b099f972abbd
able 3 r,f55989d1c739467c
ow E We ,3ff98c6c6898070d
chose th,71f78e3dfebdc701
e sinuso,b3f2a1ea640d2775
idal ver,2f6b0a306c96af14
sion bec,b86cdfaf872fd717
ause it ,3b83ed6872038fc1
may allo,e18a3e3490383c05
w the mo,1b69aff4cdd46d09
del to e,b2d04cb5832a395c
xtrapola,c62fa2f07dd76e22
te to se,41dac5cb253c3e42
quence l,15dc66988ba257fe
engths l,44e5af021e732721
onger th,c95372ce1f70b810
an the o,0335f875292a4c45
nes enco,2c5a9986df95eeaf
untered ,022a93c15938b692
during t,1637a7e957d6cf02
raining ,76b5422f6c522a8f
4 Why Se,58bfc64d325f9599
lfAttent,d7166f9db8677c19
ion In t,aa41bdb1cfbafc89
his sect,2b4a0e499f611bc1
ion we c,e886075e62a2e17d
ompare v,9128f125847361bc
arious a,2970c0f4adc23cf1
spects o,8fc2fe7c696b792f
f selfat,a641f67f9eb5cadb
tention ,6b5d2d4c233f5c7c
layers t,22de99ee566cc1d5
o the re,1f2876c9ae55b771
current ,cce0b1264b8c17eb
and conv,8690b343a992ed83
olu tion,fa10d0fdc8eb6d35
al layer,afc71ddeae129ee2
s common,7de1960909bd7323
ly used ,bf6bd8f881a62fe8
for mapp,e6df63371da3da16
ing one ,1d398b3be3bfd814
variable,4891afbc2575f889
length s,58412951aa673ff8
equence ,ecaf93ef51b64c0f
of symbo,9d30d38a7abae946
l repres,04435b128e650497
entation,07f991ba74477615
s x1  x ,8386b07fbb2aa5da
nto anot,0ee92048091772e1
her sequ,43eda680cb01d815
ence of ,c447646c184051be
equal le,fa06f00a5b716e48
ngth z1 ,25b85dbc1e45c87e
 z n wit,1522463770d6c1b6
h xi ziR,dfa91ac8722f9068
d such a,06de0f3ee7871ef4
s a hidd,7e61cdd7ea511a51
en layer,e345ebef864e9c97
 in a ty,ac599b047fe87b7b
pical se,8c029905c72be7bc
quence t,86bcac65d577f0e2
ransduct,ca38b66846c24444
ion enco,385604f616bd3b83
der or d,8f076e57e0eb9ccd
ecoder M,098cf9218b669a51
otivatin,d15b5be03bd6bd0a
g our us,260979567c9a2a8f
e of sel,af1da7f865b8c418
fattenti,bba60f3d2e9f6f14
on we co,744c751871fd66d1
nsider t,16104882a4af43cd
hree des,8bb6d56f1f797aee
iderata ,cd66feae68d92213
One is t,41d32d4942ce72b9
he total,dd7f61fe42a4830b
 computa,6f55ee3695afd8a4
tional c,0b812157156026e7
omplexit,9f4452f4b4862691
y per la,2522b119f5b1f830
yer Anot,1ba1057089450f1f
her is t,f39cf5e383aaf7a1
he amoun,b26a839dd27db429
t of com,22fc899d48bd0bc6
putation,1bf2c6fde240e71b
 that ca,3c5b96987a93a534
n be par,d00f801205f00e27
allelize,bb7f289d20867023
d as mea,c2a6817b12e9dc9b
sured by,5d2ad342bfa5db7e
 the min,b5726aad01199fd4
imum num,ce158c7bf9519b24
ber of s,edfd9470c3d35e68
equentia,9286746de6ed2d62
l operat,df4d90a22b789c24
ions req,858dd44522dd1a96
uired Th,b78a11de1fd9bb0d
e third ,0dbd057793788732
is the p,ad20f8e96d0335be
ath leng,91855b05e59a8cc4
th betwe,c8b955b756d2cdaa
en longr,eb47f678d726139d
ange dep,b5c635bbd23c1d36
endencie,2117d5aa0d64ff9b
s in the,92564aa9d3b0b0cf
 network,d05ba6f3b3d2d314
 Learnin,30ecef1bf253014d
g longra,18808992248183bf
nge depe,b0b9e84adae6f264
ndencies,ca0b024e4b903684
 is a ke,c406ad52f6c117d2
y challe,67138b7115df5071
nge in m,d5c12cb9d45783bf
any sequ,0580d4e69d0641c9
ence tra,70f5d26886c35155
nsductio,b004919c26199e42
n tasks ,c0f4cc51544e1f5f
One key ,4a13e95c87a6e3ec
factor a,5b8f85a2318204b0
ffecting,49b337c9e2f3e612
 the abi,6ad0e7352543c3cd
lity to ,7902214bb306488b
learn su,d7e75d0c1629589b
ch depen,2cda126fa084761d
dencies ,030218a304cb3ae8
is the l,2e99dc6aaf2c1c8c
ength of,772e467803e0cfe6
 the pat,155e5cc5163fab55
hs forwa,57cb1b47834bdbf3
rd and b,37b36b7f347a3380
ackward ,3e9f2a98983c4a4c
signals ,6f58eb5bd98e2ac8
have to ,6df197a315008105
traverse,20e6e00e60dad523
 in the ,10566e0df76bbc4f
network ,f06fbba130dc01b6
The shor,176d4ec5e3e417d4
ter thes,396d38254c646372
e paths ,4f3d51b425bb7265
between ,cd92f2f08569bd3e
any comb,170d80b0b3b78b40
ination ,efe7a568986e8fc7
of posit,4adb33525abd7a2c
ions in ,4982bbe0034b4056
the inpu,17e648166da25fac
t and ou,8c3462c373493bd9
tput seq,14c8f06db02f0395
uences t,47df196e0ec7eed9
he easie,3e1f8c143cfdb619
r it is ,63729a3f842bf453
to learn,3c075caceca64df9
 longran,1c93ad093f47a687
ge depen,212fde11430b9aad
dencies ,030218a304cb3ae8
 12 Henc,c134ab46a553ec22
e we als,d1f0a4bed785ea45
o compar,5185daff6404c632
e the ma,14b5745396c5a5ad
ximum pa,390a9b5d5b7bb13f
th lengt,080a12b70ccc8f58
h betwee,f18c63ce928d423d
n any tw,60ce452dca82fb65
o input ,1bdf37cd50a34796
and outp,9861b9a97415393b
ut posit,beed47cb66b18402
ions in ,4982bbe0034b4056
networks,b19e31b6fdfa0e61
 compose,184c4d55b64fd489
d of the,e52e31bd4f548b93
 differe,e7e3d6b0e1e20f9a
nt layer,0e48ad7d574ce2b3
 types A,a7c1f0529a315886
s noted ,8b53eca8dd4ed48c
in Table,db315c1db12a11d1
 1 a sel,aff97a4eddf84711
fattenti,bba60f3d2e9f6f14
on layer,82607c96820f7587
 connect,30390d670c7d490a
s all po,38fcb20f83d0874d
sitions ,80ad466003227e29
with a c,c40e70fb9ab7e602
onstant ,a5a4235a5e7bb3ef
number o,7e8fc26f418f1def
f sequen,135b4f308f217585
tially e,e8ef3368c2c78a0b
xecuted ,1de230a72caead4d
operatio,0c1330d3e6aa3476
ns where,c013f46f086552b8
as a rec,2398de8c58f7e6fe
urrent l,876d4f77f0a5f64b
ayer req,e5ff56428f2d943e
uires On,aa880cd81d05f48c
sequenti,d163dd303a18c77c
al opera,fd6807dad19b938b
tions In,3534df5c50b50f31
 terms o,7a9efe3345c1df48
f comput,9d2a64e8a8f3dfcf
ational ,c6d566e2cd83fec5
complexi,6672ef6ea26fb3bd
ty selfa,c6b9ef3e7a3f2ebe
ttention,e63a85bd2131bfb3
 layers ,73efa478c885dfb9
are fast,3731d81e5ae96394
er than ,9d594dd6b5661c59
recurren,12dce2d35f84c883
t layers,0254347e73625543
 when th,3621a7aa5ee55c7b
e sequen,fa82a4c092e70c5a
ce 6leng,ca67757224ab2352
th nis s,c5cb9b2110ab5d52
maller t,227465d8b1c94f42
han the ,2b02a699f08866d1
represen,6961c0d70e5d2a01
tation d,074daab73cf9ad0c
imension,1d41ff2dfe0a5464
ality d ,f672e7151d6ba4f4
which is,fb99b8c89f470a93
 most of,62476d3447bd1eff
ten the ,7f83c5c53af2a548
case wit,4e424544b76756f4
h senten,ad3cf6166320c51e
ce repre,fe71f23fbba6035b
sentatio,3844b323132e1937
ns used ,5d6a1726264a9a72
by state,05c443e94466b6dc
oftheart,fd91bcb6d91350a7
 models ,1e28ce86744a4671
in machi,223e44608d60f235
ne trans,4ded63f972433a60
lations ,22eb40140bc1fb3a
such as ,896adcda565e74a6
wordpiec,5839cb3a9f2ac587
e 38 and,6eb4764141ea35de
 bytepai,1bc6c4b7273e9e3f
r  31 re,8026b46eadb6b53c
presenta,94c8ede641f3858c
tions To,903697ae55a4a60b
 improve,4d261089ba28a794
 computa,6f55ee3695afd8a4
tional p,2d8e8e51cd2997c1
erforman,c538ccf7857edf68
ce for t,8978dffa425d3f4a
asks inv,0b9579e45f76828b
olving v,cbdd707ae837da3b
ery long,35fd15ae553a1447
 sequenc,8da6082949078f17
es selfa,6a60ba31f692325f
ttention,e63a85bd2131bfb3
 could b,9973f3c764fcdd2e
e restri,69cb77283ffcc49e
cted to ,466872b4426457f3
consider,e9bda10c9a910ebb
ing only,2da45c246c4d105d
 a neigh,914697754153e1a8
borhood ,2f19048106318497
of size ,64a59933dc10f4e8
rin the ,1d828a9befb79f8e
input se,5a842f313fbe60ce
quence c,01c34ef6a5a90f69
entered ,56fd021b86e5f3f8
around t,cef502dbff1cf5e5
he respe,547287d8722ca00f
ctive ou,916bb65729c5977e
tput pos,cc00b8ada6385be8
ition Th,7c50128f0dd5c2b7
is would,36516da2ca18a0ad
 increas,c8da197a56e78f7e
e the ma,14b5745396c5a5ad
ximum pa,390a9b5d5b7bb13f
th lengt,080a12b70ccc8f58
h to Onr,0b0b82e7fc2d1b83
 We plan,ce0f45dff97fabfd
 to inve,c40fe56e418943d1
stigate ,99a2df459fccb028
this app,d8d092dd85e89fb9
roach fu,a75004d91d487c65
rther in,c56d2567b9be29e9
 future ,88518d5ce8d88fbf
work A s,33857d724c9004c3
ingle co,5f0376f2f35fb934
nvolutio,a11af635c76a0402
nal laye,85f2b925f8bb0750
r with k,5c6c0d3ebef5e305
ernel wi,c9e0655f9ae11a4c
dth k  n,736c388df17be889
 does no,4d06f97cde315386
t connec,5ed394955b989a47
t all pa,3437c7fa389908d8
irs of i,9acefd2dade02497
nput and,a387b4102ed31346
 output ,a10ee28bd4a82163
position,38479c85802b680f
s Doing ,ec34264523cf5b88
so requi,1fca111b04f1f0bd
res a st,9fb79e23bab8478c
ack of O,df7bb8996acc88cd
nkconvol,3eb149f08f612d3a
utional ,ce7f5e948eb81ce5
layers i,0c255d6580fe6f26
n the ca,6788440635af2d28
se of co,aec5fbbe8ec8a50b
ntiguous,680cebb1a34c213d
 kernels,395f44c66f1cca48
 orOlogk,6bb26ca602c137f8
nin the ,7e3907739bf657ec
case of ,98a877836b6d9ecd
dilated ,3e4ba9a2e4c97511
convolut,55cfb566ce461099
ions  18,aabb3291e73bdca7
 increas,c8da197a56e78f7e
ing the ,f623d6d129bd38dd
length o,7c5ec3313f3aa9ec
f the lo,e6472398f81561c0
ngest pa,86fc8779f84d938f
ths betw,b92a86ce5d502652
een any ,3571d8133f43b8ec
two posi,006cbde59e2c7e24
tions in,e728b6704f90c2f9
 the net,62ac2839cadabfd4
work Con,525511d1c3e643de
volution,16d5ace429b6c9bf
al layer,afc71ddeae129ee2
s are ge,c6a02a09e9149226
nerally ,cafb9cf382bbceb5
more exp,25a48d5cc4364006
ensive t,f84ab26ace4e28c4
han recu,9a77297c38c7ee33
rrent la,54d50438ddf3f89c
yers by ,305a74d2a6a9dbe0
a factor,02dca7848b4992ea
 of k Se,1eae7181431313a9
parable ,9b812eb63c50ef98
convolut,55cfb566ce461099
ions  6 ,473311bd94056ee0
however ,af3e5edb9aebf2b3
decrease,922685ddbc6e7810
 the com,e0951d237d4a74f6
plexity ,99a5b904a71cf0a8
consider,e9bda10c9a910ebb
ably to ,cd282f70f8304c9c
Okndnd2 ,38c02a973a88cc45
Even wit,e531ed64c24e856f
h kn how,f7461f4d750b493d
ever the,92303a86aaf1f823
 complex,e58c4190d4b1d3cf
ity of a,c19cb9421cfcfdcb
 separab,2f22640cad075502
le convo,2f25f772c4f1e655
lution i,ea775ab016bbdafc
s equal ,3166cc5b28d3ff98
to the c,34dd5b83efecadc3
ombinati,ddce7c29d2a497c9
on of a ,19d45500787f8f47
selfatte,79791b1b4874413e
ntion la,37ca29a4729c8f50
yer and ,8eb4895679842acc
a pointw,c6034d5110b95986
ise feed,98e52b8232f016a1
forward ,bdf6657aeca95e5a
layer th,3df6ecbe50caee1d
e approa,31c6192cecf5468d
ch we ta,daad676c4475cd8e
ke in ou,09fa02774f41cabe
r model ,6d52f825883c9782
As side ,395c1a177f55552c
benefit ,3f68bb06250da0d8
selfatte,79791b1b4874413e
ntion co,9c41a7dbbb297637
uld yiel,2bed8339c59eb6ea
d more i,102cce269cc6bd0b
nterpret,dd4176c1c8d3d784
able mod,36c372f6f5ec0d4a
els We i,6dcdff470c88aef8
nspect a,3960a23e87d284b6
ttention,e63a85bd2131bfb3
 distrib,29e2749b9fbe4aa9
utions f,6b9def5d7f1c5235
rom our ,45c4742fd925e470
models a,df5357b8e51b7d0b
nd prese,e5b0c45587145832
nt and d,4eac16bce1d64b7d
iscuss e,b0d4413f9a41b047
xamples ,dc0e24d07ba07f9f
in the a,0087a04ca29131f0
ppendix ,179f5ed2a56989c6
Not only,03f5bc0ffdbae4f6
 do indi,86df17359e310ddf
vidual a,d93e665216a20cf9
ttention,e63a85bd2131bfb3
 heads c,6b79bff09ab4f618
learly l,d7dc69727f5c5042
earn to ,d996a55d10e7adfd
perform ,973dd56b27a18d17
differen,b790d6368033efe5
t tasks ,38b4b6170129a960
many app,835936c39d270419
ear to e,edc58dcdcc5c0f1e
xhibit b,eafa8c90464c7733
ehavior ,c5ac4befbc752489
related ,bf66ee7b9097ec76
to the s,27c3fbd2d4d1f6b2
yntactic,ec2bb139a21e7ad9
 and sem,57c1f8f2c7143cb0
antic st,9419efa94a658e55
ructure ,eb4740338961f8d3
of the s,7b525d07be66f0f3
entences,505ebbf60d0f556c
 5 Train,b3733e2dea6078b0
ing This,01707f8487fe99a2
 section,73626e6d5ef725c7
 describ,b24f3553b0f5dc65
es the t,27516f8f778f4c44
raining ,76b5422f6c522a8f
regime f,5796956d33f1b78b
or our m,9ec553b98616b970
odels 51,d7d1ff13271b66d2
 Trainin,a622dd802b51b73b
g Data a,c2cb0cafc67f0331
nd Batch,d5f34aa009845f18
ing We t,b80a7cde4539e32c
rained o,34791b91cbe03db0
n the st,42c402986203b333
andard W,c03029a501899b8b
MT 2014 ,89590628834f6adf
EnglishG,84b13ad4bb59c0a2
erman da,5c3de6bb07d9d0bd
taset co,2eb6463e6446a0af
nsisting,11de1936ed341a20
 of abou,47cff6a2e3b183e4
t 45 mil,4df22f1f959c7dba
lion sen,d5ce29b633b00e95
tence pa,781b97aad8cabf56
irs Sent,36f4cf98ca0f56b8
ences we,7eaa32a56140a997
re encod,72ec55a0be188875
ed using,8bc160b616906ef2
 bytepai,1bc6c4b7273e9e3f
r encodi,c49af26349d13166
ng  3 wh,db8d22d36d39f7ae
ich has ,1da49be4ce3c32fa
a shared,ac579d8ce441b42e
 source ,c397b5f68ead2093
target v,e241dfd8c60022e1
ocabular,db8f44f4c33e907c
y of abo,bfb0951453b448ed
ut 37000,e5389a0bab6d2a2c
 tokens ,45c1bae36e7e9ffd
For Engl,296dd6c49b57c27a
ishFrenc,e296b449940280df
h we use,c9aaa7f6777491b9
d the si,28cb7ed4f9022472
gnifican,323b9901afb76ff1
tly larg,0e16659b9e878397
er WMT 2,6238891dca348dfc
014 Engl,dee0526fd449ff46
ishFrenc,e296b449940280df
h datase,d303445f82968c4d
t consis,4e428377c6b3f901
ting of ,e5877267f6a970cb
36M sent,72e061d14ee0cf8b
ences an,e71d36d5efb4ec2c
d split ,0f4e248076f77947
tokens i,71e6471df5988b97
nto a 32,9aba4fb042faf2dd
000 word,d898cf8b2712a0cc
piece vo,a7175c776face1d3
cabulary,d63afb6b58caabce
  38 Sen,72295bb5cccd7346
tence pa,781b97aad8cabf56
irs were,19010ea5016f62d1
 batched,433a41afe92408a8
 togethe,44a8da340d76137b
r by app,457d4e346cf821c3
roximate,9c636c7f5ef5dabc
 sequenc,8da6082949078f17
e length,32ffc4dd6e85ece8
 Each tr,4016eeda9af9188d
aining b,93a02d4a2006d5ce
atch con,b3224508e8216ae1
tained a,bf7176b23ede38a6
 set of ,b7ce1641fe893dd7
sentence,e2007bd1aff9723b
 pairs c,9d4fbd8686622c76
ontainin,5de0bc817ebcec0b
g approx,86ba0e1de88cb468
imately ,58370f67112373fd
25000 so,0bca91d0e438ec6a
urce tok,94dcb5fed8425519
ens and ,b6dfea8073f7bd2b
25000 ta,376c4f14400b77d2
rget tok,de17d629824bead5
ens 52 H,d93e687c90b025ca
ardware ,9f6596d2e18db5e5
and Sche,2e660d93091649d6
dule We ,7be75452f8c19059
trained ,53b08576cda23e08
our mode,6d88160a7f80b67b
ls on on,bda487aecd52e673
e machin,20ba04849eb962d1
e with 8,a8fb8287ee331714
 NVIDIA ,04f9ebd448e80e73
P100 GPU,0ad9cdf619c9d5ad
s For ou,6ea0e02f3757604e
r base m,78623c042e001e54
odels us,ffb84e4413c988cd
ing the ,f623d6d129bd38dd
hyperpar,a7d9c57e3ca335e1
ameters ,4a1243670eb92f61
describe,6bf598622573ecee
d throug,41cf806fd15e4aa2
hout the,4fdb4f9ef45e208b
 paper e,91fc72690b802e72
ach trai,a1906c7eed2ed5bf
ning ste,554c8f4a1b9ded11
p took a,05c62035005f17b0
bout 04 ,1ca6f736f4cf6c17
seconds ,b2b6b03e8df90508
We train,d90748939b15ed8f
ed the b,0f0b584fbcce6250
ase mode,1c71b9cc52db88db
ls for a,3b190ed4ee360b4e
 total o,386fc354d22a6eb0
f 100000,6ba3812e0f0a62c0
 steps o,20ae1dcec89d57f8
r 12 hou,84c713306f921d7a
rs For o,e2e9b71dcff34324
ur big m,079b3edc5ac94ba2
odelsdes,6879d27292333625
cribed o,25914c94dd96a751
n the bo,d58049e9ca70f323
ttom lin,71bb560e2f7ce5e0
e of tab,6096cf4338d190f8
le 3 ste,93f9ee5be155a59e
p time w,2aae0fcadc86fb7f
as 10 se,454159bcabcb4905
conds Th,a93e6e8676b0c171
e big mo,a75a5b37ba76097e
dels wer,d64ed44bc4a5a422
e traine,9acfedd5b7e563d3
d for 30,073683c2c8daf5c6
0000 ste,f35d74f226d78ecc
ps 35 da,a758b0207af561eb
ys 53 Op,f8aea0e6aa948690
timizer ,5f25a18f99b24c39
We used ,e7f592b31092ed27
the Adam,1afa6e60f3f28c5d
 optimiz,06ffa962d0956a05
er  20 w,d534a63d00638922
ith 1 09,0fc5c3a0fa3e6cf2
2 098and,0c3633fa493b2f1a
 109 We ,edb3dc0753ae49d2
varied t,89ac7d69e3591b5f
he learn,96ff645f335fba7b
ing rate,d9b0dbaa6f624294
 over th,4cb1ce353cd133b8
e course,5cc3b896e8e85da1
 of trai,f51ee2881a36a132
ning acc,93b19faa3324c0a4
ording t,41ead873dd62de02
o the fo,6159d7f62a891432
rmula lr,6113edea4d14881c
ate d05 ,dbfab5f8eb8cc651
modelmin,8ef136bfc07bd348
stepnum0,7f6cf41f38a764e0
5 step n,796d1e4bfec594ce
umwarmup,90a5ceda652d8636
 steps15,1fd5997ef385c738
 3 This ,dd74c2300fae582a
correspo,3c98436de7ec3007
nds to i,f436c2ae4e03c1da
ncreasin,e85002f9e277a974
g the le,de3b603447920486
arning r,2a5c32e9f01f369e
ate line,8bcd64c699ea7ca3
arly for,fe4d1aec06eba3e5
 the fir,c4fb42280108ffee
st warmu,72f2d01965439759
p steps ,ae4301b992c27132
training,e420825df6fedfba
 steps a,f1050619823ebc44
nd decre,d6c08f25da839c87
asing it,3dc65b90d9a754db
 thereaf,a051144a488fc89c
ter prop,494471451d8bd557
ortional,78be175010e65f18
ly to th,43e9e0e727036c9c
e invers,122778e9ef24a788
e square,db0123c5d626c624
 root of,49561681cd5b3af0
 the ste,79ef0192bab6849b
p number,4e06cb494310c23d
 We used,ef22af58430163b5
 warmup ,cbcdb12785c00de9
steps  4,756fdc6d5b20e025
000  54 ,49e0dd66e2de4a4b
Regulari,15ec02816a35f2d2
zation W,550467829401892d
e employ,4a4eac439f4e4a05
 three t,d379b19e7ea7b6ff
ypes of ,c47e3eb537ed74d5
regulari,ac2c01df559d2f0c
zation d,5b904e1a328e32db
uring tr,379c2c559f39d8aa
aining 7,6ce7446d33590dbd
Table 2 ,658c2730bada5ae6
The Tran,6b6fd3357f88a3bb
sformer ,8a233597b7cf4f1d
achieves,3161c44908c3962e
 better ,28cd70c914202b7b
BLEU sco,ad38faf726ef4ec6
res than,9fc9778691aa78fa
 previou,4a3c8e8b4afa39f2
s stateo,ab1335c486b07b39
ftheart ,cbb3a866833ab81a
models o,e59585b24709e51d
n the En,460ab933cdc3a658
glishtoG,206f75c7307c322d
erman an,a3539193cca8d935
d Englis,6e968cb478aab5c2
htoFrenc,8631658d54987d12
h newste,8e3b2f7853ba3553
st2014 t,fa72e9ad05f1b129
ests at ,1ebe69890b7dcdba
a fracti,5a6d84d325aab4c4
on of th,669f840ee21f3a6a
e traini,5205bb2f53e168e8
ng cost ,8a45d51601ea5c2a
ModelBLE,99a47673613ce2a7
U Traini,6cab91ee30a277bc
ng Cost ,4d9bf51b1a79acfb
FLOPs EN,99e52be8e866c9e6
DE ENFR ,1e293aef52a0da47
ENDE ENF,638d1e11c1afcdd3
R ByteNe,735b1969e9da0cea
t 18 237,c8e08ae23f238cc3
5 DeepAt,9dd2a2053d07288f
t  PosUn,b935f2bbf9ef63f6
k 39 392,7b6f29ad1d6ee50e
 101020 ,05d40be2f07ce08f
GNMT  RL,0c7fbe6c4535e838
 38 246 ,ef5f854b82e24293
3992 231,46e1ee85f351f029
01914102,7fb9f9df67f51f05
0 ConvS2,ae6715fae13f1f54
S 9 2516,47b0f9733e7873d0
 4046 96,0b0aa38108599842
10181510,ba13a19c451953dc
20 MoE 3,633709c031a92655
2 2603 4,39de724957cf7e46
056 2010,9fe41fe034e8a891
19121020,bff1eae25fb9c0d0
 DeepAtt,be8c72bc474d5f6e
  PosUnk,fa2ae2432cc04f1f
 Ensembl,9dffafe2c68e0a08
e 39 404,545307d8877cb713
 801020 ,3b298a520251a1fb
GNMT  RL,0c7fbe6c4535e838
 Ensembl,9dffafe2c68e0a08
e 38 263,479ec3bac04442d1
0 4116 1,5a17b4b3010c2706
81020111,2c1162e20093b5ba
021 Conv,cfe60ba9e1d5717c
S2S Ense,04138d7b63a2bf42
mble 9 2,fedcfe085ce71fec
636 4129,ded50d724b8fc75f
 7710191,611c0eb5b07d2ffc
21021 Tr,30f69c1957741c4c
ansforme,eda0b805f96bf9d6
r base m,78623c042e001e54
odel 273,9c5100ca52678fb8
 381 331,ea273bfa95145d40
018 Tran,b1d05c0bf5a5c330
sformer ,8a233597b7cf4f1d
big 284 ,b0dbc78317f509c4
418 2310,13a51473c8050deb
19 Resid,5d997f1134f93635
ual Drop,825791c748d9a7aa
out We a,9a3bfa67f6781a1e
pply dro,89090c1b74c4e62a
pout  33,ba589a8a4e1559eb
 to the ,d5e37008e59cc513
output o,6126705580800e3e
f each s,248605708a4cbd65
ublayer ,bfdd3eaed2809342
before i,c8a214f4ea7abb91
t is add,4891bebc40fe6d8c
ed to th,541c0182c7595ee5
e sublay,137f2e2864347dd8
er input,2f87fa783747fe05
 and nor,0ad92dd47527d42a
malized ,dcffa13a8e4d65a1
In addit,2dce21513cf5cc15
ion we a,d4e9619ebb84f380
pply dro,89090c1b74c4e62a
pout to ,bc13ac9166366fa4
the sums,d7473d85a96093e7
 of the ,8f8e55ae20dfc4c0
embeddin,f74e3075b69a685b
gs and t,de185b6a46e6b611
he posit,7481bd95986846e2
ional en,835a9f497699591e
codings ,a59ab5d0121d39e3
in both ,8ec321998b83904d
the enco,91531aaad9be5610
der and ,e0aa4ab6d8958b10
decoder ,c6646cbcb7bb3ea3
stacks F,fe184ab6294a1575
or the b,03f3ac2cdbdb2b61
ase mode,1c71b9cc52db88db
l we use,9f59f0fed2480f42
 a rate ,d38347e23bd59624
of Pdrop,ba9d4129a4a852d9
 01 Labe,e3cec6d1ee94642d
l Smooth,19b65cc20b098d22
ing Duri,02f3ea574ebd57ad
ng train,79eb5d07e48e13f5
ing we e,89662e27d91d436c
mployed ,77a34f0fb37446ef
label sm,8e21cdc9bb2d2cbf
oothing ,65d43ab6b7a302e5
of value,95af05663319d75b
 ls 0136,5e4d926062f3685f
 This hu,50cca9c0928f228a
rts perp,dcc25192aa9df9f2
lexity a,384e637f3d362b85
s the mo,2845ec419636bce3
del lear,d5d2b93574aa42d6
ns to be,b25dfe2f7592dc55
 more un,79dac98826c7b02c
sure but,29f4cf0901fd8c44
 improve,4d261089ba28a794
s accura,17f928a78e4f697d
cy and B,625aab91220ab922
LEU scor,7ff6b72f1f0cc514
e 6 Resu,253f1c88bd0ad8b1
lts 61 M,273b619eb467f612
achine T,52852e0351ff1aa0
ranslati,aea4a2665e5a3809
on On th,ee17d5972d014b9f
e WMT 20,d9f71126d9af74e8
14 Engli,c849b0e232a11250
shtoGerm,ae640764862ddf09
an trans,c94998b3e0afa772
lation t,f57c1092fd1c5f0b
ask the ,60518b2b4a46a53e
big tran,3b9f1c31b8ae3fa7
sformer ,8a233597b7cf4f1d
model Tr,1ea0e8dfdc4dca0f
ansforme,eda0b805f96bf9d6
r big in,050e5f5987d8d5c4
 Table 2,a4ea655b66e47589
 outperf,7f07363edc6f9799
orms the,19e6d800764687a0
 best pr,6b1efae813b4c84c
eviously,797a5b11d628d2c3
 reporte,d0ea0d88cf5e5b11
d models,fa6e2f61995aedb8
 includi,e4983108e23d972f
ng ensem,23193ea055d5353b
bles by ,2cce40f28f4ecb05
more tha,e62197dcd53c9590
n 20 BLE,4e09d76a63bd263a
U establ,4d0363cc34ce9da1
ishing a,ffcf2f1d5c351f48
 new sta,896e69acac71734c
teofthea,ca7388459624df6a
rt BLEU ,4044ac127a237f4e
score of,13da02408c4aac52
 284 The,3d6f655aa4c53c0e
 configu,ec6d857be8177e9f
ration o,c1136ec8d353cb39
f this m,037f14d72937f434
odel is ,1ae705af602370c5
listed i,55a841b1dbe482fc
n the bo,d58049e9ca70f323
ttom lin,71bb560e2f7ce5e0
e of Tab,953c9e8783f6032b
le 3 Tra,ae44ba74bea7d9cd
ining to,1fc715a656347d41
ok 35day,ca957554fb36a578
s on 8P1,56088ff9664fab8c
00 GPUs ,5e7d6e84acff51cf
Even our,6ea515cd26aee4ab
 base mo,7e74f59fc7d79c62
del surp,c4e06ebce7ad2f5a
asses al,9a6719149df1b375
l previo,ba3da7f188f70e12
usly pub,39467f6dd9e7f6a3
lished m,d27fe913f0429f88
odels an,a06915c4cb607627
d ensemb,c6971a8b7f5c0c7f
les at a,441e4debb2d02bff
 fractio,9eb8e8270fe18dbc
n of the,a9f7020ad6c5075a
 trainin,2a3286aea95d310a
g cost o,4352d62f0091b0bf
f any of,c2ccd09ce2415a5a
 the com,e0951d237d4a74f6
petitive,13f8ae458d52af7e
 models ,1e28ce86744a4671
On the W,bbd9e5d963090617
MT 2014 ,89590628834f6adf
Englisht,5619e7d4de788577
oFrench ,dd54e453bcae4f96
translat,02558001195235e3
ion task,bbc635eeb13d47c5
 our big,0655ff24c0c3f66a
 model a,8f659564c78e6786
chieves ,f353059cf81eeb49
a BLEU s,c2afcac74a3bcf17
core of ,0dfe41084af93007
410 outp,62e39f18507b77f4
erformin,2caf8e6f28410622
g all of,040cd450f1eb7dde
 the pre,3e3aef8bbc341918
viously ,1ec9f01856a2c398
publishe,c77a1bbe0beee237
d single,6b10b51a3d97a319
 models ,1e28ce86744a4671
at less ,2002e554738eb4d1
than 14t,1d3c4dc7c4205662
he train,784a397974782d5d
ing cost,429906547d7d1bb1
 of the ,8f8e55ae20dfc4c0
previous,8c62452a7b6cccc0
 stateof,d41e6a3d71339111
theart m,472828e5dd757d1d
odel The,343d2f2c47fe1967
 Transfo,08e9dd0b0ec7bf85
rmer big,0570809fc55df5be
 model t,c20144bba7823c6c
rained f,ffe87912d387af35
or Engli,008297843faf699d
shtoFren,5509288b72d546e2
ch used ,6cba562ead27fc64
dropout ,e7b304a9c8c35eac
rate Pdr,fd617a1d2a1ffe66
op 01 in,012a967a8c4bb114
stead of,bf76e83075c5cef9
 03 For ,f02b27d3fd8a2a99
the base,51309e49e2406319
 models ,1e28ce86744a4671
we used ,8f1dc4efe992ecdd
a single,14c449ffb5a4ce5c
 model o,cfa7bbf4de99d801
btained ,eb3f8bf2aa8fb9d0
by avera,5a89ea031ceea45c
ging the,665a04a76ad988cd
 last 5 ,cb1338b24a8de4f3
checkpoi,8e676566ae06f1cd
nts whic,2165b4c20aa59d31
h were w,22aa83a237fc3243
ritten a,a9c7725b8b545bef
t 10minu,96adbfa261b15bf7
te inter,1866e025438147d9
vals For,f72fc761986d998b
 the big,9337ed6b99b7f509
 models ,1e28ce86744a4671
we avera,e45c21b6c93aa7c9
ged the ,3ff9eaa71aeb9cf4
last 20 ,9cab485211eb4489
checkpoi,8e676566ae06f1cd
nts We u,464ade26406ea48f
sed beam,77f78739338f5362
 search ,5f43b1cee59c5fc4
with a b,4531eb18fab1452d
eam size,ded29cf6f9f90adc
 of 4and,294f1b9acd42186a
 length ,cfa5c2d8cb59c0f1
penalty ,b395f0f90fc718c0
 0638 Th,1f4d4a1e910c0d6e
ese hype,7246fa0c59c6991f
rparamet,2aa4245c279f8389
ers were,f9a6293ec9be721e
 chosen ,a21c9722c4d440ff
after ex,40047a2a2b21b1a2
periment,9dc22ecdd0b2c60c
ation on,54c25939364afb78
 the dev,5761c7c4d377c5a2
elopment,e1f074100701ae1a
 set We ,34996f2d637c27fc
set the ,0479d2b58ccbe05a
maximum ,3c1a6d72c3e92813
output l,c59709338a80f3d1
ength du,f9eb76a3fce43652
ring inf,5983340477d51fd5
erence t,ee720d22bc1920a2
o input ,1bdf37cd50a34796
length  ,4409ff05963e82a9
50 but t,3b39582f743ba4ca
erminate,059e624970a702a4
 early w,0e8364ede3c9355f
hen poss,4d8b49e886627f7d
ible 38 ,920c7e6a29ed7ef7
Table 2 ,658c2730bada5ae6
summariz,60370a2e9db9be25
es our r,d2eb54c31ad855a6
esults a,d36aaddf525bcdc7
nd compa,7f4a89700889e47b
res our ,caf521448b5d80e6
translat,02558001195235e3
ion qual,43a3f67b1c79281a
ity and ,78a07be002ede30f
training,e420825df6fedfba
 costs t,c6d60662e970dcc9
o other ,d4aa64f391058a06
model ar,724bfb81df6fe0ca
chitectu,d5640d3bb884bda3
res from,b99523b4a603a4e7
 the lit,e9c2a32fe4d970b3
erature ,a37b8715b880d4af
We estim,e5bbd5a2397a8095
ate the ,9a5d48f5bd82a3df
number o,7e8fc26f418f1def
f floati,6f1780ed5a0c504f
ng point,a1b23afa53288390
 operati,fe80769560854626
ons used,b7f677d06317764d
 to trai,b96bc0ca3bbb6212
n a mode,e15ee4385b3ba2c2
l by mul,490d86576d749328
tiplying,405f7734a932911c
 the tra,ad7cb26e8baa4584
ining ti,6f3d7a36095b5c0c
me the n,f17b8e99378bf004
umber of,61c4ccf916be227d
 GPUs us,64263f27f42b9b17
ed and a,f6b062cd180705da
n estima,1274a818facbbebe
te of th,a105fd2d16be1e75
e sustai,7f5514f43272e1e0
ned sing,e2837a4e568dd5b6
leprecis,7017bdc95b772238
ion floa,3d5818f5203067bc
tingpoin,173dcafe62ebdf9b
t capaci,a4de7b9e1d4ad220
ty of ea,e783487e7c963d50
ch GPU5 ,a82d25621ead3437
62 Model,c7d29728f2ea138e
 Variati,2cc12762c72c5003
ons To e,481327977b563c24
valuate ,bbb84ddacf052781
the impo,7135242c4154d1e8
rtance o,08c1f49cae2837c9
f differ,d6c6e1f07c14aeb2
ent comp,8a5262a27a409119
onents o,b0c1d448da0d0609
f the Tr,0e7475cdeb7598bd
ansforme,eda0b805f96bf9d6
r we var,661257b1b263574a
ied our ,3e5b4bded0c95315
base mod,e2cee418d369e48d
el in di,0968078f063ece1a
fferent ,a1f2e7c5532a3609
ways mea,7da3ab5b1ab4ed4b
suring t,49ba86c3fe116a19
he chang,787070003d1e7cb5
e in per,b01ce36c02733ea8
formance,3d0f04cdc30c605b
 on Engl,86df0e9f45ca5306
ishtoGer,b0f041a53f894681
man tran,6dcd019997151beb
slation ,378c6cab49c9fa4b
on the 5,78f79ed742225fb2
We used ,e7f592b31092ed27
values o,6bf7c51bba488c40
f 28 37 ,a660971f3dc2099f
60 and 9,bb85ceb698c54654
5 TFLOPS,a6d2d1ed3ba948b1
 for K80,1c98f5f5a76dc9f4
 K40 M40,07226e4a86fe80e4
 and P10,cc0d945009267c13
0 respec,9d902bad742c4704
tively 8,daf81217a726c097
Table 3 ,0ad778f5899c42ac
Variatio,1a2cc286aa4f1f51
ns on th,e285ed4a9d6821bb
e Transf,4086f42fa50db52a
ormer ar,2e02f8d3e0e0a28e
chitectu,d5640d3bb884bda3
re Unlis,58ce68acd2dc8b25
ted valu,488ef82ab0584021
es are i,72973a3b37033472
dentical,e94a976d6b93696b
 to thos,a0ff6d52be73bc21
e of the,2ab5099c21daf3bf
 base mo,7e74f59fc7d79c62
del All ,751cebb9d951540a
metrics ,f78fc6a98999093c
are on t,cb3874e3623d30df
he Engli,d76025c4d487bb7a
shtoGerm,ae640764862ddf09
an trans,c94998b3e0afa772
lation d,c15a49c57f6c9914
evelopme,47b3296ca772ed9e
nt set n,956b1e4bf1eaad56
ewstest2,44e4a35cf4ee7426
013 List,a29a60decb64d160
ed perpl,db2fa538878e5814
exities ,808ef050c4075728
are perw,dfed993af965fa17
ordpiece,8599952d0ee71a21
 accordi,6b8fcea41e97277d
ng to ou,5a63bc6584d4c158
r bytepa,3227ff0a37de5398
ir encod,5d4419e7cdd9a687
ing and ,81f85fbea20848ab
should n,b6c97ab00c22e25f
ot be co,800ed1d032be170d
mpared t,96c7bdff76ee0fd2
o perwor,7c6f73258abee093
d perple,aa96b25641b714e4
xities N,c279ada85a03564b
 d model,8dc28f8c32a4a25b
 dff h d,f5173b3b68dcd129
 k dvPdr,caabfaeda9ffe818
op lstra,3f1920517c459fe5
in PPL B,e7a1f5a4413f3a71
LEU para,2dc3e471138aedfb
ms steps,49755650850651a6
 dev dev,e52ce3406f074300
 106 bas,74d46378b48a5f48
e 6 512 ,975b0f996eda574f
2048 8 6,9506d43b3a49094a
4 64 01 ,4d4f7a0c13b29383
01 100K ,05ff433151eccbba
492 258 ,efc1f907d9ae731b
65 A1 51,5195f3f6f8c8f586
2 512 52,3e50f9612ace2579
9 249 4 ,b7781f9f799ee01a
128 128 ,1195108fcf85fb81
500 255 ,3da4bebfc6501989
16 32 32,1fc186dc93b9634c
 491 258,2fb69db1dc9df4c7
 32 16 1,ff57965742a641d2
6 501 25,845ee7de30b380b8
4 B16 51,2a3baa2029e7461f
6 251 58,b64e3c586db14c37
 32 501 ,82867a81b3c54e29
254 60 C,b133a8904d1a54e7
2 611 23,7bded1a46ca19198
7 36 4 5,b7bc1362e367e0d0
19 253 5,dea18f14791cee54
0 8 488 ,3dc981f0ce64bf06
255 80 2,33435d6a37e804f1
56 32 32,7cc5ae0e7e327277
 575 245,8b266d3d41cef698
 28 1024,2d85492a8bd572bc
 128 128,50ac2f057546a993
 466 260,1e48d7812275fd33
 168 102,a618e43d0a3a97ec
4 512 25,1b9eb78add7a3837
4 53 409,d7c59a31b52138aa
6 475 26,80440649d3061daa
2 90 D00,63584ea928dfca41
 577 246,02fddc3b6e7f286e
 02 495 ,dee2cebbe7bf12bf
255 00 4,7e2e41a3220a6309
67 253 0,0344fe8ad28e8321
2 547 25,ce7567541e67b529
7 E posi,f26b5d09c8714e87
tional e,02f58f42224d4be9
mbedding,a95757748b0a1d1a
 instead,bccb18edfb6fe474
 of sinu,3c5a7e1de5b17b0a
soids 49,07f3ba7117ffe24f
2 257 bi,d6160eac321d12b6
g 6 1024,61c1cfa59bc7f830
 4096 16,9dfc78d116d076b0
 03 300K,b53045f3916cb0b8
 433 264,cd7805aa877a9038
 213 dev,2aca666804b64b6c
elopment,e1f074100701ae1a
 set new,c65f42c4592fc8c6
stest201,e6a2aa8580a697e9
3 We use,a60e7c427325a135
d beam s,fa11b9634e484255
earch as,fdb7610f8149e090
 describ,b24f3553b0f5dc65
ed in th,624c6101a3916f81
e previo,1b85d6122073ddbb
us secti,859bfae3fe8639a4
on but n,c1813a08e43316f1
o checkp,75be111be9870b6c
oint ave,a78036215c5fd711
raging W,a74c6eb00c16df50
e presen,b2bdd7001da95e89
t these ,24af5f1843ef2d8b
results ,43614e77a28812c5
in Table,db315c1db12a11d1
 3 In Ta,a52a13bd545d8cc2
ble 3 ro,2ca01bd1331f8db4
ws A we ,b789079b14ca2d00
vary the,cee73bc562ff98f3
 number ,f35705d1f61589e1
of atten,5c139c47e4e4ca4f
tion hea,ff2ec8c718473f7e
ds and t,ebad292b130f8535
he atten,1ed9e274070c20d1
tion key,ceadd8e4ffdf3879
 and val,6e4c94b2ad70a7cb
ue dimen,8df00fdde9d87d0a
sions ke,011aab84f0921e1d
eping th,38bfa9fba494bccd
e amount,e1ad6a92d5850953
 of comp,5a28bf4fdbd31202
utation ,7401596a600d6a13
constant,2f51f9b0b3ef33a8
 as desc,a8709216da4f2e72
ribed in,5e4e9ad62cb77ce3
 Section,6d58447a56652fc7
 322 Whi,bee53a02dd94806a
le singl,e9e474d449e46dee
ehead at,67cfea01b4012aa5
tention ,6b5d2d4c233f5c7c
is 09 BL,62a6d8c785082d07
EU worse,287a7566a50026b2
 than th,7e3403193a3e3e05
e best s,a6fe772f584e65f8
etting q,ce27ef020b4f670a
uality a,8ff3db5d6d489fff
lso drop,65bee7940266069e
s off wi,0009627b27c486bb
th too m,471f0d87beb31524
any head,c3383b517c19fd32
s In Tab,20aab6ed778e8172
le 3 row,d51b0975a3e9c5b2
s B we o,7c412d7e2df8090b
bserve t,902828d494496827
hat redu,70e048727258ee8b
cing the,03605d6b1d04489a
 attenti,47b55bf0d2e5f66d
on key s,600f013ecb34e4f8
ize dkhu,aedd14c027322def
rts mode,090eb5fd5761485e
l qualit,53e54bc1732998eb
y This s,1080e2543b99e579
uggests ,2735f51a4fae49e4
that det,362d1a1554b9c744
ermining,29e8f577e5db3085
 compati,fbc6f44848bd45aa
bility i,5ae008d19a75af45
s not ea,e07cf8ec1936f6ee
sy and t,aa648fc1ab6bc4bc
hat a mo,5aaab3431b200a45
re sophi,300d4be432452f0c
sticated,f70038ea5bbc6697
 compati,fbc6f44848bd45aa
bility f,3554eda248e0ae58
unction ,4e13ee86dd5700fb
than dot,f852a910013c3352
 product,220028ebc1097e41
 may be ,52998a58d9496958
benefici,58c18449dc877c64
al We fu,635b77986b5a16c1
rther ob,bf2022f26d2c53af
serve in,a8a77f0c47538777
 rows C ,bb70294f990d7809
and D th,3416ce707bea20ef
at as ex,4c2e8c03f51566b9
pected b,0104b88177fb1c3f
igger mo,e91e0226bd01082d
dels are,d917b86041bbd834
 better ,28cd70c914202b7b
and drop,93be9c28e1ebb27e
out is v,32c46d0246da12dd
ery help,3f70d1d3a1d8d629
ful in a,516c5bb155947ead
voiding ,af3a4342fb02acee
overfitt,242be07ea9a7544d
ing In r,13171d8ac6576840
ow E we ,54f22d51299a6ae0
replace ,4f96857c3d3ccbb9
our sinu,4b3fff8288c0391b
soidal p,0e34889ba062afdf
ositiona,93f8c9ee6d30cc8f
l encodi,3ac9e68bd9a1f615
ng with ,08155424fb28b3d5
learned ,fec7135dcce3050b
position,38479c85802b680f
al embed,c3327d966042c938
dings  9,2c45338d4f37d48d
 and obs,2e42ad62ef21284b
erve nea,83269aab9f9403ef
rly iden,7884ccf4e4be5133
tical re,133a338316d68fd5
sults to,a7e1a32df6ac65bc
 the bas,5da645f36199218d
e model ,fd252d0da8bac793
63 Engli,02d99beff9621e65
sh Const,99e2f19a17d9f5cd
ituency ,74c79d72d14d8d68
Parsing ,4c05358304433517
To evalu,ba327f0f3512e9a3
ate if t,79dd152fac6d3f34
he Trans,62cc4c7f7e02f3e7
former c,7488ae23bf5fa550
an gener,4b36097455059fa0
alize to,0f42ca6c23d52e02
 other t,0213007496cdb89f
asks we ,3ca19d5a6d6304a8
performe,91eacd3c4f310918
d experi,c327bd3ed9c23b0e
ments on,ac304d9c8c8ebe57
 English,95415fb8a0f544ca
 constit,7f138a7487d2dee4
uency pa,113c71294a346927
rsing Th,442e964bfd0828f9
is task ,5539cfcb8d8d1e49
presents,546de28be56a63bb
 specifi,31e8a0a07917fe9c
c challe,232815a91d9f59a5
nges the,3b725ef9410104fb
 output ,a10ee28bd4a82163
is subje,7d2b578bd0087ada
ct to st,f1d2c90380ffacec
rong str,8fa75a8d8253ed46
uctural ,7dc81826fbb5d708
constrai,63b93e31b949507e
nts and ,29207289e7e11f65
is signi,788247c5eb201f91
ficantly,75a40f9d26b21199
 longer ,b016986647e082fb
than the,ce9d7d8c52c4e4b2
 input F,0d79ea840f0df915
urthermo,60eb45bfbbd1c120
re RNN s,629429a0bd53bdc1
equencet,0b3817fb8f05c125
osequenc,49396d6b3dfe3244
e models,a0975bdc5ca9ea60
 have no,bd5eb30521b34255
t been a,2a2c01bb10aa1fba
ble to a,69abf9f78e3ca520
ttain st,ce067094a6bf7ca5
ateofthe,6c115641e82e42cd
art resu,653ac152a2abad1b
lts in s,dd022f9b8df9d588
malldata,2930aeb74a681d52
 regimes,f27c84fdc3443ee8
 37 We t,f85dca17fded4425
rained a,73fd13592de92adc
 4layer ,499c819f13d09959
transfor,4fd75eecf1d841a0
mer with,3bfebb5439752c5f
 dmodel ,087326c776192a44
 1024 on,7f73a9aa63d94d9b
 the Wal,66abe930dbcea515
l Street,3c2eac66e231c7d5
 Journal,9e15521b24ee442d
 WSJ por,53816d64b25a2843
tion of ,fe6ec8a77d136b70
the Penn,77b79f4f1435a80e
 Treeban,d5ed4e9b3d1df9db
k  25 ab,1040a8c60b137cc6
out 40K ,0f4421b813c21bb5
training,e420825df6fedfba
 sentenc,29dfa3af3ecc8467
es We al,e6c38e90c5833308
so train,a87208a1f9e626f7
ed it in,bc1a186e632d80a1
 a semis,3e3b790b113d79a2
upervise,870bc349a124e6c8
d settin,9cda06436a6aed07
g using ,9d2a4ea327d42a74
the larg,e50c12b0b297c1ca
er highc,7bd72aa01f4efbea
onfidenc,e061327bbb6c9e63
e and Be,180a7a3562c88b1a
rkleyPar,36765804f55dcfca
ser corp,094ab3a81340df9c
ora from,074115aae2cf5a74
 with ap,bcba506c12c09d33
proximat,15d29844ada26673
ely 17M ,91bf32be7ff9277e
sentence,e2007bd1aff9723b
s 37 We ,90cc70a64b441b0f
used a v,8dd1196f41348048
ocabular,db8f44f4c33e907c
y of 16K,03b5aae2ac798a8d
 tokens ,45c1bae36e7e9ffd
for the ,b9a60964742e1ba2
WSJ only,461fd3ca0f230b19
 setting,8d7f91a5c201cba8
 and a v,13b67ad97d4db2cd
ocabular,db8f44f4c33e907c
y of 32K,3ace593106141fbb
 tokens ,45c1bae36e7e9ffd
for the ,b9a60964742e1ba2
semisupe,1c2cd1fde60dbd59
rvised s,e5d0cecb01c1578c
etting W,b3ad4604476f5403
e perfor,994f96f4de69da15
med only,aadf4622b8d254b5
 a small,e9596d32341fd18a
 number ,f35705d1f61589e1
of exper,ecd93fb5ebabc548
iments t,027a8caa81ab191c
o select,c5cbdd358c18b3ea
 the dro,2b5ce80e81ee7f04
pout bot,18b5090c92a9e1fe
h attent,da123a5d7f34392a
ion and ,b9dbc16ca1b7e6db
residual,bdf301a69d827c2d
 section,73626e6d5ef725c7
 54 lear,02d8b454ace66810
ning rat,32bf8ebdfc6cbead
es and b,122c268c8d9d20a8
eam size,ded29cf6f9f90adc
 on the ,59a94d71b21ba8b2
Section ,6822f75c8dfea4b7
22 devel,e691684afc47ea9f
opment s,146f9cb52982a2df
et all o,829695e5bf8e422d
ther par,62aeee47ab8693dc
ameters ,4a1243670eb92f61
remained,9788cb8da4c6a84d
 unchang,04e510e42282e506
ed from ,2d79946a8aa4c1e3
the Engl,c2583d9560675ab8
ishtoGer,b0f041a53f894681
man base,b06b77c18a2f69ed
 transla,4f3b174881e30e77
tion mod,46e6e8aeeba35162
el Durin,9e3e81ae22616bc9
g infere,75aa30f97802c426
nce we 9,8fb9ec692f964f61
Table 4 ,1b8b1e67169e1234
The Tran,6b6fd3357f88a3bb
sformer ,8a233597b7cf4f1d
generali,08ac7067f3ffc9e2
zes well,74346e4a518ae743
 to Engl,2adc7db90d9e7f34
ish cons,5a676ff36a445c27
tituency,78cf18d42e3614f4
 parsing,a294ccd73a5a4a09
 Results,576ba951a68ed423
 are on ,bb6b814b6f58f341
Section ,6822f75c8dfea4b7
23 of WS,f110e32a8f34cd9a
J Parser,c6490d37c8785c14
 Trainin,a622dd802b51b73b
g WSJ 23,90efed0661e20f6f
 F1 Viny,ea541f19dedc77c1
als  Kai,2cb664b4b364b2b8
ser el a,cfa7391c645200b5
l 2014 3,983de9cab15ea7ee
7 WSJ on,833579ae72f02363
ly discr,214d8fe72fcfefad
iminativ,577d76c6512f0153
e 883 Pe,61935fe5046b333d
trov et ,fcc7932569c1c1c3
al 2006 ,3fcfca2f3841707e
29 WSJ o,f24289b09dbeb6af
nly disc,67272e5f858932f0
riminati,23882f382fa1b2d1
ve 904 Z,9b7e69214029200d
hu et al,d6f33ca8d51ae2d8
 2013 40,8fcf03f720742210
 WSJ onl,8821fdc1ce3ea78a
y discri,41e36578570385e4
minative,5b1d3087338b75ad
 904 Dye,737e0bf01d85b70c
r et al ,e58c816c6f5e8721
2016 8 W,6555f645f19511cb
SJ only ,4d0c8c69a8abff26
discrimi,12aeb5bcf865c06e
native 9,e1bc31df58331664
17 Trans,4ba90f99fa21bd27
former 4,5299c2f59851918f
 layers ,73efa478c885dfb9
WSJ only,461fd3ca0f230b19
 discrim,976a120c32e2fead
inative ,c8886bf6acf2b854
913 Zhu ,be3e7e68a5cff028
et al 20,47449272b8996a46
13 40 se,d00195981d75a206
misuperv,8ecf8bc95d835a6e
ised 913,1b2b03cc879570e9
 Huang  ,cbf3650091caadc8
Harper 2,e59838522914d916
009 14 s,d6eb6d616f9d1293
emisuper,9f3c689b87a3ea40
vised 91,5d85a61f0a04f52f
3 McClos,dd6cdfe37ce68888
ky et al,8455956e0bc0bfbb
 2006 26,8a4f71149e48286e
 semisup,edca7a801cb59e93
ervised ,cb643b0e1c32e94a
921 Viny,766913fa0697a63e
als  Kai,2cb664b4b364b2b8
ser el a,cfa7391c645200b5
l 2014 3,983de9cab15ea7ee
7 semisu,53fff0de1eac80a8
pervised,576c78723eeb0632
 921 Tra,0a74b934792da7e9
nsformer,90df0cd6c35ddbc3
 4 layer,2c80be5422fedcf0
s semisu,ff570fdccb40975d
pervised,576c78723eeb0632
 927 Luo,8cf64dd9b57a9e8b
ng et al,4fda56f04f905d26
 2015 23,68a9be3cdc409ecb
 multita,79335a1ee73e97e3
sk 930 D,fb8d247bd51d69d8
yer et a,b6f1f577e85faaa1
l 2016 8,0b5ccbe0079f2b00
 generat,af1ebdcc655d29e7
ive 933 ,483ee2565f911c33
increase,eb51cb60132fdb41
d the ma,332c9a1b62548a68
ximum ou,67e732085f3909de
tput len,ffaa817932f10016
gth to i,a3fd12b9a87bca00
nput len,4aa6e9b4afcb4ffb
gth  300,9437e7c81081eb02
 We used,ef22af58430163b5
 a beam ,4f9321a1f49b4a50
size of ,f30e355217e452bc
21and 03,118c3c7b70eb8ca0
 for bot,d8be9ac6d0241043
h WSJ on,3ef093601c197031
ly and t,cdc3b2973585441c
he semis,a7d76e1134f0e4cd
upervise,870bc349a124e6c8
d settin,9cda06436a6aed07
g Our re,f1b923aee28f5e43
sults in,05001a36951f7f95
 Table 4,148bea5c0848533b
 show th,7485e2d43303109b
at despi,1d4a13eb87a1dad7
te the l,5ef3e53ee3def0ce
ack of t,951d667948c222d5
askspeci,80e81f5bb741db39
fic tuni,dcb7c7ef7703c8a0
ng our m,a439d6c1b08ce89e
odel per,8eb0047407aa2705
forms su,74e850e62a7b79de
r prisin,0630dbd36448948f
gly well,23ba661d3aa78ee7
 yieldin,35d050d1b348846c
g better,c2106db7e279e74a
 results,539f73b8d9dbc53d
 than al,f658d2320adce41c
l previo,ba3da7f188f70e12
usly rep,1bdfc5e7a8089080
orted mo,c9ea35aa3fb68dd5
dels wit,2b4d763896fe9311
h the ex,b75d7fa99c1a9df0
ception ,a54e5c0a00bcc926
of the R,7f06e063934a7a98
ecurrent,cabfa7d926372930
 Neural ,bfc0d2892498f800
Network ,3f2e0491b62ca05b
Grammar ,68b7dbe3691979aa
8 In con,1da72712cf505102
trast to,389ae5e9ed40a476
 RNN seq,868d06ca2d87b107
uencetos,692da0c0d934b284
equence ,ecaf93ef51b64c0f
models  ,bb38efd54ad0530a
37 the T,989d8799bc616c9f
ransform,828beb1962562829
er outpe,f85474deb422be86
rforms t,ff56bd7ed6453b25
he Berke,c21af2e12c0bc443
ley Pars,5ea80dccd7744d4a
er 29 ev,fb37f5e786c179de
en when ,21fcc76e50363019
training,e420825df6fedfba
 only on,96ddd976dac58d34
 the WSJ,f884dcc0cb2c5051
 trainin,2a3286aea95d310a
g set of,40f99377c60037b9
 40K sen,bb6233acb216a759
tences 7,aff6a91fb9772eba
 Conclus,84f69236c1aa5fa9
ion In t,aa41bdb1cfbafc89
his work,9e4721bb49fbf398
 we pres,a96205521bd25e6e
ented th,9b7623efc9921e43
e Transf,4086f42fa50db52a
ormer th,582365d7579f85cd
e first ,64d80c425e528890
sequence,f115205b2bc17243
 transdu,1e0330ff39f7ef2d
ction mo,a5f7099848ea7aec
del base,dc6f1870d1315b47
d entire,2917090e85dbc9e3
ly on at,315f6b05b5e497e3
tention ,6b5d2d4c233f5c7c
replacin,9886d3e581f432c3
g the re,66c2d7e9224e182b
current ,cce0b1264b8c17eb
layers m,84bc99ed2b175966
ost comm,acc9b4de81687c39
only use,c3c7301c47908177
d in enc,efd00fd7a5b038f5
oderdeco,37113d49e02e8b1a
der arch,449ca077712f9841
itecture,2b87538ccbd4afa4
s with m,3cf68715480333c1
ultihead,cc2aec82f1d4465d
ed selfa,bf76885dce85a514
ttention,e63a85bd2131bfb3
 For tra,d5b567301a62cb7e
nslation,2bf31a7fd919050e
 tasks t,36a3aafc4644f407
he Trans,62cc4c7f7e02f3e7
former c,7488ae23bf5fa550
an be tr,adc45a816c830e29
ained si,d492789167519896
gnifican,323b9901afb76ff1
tly fast,8685a2457f7ed8fd
er than ,9d594dd6b5661c59
architec,e7bf867a0c99f53b
tures ba,c9153a9918f33264
sed on r,2c854994d89c0d52
ecurrent,cabfa7d926372930
 or conv,c94bd2f747f7c63f
olutiona,519b8ac19f7d925c
l layers,3cd672cefe97deaa
 On both,0f1d99190d461596
 WMT 201,7df3ceec7db5ffb0
4 Englis,71c619a535647f85
htoGerma,b46d5d292e45dcce
n and WM,dfd6e17becd44759
T 2014 E,50ffb5cb13a8cad7
nglishto,513d479232274c08
French t,7c4418a105c679e5
ranslati,aea4a2665e5a3809
on tasks,b03cc4db37468bd3
 we achi,9e0d8303e13805e0
eve a ne,41f6a47ef268f435
w state ,2e5455411711f17e
of the a,bfa73f2729af6345
rt In th,1df6b3edbce21fd7
e former,8b689881d7fc97b9
 task ou,862353751093893b
r best m,f01b2732cc8def72
odel out,aa7bb152b679d0c1
performs,a50818d0a861de05
 even al,796f2acdb0f9b366
l previo,ba3da7f188f70e12
usly rep,1bdfc5e7a8089080
orted en,373ddba46aed67d6
sembles ,ecb639c9c3f235d6
We are e,894913fd84115c36
xcited a,86b1a5b9da13edb3
bout the,e4423731a036f2c7
 future ,88518d5ce8d88fbf
of atten,5c139c47e4e4ca4f
tionbase,be254e28423dc7ca
d models,fa6e2f61995aedb8
 and pla,b71278dc559c1031
n to app,b9539493387d8430
ly them ,aac10ce3bc7b2098
to other,6ae0a489a7b93e08
 tasks W,c7bb189545f4ab71
e plan t,405e7de6e94ea103
o extend,2a2ad78f9e805918
 the Tra,3fd3595b2b20a05b
nsformer,90df0cd6c35ddbc3
 to prob,7ecad449f49c0c16
lems inv,f0cba373fad79937
olving i,f615f1f65eb79923
nput and,a387b4102ed31346
 output ,a10ee28bd4a82163
modaliti,17e42740a380d5fc
es other,bf5a6703e4602cab
 than te,d74339e0aad209c9
xt and t,56e9d14c0c59ca61
o invest,31245ffa45ad7162
igate lo,9994cb9dbf7e991f
cal rest,d9c2c844bdb08d88
ricted a,b840a8e23290efa5
ttention,e63a85bd2131bfb3
 mechani,4ceeb8e1efe4c9a7
sms to e,46de504772a70667
fficient,7a873103bcd4fef1
ly handl,5dcfa3c577d5c1b3
e large ,05e69618eec5240a
inputs a,8055c001bfb3f567
nd outpu,1fbaf12535a43df6
ts such ,92ea7db5acdb9b36
as image,4dc61d08552bf597
s audio ,ee9fa16e82822cd7
and vide,04add1ad68582a69
o Making,b3a34b116581d1fe
 generat,af1ebdcc655d29e7
ion less,033cf35049f68e58
 sequent,d64cc118b53a7fd1
ial is a,a173a32d52b84d31
nother r,c1734049a2607b95
esearch ,e1e40b2d4eb6b904
goals of,f33324e55f463cd8
 ours Th,df3bcdea426748e0
e code w,2b23e4f7749a6c50
e used t,8f8be7fcfc67c1ef
o train ,0043618c4f3996ff
and eval,cded6c02ed537f63
uate our,b3652a71e60cc603
 models ,1e28ce86744a4671
is avail,9c5de011467fccbd
able at ,11bccd729948baf0
httpsgit,57f69f801cbbf31d
hubcom t,74be130994f3f595
ensorflo,a32c80d2e602233c
wtensor2,fa4aa8526a3a8dad
tensor  ,cf36da13ed36714c
Acknowle,b7eb0093ff0c3f7f
dgements,c01831808d85174c
 We are ,3178487a0eaef0da
grateful,bbeb6665cebc81b7
 to Nal ,947edffcf5e27229
Kalchbre,7b0763256f6835e7
nner and,820d57daab4dc346
 Stephan,16663b5a7d854613
 Gouws f,9521d88e85feeb35
or their,e4e1a9abdf6e4044
 fruitfu,2b917f966bfa226d
l commen,c5044f0df5ee9fd6
ts corre,015a2d3f391d071c
ctions a,f236a1609c2c1d62
nd inspi,f5ddf9331a4a5daa
ration R,74200c20adad9199
eference,1871aefe4cf1a416
s 1Jimmy,9168358b1c7f6489
 Lei Ba ,44b3fc6e9c3cd062
Jamie Ry,5f9d4f11a128fb52
an Kiros,83768bcc314ec67f
 and Geo,b714b7abb9c0c814
ffrey E ,49aa90644bbe4648
Hinton L,843a987b526892a9
ayer nor,91f0371ea4741095
malizati,bdee05a61232230a
on arXiv,b59f40ab230a4f2e
 preprin,feef4a315678a776
t arXiv1,51c4532ffcfce3d8
60706450,815fe087ad8250c5
  2016 2,36553423ac72d826
Dzmitry ,0c175ec11f5960cc
Bahdanau,9f40db8c3e7d8501
 Kyunghy,d52c064527d08465
un Cho a,b19179dec93be483
nd Yoshu,4768f8bf110f2e92
a Bengio,aa4d9e627cd73d58
 Neural ,bfc0d2892498f800
machine ,eb7b8d42c4de1cfa
translat,02558001195235e3
ion by j,1d0ee5531a98a9a0
ointly l,eaa7ed016de13ac4
earning ,205bfe2a5e90f865
to align,0be1413924530baf
 and tra,581e6179235957b3
nslate C,23be830675d5752a
oRR  abs,51b0fe3b4f57880d
14090473,4fd0726351a3f496
 2014 3D,8025510fde4ae52f
enny Bri,25cdc16b2536020d
tz Anna ,cbbbe5f247116ee1
Goldie M,01bc0b5841a9db2a
inhThang,78a5f30a57856f30
 Luong a,65afc374ce9abd3c
nd Quoc ,c6394adc9ca6ad73
V  Le Ma,cc6428adc76c71f2
ssive ex,a31b4f52e02679db
ploratio,a977258f5e627bf7
n of neu,8f666c4afcdeb169
ral mach,b15e734b8de37756
ine tran,e10b8c6f33551de3
slation ,378c6cab49c9fa4b
architec,e7bf867a0c99f53b
tures Co,6f58030fa1165909
RR  abs1,9ae1a9d747463e71
70303906,45300cce7c1db920
 2017 4J,293f763ef28fe032
ianpeng ,4657f53b5f281acd
Cheng Li,e48d7b9790e164c5
 Dong an,d7a9bc7bcb7a7d5d
d Mirell,d457a4a40fbf5ae8
a Lapata,abc070fc6aff776e
 Long sh,ad232c35776305b1
ortterm ,3bd1683d9073fda6
memoryne,1b8b04b01575a39e
tworks f,ef8672f6957d1c5b
or machi,7ccc8a167bc86c10
ne readi,5d6c9f7a29637036
ng arXiv,73bb5da05221c59e
 preprin,feef4a315678a776
t arXiv1,51c4532ffcfce3d8
60106733,12e58a78623b4641
  2016 1,e042af08fb395f96
05Kyungh,65f6476c90cbb6ff
yun Cho ,3efc35a12c329fce
Bart van,83efc09b111ab291
 Merrien,36c9dbc6a2c30c35
boer Cag,efb7f7d7c43fa1ff
lar Gulc,b281b7fd6f9e7f8b
ehre Fet,52120378da13ed4c
hi Bouga,d09ccfcca509483e
res Holg,19b17bc32972016d
er Schwe,249b56704eb53a82
nk and Y,e1ae1e24806baf83
oshua Be,3128a550d8bdebba
ngio Lea,b20a7afab2e5dd0a
rning ph,a4f52727f8432453
rase rep,9c59cf9a5aa9ad3a
resentat,b97b93b34b1bb088
ions usi,7fb8af710c145c2e
ng rnn e,7fcaf5ec037b15d0
ncoderde,73a0a008cc84be85
coder fo,85eba47a7158922b
r statis,82041a1340997fe9
tical ma,9c4f52a2d35c31f4
chine tr,8cc0817f97206b27
anslatio,4bc65f1884eec41c
n CoRR  ,7ac4e9d9ce8eaa50
abs14061,31083d6faafcaa74
078 2014,52f2026fa4065c9c
 6Franco,b57f18a036c5031f
is Choll,63750be5dcba65c6
et Xcept,d361f474f6c12277
ion Deep,2a821b4e2079441b
 learnin,de4fa1c421dcbc77
g with d,6c92724a663805ff
epthwise,9619b9f9cbd0b4f7
 separab,2f22640cad075502
le convo,2f25f772c4f1e655
lutions ,1792eb9639b202c2
arXiv pr,d9759b57ede3ddb9
eprint a,42db603c95e170a0
rXiv1610,37cd4fba6376d79b
02357  2,e242730bdb4b91e4
016 7Jun,8babd75bbfb9a1b6
young Ch,8488c030033835f6
ung agla,7ee34af90681a338
r Glehre,a66121f01708cbb6
 Kyunghy,d52c064527d08465
un Cho a,b19179dec93be483
nd Yoshu,4768f8bf110f2e92
a Bengio,aa4d9e627cd73d58
 Empiric,873daecbf7c5816a
al evalu,3d44122513233c9c
ation of,4a31b86e4b8ee4d6
 gated r,c673e4bd25668d47
ecurrent,cabfa7d926372930
 neural ,e4987ab3c0d6dfd6
networks,b19e31b6fdfa0e61
 on sequ,15c21576b6b19a05
ence mod,1810050f7d304628
eling Co,07933ac30c321164
RR  abs1,9ae1a9d747463e71
4123555 ,75aade2c5e0f4968
2014 8Ch,13b28b10625b6f96
ris Dyer,2697766d7dc460b4
 Adhigun,a41d44acc5a5f94c
a Kuncor,db07e50f67ee7eb5
o Miguel,3bc82bcdd2710563
 Ballest,87d45d290458bae2
eros and,e2a538043c2648a3
 Noah A ,383417ddbf9b0017
Smith Re,6d6759eea0f57e9d
current ,cce0b1264b8c17eb
neural n,24c150c415e64d1d
etwork g,d1bc6d69041929c3
rammars ,10f43e8a10ee0274
In Proc ,10b8b2f4281697e1
of NAACL,1fb4c1eb9e172a09
  2016 9,a35e6ac36340ca31
Jonas Ge,c2358640bafa7e60
hring Mi,32e43eca7ee03500
chael Au,4bd17dad0a85ed73
li David,4f256105428199f4
 Grangie,aa9fd482d7e83efe
r Denis ,ec8ed0c7ac94209a
Yarats a,fcc409dba026a70b
nd Yann ,2cb6dee928446729
N Dauphi,eff400dcaec2c287
n Convol,620865257841dccf
u tional,3a7590c2509c5951
 sequenc,8da6082949078f17
e to seq,9cf44d602377a919
uence le,36f64d677cc165a7
arning a,5b581160c6705c68
rXiv pre,7db28081b7b6260b
print ar,4dccc9ad8a73507f
Xiv17050,4a62cb0821b24a52
3122v2  ,667cf08eef3151dc
2017 10 ,142c2c7e930997d5
Alex Gra,d5fbc95c27d6ceab
ves Gene,0a0ef80f59f4ea3d
rating s,1e53bb6fa0290ef1
equences,06ee5be919daaed4
 with re,4063abf5a398c99d
current ,cce0b1264b8c17eb
neural n,24c150c415e64d1d
etworks ,191e486607b52fb3
arXiv pr,d9759b57ede3ddb9
eprint a,42db603c95e170a0
rXiv1308,4f13d4a17ae70df7
0850  20,3c90e42e8dab0b2a
13 11 Ka,7b99f09b7462162e
iming He,3b00f7a2754f8cfa
 Xiangyu,3c0402d766b3b5ee
 Zhang S,530c4000a9c676f8
haoqing ,a892dd27c5f1fbe7
Ren and ,4268e694c685d73f
Jian Sun,d897e0096adbd88a
 Deep re,b845b6370b38543c
sidual l,b028ce9a6ae07d8e
earning ,205bfe2a5e90f865
for im a,50111348914c2ed7
ge recog,aa35b821758d6ae2
nition I,96aba14ce9613d23
n Procee,d688cca02c061e05
dings of,ce43880237de8d5d
 the IEE,7fd26c3e46089877
E Confer,48f68c03a6d7a87e
ence on ,c3e491f6c20841f4
Computer,586a13f67fb9b76d
 Vision ,3b8e1bbd019530d1
and Patt,820223c14d6f5426
ern Reco,5eacadc4dc1fb2d1
gnition ,fb75ec0c904edf1c
 pages 7,176538db1ba390b8
70778 20,cd0cbdd4f94a2b29
16 12 Se,52524591cebc8763
pp Hochr,441f0dd37b4cdee1
eiter Yo,cc2cc6566dbe5d3f
shua Ben,2efa191f27f08cbd
gio Paol,4acecad926ab02df
o Frasco,b690dd25f9de8428
ni and J,78189da6fc315d8b
rgen Sch,fb0adacb8860ea69
midhuber,4e9c0dd280012bdb
 Gradien,6d748da411dec2bf
t flow i,2f4f2da5bbbbc176
n recurr,2373f138451e938f
ent nets,45159084a9a05cb5
 the dif,985fdfb14ec2929a
ficulty ,adb15af512dd4501
of learn,417e9c5f4b7d18d5
ing long,80404c6da7e67063
term dep,759c7a5a57b0747e
endencie,2117d5aa0d64ff9b
s 2001 1,cc80d05ce244d19b
3 Sepp H,193019324ac5e6ed
ochreite,6685815f6fb08ab7
r and Jr,727399fe34338389
gen Schm,ed07f158bb3ffefc
idhuber ,1a58199a79da5a00
Long sho,ebf62050614edee0
rtterm m,aa7117cf20d3fde5
emory Ne,efb1ccc9329134a0
ural com,481c87e910997166
putation,1bf2c6fde240e71b
  981735,f0572d30a3cdc55f
1780 199,56bf0d122b72b04d
7 14 Zho,d312cb121323f07f
ngqiang ,5229a5f25baa874f
Huang an,a9d0dd8342684be4
d Mary H,5b68b18d00a1a2cf
arper Se,5efd4af5c99332c0
lftraini,d4eedf8a9c193123
ng PCFG ,17a99bfba7191486
grammars,2d96797e5d841434
 with la,1fecef32881ac38a
tent ann,9eff4d7623943042
otations,30c6c7f031b8cd07
 across ,0c00ae63cb338482
language,82b295811233ea0d
s In Pro,ed614f327d117dc3
ceedings,c2f366d4e84099cb
 of the ,8f8e55ae20dfc4c0
2009 Con,d3c5caebdb91eb90
ference ,f740128d87526f5b
on Empir,af85c1a1d4a4e7af
ical Met,e8ccd6144d69f966
hods in ,79939c854a9d1963
Natural ,91aa8c9ad635a7dd
Language,30de298c655c4a29
 Process,c5d439c5a755eae3
ing  pag,f8bbd58b7b963a8a
es 83284,df77b735ac696275
1 ACL Au,344445cb48619712
gust 200,0b4c4f2a396dc869
9 15 Raf,b7235a4d513a7c6b
al Jozef,8f9770a40d4497a7
owicz Or,fd6547b23f24fa97
iol Viny,daa2b0b369d37f5b
als Mike,43f97144b8f5aa7d
 Schuste,7839d1598eaa8578
r Noam S,b4400259e9fb178b
hazeer a,0768ee913530fc92
nd Yongh,cb111148da6a764c
ui Wu Ex,0f9114c7d3c72140
ploring ,651225bb20a7b648
the limi,2338fc04745e8fbf
ts of la,7805734c480ac13b
nguage m,2f7077f31ddf0ddf
odeling ,083afe7e3b7a1b5f
arXiv pr,d9759b57ede3ddb9
eprint a,42db603c95e170a0
rXiv1602,c844983c598c6f53
02410  2,3cd33f232c46cc93
016 16 u,968743a237c88ce5
kasz Kai,be2a953b8bfe2f5f
ser and ,0cc6fa52be34440d
Samy Ben,b449a343bb567675
gio Can ,326df0068aff0381
active m,f3f89a1726ada1ff
emory re,878662c095dc0263
place at,401536394cd454f2
tention ,6b5d2d4c233f5c7c
In Advan,4d0675f4366c27c0
ces in N,1d5aec0f5d47eb0c
eural In,dc322cf5572e8154
formatio,b52399ceac819050
n Proces,355532298ea056be
sing Sys,0655054cb65eb4f8
tems NIP,fca7d0b830524ee2
S  2016 ,1ad90a42ce9aba54
17 ukasz,76703ab6be8fb080
 Kaiser ,004b2f540c4036e6
and Ilya,5f55188538d0d552
 Sutskev,2cff4e861070adf5
er Neura,4bd87ff49901de56
l GPUs l,4bfda478dbf2e0c5
earn alg,0078bfe70a378d7c
orithms ,df2aac3ab0b4f5c8
In Inter,3722df2f987b37e5
national,0789130c070bd694
 Confere,6266e8b90dce1c2f
nce on L,3ebb3cbd6786a2dd
earning ,205bfe2a5e90f865
Represen,484af1ef7b26f7e6
tations ,7c645b9b80553178
ICLR  20,bcf3fde1aace68dd
16 18 Na,986838aca566d513
l Kalchb,8b715b1b9b31e415
renner L,b7a89f1548e6fda2
asse Esp,60b07e26ff7c063c
eholt Ka,7f2f1a53c64aaa27
ren Simo,12df853b637f1b2c
nyan Aar,4caa3e355687aed4
on van d,54f2731ad10b0c4b
en Oord ,7bf5230c29ccc220
Alex Gra,d5fbc95c27d6ceab
ves and ,6dc48a5c6f5d3805
Ko ray K,87d0b01f5e6c752f
avukcuog,4e8165b359984a80
lu Neura,94df773708dbbd2c
l machin,95ed1084578706cb
e transl,6514ebe58f3f5ac0
ation in,3ffe887c62e5e4f9
 linear ,4c116dd1e2209e08
time arX,e8f1bfdbd4e805c3
iv prepr,18504e6257e8c1cb
int arXi,5b915e6c39a85e01
v1610100,aff7596d1c311b07
99v2  20,988e8dcdb077cdd8
17 19 Yo,87381729fd564d1f
on Kim C,2d4148c3b9ab0d97
arl Dent,66350c69ffe66eb4
on Luong,5a6f9a72e0b2303d
 Hoang a,2f5c56ede99fd9dc
nd Alexa,094af597f819b47d
nder M R,7de97baf0ad841e5
ush Stru,a08a97998925afbe
ctured a,53bf03776ece733e
ttention,e63a85bd2131bfb3
 network,d05ba6f3b3d2d314
s InInte,b5e60e962f0aa791
rnationa,aa16f4df986dd119
l Confer,a245a53f5bb61a45
ence on ,c3e491f6c20841f4
Learning,ab28a7a8692f592a
 Represe,3ad59ac41bc9f641
ntations,464d7263b26a5cb8
  2017 2,6c84035a6f226c77
0 Dieder,ccaf70667382d7be
ik Kingm,decbef5a759a42a7
a and Ji,b08887b6143c574c
mmy Ba A,81c0c2f38bb8af1e
dam A me,2cbec8c480e4ff74
thod for,7047f281034982c9
 stochas,319932954a94b01a
tic opti,d1f0a23cf56e02ab
mization,6f1b565a01b628ef
 In ICLR,3d2a4aa2412d84d0
  2015 2,5289d4e1983d7fa9
1 Oleksi,de3830aaae7af52e
i Kuchai,0b1c2f3f676d1f97
ev and B,14519057d1fed9d2
oris Gin,e6ea33709cda0810
sburg Fa,a2299db1a2cddd00
ctorizat,3530403d7a64ff1d
ion tric,86232c29cf7e16f4
ks for L,274a65a2737d8072
STM netw,f21fe9060f1ef9c4
orks arX,97ad9cf180091cc7
iv prepr,18504e6257e8c1cb
int arXi,5b915e6c39a85e01
v1703107,40e78247c2a8e3e5
22  2017,7579cd6c87d2873c
 22 Zhou,ebb866f9609567d7
han Lin ,b017fb5e7d733943
Minwei F,bb65bc63899b4e79
eng Cice,216cb2283df64f96
ro Nogue,418ccf4906705c66
ira dos ,2f616cfd9ac6a518
Santos M,6ec9e96232fd3b9a
o Yu Bin,e5238a115b3ab5fe
g Xiang ,fbcb7c258f9647f5
Bowen Zh,df11cdc3c4f13814
ou and Y,444419b6cc93fb97
oshua Be,3128a550d8bdebba
ngio A s,26c8d0c5e340ca1d
tructure,660cdc465bbe7e2c
d selfat,9d2d49cad0eebef3
tentive ,c025cc6df74c85bf
sentence,e2007bd1aff9723b
 embeddi,8d245f5b91b2e38d
ng arXiv,73bb5da05221c59e
 preprin,feef4a315678a776
t arXiv1,51c4532ffcfce3d8
70303130,68afc969458564d2
  2017 2,6c84035a6f226c77
3 MinhTh,6fa39d4c6657cbd6
ang Luon,cd851a4f2f1f2b6e
g Quoc V,f1f4d699f89d1c3c
  Le Ily,9699b99800af1080
a Sutske,5504ea66d709a5ec
ver Orio,92fff92a54a32f64
l Vinyal,05cd53e30f121522
s and Lu,45d244936aecdc13
kasz Kai,be2a953b8bfe2f5f
ser Mult,2da33728be14bfea
itask se,30d3088afd8b4542
quence t,86bcac65d577f0e2
o sequen,eed5df1b8ef8eb2f
ce learn,8d0714d531b1294b
ing arXi,3c59446ef567532b
v prepri,43177692833c467a
nt arXiv,49ed25135f687d48
15110611,3663da55a71e4ad9
4  2015 ,96f7cbc84c148dfb
24 MinhT,1f5b4d29ddbc6b92
hang Luo,426e3bee5bc70d7b
ng Hieu ,704465c02330a5f3
Pham and,ec4e11ebf5c25d4b
 Christo,091ff53f4439d88d
pher D M,f101a9b27845106f
anning E,2eb663a0f3cfbf69
ffective,1d12d4bd2ab3a1fe
 approac,f5872f8bfd51279c
hes to a,ace7e79bce949f01
ttention,e63a85bd2131bfb3
 based n,59e99bea9ab67d98
eural ma,244c38b56c6cb5b4
chine tr,8cc0817f97206b27
anslatio,4bc65f1884eec41c
n arXiv ,58acef17fd05da42
preprint,f0c77154edd7eb53
 arXiv15,d584ebe14af98978
0804025 ,670d7c9bab2840fb
 2015 11,21563874a3671f64
25 Mitch,6f6f1e8544e06a25
ell P Ma,ab5efe7ac604af75
rcus Mar,088b5098500d26ac
y Ann Ma,2a3d6823baf07495
rcinkiew,99adb6f159db13d6
icz and ,21d9ea29ba8030d4
Beatrice,9b5c443224785154
 Santori,1749210620879018
ni Build,3406cf920764698c
ing a la,8e874e204fd9cfcb
rge anno,78c9dbe3c1f1ad9f
tated co,93b9e46097babfdb
rpus of ,5bf25f82e72eb409
english ,75c5f09476407fad
The penn,dddf020b3d5d7737
 treeban,a9429373003aff33
k Comput,c001828af24e30ab
ational ,c6d566e2cd83fec5
linguist,66797c32b4e67e14
ics  192,925ef099c8205d25
313330 1,18d4c7c73fc12e21
993 26 D,ee23bf454b5cfdea
avid McC,7123342ec62afc03
losky Eu,996a80cd051716a6
gene Cha,ed813091f7e022b1
rniak an,06684e698728180e
d Mark J,a3ab38852c7d64ca
ohnson E,db463b536c4a75d5
ffective,1d12d4bd2ab3a1fe
 selftra,9108ab47ff2a365c
ining fo,0b772035a4a5a329
r parsin,ec049eeb903cba3c
g In Pro,7a8689540d416b04
ceedings,c2f366d4e84099cb
 of the ,8f8e55ae20dfc4c0
Human La,abd37c73aa895cc7
nguage T,1c775ff1482106a3
echnolog,4fb96185752f9b76
y Confer,5e5e4f9558cba51d
ence of ,c447646c184051be
the NAAC,063f8fb96d89f746
L Main C,6e8fd25c9114ddf1
onferenc,e47268934b42124e
e  pages,bc6eaa37ff865617
 152159 ,3483bbdef9cae5a8
ACL June,9842d94238cd2f06
 2006 27,cb08d133d835e8d6
 Ankur P,6bacc83b44c1bc8e
arikh Os,86b00d85e77a2a0e
car Tcks,1a64955c7a41329e
trm Dipa,e70db0048f319457
njan Das,b4eba9949b969947
 and Jak,ccbcd3f92c4486f8
ob Uszko,4818aef8c72c78ef
reit A d,414c9365ca359b28
ecomposa,7b2e550e5c727ecc
ble atte,141e8e03c0b8a872
ntion mo,480e6d488bf63202
del In E,a79b1024ac27fbe2
mpirical,d14f1022a63d9982
 Methods,5bcbad34d839f743
 in Natu,2bb8a45a95b196f2
ral Lang,6abf199ca1a84fb7
uage Pro,0423e5b2860cc32b
cessing ,72bbd819aeb3f58f
 2016 28,fe3c6724e152c5a9
 Romain ,1a9b49e14cdd4c42
Paulus C,a9a482cfdfeea52a
aiming X,31bb853de86a49f2
iong and,b690f3a41fd549f7
 Richard,2ed7c750d6df8bde
 Socher ,5b84d21e5ebe44c2
A deep r,7aa0ed079bdf8f84
einforce,e1c8d2d9edc4f821
d model ,2940146e137eabed
for abst,04c3d2b5d35f071c
ractive ,9d0fa5e5124f8f01
summariz,60370a2e9db9be25
ation ar,458f9d162fa1613c
Xiv prep,d2ead47aee7e4ab4
rint arX,b9b4493e005d7d34
iv170504,4ce9e72c4ae051c9
304  201,f0e81c0ce8336ca3
7 29 Sla,67ab2745d534c0f2
v Petrov,72f402a95ad89cb6
 Leon Ba,2df84b777d83dd6b
rrett Ro,4e73034011423e3d
main Thi,bd7cd95156b57332
baux and,ad1a061729091461
 Dan Kle,b8beaf431cb740c6
in Learn,585f6f4f506eacb5
ing accu,171299163ee024a4
rate com,9738376466562e63
pact and,9ca350fbcc1315e6
 interpr,e3611baf95832ac4
etable t,495ec4e04299ffd4
ree anno,6d9dbd567c6b425c
tation I,682a1dc897745a97
n Procee,d688cca02c061e05
dings of,ce43880237de8d5d
 the 21s,1c32b16c69e07ddc
t Intern,0927ad2999acc8e0
ational ,c6d566e2cd83fec5
Conferen,3e53307749183b68
ce on Co,1971c143201029a3
mputatio,ab74bfd740a90574
nal Ling,37cecaece67b01f5
uistics ,4fbd83fae274afb2
and 44th,727a6b8153d5b880
 Annual ,5d3c089aa07afef6
Meeting ,4043ed3b6cd404ef
of the A,72f0c6117c176b90
CL  page,6797b52a79c1c6f8
s 433440,b1fe6791dbe36934
 ACL Jul,240cfcc3950a17ff
y 2006 3,cffb25f9a8c48131
0 Ofir P,ca0ff690ff6540a9
ress and,b1b02bba42a8f8e0
 Lior Wo,7316907e9b2f8be6
lf Using,e77aa411fb1fb2d1
 the out,f2b66fab2a445ec6
put embe,a9083b7a7e99c7e6
dding to,0d22004eb176f3a3
 improve,4d261089ba28a794
 languag,9c302e91a9c7529e
e models,a0975bdc5ca9ea60
 arXiv p,fb697e63b4ba92db
reprint ,0dcbbd68ecf9222c
arXiv160,c42795438947547d
805859  ,09309b7b5dd9d8d5
2016 31 ,bca95abdab8f00a5
Rico Sen,b5acce91c59f5257
nrich Ba,c2db79c512acabfc
rry Hadd,6dab284535d015d0
ow and A,3642a81dae55a460
lexandra,971802f727a4f2e8
 Birch N,c7562deb631fcac2
eural ma,244c38b56c6cb5b4
chine tr,8cc0817f97206b27
anslatio,4bc65f1884eec41c
n of rar,12240b6e5d1b8fb1
e words ,cf9d224fd25d7080
with sub,0f8f40df2dceb086
word uni,5ad07075a9737cdf
ts arXiv,e23b10274d96eaa0
 preprin,feef4a315678a776
t arXiv1,51c4532ffcfce3d8
50807909,ce779fe8157954e0
  2015 3,b117e1bd4733a575
2 Noam S,e0625ce1b73543b3
hazeer A,221ed9d3d56da62f
zalia Mi,01e331bc9b0e8a8a
rhoseini,dd2f2b6f361a1490
 Krzyszt,7f38e7ec52811fd5
of Mazia,6c5252ab4c252488
rz Andy ,591964782cadc111
Davis Qu,28cd096b2228edfc
oc Le Ge,359766fe9b107375
offrey H,051cf84fdd76d8dd
inton an,c1d801881a559d0e
d Jeff D,989a451007a57207
ean Outr,96ae51ecd6693a6b
ageously,c1f3ef9ecd32b105
 large n,2a6e91be59568aee
eural ne,1d80c0ab617d5054
tworks T,0bb8ffb87179fa58
he spars,55e3a9f13726e279
elygated,dfd5560825d0fb50
 mixture,3db17a229339dc59
ofexpert,164e563e30cacb39
s layer ,180b47144f30605e
arXiv pr,d9759b57ede3ddb9
eprint a,42db603c95e170a0
rXiv1701,fd9e8df56ff1ca95
06538  2,dd010013b9bc863b
017 33 N,14a66409385e3bc5
itish Sr,d82bfe0e94802f8f
ivastava,d97292a161815ee1
 Geoffre,bf2a1339fa96072a
y E Hint,8686bc78556eb39f
on Alex ,47a27a8b2b915f94
Krizhevs,ae4426e32c85872e
ky Ilya ,72a404d7aa2eaf2c
Sutskeve,306f578f8c438c01
r and Ru,34c79c5805c43d0f
slan Sal,4d0fdd5425564946
akhutdi ,3dfdb487100d7db2
nov Drop,ad3144143568c358
out a si,8ee4c145c7f20091
mple way,cfb8aacd29f6130d
 to prev,537ad41b5d107297
ent neur,1db5143c1d24bda7
al netwo,982f42315c30e127
rks from,dda3af3014e21783
 overfit,19b6c1de406071c9
ting Jou,70bafc220b981b3f
rnal of ,cab4284361b68228
Machine ,54a89bb60460c059
Learning,ab28a7a8692f592a
 Researc,f2596cb0f58cbc66
h  15119,5f6c9e3cb52d2bd2
291958 2,17330c67fd247b25
014 34 S,d7bff404e4e860f6
ainbayar,53df5c7a63818874
 Sukhbaa,f1bd981afb410044
tar Arth,f511be753c066232
ur Szlam,f1e69b1a7de78131
 Jason W,4ee3dc70e159cec6
eston an,e34901f075e99721
d Rob Fe,9a2eb691f80ad7ce
rgus End,c638a1bc026b67ec
toend me,c95fbb99e9036045
mory net,b27a0bf9b6b1aa6f
works In,d89f35c47ab16285
 C Corte,a9c46d1e26280737
s N D La,4eb5b3070a2769a4
wrence D,c00e4f160d759fe1
 D Lee M,64b0cf565d544fde
 Sugiyam,6b08662d58e4ec1f
a and R ,d81abbcbef8d6ef4
Garnett ,69553b62cbe0bb05
editors ,f65c654d8dcaaaa2
Advances,d88b91b1c9e0d8ff
 in Neur,1bd17e96b1016dca
al Infor,a0ed79624b8752ac
mation P,cfdb28450ffb2b03
rocessin,401ac8463a09dce8
g System,daeb29e323237827
s 28  pa,b783ea753245e2d7
ges 2440,c442c1c4fb961968
2448 Cur,56a37bbe973adf30
ran Asso,2d080d970b855200
ciates I,a734576f85407df7
nc 2015 ,81af9bfa0aaf193c
35 Ilya ,32aee6eba4dd3476
Sutskeve,306f578f8c438c01
r Oriol ,0701747e61c486a7
Vinyals ,ebc534e627321a6c
and Quoc,b844b4b2c6984c0d
 VV Le S,dc4a0fa33d3d9fbb
equence ,ecaf93ef51b64c0f
to seque,f499580cd3c90f9a
nce lear,9098685762a06f0c
ning wit,5f2251585947281d
h neural,0f14a12a8ccc3726
 network,d05ba6f3b3d2d314
s In Adv,ef060cc22790bdd0
ances in,ed89bb21c42826ec
 Neural ,bfc0d2892498f800
Informat,7aab4959b220a40a
ion Proc,3e06f44afab7f59b
essing S,ed623b446c26d768
ystems  ,4ac2606db9841769
pages 31,3a7738a985977439
043112 2,c7e6fa8f55b7009d
014 36 C,f6a0a07900db4394
hristian,4fb05056f0ed025d
 Szegedy,0c45b80e0e46b646
 Vincent,c8ce212a6bb80841
 Vanhouc,4263d3fa2b060b6a
ke Serge,548aa52a2220f2a5
y Ioffe ,ad3c1ef1322cdaa2
Jonathon,163a92f15a38603a
 Shlens ,167b0e4fed08f85a
and Zbig,18eb6e884d8174f3
niew Woj,569cd243db1e4496
na Rethi,84e5b219b302084d
nking th,b3e9d7528e38befe
e incept,f3d78bb4a87d89f6
ion arch,13e78c452b94fb49
itecture,2b87538ccbd4afa4
 for com,4f39f1a1e3f14f20
puter vi,96c53d67fee52b2c
sion CoR,edf4eb18c95a3ffc
R  abs15,81d54c41e1566f75
1200567 ,1eabfe7438f585f9
2015 37 ,1cc5b97caf593e3e
Vinyals ,ebc534e627321a6c
 Kaiser ,004b2f540c4036e6
Koo Petr,7313a61dee8702b0
ov Sutsk,2b60bc6be6659ab6
ever and,f4b9e592b85da8a4
 Hinton ,4d929fb9057b779d
Grammar ,68b7dbe3691979aa
as a for,60c3144965666140
eign lan,5fe7a0390b410fc1
guage In,6fec67e2422c31b4
 Advance,e51c8d86ed45b160
s in Neu,c79777d40870df55
ral Info,aa1a0a2c72981d5c
rmation ,a81751bff83739be
Processi,6549dab8f74233ad
ng Syste,fdb30eb399b90bd8
ms  2015,8d88dadeb951c881
 38 Yong,4f34f3b9d58e340f
hui Wu M,a4140040df955591
ike Schu,fbfa4edfcfdf9624
ster Zhi,ae94f2e23ad203f4
feng Che,a716c02806484cd0
n Quoc V,b2954ebf4fa433d2
 Le Moha,53df03bc267e112a
mmad Nor,3848090ec923a2e4
ouzi Wol,912014461a483ca4
fgang Ma,c3f86344b353c060
cherey M,102e2cecf88018e5
axim Kri,ba49649d9b2d3269
kun Yuan,b8e0425d7d82ebbf
 Cao Qin,1974091ec236c64d
 Gao Kla,6ac792d63a0fe54b
us Mache,63a6c15f1019096b
rey et a,d5fb860576d0ebe9
l Google,8a56e8de70385ab1
s neural,9200d59218084849
 machine,003177364aa8ade9
 transla,4f3b174881e30e77
tion sys,9b76b6daa02d820b
tem Brid,0c4b1741fe4a133c
ging the,665a04a76ad988cd
 gap bet,f0b21091ef37917c
ween hum,ef1162f49d3c2d97
an and m,c625a7e51dfb27c8
achine t,b6a9a8a5691ad38a
ranslati,aea4a2665e5a3809
on arXiv,b59f40ab230a4f2e
 preprin,feef4a315678a776
t arXiv1,51c4532ffcfce3d8
60908144,3b7faf0e78e06d09
  2016 3,2e62d7ce2a1084ea
9 Jie Zh,a878e9bd03a966c5
ou Ying ,8d7ee611395df59a
Cao Xugu,bc199f37def39fe8
ang Wang,15a10178305c1da5
 Peng Li,aa439c0375901fea
 and Wei,0cd2bacf9eb0ecd4
 Xu Deep,4df6be9056e1d605
 recurre,29f2695492525d11
nt model,609f41c81e18328b
s with f,6e7c2613a4ce6540
astforwa,71af02ff3cd581ad
rd conne,80189fcbe5543650
ctions f,b8ae19f3a0b2e4b7
or neura,a65805cd4ea76dd2
l machin,95ed1084578706cb
e transl,6514ebe58f3f5ac0
ation Co,a4e355b0cb019c23
RR  abs1,9ae1a9d747463e71
60604199,062de097ac90aa4d
 2016 40,912f3d3f6d3c3063
 Muhua Z,c33f480f5a55c637
hu Yue Z,48b5de759d31b5fe
hang Wen,c3c8f2172b8cb527
liang Ch,8ae08c95b46644c7
en Min Z,081ebc627e8edd9d
hang and,4087be262ffe0879
 Jingbo ,58a18cb6f894dfac
Zhu Fast,6ae4d1f83e1315d5
 and acc,afdac976923b8ffd
urate sh,ba40b50eab134497
iftreduc,06329dd20831ea5a
e consti,48cb1b0252aa1e22
tuent pa,1b91313c65b1f48e
rsing In,d4f670cfe914c396
 Proceed,39b5e6e7c437bfae
ings of ,5e4a9242b71aba86
the 51st,740c4809bf694a16
 Annual ,5d3c089aa07afef6
Meeting ,4043ed3b6cd404ef
of the A,72f0c6117c176b90
CL Volum,af16c90853c71275
e 1 Long,580fd64f294f5732
 Papers ,f7a2677637dcfad6
 pages 4,645db54be156a84c
34443 AC,65eac23c529c2657
L August,8e174a3d08f829de
 2013 12,a3fef411dfe4182e
Attentio,bb378cc069ab30e3
n Visual,f1f0ab0c154ebd88
izations,1e009a68071acfa0
 InputIn,c9e71f0444df0ea8
put Laye,40334fb338717a60
r5 It is,96560d1a4758ce08
 in this,9ce6eab3b22ea6e5
 spirit ,eee1774b9d426155
that a m,c64f120b652e2cbc
ajority ,99b0c9cd31d24041
of Ameri,4baa74292ba112a4
can gove,3be7063cc7a0ab1b
rnments ,50528193daed6887
have pas,7dd8f6ff37c282cd
sed new ,57ff6ca38c1716b2
laws sin,ec26a7d17e75be29
ce 2009 ,2d5ae003e877203d
making t,10ead1ecaf248ddf
he regis,cefd73dd6e3db2e1
tration ,e60809eca6bdfb08
or votin,d082ee96fbd6f6d1
g proces,fea0edbde92352a4
s more d,0d2ef54f98a3756c
ifficult,bdb2f7d287f39940
  EOS pa,23a2c780fc5ab205
d pad pa,6d759bb8d1b9cd21
d pad pa,6d759bb8d1b9cd21
d pad It,9c4a1ef689f5cab2
 is in t,15b2612ea6245d41
his spir,5197740c90a21bf9
it that ,a8015018302d89f3
a majori,41405e0879e69f1b
ty of Am,2eff11f6d7d3861f
erican g,b523c95b0725d871
overnmen,ba3f371c75014307
ts have ,6168f69d434d504d
passed n,364e4ef70cf14c8b
ew laws ,60746dd763e19f1c
since 20,b5d9571536704d7a
09 makin,93996bfabab9e555
g the re,66c2d7e9224e182b
gistrati,c479eb51ac7d7815
on or vo,c662887cc9d471d3
ting pro,aad736bde43f84ba
cess mor,8e4f9b394f2f5441
e diffic,f3c1c59ff6fc3f4d
ult  EOS,1beffe579427fc7a
 pad pad,f9986c566f112b48
 pad pad,f9986c566f112b48
 pad pad,f9986c566f112b48
 Figure ,77dd99aefb1c9541
3 An exa,b3cd646b9ff06c42
mple of ,9b032765e55b2b08
the atte,03b436b6c0fe4644
ntion me,25b0a757fc80bc3d
chanism ,feddbce430d14057
followin,bcd327eedea9d678
g longdi,15e8c90f0d66cc78
stance d,057ceffec225bd8c
ependenc,0bf5152b1b4896aa
ies in t,17b1a0348513d494
he encod,3591999563202792
er selfa,6fa0d6ff327cb3b9
ttention,e63a85bd2131bfb3
 in laye,08f5324f0f2de0b7
r 5 of 6,96e0ffe39928aa8d
 Many of,e9560d3b6c5fdeed
 the att,30ba4a0675c984a3
ention h,a97a230f5dc146fb
eads att,2bf2a4dbec7efbd2
end to a,1afbdafbcf5bf273
 distant,e1a7a998fb5756ea
 depende,a9743cb16e3bae2c
ncy of t,227d312a5c9eb981
he verb ,cd2e5884b446bb18
making c,d01660e89017dfe5
ompletin,90e9bbb3b69c8530
g the ph,18df4fad105c2ea0
rase mak,0bda95ec30826fb3
ingmore ,7a3c66ca777c4200
difficul,8112fb7306c62977
t Attent,2f924b6d624dc225
ions her,93d4725c3fc75307
e shown ,11ea650645a69a5d
only for,90edc5ebce1db269
 the wor,43831b482868bd7e
d making,80e79b3f4832e3ca
 Differe,e5af6c8beed08c37
nt color,59a3307f32ce36e8
s repres,a9f7dfbb1f5f2c45
ent diff,528c6c1867d342ee
erent he,3e8f3ded78903c38
ads Best,899198f03c555887
 viewed ,8f060d0bbf0a44a9
in color,c128558c8cb4fa21
 13Input,92bb24b0d60f263e
Input La,fad2eb37c2bf7615
yer5 The,2fa2c2f1478815fb
 Law wil,de688b8e948180b1
l never ,b8261e0d28531d0d
be perfe,3d6e3d13b9960b32
ct  but ,113361fe212696cf
its appl,f9d1b65eab97ef1d
ication ,64d645b750b8dd5b
should b,c670c8e8903f5462
e just  ,032612f94c6571aa
this is ,24519c817b442eee
what we ,355c569c9bf7ca55
are miss,e455abdaa5002f3b
ing  in ,8d369002b40c1338
my opini,06ca29a74e0d8856
on  EOS ,191020df296b6438
pad The ,aa202160480752fd
Law will,4b37bfb8047d37d2
 never b,b82fca7025a42be8
e perfec,7cae9105ea649ca5
t  but i,1f070a9e27e6ba23
ts appli,8ed03e6be70f3abf
cation s,01402f19f14af180
hould be,1bc495a29df7d6af
 just  t,7c152190d902a9e4
his is w,85212e841e28c5a4
hat we a,3b85fae214581c40
re missi,3182dd2674cef52e
ng  in m,6de377929d2df0af
y opinio,48e6437a02e79dff
n  EOS p,8b2fb80e5184ffc2
ad Input,85b233acceaba45d
Input La,fad2eb37c2bf7615
yer5 The,2fa2c2f1478815fb
 Law wil,de688b8e948180b1
l never ,b8261e0d28531d0d
be perfe,3d6e3d13b9960b32
ct  but ,113361fe212696cf
its appl,f9d1b65eab97ef1d
ication ,64d645b750b8dd5b
should b,c670c8e8903f5462
e just  ,032612f94c6571aa
this is ,24519c817b442eee
what we ,355c569c9bf7ca55
are miss,e455abdaa5002f3b
ing  in ,8d369002b40c1338
my opini,06ca29a74e0d8856
on  EOS ,191020df296b6438
pad The ,aa202160480752fd
Law will,4b37bfb8047d37d2
 never b,b82fca7025a42be8
e perfec,7cae9105ea649ca5
t  but i,1f070a9e27e6ba23
ts appli,8ed03e6be70f3abf
cation s,01402f19f14af180
hould be,1bc495a29df7d6af
 just  t,7c152190d902a9e4
his is w,85212e841e28c5a4
hat we a,3b85fae214581c40
re missi,3182dd2674cef52e
ng  in m,6de377929d2df0af
y opinio,48e6437a02e79dff
n  EOS p,8b2fb80e5184ffc2
adFigure,276e808d0c5aa680
 4 Two a,1ee4c5fabdba8f61
ttention,e63a85bd2131bfb3
 heads a,ebc2e17d9cebcbb2
lso in l,060aae1fc80c2161
ayer 5 o,eff867bc38d127c8
f 6 appa,1f0a6b6137db9d10
rently i,bb0022f631345556
nvolved ,e39ba300d89133fb
in anaph,9fb018bf57c3e7a1
ora reso,ab4a749449922c2e
lution T,0cde2d060fd1056d
op Full ,13fb6b7c7cf7f150
attentio,69c41f4389f010d4
ns for h,be035d8b7f0bd982
ead 5 Bo,65fd741af4dbfc31
ttom Iso,b3365234b6470ed8
lated at,687b301f551430fa
tentions,53c77a3cd7ce1da7
 from ju,95beb25111b6d0c4
st the w,084f19cc5687b46d
ord its ,f63dd83640bf1a68
for atte,84ebdcf9fcf5c8cd
ntion he,37cef4407441f94e
ads 5 an,ed329fc014c73ab3
d 6 Note,c430fe9ffbb1bbf8
 that th,69df042a5bdd2e70
e attent,6591a245c2be7187
ions are,6c2243a0890d89d2
 very sh,321901a0fd39e22b
arp for ,502ba43f40c1bacc
this wor,06c061f86ae8eced
d 14Inpu,58e943d69b4367e1
tInput L,c54a8580742cd518
ayer5 Th,138af19778cb9de0
e Law wi,06520cb6f9ccf226
ll never,6058619c513dedd8
 be perf,8e97545dcb19d774
ect  but,47c002eb18094ba2
 its app,26668bdd307ccfb4
lication,cb01dc8f830cb002
 should ,17d260e1664e0c4d
be just ,fd83c1ce00f298d9
 this is,645886ca31308fd1
 what we,b05de2dd94559c11
 are mis,d370285de3fa49d0
sing  in,ebc2cbbb9b291a72
 my opin,a3a9957c5f5233ee
ion  EOS,22c1b2c70424619a
 pad The,f2005b30f61992ea
 Law wil,de688b8e948180b1
l never ,b8261e0d28531d0d
be perfe,3d6e3d13b9960b32
ct  but ,113361fe212696cf
its appl,f9d1b65eab97ef1d
ication ,64d645b750b8dd5b
should b,c670c8e8903f5462
e just  ,032612f94c6571aa
this is ,24519c817b442eee
what we ,355c569c9bf7ca55
are miss,e455abdaa5002f3b
ing  in ,8d369002b40c1338
my opini,06ca29a74e0d8856
on  EOS ,191020df296b6438
pad Inpu,0c8dfc7fea95b895
tInput L,c54a8580742cd518
ayer5 Th,138af19778cb9de0
e Law wi,06520cb6f9ccf226
ll never,6058619c513dedd8
 be perf,8e97545dcb19d774
ect  but,47c002eb18094ba2
 its app,26668bdd307ccfb4
lication,cb01dc8f830cb002
 should ,17d260e1664e0c4d
be just ,fd83c1ce00f298d9
 this is,645886ca31308fd1
 what we,b05de2dd94559c11
 are mis,d370285de3fa49d0
sing  in,ebc2cbbb9b291a72
 my opin,a3a9957c5f5233ee
ion  EOS,22c1b2c70424619a
 pad The,f2005b30f61992ea
 Law wil,de688b8e948180b1
l never ,b8261e0d28531d0d
be perfe,3d6e3d13b9960b32
ct  but ,113361fe212696cf
its appl,f9d1b65eab97ef1d
ication ,64d645b750b8dd5b
should b,c670c8e8903f5462
e just  ,032612f94c6571aa
this is ,24519c817b442eee
what we ,355c569c9bf7ca55
are miss,e455abdaa5002f3b
ing  in ,8d369002b40c1338
my opini,06ca29a74e0d8856
on  EOS ,191020df296b6438
padFigur,3dbc9ef77b1de7c7
e 5 Many,aed0bd50f8dd0a7c
 of the ,8f8e55ae20dfc4c0
attentio,69c41f4389f010d4
n heads ,f0eaa5356dc786cf
exhibit ,435d961b2d68b8dc
behaviou,37f23732988f1d6e
r that s,d9eb32b0663e74ab
eems rel,e6dd6f1b36df69d6
ated to ,ddadbd023e01bcec
the stru,7a88a7700a6ed42b
cture of,7c15f1576f7e8c79
 the sen,b21675ff6bae070e
tence We,e8cf3d2d9051deff
 give tw,695cf76a9918a4d4
o such e,b5c0a69cd039529e
xamples ,dc0e24d07ba07f9f
above fr,91aec519964b5d24
om two d,97ab8b5670d0af21
ifferent,4a9b371249192cd5
 heads f,9a201325709561a4
rom the ,c4acc24265d1192e
encoder ,7b2d2d48d0e55b0e
selfatte,79791b1b4874413e
ntion at,9983f9a4ae139b46
 layer 5,829224c02e9ca83a
 of 6 Th,c7b31935447b0c3b
e heads ,f00e4c9f1ec2c74a
clearly ,0daa96507619e93c
learned ,fec7135dcce3050b
to perfo,048579e4dacd117f
rm diffe,3bf7193fc960f634
rent tas,09eba6504e8e41d7
ks 15   ,67297663bcb20e6f
