Plaintext,Ciphertext
aaaaaaaa,67d8ec1a0148bc6e
bbbbbbbb,67f4d7d9bf3c0413
cccccccc,e197d66dd5273ea8
dddddddd,337be65565d0c21d
eeeeeeee,0b7f311aa8c29ecc
ffffffff,f3eca25a81d446d8
gggggggg,2929131c4d7748f8
hhhhhhhh,2feada77ae25040c
iiiiiiii,add8a966169479ae
jjjjjjjj,9fc918b642daf4f7
kkkkkkkk,aaed29447c85ce3a
llllllll,dc6dbe6e948c8c38
mmmmmmmm,5bb711ef60f84e6b
nnnnnnnn,37026d10813b11c3
oooooooo,27313645429f50f6
pppppppp,f5d9375308439c09
qqqqqqqq,d8254fcf03f1be37
rrrrrrrr,95572cef864fc24b
ssssssss,1b0e28d699974112
tttttttt,6eb52a019a0d2bcd
uuuuuuuu,291cf35d4b0efc01
vvvvvvvv,a27d1025d0c9142c
wwwwwwww,5e0430a6aede5820
xxxxxxxx,4d798f991d248358
yyyyyyyy,fef3a25873de1b3e
zzzzzzzz,e155671782f4bebb
00000000,dc03d7a9a3fce7c5
11111111,afe032a2f6818d3c
22222222,e5d59a63f54f07ee
33333333,925658051fb95c74
44444444,047b1e67a3cc0f17
55555555,e8c983376bddc351
66666666,75cc03af96ac6602
77777777,081aced360bd5bd7
88888888,928d0b93b6be4551
99999999,d41a68de640946ee
Provided,106ffe6161aae57e
 proper ,94672ab131ce2063
attribut,e959d273c445c58f
ion is p,eabdde61033fe275
rovided ,c6792501477b9fe6
Google h,024fbc861431acbd
ereby gr,6e25c3010cafcbf9
ants per,adedd7b2230d74df
mission ,8d511b53442c34cb
to repro,286ad1eaea918e88
duce the,398dd2e6d64dca06
 tables ,716d12d9f1580dda
and figu,d605bdaac4f36f47
res in t,1491d266e7b4b20a
his pape,3e86e10b1e50d43d
r solely,759fb3a18b30d2fe
 for use,83293a2590292350
 in jour,83fe465d5b273a42
nalistic,cc4a5a045e527561
 or scho,661051ef85f2a4c1
larly wo,f764e571ae911d1f
rks Atte,6a4fc9d94c735dea
ntion Is,dbe505d61d2c7c9f
 All You,fb97fbe88efc8524
 Need As,55a2278f60253cbe
hish Vas,21039aa4746bb14b
wani Goo,30f4d9382fb3c593
gle Brai,6bb13998a225e110
n avaswa,47e7f8bc3a8e96e3
nigoogle,881d4d492e6bd8f6
comNoam ,af2d5f7c111fd280
Shazeer ,ac9e65936595e190
Google B,68006f0b8c61a9f0
rain noa,db412be694458f70
mgooglec,3be0057d8be216c3
omNiki P,012700d52498d36a
armar Go,8c58b8ccc991346d
ogle Res,7a4c1c2ebef240b1
earch ni,1d4e11eedc15ee69
kipgoogl,60a86cd4b8992939
ecomJako,e8dd20b3fb8dc26c
b Uszkor,87434201fdbcb11d
eit Goog,192220bda20d52d4
le Resea,845972e86e9634a7
rch uszg,ab644336b2a1a504
ooglecom,67ebc7f849828890
 Llion J,7dbe12c1f422b1a5
ones Goo,b2f5a70a63ba6c52
gle Rese,e2a83797f7c2b879
arch lli,53ddca47e70eeef0
ongoogle,3f208e38be7f8d40
comAidan,9375f54a9a422cd2
 N Gomez,4aa8220ddab5cb10
  Univer,1272db118460d80d
sity of ,b7d785bb9b25c853
Toronto ,4150fa9fe892c235
aidancst,2698e8f41fb594f1
orontoed,9d83e0ed0c5c1e94
uukasz K,fad2017bae2032b9
aiser Go,f313279e0fd33ab5
ogle Bra,aeba254c8e085735
in lukas,057c84e4484fab2d
zkaiserg,d6d534d19ef5235d
ooglecom,67ebc7f849828890
 Illia P,108fa684a5adff5b
olosukhi,3f10bf21fdf867fa
n  illia,c295ba3267c6fee8
polosukh,fcdd7e40903cf914
ingmailc,5b1a904f723cfcd3
om Abstr,eddaf590e0df3192
act The ,be032016adebaf7a
dominant,f32eac2bcbcbf348
 sequenc,6a9917c99bec22c4
e transd,ecc320e156a47a0b
uction m,27a4aa91f3568179
odels ar,b89bcc5954660816
e based ,5c9f1c0cb24cf487
on compl,9c1034192536dc93
ex recur,3d911e543a9e9f99
rent or ,57de7329247d2ef2
convolut,2f10a3e15dcea194
ional ne,408b7d41de8b8128
ural net,adf9df0ce5da9adf
works th,d9a05cab5d9b45b5
at inclu,361f1c099536f869
de an en,5f73dd422cd0c469
coder an,7d77c6ac0fa2cf6e
d a deco,ef7092df44f7d64e
der The ,cadadb7866de7552
best per,781a6ebb9ebeaa14
forming ,7eae8df761196d96
models a,af22f2e12ee32718
lso conn,7f2797d3f387f00a
ect the ,3234ae2edd3801bf
encoder ,b8b276f2f20ec47b
and deco,0c77f31b55bd3718
der thro,b629b4a15f2c4fb9
ugh an a,7b654b9ade06ed26
ttention,97f21839d632f39d
 mechani,0434af9d19f85f10
sm We pr,75f34aa75a37c760
opose a ,2f5a49105efa35cf
new simp,d8bb215c430cf02a
le netwo,27374e7a18fb7fc5
rk archi,a301ce403f4b9aeb
tecture ,ac16730b3f27ccc7
the Tran,c00f5b1ab4911608
sformer ,41c8e1b96ec9b65f
based so,95e514fec3fc871f
lely on ,ce414089c23310de
attentio,b6f4da0e549a01a8
n mechan,f22796bf201404be
isms dis,056a32f52afb79f4
pensing ,3b4d297c8711db37
with rec,aefeaec4f8d17626
urrence ,323f47d5f7fd1609
and conv,06db47fc34845f91
olutions,021c6515088354f5
 entirel,8dbe5d17865d5673
y Experi,d66afd169236ad0f
ments on,5a39214ca0496548
 two mac,857cf40e5ce009f3
hine tra,455cad69b375d43f
nslation,0a2d3d7fb998feec
 tasks s,ddfc9da37fa41dbd
how thes,4b96002c3c7d575a
e models,d936f2497a51c6a2
 to be s,d7036c722bb53cae
uperior ,7ab76b1341b0598b
in quali,a53514b91bb85b09
ty while,6305b9f1c54edfe3
 being m,f14ccdb02d1ae0b1
ore para,6f1917a173d5c247
llelizab,b160524149b6f44e
le and r,ca2f8b7ec8da9884
equiring,67be5ef9d832f650
 signifi,ef42fc1736922c28
cantly l,2f139108af052a93
ess time,6c774d887536fe7a
 to trai,56bd76c73d4ca1a6
n Our mo,486c2a15d199a296
del achi,508f8a06065203e5
eves 284,db7e9e6ad2166dd2
 BLEU on,1f6ffa6abe765828
 the WMT,6e6a2868f305b9cd
 2014 En,3637a97abee98eef
glish to,75f6acfe6ddfb9a6
German t,8c9d16d94a6ef0d3
ranslati,62647d7c0a58ca6f
on task ,e2349a2fbf7da608
improvin,1c4f327d9e0784f2
g over t,926c924da67f11d7
he exist,c6b6e6b43506dc94
ing best,a5fe2c4b87831503
 results,d139726fd1ed2ba0
 includi,867785aeeced8285
ng ensem,dd3e64cc39e89a6c
bles by ,1fb56f2bec0e2c86
over 2 B,f4a142d806797699
LEU On t,45cb19964978b792
he WMT 2,001710bacc9e274a
014 Engl,59f7d68da99ed301
ishtoFre,54a041e02edbfa88
nch tran,97be54d3d7643943
slation ,e30a5297d4579de8
task our,fc673b79b1e8c893
 model e,296dd165669abbed
stablish,f9384613b5171289
es a new,7e1804020ad4747a
 singlem,dce233c87817d640
odel sta,0944c80393ccb5cc
teofthea,b09127aca4e2af9b
rt BLEU ,db6a1ecadcb5c4d5
score of,739e73f3b53879da
 418 aft,8b201f8d0d42de15
er train,8bc3766cb6d866ef
ing for ,5b59f68b0d81e2e6
35 days ,8e1512a0f23eab84
on eight,d8c6db59f9e8ed4a
 GPUs a ,73fae02b6af00253
small fr,99fe4403ba0e91ef
action o,f1e8eb4586a73112
f the tr,6716f209718d84a9
aining c,2b3a1fdf9081578b
osts of ,625e0c1e64d8912d
the best,fbf8a2aeea258735
 models ,321e6445cf680de7
from the,4485dc5f15898ef3
 literat,4522f04cdee68dcc
ure We s,f9138a3ab38ef088
how that,5f17df8a2eae4829
 the Tra,fbfcc00da993cd87
nsformer,4d5c0f7ecd4ed009
 general,1b63cb6387292927
izes wel,76bf37f869adc7ef
l to oth,82eef188e9fda1c9
er tasks,82b38c2db0d3cb29
 by appl,c37db0674c9b6b32
ying it ,eba5dc9766949996
successf,c4495e6b09ccc9da
ully to ,2e3a34d8e1fc066c
English ,b3a4e7776763f53c
constitu,2d182dd6154a45d7
ency par,f72603157ef74d54
sing bot,9d0d6c3611b64444
h with l,cfc375ef9cdaff71
arge and,d9baca447c1f360e
 limited,6423e7e362172c73
 trainin,f8a1b6bcc9d2eaf0
g data E,beea0b76b1de41a2
qual con,c9adbd48bea3524c
tributio,bf5e7051b68351e4
n Listin,84461092b0cfd7f0
g order ,48b9a24033cd692b
is rando,953ce44dde44b268
m Jakob ,9d53b5ddc90972fe
proposed,76e798f00c95c07d
 replaci,b17eeca58516fd91
ng RNNs ,b31a966ea59487aa
with sel,26ba010bffc3800b
fattenti,54a6571dda7a08b5
on and s,0e61f9e608da4d88
tarted t,eb61a50eb77a575a
he effor,9b56a5737e8b64d6
t to eva,0018d3762531864a
luate th,2ebed57cb94082d2
is idea ,5df3f04e7581532a
Ashish w,432cf154153d2a89
ith Illi,e9d7c8e224f01d81
a design,271fd20b8590bdfd
ed and i,537c6ac9ee8b8f1a
mplement,372e29cfe05cbda6
ed the f,0c4d71760f7090d7
irst Tra,89c9458283aa2c99
nsformer,4d5c0f7ecd4ed009
 models ,321e6445cf680de7
and has ,7e46651f6c679b3c
been cru,ea9bd1dc725e7fe3
cially i,3040b03a9a49daac
nvolved ,e0e0ef899794643a
in every,0f71ef8052fa93f1
 aspect ,dff8b904d08738ab
of this ,8cc5edaf7da9dd2d
work Noa,205da975f7920397
m propos,be5cc09406826f59
ed scale,f9a27a63953fb58d
d dotpro,39077746cd25fb02
duct att,f3f71d243f224772
ention m,172a9499e98c8ea9
ultihead,2f866eae1c0c32ab
 attenti,549a02642a613c55
on and t,f10983eedd73d920
he param,e7b0f69e9cc4fae2
eterfree,418140e07a82cf05
 positio,88726298a918b54c
n repres,89580c327d3e62f3
entation,70856946f03a7949
 and bec,56a8504bb4091649
ame the ,50605a08e9b763d6
other pe,ae37dc4a4a16a86f
rson inv,1c1f5b49aae76759
olved in,8c63e092a6dafa0e
 nearly ,62e9aa717493f301
every de,c2495b62a6f15f43
tail Nik,8c63e714ebce3c58
i design,8cdfda48992ccfe7
ed imple,18be0badf684a352
mented t,c19f1edaa6bfdcc3
uned and,aeb6c95b17b940bc
 evaluat,78581f3d21c9ca3e
ed count,612a4046709abd73
less mod,2bfa7d998da0fc25
el varia,6f492473d2ea5151
nts in o,4dc62e4e549ddc98
ur origi,70dd8161a82e9792
nal code,8675f284a1d75c60
base and,7558e63721fa3875
 tensor2,ab6f851499a14895
tensor L,e5fab70ff246d367
lion als,8602215051063ff8
o experi,1cf827904fb9ce7b
mented w,877e6813c760a193
ith nove,9f586dcb8fd78efd
l model ,41615f984bff37c7
variants,c61dd380d03e2488
 was res,43389c24aeccb1b3
ponsible,286923159cb63b66
 for our,6b3b4272e8292131
 initial,7cb21c9e0fc54832
 codebas,be5df22653d84703
e and ef,55e43e55f3a28a27
ficient ,db9ae921d5eb2cd0
inferenc,182c79838ce0a808
e and vi,eac5bbf0a054d539
sualizat,9fbd7466c15d2d55
ions Luk,570448115bd78eaf
asz and ,8bd290d02b5ea8f5
Aidan sp,5023572255026be9
ent coun,eeb356a4074a4ee8
tless lo,5e2fc8793fb98d26
ng days ,ecccec6f37d43922
designin,e43e5ff968f566f0
g variou,ea399defff2538a8
s parts ,276d943accfe3716
of and i,0bbdae3d6d15ecba
mplement,372e29cfe05cbda6
ing tens,96de7c83fe7362de
or2tenso,6816102a2cbeac5c
r replac,1341342d6417d8fc
ing our ,848d5583fea56dd2
earlier ,f0b6db47570154b9
codebase,7624ed761770a86d
 greatly,96dddcad6d4f69bf
 improvi,e3b9d380c311af70
ng resul,dd0a5baa473e9c0b
ts and m,9244fb893e4e83ca
assively,a60ee46897ea5ed7
 acceler,eb7ef9b535f4b2d9
ating ou,34a7692ebe5843f9
r resear,29b6e52b39113c1f
ch Work ,a3a8c9938c13eb90
performe,51816862834a6f12
d while ,b4252ea58061b158
at Googl,a3c1848fdc1eac53
e Brain ,cb52745768dc9aa1
Work per,3cf95637ff74d2d8
formed w,7b4adc47c371bba7
hile at ,3b832565ec3e77e4
Google R,95be6be967402499
esearch ,86a7d2615a43dafa
31st Con,80601ecf81ac5be9
ference ,29f134c8bae3972c
on Neura,f4a356845f8b256d
l Inform,5a1f05f4652b9720
ation Pr,3013cac2032d1ee4
ocessing,06d6dae9ff62ea0a
 Systems,72d2b6b5fa98ca92
 NIPS 20,0f11990f5470a9ef
17 Long ,7786314b714e8536
Beach CA,8bb9af04d81b86dc
 USAarXi,348e9e24ecf75679
v1706037,f21af9f503423750
62v7  cs,8120d9400e6d2fbe
CL  2 Au,7da7a4c85255a027
g 20231 ,5f01070da1f2c2e4
Introduc,1bce2486fd3cddf4
tion Rec,d823ff871854efcd
urrent n,ae0a553ae2257510
eural ne,2c6b06526a304fee
tworks l,c26ffde8c034db70
ong shor,7dac53f255f5197e
tterm me,bb1007fa6c6aa7be
mory  13,49b0b3e618c0ecc1
 and gat,f6a978dd3ee9162a
ed recur,8b4f552e9eb259e6
rent  7 ,cc4ee402d0cf0486
neural n,2ff1640b49bfe65f
etworks ,13a4d1c7f4a3c098
in parti,4c39c1a3a9cd667f
cular ha,d25555aaf04288e6
ve been ,d4f3e8e3e3610618
firmly e,08fd6b55f07bd842
stablish,f9384613b5171289
ed as st,658462a803affe40
ate of t,e067b92ff82be71d
he art a,6feaddff0d9bdc47
pproache,7b02fce83388a263
s in seq,7cace6a8105e8bde
uence mo,2b4a212b550d97d1
deling a,759c45b2edaf65f8
nd trans,e24d672534881585
duction ,3d90f5eef159f51a
problems,d1e128b1a8f6fe44
 such as,2d5d4c80be73e218
 languag,e25a9c3c8137251b
e modeli,f55f78cfc48099af
ng and m,6efe81e0d7889f95
achine t,70389fcfde08e3b0
ranslati,62647d7c0a58ca6f
on  3525,ca3b06dc49ddbf68
 Numerou,4458158ba5c72584
s effort,523ebda437dfdb9c
s have s,b8c3deb53c7d1b29
ince con,6faf60b6f442cc43
tinued t,4cf06825a6aba829
o push t,d33fbd8a863bb511
he bound,ebf25bcef4499d6c
aries of,6ae82eefc2f5880f
 recurre,3e3fe634886ce89a
nt langu,af0bd2318287dc2d
age mode,c666dd20096e4d8c
ls and e,97a01d9e06ef5a4f
ncoderde,3a02890cf52e8deb
coder ar,775ea5f4a49a1398
chitectu,de5229a702d3fc05
res 38 2,567568db12892243
4 15 Rec,3bd5ab29b075d996
urrent m,85f43c559c30734e
odels ty,093d1f42d066ed2c
pically ,57e478b9c9efcd93
factor c,5115a3eba4044ad6
omputati,91ac7ebfe02579c6
on along,c28a84a18b9b6b07
 the sym,42557a28fb257de5
bol posi,b030f5a04dcf8ecb
tions of,cba05f4be0964027
 the inp,eec988d438d47e90
ut and o,5154e3987294a35b
utput se,418ae1dacd9162e7
quences ,b08c085895667345
Aligning,cce75927a3e63001
 the pos,33a700f87d5aa0a3
itions t,8ae321492e5b2564
o steps ,fd680ce4c2bd1e2c
in compu,00df5d7f4cec11a0
tation t,61e1c795dc136fc8
ime they,ed45ab91fb497256
 generat,710283cf078e8263
e a sequ,f69918717b75fff4
ence of ,08c452795f14096f
hidden s,5c9719da15cb6a7e
tates ht,8b22985326d44cdf
 as a fu,2e5fe20df0419050
nction o,1ecdc3b80089a2c8
f the pr,c8e57a9d2b2e1b44
evious h,933ad80d7addbb71
idden st,3b3c3bb612eef8f0
ate ht1a,e8ad08b572ae23a8
nd the i,4edbd4be0f5b1522
nput for,c99bf1a5c7e4f6a8
 positio,88726298a918b54c
n t This,85f90016a8204ed9
 inheren,6c66ea8b7313cc38
tly sequ,917ac1da2c3de37b
ential n,25e75def72cf4919
ature pr,2fb13ebab9f2ca15
ecludes ,1d3634753ee97ff1
parallel,c3a64a8587e9541e
ization ,ca51992eaec0627c
within t,4a1a316b275694aa
raining ,c1c07f557b5ec7d1
examples,c4b81eb0066036ab
 which b,fbc35377a8eda2c7
ecomes c,05263349aa9410ec
ritical ,8636c8190ae8b624
at longe,5b5a6d190ac69306
r sequen,994a552c61402ebc
ce lengt,aa3a895044e2afe6
hs as me,83fe8f6675c76552
mory con,574414bb203be85a
straints,9db6f89f07cdf948
 limit b,a9e77af103277d4d
atching ,b08454330bad09ea
across e,61a85ba0d585bbe1
xamples ,138f4c8efa6ed4be
Recent w,18fcad10148c7d51
ork has ,4960173af48fce8a
achieved,34af81060ff64549
 signifi,ef42fc1736922c28
cant imp,e4c0fda919a7f3a8
rovement,d71afddc1c2dfe82
s in com,614776644bfc23ac
putation,52f4297f7c1a357e
al effic,55ba1082717eb3c8
iency th,eeacb3f21a49e988
rough fa,9ffa0b4f63774665
ctorizat,953ab0208f681024
ion tric,19ae4d68c8ab2fad
ks  21 a,bd0eb07ebbdd23ed
nd condi,ef810137a73f1908
tional c,1c05ee6f0ef0bca9
omputati,91ac7ebfe02579c6
on  32 w,bb57a63f7ff85f35
hile als,6e6bc8cf5c91d8aa
o improv,11ae0d81491bf009
ing mode,6dd22c4096fe23f6
l perfor,f1f13e2ad38e8447
mance in,01f9adf755cbea58
 case of,baecb614c58cc18f
 the lat,15b5eec1dfa98ef3
ter The ,63339165dcc9e0ec
fundamen,65e92a8db2452ffa
tal cons,0daf8c2943c2eef0
traint o,cc47f76297eb25f6
f sequen,58cf1c77e69eb591
tial com,d028b8e4b80f39c9
putation,52f4297f7c1a357e
 however,95925ae751808498
 remains,094d44259d82ec75
 Attenti,e2db1af953949ed5
on mecha,b69fa4ec68867965
nisms ha,ad161594d4f4285b
ve becom,8810b909a120e5ff
e an int,0c7335df33537ff8
egral pa,56b21efaa9e2d34f
rt of co,75e0e43e0bb36f5a
mpelling,9248d0808a94cb2f
 sequenc,6a9917c99bec22c4
e modeli,f55f78cfc48099af
ng and t,6e57cf0df10fd299
ransduc ,f37c02fc59133751
tion mod,071c478512540168
els in v,374e15cb63f82a6a
arious t,60c368bd377928c0
asks all,e64db4bce543ef18
owing mo,0b8c56de35d25d5a
deling o,3c86c7be0fc3d259
f depend,fb0700fb2c41bd4c
encies w,15e5bdb72923b639
ithout r,75ff3ea643a305db
egard to,a4d5a7a69aa02d52
 their d,e1c30696632217c6
istance ,4286c27b5c03ceb4
in the i,9d7e5bed3ab8dcde
nput or ,d329afcca48a6225
output s,8ef55a0e0fc462b6
equences,726d84586673c235
  219 In,b3d0b5566cf69195
 all but,24783e7684ce4493
 a few c,135b19007c7a612e
ases  27,5d55ad455f8a0238
 however,95925ae751808498
 such at,c357cbbb1c701a92
tention ,46f1d94fbec8bff2
mechanis,bf97d03f00a2f6cf
ms are u,255881c2867b14f2
sed in c,1f8c411c7e3f4889
onjuncti,62497cb7b8dc8e8c
on with ,dc38eb8a3f13bc9c
a recurr,720963153bc73af0
ent netw,caf2d7346772d227
ork In t,24e433c38cbcfb38
his work,c21b939c85625939
 we prop,6a10a6edfe225c14
ose the ,f97fd5236d27eac8
Transfor,76ba3f60c1859f19
mer a mo,e27e721c1f58ba04
del arch,1c9ee07801c60915
itecture,e81c4519d7bd1451
 eschewi,889d7e0eb3b3092e
ng recur,c138b140d0466a09
rence an,6c7c3938da8e201e
d instea,9a49d94bfb1c220c
d relyin,1da66ed8ed9a5943
g entire,13979b6f5a01184c
ly on an,98f2c10e0f855a3f
 attenti,549a02642a613c55
on mecha,b69fa4ec68867965
nism to ,664002c47f7f0232
draw glo,9cdb0357adb6d74d
bal depe,1f30adcc843d3ce6
ndencies,f1429c3fd7ba0977
 between,777bdf6f8dbec0e7
 input a,d35bb7f0cce2ca70
nd outpu,1194e8d44b7d74c0
t The Tr,5464697661744b61
ansforme,e05e53b5337e9728
r allows,b78f3ddae1405a17
 for sig,c944dc036637a22d
nificant,e1e690dd769b982e
ly more ,399d8c202951538e
parallel,c3a64a8587e9541e
ization ,ca51992eaec0627c
and can ,f3fd5aabcfabc437
reach a ,2009433a6f18e4df
new stat,0bc802ed02645e4e
e of the,49b41b9c519fef2e
 art in ,b8615d45949a4785
translat,4bcd393b86badb34
ion qual,9f3a1896e641c1ca
ity afte,0cc3565f88e6120a
r being ,e8185648ae057acc
trained ,4aba76b5d8bb12b1
for as l,4342b2eee1ea675a
ittle as,e2be28df94aed360
 twelve ,9686743092b2b856
hours on,559942787f7d7e67
 eight P,86c7d2bbabb7ddc1
100 GPUs,b12ed64b8e171f04
 2 Backg,df318b575bd4105e
round Th,564f5cfc02f74600
e goal o,ed77703cf7ba41b3
f reduci,7d00fd71631e0dd1
ng seque,5cd5caf3d0944154
ntial co,e160bd3bb0b05d4f
mputatio,3154a16298249c37
n also f,89710368807b8b0d
orms the,5ba11a19bdc7bd1b
 foundat,d3b7bf3c3d40b7cf
ion of t,4c23dcb8547275af
he Exten,7195959924e98c91
ded Neur,fdcf17a1aeaad6bd
al GPU 1,90fa5f8f44355eaf
6 ByteNe,d680c5d33e8eded9
t  18 an,dfc0772e2b5d9eb8
d ConvS2,cec7a2ef0f127990
S  9 all,c76f22eb8a594f01
 of whic,2153529daddc3215
h use co,7873d506960f1503
nvolutio,47b6eff103945107
nal neur,8445b8019b826810
al netwo,abc03329cd8bf77c
rks as b,0dfdf964d8aa23bf
asic bui,b751ebe791a4bb15
lding bl,525453f22daac136
ock comp,676115c7594c78fe
uting hi,ab6bb96894a4ac65
dden rep,09e2cdf4bf67fbee
resentat,7e3e0c9bf2c753f2
ions in ,35ba3fba5edf05fc
parallel,c3a64a8587e9541e
 for all,a10f9a14ceb23d5c
 input a,d35bb7f0cce2ca70
nd outpu,1194e8d44b7d74c0
t positi,015c33948ca68008
ons In t,1fe87a6983bb8d04
hese mod,19694dfcdca876fa
els the ,32c49c90cf2f0e65
number o,235892e4526045a3
f operat,8a00dac3f0fc390f
ions req,b455c111c575aaa7
uired to,b91ec02b79cc847a
 relate ,29de3e87b02a5c43
signals ,1017bba94d2d658e
from two,7b93c6606142ec1d
 arbitra,7bccf9657f9a107d
ry input,1f0df89d07c3fd69
 or outp,d32c38bc9fdd32b4
ut posit,3a131216f27113ac
ions gro,f9b1d5ba5888ad4a
ws in th,12f0bf072d2745b1
e distan,1f3f59ecf62c340e
ce betwe,02a22e6bb2fbf555
en posit,4b05cbd8e60b1e50
ions lin,ec51ab8174eebbfa
early fo,e055aaccfe6496db
r ConvS2,5de5294ba3c60179
S and lo,2b80b09793ee1436
garithmi,e9e85674488a3db3
cally fo,305b74696e642c3f
r ByteNe,5a5970aec53c0fd5
t This m,6e4ee8934d5a74e8
akes it ,ef6d645c01411a63
more dif,312ecdaaffbd3b52
ficult t,21219ee24121a822
o learn ,4adf8bf7378b7842
dependen,4f53828828da3f76
cies bet,85975ce1234970b6
ween dis,fe063e4c0d9a9d0b
tant pos,2ce7a4b6b27f7d60
itions  ,88ddce52a2408d58
12 In th,71c70063e8373714
e Transf,9b7383c648cf6038
ormer th,969fa84ed257802a
is is re,37ffcae1e0628f11
duced to,ec40b52100959914
 a const,074a8be4a5853ee9
ant numb,1454fa9e5a5f5a15
er of op,71a393168f3db373
erations,1f5a7743f3701fc6
 albeit ,703edbe10919e74c
at the c,8275e9d1d05aa1ca
ost of r,60c7b021c2bd5e5e
educed e,e582c97edbe3238b
ffective,3fb0e0b7571ac4f5
 resolut,8be6553c32f515cb
ion due ,30386c589e3ad285
to avera,3713c19b26590867
ging att,3f4f6662fe75321d
entionwe,c0946af705158455
ighted p,766ac13000c9bf43
ositions,e480401a59456ccc
 an effe,ee640cf116db2617
ct we co,daec2073703ab1f8
unteract,6ef00212cb879dad
 with Mu,c51bd2fe1cbf8c61
ltiHead ,e905e2c9b2902596
Attentio,b39664186bda02b5
n as des,217fb4778eb3fb7b
cribed i,c64e066691977ba2
n sectio,9358915b77730656
n 32 Sel,230b97d6614a3179
fattenti,54a6571dda7a08b5
on somet,f0d801d6b71cc948
imes cal,230f5a1b42f95edb
led intr,0adf1bd770a78feb
aattenti,e6acc196a1959fb5
on is an,1ea45ea3508dc4f3
 attenti,549a02642a613c55
on mecha,b69fa4ec68867965
nism rel,5a228362f13a0503
ating di,5af73285b70dd5bc
fferent ,9020c1972b3e3189
position,3f99d462d12c4d53
s of a s,97339d697d7dc4e1
ingle se,54adad9548f62fbb
quence i,01f1a4062ada3a28
n order ,80df2d934c8480b4
to compu,0c37c4e6a47a15a1
te a rep,e878a8a54769943f
resentat,7e3e0c9bf2c753f2
ion of t,4c23dcb8547275af
he seque,18a4f492ffe92a6d
nce Self,dfbd0e48f95a1a5a
attentio,b6f4da0e549a01a8
n has be,9d98fa3d9e64d0b7
en used ,45d6dfd7ee50924d
successf,c4495e6b09ccc9da
ully in ,36ac4dad75130d3b
a variet,6b3e8993fd492a0e
y of tas,0177b90bc381b210
ks inclu,87b3fdd770604769
ding rea,5699b780217e4cd9
ding com,79a0dd634abfa7da
prehensi,e0c229b0a9741de8
on abstr,9050acea1a98ca5b
active s,8c1ff64124485de8
ummariza,96d6b8d88a0f161e
tion tex,dbbb11c97f4484e5
tual ent,f7afd6df35e15ac2
ailment ,5cfd786deefde18c
and lear,c572fa034ee4362d
ning tas,5002d58c57b704b4
kindepen,4a02007b81d6dc6a
dent sen,a529dc55248c4482
tence re,2ed910ed469ed105
presenta,55f1f607d79ad95b
tions 4 ,3edf86c7ccf5830c
27 28 22,73c4bcb51f579de9
 Endtoen,1895b133e8a9d1e6
d memory,e64dc2c0305a10ce
 network,98efdf3aa8c83ed3
s are ba,ab9e1ecae5b77de1
sed on a,4888178f3e1323a4
 recurre,3e3fe634886ce89a
nt atten,afd369082a9eaf0c
tion mec,467cd78a143a8398
hanism i,2195ceb8b0210236
nstead o,00786254f36564ea
f sequen,58cf1c77e69eb591
ce align,73419aab62e9dcb4
ed recur,8b4f552e9eb259e6
rence an,6c7c3938da8e201e
d have b,e1c468911a33d09e
een show,baff6b6e6ce19f55
n to per,19045bc25c23b9c4
form wel,9c97998b60bfd281
l on sim,ba30e34092aeb4e1
plelangu,4c6b1206588ef10f
age ques,a3a72b87de5252c4
tion ans,d58418dba0ceaeb9
wering a,e5447ca6cc9fed2b
nd langu,68b7e94b8af41fca
age mode,c666dd20096e4d8c
ling tas,105bc33af2ee3ab9
ks 34 To,184c157f9bc33bc1
 the bes,41b28ef1dbb93a1d
t of our,beee4a8e27856790
 knowled,d0449694d7a0a9f8
ge howev,5600d2cc28c8d684
er the T,871a375afa784c20
ransform,fb1df5d889503060
er is th,ca543ded0951e618
e first ,94bf0f9a4b77e982
transduc,4f399f752aeac00c
tion mod,071c478512540168
el relyi,131bbcae88d2e9b7
ng entir,75e3ffccbdc62bdd
ely on s,e85e76d6a122f41a
elfatten,a73deca13236e55e
tion to ,5459a85b4821eb90
compute ,d4821d89d865ad42
represen,742dc4ec5d294d12
tations ,aee04bbaa480faa3
of its i,3e189b1ce976062d
nput and,f4f860d7fa9fd5ef
 output ,7c282f917ef4e9f8
without ,64c56a84e71a5281
using se,01f3aa35567092fe
quence a,a46dfd5aa9b51e2d
ligned R,0f6fc56d830f95ff
NNs or c,e9228079cc26dda7
onvoluti,40677e43ec375c62
on In th,c5075452b898d790
e follow,b7520418098ba01f
ing sect,70bd38bd52b96d83
ions we ,e6e977c589d7c378
will des,0a2a23871e2fe7ac
cribe th,d38f6d8e0bc24dc3
e Transf,9b7383c648cf6038
ormer mo,030243e2478fe32a
tivate s,e369b82f7cbc1fb1
elfatten,a73deca13236e55e
tion and,93fb54dee70049ea
 discuss,36a02de02dc2d7cb
 its adv,b8969139679135c4
antages ,c5c3f7046488a566
over mod,9c52a804889acc28
els such,8d03fc1a6f76b372
 as 17 1,0225aa6c2fffdc0a
8 and 9 ,34da4ca33bcc0d93
3 Model ,6badf0fa7705f9c2
Architec,1f1db7410f706664
ture Mos,b97a7bfcf396f7e1
t compet,2f8fa1212aa6e2ce
itive ne,492fc2f406f64a6e
ural seq,37a358990b260d09
uence tr,8f90211ad7b85ddd
ansducti,43c49ca49ea56a43
on model,cfb56bed0c3e9ef1
s have a,f7aa2c9897492e07
n encode,0ef7fa7aab1c93e7
rdecoder,5dafcbdc69755a88
 structu,ccb79ee665291cc4
re  5235,d6557c9a2bbf5490
 Here th,6a4949386acaf8fa
e encode,f5f5047b3faba8a0
r maps a,d4a4ac8bd8f50139
n input ,a7a6f64265e3577d
sequence,8d70bf623678a68a
 of symb,40480dbfbe042ce2
ol repre,0ff5adf135adc8f6
sentatio,ac9b9648ab6753b3
ns x1  x,7cb2384af0620632
 nto a s,4c16141fc88f5687
equence ,59ccec53a6c68f90
of conti,086c1cc93c4905c1
nuous re,24f5342a96379eb0
presenta,55f1f607d79ad95b
tions z ,a016a010502917f3
z1  z n ,4d178998e49c0e32
Given z ,c702ed3680dd7aad
the deco,230205222fd49b48
der then,5f9964d98ad89e21
 generat,710283cf078e8263
es an ou,0968ec45c1d385d3
tput seq,4b5a1d47c6604c52
uence y1,f6962ac87dbc26f7
  y mof ,852a53614afe461d
symbols ,7384a8b7fd2c4253
one elem,a046ffc4c023a5de
ent at a,e8c84052e67bd908
 time At,de9437d0e91965a2
 each st,7277af77010dcc17
ep the m,ac00bbe00e811d00
odel is ,f6f5cb8a4ae0b83f
autoregr,cfbc4bc502e129d5
essive 1,2dcdf1cd47cc8545
0 consum,dde06b6c4d61ec17
ing the ,a98f66ca3d2826fe
previous,95d7d7e9c9ce33cc
ly gener,a68298a92aa75c16
ated sym,bcaeabe980cda2ae
bols as ,48d8e5f54694a714
addition,a9872f3fb7c718e9
al input,43aea43ba346371d
 when ge,cc2135e2994575a4
nerating,d667b04b3425037a
 the nex,f557c6cb159c9f2e
t 2Figur,ade680f8f67435af
e 1 The ,3b16dea59dfe60bf
Transfor,76ba3f60c1859f19
mer  mod,aeed592eedc34ef2
el archi,4db327470db483b3
tecture ,ac16730b3f27ccc7
The Tran,69325b682b6e776a
sformer ,41c8e1b96ec9b65f
follows ,3fde8b4e561f848b
this ove,0813b350cfdce031
rall arc,f9dba445232aabe0
hitectur,131837b8c53a0d08
e using ,386de03a5debb55e
stacked ,22f02b1fb8ade04e
selfatte,611c29e947b9ec92
ntion an,16f34ee93bdb1e40
d pointw,110915f3bb218b03
ise full,e1c5acabd00910f5
y connec,5dcdc795b2571991
ted laye,222280d25af80f0b
rs for b,505d131c2b9da4b3
oth the ,753c7e85019f945d
encoder ,b8b276f2f20ec47b
and deco,0c77f31b55bd3718
der show,e28032056c46dafe
n in the,b3bdd292a808dfd5
 left an,22241bfe3a469e56
d right ,fbdc6e999079b35a
halves o,91c9346b335fc55e
f Figure,c94710ddee0bce88
 1 respe,b0a50fc3cf4eec32
ctively ,40088319238d2232
31 Encod,462a7c1f42f30013
er and D,6eb36dc065858559
ecoder S,f6004e4276a0d4c6
tacks En,70214d85134438a7
coder Th,82e018d24ab49acb
e encode,f5f5047b3faba8a0
r is com,f9bfb3d266663c99
posed of,b8c41633400c7b85
 a stack,335cae75cc26226a
 of N 6 ,b552c9dab3e28d64
identica,2883fc55ba9214ca
l layers,a4ca67d90866320c
 Each la,e32a1ea20866d323
yer has ,7c6e5a2aaaa82418
two subl,a1fc1ffc4ec70c1c
ayers Th,1bd4b0f067349736
e first ,94bf0f9a4b77e982
is a mul,d3315bacaa6d5b57
tihead s,3f4121750a5612f6
elfatten,a73deca13236e55e
tion mec,467cd78a143a8398
hanism a,1f5ac84be8cf0c9c
nd the s,df20932a29a649bb
econd is,25897baf992f26f9
 a simpl,40c92baaa0f078c9
e positi,fa276d4f1d228f50
on wise ,c6a248d09dc89bb9
fully co,96043e203edfb8cf
nnected ,778f641912f1ff67
feedforw,f5584f42ebb095cd
ard netw,0c8d026c5fbb8809
ork We e,276893886064988e
mploy a ,d42b952ec854dad8
residual,e0266ecaf75a2f63
 connect,abe0fb57781415d1
ion  11 ,9129a1383c0adab4
around e,cdb692cb305c9a46
ach of t,ea00245be71fc910
he two s,aa815e2116acf6d2
ublayers,bb566f529cc1c8b8
 followe,950010f4ceb8dafc
d by lay,68e19c599847dbaa
er norma,e6386bb6694d030b
lization,343c9ffcb123b1a8
  1 That,af82ffc2eb3ced12
 is the ,01b4c13e28ac30af
output o,4930c90636486d2a
f each s,70e734ea6cc5cba3
ublayer ,9dc7ade8c7f5b605
is Layer,1edeeb2cee59b1df
Norm x S,261e430bac1d8c9d
ublayer ,9dc7ade8c7f5b605
x where ,2d80f23bc925327b
Sublayer,814de6fe0e2b5fec
 xis the,a53dac10f867e7dd
 functio,2fc146b89f90c2ce
n implem,2dfd6b1f1f4221a9
ented by,054d8dad2f6cfb8f
 the sub,02eb9956550f4c5d
layer it,8e576eea5fc4c0ba
self To ,dd009ec9b878dfe6
facilita,a15c120077ffaa27
te these,d9bf5eb3f8cf95c6
 residua,0b9344de7c65f9f0
l connec,f2139890c8ac8cd9
tions al,e157b6f8ae797dd8
l sublay,30d2573ba96a294b
ers in t,da7eed76af06612d
he model,d3620a6358197348
 as well,d1699027fd50de8e
 as the ,aed92c8130f17545
embeddin,63fd360c9f8cab5b
g layers,803a99f32f500300
 produce,99086f5a6822fc68
 outputs,ed3ebfc2b97ef4b9
 of dime,04bceb5fd86cf6ed
nsion dm,f9ced4f07393ffaa
odel  51,3d16c5c8f819670a
2  Decod,086227fc80f07c83
er The d,3c92a0c1cfd65d73
ecoder i,9aa30f10a8f7e1c8
s also c,b871e77cb8067dc1
omposed ,c81012f0a34dbcc6
of a sta,1728ad1fdbc64aef
ck of N ,1a11d8daaf8ef955
6identic,f3201459b35f99f1
al layer,204f33822ff4c6da
s In add,f398890633dcb0e9
ition to,2c08449aca30cec7
 the two,bcdc9c8150d5628a
 sublaye,29214966f89e6777
rs in ea,3c8669dd7ecc52ec
ch encod,0456644b883ab8f9
er layer,6a109e0b10ce8037
 the dec,bffd3a2be1d18880
oder ins,b7fc28a89fd9a56f
erts a t,c1be982bfefd3830
hird sub,0bf529d7ae84cc47
layer wh,4eb0d27096f2d230
ich perf,dda58db8e9f249d3
orms mul,acb946da7cb9d11d
tihead a,4050ceeba9572286
ttention,97f21839d632f39d
 over th,122b5e0c14c60fd0
e output,6a7afb99636ec55b
 of the ,2e89aed4cbc6510a
encoder ,b8b276f2f20ec47b
stack Si,e88290e31b16f646
milar to,02f33461e4383ee1
 the enc,9ac1548a564129fc
oder we ,8d582d85a265393e
employ r,473b7486db30c3e0
esidual ,e6a6176d08e315a9
connecti,cab5d20136880609
ons arou,46f78bf314c52707
nd each ,dcdf7a5c10010a48
of the s,b90d1232da8e317f
ublayers,bb566f529cc1c8b8
 followe,950010f4ceb8dafc
d by lay,68e19c599847dbaa
er norma,e6386bb6694d030b
lization,343c9ffcb123b1a8
 We also,498b4bec104b4ad6
 modify ,ff8b76502bb7b31e
the self,1abd0446c64f2b70
attentio,b6f4da0e549a01a8
n sublay,9ed700e9196ad578
er in th,0702671c69bcad20
e decode,08a66753aa19ad0c
r stack ,680dec63e4a119b4
to preve,c0f83413b64744a5
nt posit,047322e285bb45df
ions fro,9bfb0dfa3841980f
m attend,3f0ebe5fe397c91e
ing to s,362e23a5bc68c5ec
ubsequen,216155897db1eeef
t positi,015c33948ca68008
ons This,1aef55dd3ceaa288
 masking,64537231f0a7a601
 combine,5adf55808ee39be7
d with f,3c083d82035b9652
act that,be3e119c63de2319
 the out,3bb894d3d1a8019d
put embe,4a923eb1682f261e
ddings a,d407c5a68be53e5a
re offse,b8bdf3514c7f5d92
t by one,380fc601e48420fb
 positio,88726298a918b54c
n ensure,e07589151c171e32
s that t,be3ec4025a227d3d
he predi,f6d7fe1a37269ad0
ctions f,37ce1eb825cca707
or posit,9ea8ca44235b3153
ion ican,186aa95bf9b67566
 depend ,d62d27b8b6088de0
only on ,bff44054cfb4201b
the know,6c7bd41e9d91c288
n output,5df00400e1a7067e
s at pos,381089332c73040c
itions l,e62649b79e961c69
ess than,38563c8d561d1636
 i 32 At,aadae6d70cf7ce62
tention ,46f1d94fbec8bff2
An atten,5b51dcee2f596a0c
tion fun,a400d33eb93d4f80
ction ca,6c13219c8b870cbc
n be des,c92be7842a4d2385
cribed a,b41b9685218fefd0
s mappin,75a14b9fec037714
g a quer,3903ee833126a8b0
y and a ,af4fa9e9ac112bff
set of k,a38d3b295f7f6276
eyvalue ,25c97006fa91755a
pairs to,e10c3f593f10e68f
 an outp,6034e77d48b51b75
ut where,09283f33d114b754
 the que,1c97ea480a77ce67
ry keys ,8f4ee2de05f6384d
values a,39ea8d2bb401c4b3
nd outpu,1194e8d44b7d74c0
t are al,a5d9243faa266163
l vector,26fd799494201651
s The ou,47c2e10d0de81cfe
tput is ,ae183248752bcdd7
computed,a5b24293d5cb4c42
 as a we,425b58b428e620b4
ighted s,8a0ae0128de8c72f
um 3Scal,5cc1df920ee821de
ed DotPr,c97edebbe18e1720
oduct At,6196d7145550c4b8
tention ,46f1d94fbec8bff2
 MultiHe,70412dcf508ebb1f
ad Atten,22852436f72dbde9
tion Fig,a91155101f94dfde
ure 2 le,2f6536e79baa7ffc
ft Scale,0fab42c9b53f4931
d DotPro,615be83c7bdb09ee
duct Att,2923f50ccf02c9d5
ention r,ad0d0157e8769003
ight Mul,47a5bbab419c2a5c
tiHead A,ade476c9b18ffc26
ttention,97f21839d632f39d
 consist,84adaf95dfe21ab5
s of sev,369b10f8d83a943f
eral att,1442e512f675cd38
ention l,6a91434cc8d3c61c
ayers ru,601bec090f592c64
nning in,c61214057083125d
 paralle,344dd66ae3b6a95a
l of the,f4d6b518652af447
 values ,dd21b6d95c3df1c7
where th,37f08d57f809961d
e weight,f907abc9e99aae6f
 assigne,98af5a4ab96e1cc6
d to eac,0e1dc3a66efdf56e
h value ,bc30760c2ebc9af8
is compu,9ccd831e499ca917
ted by a,41f1fb671a1cde94
 compati,7ff977cf604deb1f
bility f,4ec73acf4ad6a5a0
unction ,55e1c454c41f9b7a
of the q,4a013097349ff61d
uery wit,d1fca4fcee8d2a99
h the co,137ee5eeeafa5139
rrespond,79f84a4b4f98e1f3
ing key ,b5002f500154a72c
321 Scal,d65fdcb064586dcb
ed DotPr,c97edebbe18e1720
oduct At,6196d7145550c4b8
tention ,46f1d94fbec8bff2
We call ,df4627a7023cd1c4
our part,774528dc926f8b34
icular a,842c492b72ee0281
ttention,97f21839d632f39d
 Scaled ,888fd7fd08fddb6f
DotProdu,548b421f33a50094
ct Atten,3b87af536dc01551
tion Fig,a91155101f94dfde
ure 2 Th,33d398abd5776578
e input ,e454e2a8e6a49407
consists,c33cf2dbddaae736
 of quer,2d2000708853c709
ies and ,8770581d68d4986f
keys of ,f74c078d98260a5d
dimensio,d880d7a6d662ddf8
n dk and,4834c85a1b3d2189
 values ,dd21b6d95c3df1c7
of dimen,bcd0114ddf9b32b7
sion dv ,207a39985ef47f55
We compu,fff0a5e4c0173578
te the d,55866682aa70addc
ot produ,9f5422b318df945f
cts of t,692d78e56e0d1259
he query,80e363a964a2a9c0
 with al,ede147580526a975
l keys d,26ae0e16ecce73dc
ivide ea,dd62b945a10cba75
ch bydk ,c2cb47375bdc0678
and appl,7d21dce30142cafa
y a soft,6abc4f52a91a97ae
max func,204ce11e0f30c0fb
tion to ,5459a85b4821eb90
obtain t,6c99701664a2b6dc
he weigh,ca17ea4db305642b
ts on th,04043bcb8c94ddb9
e values,afa2c4a10aba4304
 In prac,3eb010634b4f7c37
tice we ,e9f7206d2a5c395e
compute ,d4821d89d865ad42
the atte,c22da512f47054e4
ntion fu,6284ce039a231e38
nction o,1ecdc3b80089a2c8
n a set ,59dcf01cebe5e16c
of queri,ae3f95c92a4b549f
es simul,7a31394de1f1950e
taneousl,9df7ce98949705d8
y packed,5bcf2685d9c78943
 togethe,323c0dc3042ee8b3
r into a,913c3f69e292a128
 matrix ,4d34e2fb7305cc79
Q The ke,083af7f25c6fc425
ys and v,395044d05eea7180
alues ar,1bb39f312a5f2a85
e also p,6474980ae67ce0d8
acked to,cd3502f3e2a21e61
gether i,5d115bd758329a49
nto matr,b1b7ccfceb26ef46
ices Kan,64646ca26b29a687
dV We co,31e24edd2d34fd1b
mpute th,ce79d9ce37550cb0
e matrix,7e49094e25541ab4
 of outp,1aac41b37b029cbc
uts as A,6337f895f7df181d
ttention,97f21839d632f39d
 Q K V  ,e9d785a5f8ab76b0
 softmax,542272f0a6844401
QKT dkV ,85303adfd189a8a1
1 The tw,f62062367a5bb931
o most c,5385e9f34034e87c
ommonly ,03b98b03a296ed78
used att,9810ee27b0c64127
ention f,1d6bd6c2958de641
unctions,c22aaddb044eabef
 are add,65d525b709a4b712
itive at,ff817924344f09ad
tention ,46f1d94fbec8bff2
 2 and d,2e36c7a1d44051fb
otproduc,4e927f4193416dac
t multi ,2489a3cb4a2d93a6
plicativ,d1af32ae545c69dd
e attent,9215f258711d5307
ion Dotp,ac0c43898973e77b
roduct a,5da36f6e5457785e
ttention,97f21839d632f39d
 is iden,5a94e2d042e90128
tical to,3d471d58928a7eed
 our alg,6c3acbd42a89e676
orithm e,ed420a692e120275
xcept fo,bb25d98414b253a0
r the sc,a993e8d72d44ed1d
aling fa,fea5608c98b4e4eb
ctor of1,e9522de9d5338e50
dk Addit,13983f6fa8174399
ive atte,6dc4c75a5b068afe
ntion co,8b4c91ac8130816a
mputes t,acc6caa15d1771c6
he compa,98569239c40b732b
tibility,04121106b23f36bb
 functio,2fc146b89f90c2ce
n using ,03241a4acc0843b3
a feedfo,cee2449295cb70fb
rward ne,e770f7060938da91
twork wi,afd3487cdb25cd2b
th a sin,52ec5274f88f6fb9
gle hidd,50c40ae7f41b04b4
en layer,03297727fb5573f8
 While t,512a61f74978bc26
he two a,c5a7878321d1cff2
re simil,9a5219bdeab8f5f1
ar in th,286ddae3ed69746c
eoretica,18f33516e189ce2d
l comple,4919d9cf68579534
xity dot,c426309aa71bcfda
product ,ee782abbcbc1984d
attentio,b6f4da0e549a01a8
n is muc,f94f17683d1e5dc2
h faster,52a77486739d171b
 and mor,eb9e843459b8c79e
e spacee,dab73ccdc8fa93a3
fficient,e641cb42e1afb8b7
 in prac,01e3f5cb7c114d79
tice sin,b2ab11c2d5ba1400
ce it ca,2772c3c5bbf84a18
n be imp,105a7b9d4d4e37e6
lemented,cb195d1bfab974e0
 using h,05213787e0f9f5ce
ighly op,4d298d17fe5deacc
timized ,917daaf6496c5fd8
matrix m,0fc97217915d3295
ultiplic,ccc19337add039eb
ation co,0b81a5627428fbd3
de While,b675062729f91851
 for sma,e53ce09c0565d063
ll value,c5e2c30e1428ff91
s of dkt,751da84503fd5218
he two m,e2556a0f39d84157
echanism,be19ef8183033e2f
s perfor,388e1f2f566d651e
m simila,b762bf558df2a3ed
rly addi,42b52c2ea83748fe
tive att,af38ffd4c7accfd3
ention o,2e3c0594fbf381dc
utperfor,d0da4428e0902a62
ms dot p,f7af4f0d3dd8ab03
roduct a,5da36f6e5457785e
ttention,97f21839d632f39d
 without,9b4d44feaa0d7731
 scaling,4f75160d30d39d73
 for lar,57915f747d532f61
ger valu,965bc9df702d985f
es of dk,2d8ed9bf700036ea
3 We sus,7fffaacf8045cf57
pect tha,4b4be1c242887e0c
t for la,219384ef1344bf52
rge valu,85f3fe653ddfd88d
es of dk,2d8ed9bf700036ea
 the dot,3bb17bcf70dfafe4
 product,03ce55ce22c30c89
s grow l,4cbdecf45e967d90
arge in ,21a4fc7abe0833e6
magnitud,a27fe6fa1e06b51a
e pushin,eddb33dc9a71f160
g the so,20ad070782000ab0
ftmax fu,7cae4768ee32f361
nction i,397101a2c0e25563
nto regi,1ee81e67d2929411
ons wher,290bfc80a33ac35b
e it has,b23a650b26f25594
 extreme,e422a3307c7c52db
ly small,4a937293aaae468e
 gradien,a9bce569c0203717
ts4 To c,137b44fa7d81fafd
ounterac,c54e3b5fe09bb264
t this e,5d905ab30bee7449
ffect we,951bcb7507620481
 scale t,097f04ed61b97bbd
he dot p,ff90e72e09e5dcbe
roducts ,0a26bc1d173a8352
by1dk 32,b230fa190f8132e5
2 MultiH,08cae71cea8998de
ead Atte,ae91f5e6f5c6d69b
ntion In,02cf3f267205604c
stead of,3214d99d529c50d3
 perform,db2ba8c1506814e7
ing a si,6ffefcf58760a16a
ngle att,0de1e9aeb6a30c87
ention f,1d6bd6c2958de641
unction ,55e1c454c41f9b7a
with dmo,9b9fe49ebf910fa6
deldimen,2ef2d3be6d4f2a59
sional k,7f01bc1672c06d08
eys valu,d5a45544ac583f85
es and q,0ec358dcc292708b
ueries w,6e3c6a1d8244b32d
e found ,e6f5e4b29f12ba18
it benef,37bb5b364c993de9
icial to,a8ab46073a75e7da
 linearl,872d6afd48f70e1f
y projec,da19b57cd1c627bb
t the qu,cab3b4bcb735f098
eries ke,502698e78b474281
ys and v,395044d05eea7180
alues ht,fd7d8d5e905df41c
imes wit,f84d51613339e0c6
h differ,5c2ed448d6e4a2c1
ent lear,25b13d9bfdf9c5b7
ned line,7b16413cd06b3186
ar proje,88ae3ce9941cf44b
ctions t,318a00c1b2c2e974
o dkdkan,3c5a1a76e2454aea
ddvdimen,225d23b943c2ba4f
sions re,a97eb6b6f277843a
spective,03c070c199a87e5f
ly On ea,4b4d31e45ee52ea5
ch of th,8be4815153455ebe
ese proj,6b6773fc8f0c23a4
ected ve,a51dc14803df74c0
rsions o,28308fce33c886ca
f querie,4826b7503ba6818b
s keys a,11545aa9b4db3ec7
nd value,da9a0ab3f5a1160a
s we the,e50eca25def09c97
n perfor,0c03bfe1741c0330
m the at,da80c72c070a1294
tention ,46f1d94fbec8bff2
function,c26a230d1415dc93
 in para,e5b48c3bd16f2433
llel yie,3128f39b3ce50ba2
lding dv,92a062a6ae60b410
dimensio,d880d7a6d662ddf8
nal 4To ,49dcbe7f72256162
illustra,6441f37c000cd949
te why t,e2078f91c5f9bb85
he dot p,ff90e72e09e5dcbe
roducts ,0a26bc1d173a8352
get larg,e7c69d205cd28250
e assume,da7df1ee1e6e7a42
 that th,653cac3bb15b347c
e compon,df7138498a8efcf0
ents of ,ab9c0a1826cbcbf0
qandkare,e33695f7b45896f5
 indepen,b70228f6ecac116a
dent ran,c01ddd13497b8121
dom vari,099c335486f90079
ables wi,2e16eefeb03dbd1a
th mean ,6900fd1c8b50a8a9
0and var,87871c7ba8ae6883
iance 1 ,0105d2011a305589
Then the,97b2edb532dbb93b
ir dot p,7ba59540ec75e9f3
roduct q,ae64daa249bb7aaf
kPdk i1q,f43492358b457e1c
iki has ,81de801a675d74ff
mean 0an,1cc904b88fde03d0
d varian,f57d48c22847ff2d
ce dk 4o,1bdba17abe6f8100
utput va,4cbe55b6bdb12877
lues The,2aa07b79fb896480
se are c,23d6cb4e2d29b0b0
oncatena,4e95544c33145b07
ted and ,c327c809a0809fba
once aga,ddce19d2d750b249
in proje,79457fbc2e3da2b8
cted res,6271f4ae62eaa246
ulting i,0edfe01f6ac76590
n the fi,7c1afafcfc7725b3
nal valu,14e4b71673d74dd1
es as de,d38c654563fcc4fe
picted i,53194d4ea00148c2
n Figure,399c4c3f707c4394
 2 Multi,d0573b562b317d88
head att,d60d51e3771c97e5
ention a,d26e95b45d1f0270
llows th,62dd3e58d6913df1
e model ,9faff9d6e3fa9b3b
to joint,6fea49512517a4aa
ly atten,b25a1e2774b81866
d to inf,5380273e09260382
ormation,a6b75cdd0522b2f3
 from di,36bb436b91f24e63
fferent ,9020c1972b3e3189
represen,742dc4ec5d294d12
tation s,2fcdce51b91b9b4f
ubspaces,ca12d54d1e2a6827
 at diff,bf231fb064a1e409
erent po,62475215cabc7d04
sitions ,4119e5c17ac75e55
With a s,d82f311bd5990d43
ingle at,e09b7b0c68c953f1
tention ,46f1d94fbec8bff2
head ave,b40e8024f1e87fdf
raging i,b3e7c242e7de790f
nhibits ,b5b0d669c1804763
this Mul,80e1dd6e54832d3c
tiHead Q,b6388477eac60e97
 K V   C,500800c703663b00
oncathea,2e3f9d412cdcc70a
d 1 head,2d852e0ac8817054
 hWO whe,1eb10d247ba8ba92
re head ,ef080e374fd8c84f
i Attent,495abc3b7289318f
ion QWQ ,86c8133d1f60c6c2
i KWK i ,5ecfed4dd43b76e6
V WV i W,2e722e2f2ed8c4d1
here the,b565ea3fa0035504
 project,6d2d8dc7228aa73d
ions are,a86942787a1a373f
 paramet,4522bb930a326243
er matri,9cf53a98b3ad7f63
ces WQ i,2e4100e8c39ecd36
Rdmodeld,c3237c1285a65ee8
kWK iRdm,a19e472b898e055d
odeldkWV,1829a29ed617b311
 iRdmode,6c86d74ad8886ba3
ldv andW,9e180175d7124d5e
ORhdvdmo,def3a1a396cdb3c6
del In t,15a0069218a48bbe
his work,c21b939c85625939
 we empl,a3885af0b9239088
oy h 8 p,004fd6cb30b0038f
arallel ,feb0187878442771
attentio,b6f4da0e549a01a8
n layers,9902be53f7b60b76
 or head,6e4c6c3a0a2afe9b
s For ea,b5a1d8136a7efcba
ch of th,8be4815153455ebe
ese we u,200dde563b5e59ac
se dkdvd,21826a0f4030b6ea
modelh 6,91d47e0500f5dd04
4  Due t,0255d25bb07eef75
o the re,c870148837b8e7ed
duced di,b45b9f5a074429a4
mension ,28beda8e91567a10
of each ,6e6eac205bf371ed
head the,f8c79ef655bcbb1b
 total c,75eaf7569070306b
omputati,91ac7ebfe02579c6
onal cos,7969394173ff10ed
t is sim,41035f01cf555de0
ilar to ,0a2f5d4140d871db
that of ,2c40a46c39881516
singlehe,5dde674530cbc979
ad atten,c2f679048619f86a
tion wit,1eb0292698d6e370
h full d,f9d28eba77b55fb8
imension,095ec58ce79c1d01
ality 32,7a8713255f9dddca
3 Applic,c8cda93a9b60f8a6
ations o,a78593fbcdfe8fe9
f Attent,81c73b1def34a15e
ion in o,71e0ae16ff9a6eef
ur Model,dfc720b7bcaf3eac
 The Tra,80baa6742dba7d89
nsformer,4d5c0f7ecd4ed009
 uses mu,75b03688cc398712
ltihead ,6e70c843808e780d
attentio,b6f4da0e549a01a8
n in thr,17ff87dca52611d0
ee diffe,503195a37278c1f9
rent way,3287a5f9284c4144
s In enc,a592fd8c4af61bf2
oderdeco,f277f7c59596b8ae
der atte,7e32864066cecdf2
ntion la,2e1b7d75af95ea24
yers the,9cf88d988e394737
 queries,2d3e4fd43bf95ce7
 come fr,eea05026f1ba0f27
om the p,50467e0d8a962d8c
revious ,f944ba582c6c49ac
decoder ,88c96aa1e503b372
layer an,cd3376f9957fb489
d the me,f134461595f012e3
mory key,7eb295373b568837
s and va,38174d56c5763fc7
lues com,f458183f6e4cedf3
e from t,374fa6bf30aa566b
he outpu,020855519587c778
t of the,9ee2b0a73e2742b8
 encoder,9f89c4e2d0607a13
 This al,65cbd4cd8d07c92d
lows eve,22107ed46280da9f
ry posit,9754f067af11b1bd
ion in t,9b42bb0cfde00590
he decod,4b4aa7080adf0253
er to at,99d50a5e3b74254b
tend ove,ba0cf1b773894506
r all po,acab145f417edeae
sitions ,4119e5c17ac75e55
in the i,9d7e5bed3ab8dcde
nput seq,c04f0d2376fd8d75
uence Th,907998abff32734b
is mimic,3d1d9e1a120390ba
s the ty,0a05cfe8c56795b5
pical en,839cf38599624527
coderdec,658a4a406df75aa3
oder att,c0cfbf752fe1e5ca
ention m,172a9499e98c8ea9
echanism,be19ef8183033e2f
s in seq,7cace6a8105e8bde
uencetos,9868ecbc12b2f2c5
equence ,59ccec53a6c68f90
models s,1b1cde6de7ee156b
uch as 3,995f20d950b2701e
8 2 9 Th,af0b88b8be78cbbf
e encode,f5f5047b3faba8a0
r contai,d96065828483bd0c
ns selfa,44340381962dfdc7
ttention,97f21839d632f39d
 layers ,06fff3cb6ef8502c
In a sel,352c9313593c8aa1
fattenti,54a6571dda7a08b5
on layer,61be809993f864e9
 all of ,c3b81b4140bebf54
the keys,bb1f464b819bef14
 values ,dd21b6d95c3df1c7
and quer,64967363d40203f7
ies come,5c94f51601254029
 from th,a409746aeee6e5ba
e same p,89100abb11fd9f56
lace in ,b3b8b1fb66d09f72
this cas,d7e2b89c4c2a4e02
e the ou,578792712f930207
tput of ,f51722284c5f9a20
the prev,2654ebf9db5b63ec
ious lay,4a4945fee448eaca
er in th,0702671c69bcad20
e encode,f5f5047b3faba8a0
r Each p,3ed6a6d694e1e1eb
osition ,6bd08fbb42f8fada
in the e,2f93082e83af8185
ncoder c,a140baf4330f2a28
an atten,05d798aed44be26e
d to all,67b3adb6a200947b
 positio,88726298a918b54c
ns in th,b94e2e0c82d75271
e previo,57f857745a41c345
us layer,812ed4f78f180cdf
 of the ,2e89aed4cbc6510a
encoder ,b8b276f2f20ec47b
Similarl,94701d85e7737154
y selfat,f02ef6486891f13b
tention ,46f1d94fbec8bff2
layers i,111616ca5659bd77
n the de,8c61420550a430ce
coder al,65ecc185005d5342
low each,2f8f2db4e6399747
 positio,88726298a918b54c
n in the,b3bdd292a808dfd5
 decoder,b26ed88cb7a9d3d2
 to atte,ecee7ffba07c99e7
nd to al,701a018e359da95a
l positi,9e7dd661cc09d84a
ons in t,cddf9c61ac5e29ec
he decod,4b4aa7080adf0253
er up to,a2dc165dcb03d45d
 and inc,9dc802e57b263c66
luding t,e75d5f98041fcc87
hat posi,0ca178e466e89320
tion We ,08dea0470f718598
need to ,c400b675322e3739
prevent ,05a6043b246177d7
leftward,f7c93384379b0d8a
 informa,becb5db3e4cfa467
tion flo,9bbefcb0bf20e633
w in the,820c46cc10be67a8
 decoder,b26ed88cb7a9d3d2
 to pres,539d569860354aa4
erve the,f9f9315e2e493f7f
 autoreg,83f706c8c305631b
ressive ,d2bcdb6c6b8a6c08
property,53a8405f1171f19f
 We impl,4fa98dd4a18c989a
ement th,68c3b32343edc92a
is insid,0aa6faeeacd70e84
e of sca,21dfa05f787d95fd
led dotp,fb819a4efd97ea0f
roduct a,5da36f6e5457785e
ttention,97f21839d632f39d
 by mask,c03bfa7ca6b18d16
ing out ,95121cf5b24733a2
setting ,4f5733156fd770c1
to  all ,eb5c4aeccb308aaa
values i,8beafefbae5afa16
n the in,6cb5fd8f54b5789a
put of t,c2b2acbc9023062e
he softm,8bb1a4b93a6a7173
ax which,56678e840ef27bf4
 corresp,3f484387f7dd66ca
ond to i,c82c8213c1b5981d
llegal c,bff3b89b54a2aed1
onnectio,8264bad733139c3c
ns See F,397c37f55649716a
igure 2 ,2ca507a3a8e59e89
33 Posit,c09f75b594df27b5
ionwise ,8eeca28ef0da3f47
FeedForw,e03d2d53077f9601
ard Netw,6343d40bee739261
orks In ,88d74302bb51eda9
addition,a9872f3fb7c718e9
 to atte,ecee7ffba07c99e7
ntion su,dea2a75b300aa438
blayers ,91c63709bbb7dc87
each of ,760d916e224ed224
the laye,aef427c1158f8847
rs in ou,5d5673ef0b9b92e5
r encode,cb6b25d3b1378914
r and de,ae8d3dfdc6834c21
coder co,f7f14cb14d39b9e1
ntains a,c8c34524310d0d41
 fully c,d36b2d149a01239f
onnected,daf21e8b87efbe8d
 feedfor,1e9641db92c3eef1
ward net,9089b734cda9ca48
work whi,522199055e01e604
ch is ap,4946421d22a45fe1
plied to,2f57df9cac15d841
 each po,d59e2630c3e75e12
sition s,288aaab578608361
eparatel,112e9d6af3df5e34
y and id,e962d11f91c69ae8
enticall,ac7b50a8ce3f432a
y This c,7c3f8eab39320fcd
onsists ,90220f25ca5ae7b5
of two l,620cafce26b72125
inear tr,a62c4d15128c67d8
ansforma,a2246373b257c3bd
tions wi,ffc083499287eeb5
th a ReL,b313a1867a0f053d
U activa,5801f696c70d6c05
tion in ,0f79da0699b7d9c2
between ,2de03fc9478d9c77
FFN x  m,755253116ef0d736
ax0  xW ,3370180f83a4926c
1b1W2b2 ,0c6cfce3a4cd6058
2 While ,c974988df29385b8
the line,5d787d790b088983
ar trans,2d794590eda0e6f7
formatio,1527e5e394807bc0
ns are t,a80c43d62559adc0
he same ,684237adaed3a826
across d,4eca65cf5f756deb
ifferent,c646488cb3d5753a
 positio,88726298a918b54c
ns they ,ae083bb8d7ed0cee
use diff,197d7faaf59a0d31
erent pa,a30fa218ef5eb38e
rameters,a4619e39e2bcd963
 from la,4ba7a8daae6bf7c0
yer to l,1ea4d483117cb670
ayer Ano,d6f345b3ca08b996
ther way,e765741425ae3b2c
 of desc,1caf98114703d821
ribing t,b4cb3f5a08c07ee9
his is a,90f6e4a5ad8eab7a
s two co,2b717bf2913fa0af
nvolutio,47b6eff103945107
ns with ,1a3efa68b1be3b8f
kernel s,7f0026a9eab553e2
ize 1 Th,d00e78f650e317bd
e dimens,568719b35aa52e2a
ionality,b9415c338934263d
 of inpu,8bf50ea3321bf05c
t and ou,5880bf6ac2951ff9
tput is ,ae183248752bcdd7
dmodel  ,3571843e90768379
512  and,f99f2ad3c66556c1
 the inn,7cff85b78f4ccd02
erlayer ,6fe6d54116792f95
has dime,c3f08b4c9bc65288
nsionali,02718a97d427811e
ty dff 2,84cba8693e0e75ca
048  34 ,8ee392099fbdef0c
Embeddin,3363639b051a320d
gs and S,c072640f05e02846
oftmax S,c8ea43327580e1ab
imilarly,249cf5b92bacef32
 to othe,acd3e79a5604d133
r sequen,994a552c61402ebc
ce trans,77b0fbfc11d1c4d0
duction ,3d90f5eef159f51a
models w,b54ac0ace523079f
e use le,efd7743f9011b9a3
arned em,ca57680301c03878
beddings,3c7c0cab30d61dd2
 to conv,f0829460594af0c3
ert the ,3ed82151ee67a6de
input to,02a885b0c8875140
kens and,af9821aac52c0d71
 output ,7c282f917ef4e9f8
tokens t,37e2d151fc53f781
o vector,5d686becc6d6a770
s of dim,0ae55245d197583b
ension d,9d1e328b70fe8b83
model We,ddd2758f32e5957e
 also us,8eff8f3be14b6ca8
e the us,8402c78974b5bfe2
ual lear,97e3b0422685f314
ned line,7b16413cd06b3186
ar trans,2d794590eda0e6f7
for mati,ece43cdcf1d07bd4
on and s,0e61f9e608da4d88
oftmax f,006829f384872247
unction ,55e1c454c41f9b7a
to conve,e2cffe7194351f5d
rt the d,64085b3db942c365
ecoder o,9e0adad9c21f0e36
utput to,3fab2596cf7afcaf
 predict,6771d0be87352f9e
ed nextt,944a3d2ab6fb4567
oken pro,9a2b35c6b5107a96
babiliti,669ad6cf432646ce
es In ou,ae02c4ea875326a0
r model ,1a207e730c649b03
we share,a135a427cb982a9c
 the sam,6c93180ab48941eb
e weight,f907abc9e99aae6f
 matrix ,4d34e2fb7305cc79
between ,2de03fc9478d9c77
the two ,c3df7c4d88a01acf
embeddin,63fd360c9f8cab5b
g layers,803a99f32f500300
 and the,ef24d9552dedd9fb
 presoft,1db40f1fe063a534
max line,b256f8fd25d0306b
ar trans,2d794590eda0e6f7
formatio,1527e5e394807bc0
n simila,3e2c6c38f3f2da20
r to  30,1b23e2dfcbca6913
 In the ,5b01dec5811e0aad
embeddin,63fd360c9f8cab5b
g layers,803a99f32f500300
 we mult,b99cf001de816f0e
iply tho,d04664352da55010
se weigh,67a68b8514e6009d
ts bydmo,7d7c5764ea8cc572
del 5Tab,145d40bb49adfa42
le 1 Max,914038ef9eff661d
imum pat,b6a44dc1a5761f59
h length,85686ad27be568d9
s perlay,552a12f2cc4cac2b
er compl,c1ac0ca6c2e16e9b
exity an,86a5a74652bddf03
d minimu,987d2b527c37a4b6
m number,bfecf14050995dea
 of sequ,ad55dce9c19d7dab
ential o,33fb3e0ec09daed1
peration,b5dd960b266e3666
s for di,c12aa1cefd0110bd
fferent ,9020c1972b3e3189
layer ty,241f6be44db30dcb
pes nis ,7e974d6f41d5caa5
the sequ,03bd0a83aca9a3a6
ence len,ca34bfbe149eed87
gth dis ,ab316eaf2d95fa9f
the repr,af2b9275c15ee64e
esentati,2deb19b8345faffe
on dimen,64c9b3a6e393eace
sion kis,dc9b6d543923f0ed
 the ker,c0424437ae86add4
nel size,57a92bea6cf35ec5
 of conv,58052d60d0c6f0bf
olutions,021c6515088354f5
 and rth,cbba49ecd1168b29
e size o,0cd807f7d3768774
f the ne,c045109810b3d602
ighborho,b35c84acf0f85b92
od in re,e735a7392fbc9527
stricted,d205e415c3e7ba30
 selfatt,539d07d1d4aad2c0
ention L,44d421dd206423b8
ayer Typ,ee702393a6aa412e
e Comple,062e4cd0aff70363
xity per,474d731919fe7d35
 Layer S,4223a13842e266e8
equentia,a9c005ce1ee931d0
l Maximu,d87d6e930ab86ab8
m Path L,3b0bd573f5536b78
ength Op,0bc036cfcede69d0
erations,1f5a7743f3701fc6
 SelfAtt,2fb354e3aa883942
ention O,78d40b2a0729382d
n2d O1 O,8fa1d2dc8b403492
1 Recurr,1cb5f2836284db03
ent Ond2,1f3c1b749b7ae479
 On On C,c6e13eaa302fdecc
onvoluti,40677e43ec375c62
onal Okn,c96c69b7a61bdeaf
d2 O1 Ol,b9f5bc13721b265f
ogkn Sel,f45810985a473cd4
fAttenti,8f0ae949b21fbd71
on restr,460a1f9aa271ef8d
icted Or,b451787c43e38cd3
nd O1 On,a289bc00d7f0c2e4
r 35 Pos,99c3daba1401939d
itional ,f4b108a27ee82ea8
Encoding,598a530f46170254
 Since o,e1ff133c9895ce51
ur model,15929b367a33a588
 contain,2fb4bf1c435eda9a
s no rec,c41888befdf5522d
urrence ,323f47d5f7fd1609
and no c,0a758a10ac9c1c38
onvoluti,40677e43ec375c62
on in or,a3c7b61cdc5d4af5
der for ,2f74d87e35623d80
the mode,7ef03ab1c3332594
l to mak,ed8704d269aa163d
e use of,621bd79c31a22924
 the ord,4610e37518cb46ba
er of th,c9bbd293258ad032
e sequen,106720a3f200ed8f
ce we mu,0a6341ada3811486
st injec,29d8bc2ffca28609
t some i,c9e109dc74d4c689
nformati,e8f0c3fea7680402
on about,b55f1ff713cb267b
 the rel,21ab0243bbf078c8
ative or,6514d307ff239d03
 absolut,591f561481293d86
e positi,fa276d4f1d228f50
on of th,138f640c22b480bc
e tokens,677a1fbc0da14786
 in the ,4a37373a8edec955
sequence,8d70bf623678a68a
 To this,85bd0f538ff90465
 end we ,e36c6179f35abe02
add posi,75104f1f3a008c34
tional e,c3374c080ac523af
ncodings,d72bddf39a325e1c
 to the ,d047924e2bf3490d
input em,66f0e28defcad927
beddings,3c7c0cab30d61dd2
 at the ,08a7b61e6ebf5f4d
bottoms ,3d3b45b5b666c961
of the e,2148fef50a85bc2f
ncoder a,bc6c73f3c65b0adf
nd decod,4dda2431335a80cc
er stack,976578914e3ee9d1
s The po,b89df25000c23bd6
sitional,43c69e8d3870fbd9
 encodin,82985574d76056ba
gs have ,7ea94509f6e2da55
the same,6b0b1c0903226760
 dimensi,09fe9b094f7daed5
on dmode,5e85339727784321
l as the,1062439de29a471d
 embeddi,e4f9c7c881d5361e
ngs so t,56c5978949dbd350
hat the ,3d2410bd80e02cd0
two can ,c486ecfd5426591c
be summe,84216c9c333b458e
d There ,241116ff95884a4f
are many,8a20e4047a7a594c
 choices,f7d31dae86010c9a
 of posi,1e86eeb00cb90423
tional e,c3374c080ac523af
ncodings,d72bddf39a325e1c
 learned,e90041fc12b7419d
 and fix,19d2d45da7590ce3
ed 9 In ,86da8b54bc45cdf9
this wor,f610d2b3a84fc30a
k we use,5b36385420afc9e8
 sine an,d88e9b5061fb1931
d cosine,e0f8e5cb6550049d
 functio,2fc146b89f90c2ce
ns of di,65acfef94e1ec4de
fferent ,9020c1972b3e3189
frequenc,f4a434fffadc5ea6
ies PEpo,660db3d2d98453bd
s2isinpo,12e4ec369a1a4cff
s100002i,11d6f51d58a65da4
d model ,1388f37e4084647f
PEpos2i1,723e64dedddef0db
cospos10,5fb13020fed50d5c
0002id m,a9e32cd7ca64b4d7
odel whe,9d5e1aacaa0a31b3
re posis,1810bb400734302c
 the pos,33a700f87d5aa0a3
ition an,5a4fe472af1a0e84
d iis th,5825e73e5527a0b1
e dimens,568719b35aa52e2a
ion That,edd89d9f51be5240
 is each,ddb7acf0a88f78ba
 dimensi,09fe9b094f7daed5
on of th,138f640c22b480bc
e positi,fa276d4f1d228f50
onal enc,20a6eb12829a9b99
oding co,47bbe8bd1e91ed19
rrespond,79f84a4b4f98e1f3
s to a s,4fe8604a6f3add25
inusoid ,a405685b1130501f
The wave,49e4ba28109e2c18
lengths ,ea86aa2f1a123933
form a g,6f188b62d7588759
eometric,adace2df0473d764
 progres,1ad8ef77ea6c9c4f
sion fro,39fbf6c0032f8708
m 2to100,ec86c3216e152ed7
00 2 We ,128c543fc4d03fb6
chose th,5cf21b8819e235ab
is funct,5723fb5ad686c9e8
ion beca,c7c8c13a51b1eabb
use we h,476282d078ea5952
ypothesi,2d4d549b2c05062b
zed it w,3ea929f8d132667b
ould all,a0420c9a444cce47
ow the m,67bc2d563d363afe
odel to ,dffc2fac7f6d388a
easily l,66a41f576ffd44b4
earn to ,3011171addc9b1ff
attend b,1d7bfd772772b69a
y relati,bfeb145d7e923d22
ve posit,fdd02a06e624de6d
ions sin,dfadcebec329f1d0
ce for a,52b19544a46a91d9
ny fixed,d9ac021fb29c4e7e
 offset ,bbd96ef83444d22e
kPEposkc,f5707f2454fd3537
an be re,9b7f92e87589bff6
presente,69d6b55ec3d1934d
d as a l,9658b16d3c8f2e2b
inear fu,7164d09d8b8eb37d
nction o,1ecdc3b80089a2c8
f PEpos ,53986629abe842c5
We also ,dc6d8f1581cba5cb
experime,9135a6f234ead7ce
nted wit,47ed3eeb7b9c15d4
h using ,f160c9c22d0cef38
learned ,3b6bf8c3c3406248
position,3f99d462d12c4d53
al embed,9a273bbbbb522360
dings  9,727b36a1c97e4962
 instead,7233ca33de46dae3
 and fou,30e3905b6961ceea
nd that ,b8fb48c09b8fa93f
the two ,c3df7c4d88a01acf
versions,54474b497cc1da9a
 produce,99086f5a6822fc68
d nearly,88a6772cc55b3308
 identic,586714fcf6ee9502
al resul,88e21811b4c5610c
ts see T,62de0df62cbdf197
able 3 r,0cc80110a0dc25d4
ow E We ,bd9fef8845ec5378
chose th,5cf21b8819e235ab
e sinuso,a45cac23ab2c62cf
idal ver,265817cd07c7cdb8
sion bec,2128c3720f5d44d5
ause it ,7d6416103f475ecb
may allo,44efdb50ce1648ea
w the mo,51deb2668e501c3e
del to e,5951f285fe491e02
xtrapola,f393cf9f9925dc7f
te to se,3847476446b1a7b6
quence l,2ac2fc931a0d46c5
engths l,3f039e53af1ed359
onger th,62f5bbdbbabe5646
an the o,0a84809bcc76996d
nes enco,bcba8b745d04cfbe
untered ,a86673b03222ce3e
during t,900fecaa7f8b1136
raining ,c1c07f557b5ec7d1
4 Why Se,df1f8295473fc65b
lfAttent,bad9c90e2e73f422
ion In t,9897427eb2e7d235
his sect,e0a873b671e95542
ion we c,3ad7093e2f57ada3
ompare v,1e65568b0c882c85
arious a,a44ca11fde52bd90
spects o,cc79e81508b27e3f
f selfat,618538009bcefaf4
tention ,46f1d94fbec8bff2
layers t,17f109ad9b51d838
o the re,c870148837b8e7ed
current ,f69bbd3813eb3a8b
and conv,06db47fc34845f91
olu tion,c7171c0f1344e1a1
al layer,204f33822ff4c6da
s common,64eeb3cc7640b432
ly used ,dc0ca611e26f6dbd
for mapp,705aebfb6efc81bf
ing one ,90ae8fcd967e834f
variable,695aeb2f779a6671
length s,4e096714421d50ae
equence ,59ccec53a6c68f90
of symbo,9cefa184c96d3638
l repres,988b9021b0ad8ab9
entation,70856946f03a7949
s x1  x ,e92c83c9c8dc94d1
nto anot,e05553fd11ba928f
her sequ,168efe1c1378e2a7
ence of ,08c452795f14096f
equal le,50b8a5483f66837d
ngth z1 ,97018021b98ba475
 z n wit,eb2336d3b72582b5
h xi ziR,2f09e565398373f6
d such a,5b3e21b2e612ac65
s a hidd,873e9756fccd1f7a
en layer,03297727fb5573f8
 in a ty,9276c320e85b5ae3
pical se,96fcff09dbcb2561
quence t,30ab972891f0ac55
ransduct,7e3ceda01d270ef2
ion enco,a0976810807eaa13
der or d,694ba4abbf1a82b1
ecoder M,4020289523724e6d
otivatin,459efc4be4441fb8
g our us,32bd3303774294cb
e of sel,699ac93374d2bd45
fattenti,54a6571dda7a08b5
on we co,738ba9e051fcf107
nsider t,55ee1f9ab8436bfa
hree des,e328a88b4f9ec328
iderata ,4fb705b319647c96
One is t,372ccbfa87d3871b
he total,c57990c709d3a341
 computa,9997dcda4a36864c
tional c,1c05ee6f0ef0bca9
omplexit,69321a2b8a56f5b7
y per la,18236f0f6bc911e7
yer Anot,12114d5993f2ffe3
her is t,9d2d10481ae15ce0
he amoun,3c0f8c3e57124401
t of com,d84a39bd203d3fce
putation,52f4297f7c1a357e
 that ca,8a59ea1662771b42
n be par,94aaa9691aee43be
allelize,b928efd908404dc0
d as mea,cdd948ded64cc033
sured by,240ea453536b3ccf
 the min,6122a1ff13da2abe
imum num,f6d1070e9411dbaf
ber of s,4a9b22c09a86ba7c
equentia,a9c005ce1ee931d0
l operat,4b9dc34b658d8e56
ions req,b455c111c575aaa7
uired Th,6c9f006210580709
e third ,7afa0893ab5435f5
is the p,e7d2aece3c55534d
ath leng,4eb7a7c3c688a122
th betwe,cda906d1554d2687
en longr,e1a51491b33808dc
ange dep,4379fc1661256a4e
endencie,2e3e59dd6e0b2530
s in the,dd14e23d9e5a6531
 network,98efdf3aa8c83ed3
 Learnin,3e9a674d3424118a
g longra,ede0e341e15e5fe8
nge depe,cc0d88669ee55ccd
ndencies,f1429c3fd7ba0977
 is a ke,9a6d2b94a3fc1ba8
y challe,8932f01138b16f7b
nge in m,b4aabf26e92d12b8
any sequ,503c2933d0039ebe
ence tra,6d0121138a370647
nsductio,edc993e17fb0a690
n tasks ,36c4cecf5ff02029
One key ,c3841c75ec22c2b8
factor a,0aebdcb152b9d6cf
ffecting,02493d9041655429
 the abi,2de2934b6125dfeb
lity to ,e6f496db26dc4707
learn su,c5a0998a505fd9e0
ch depen,f3eaffa83cbd0d2e
dencies ,975e49711f058100
is the l,a63df758268eb3d5
ength of,8bd4b1f73453f18e
 the pat,e432e3609f11c3ff
hs forwa,cb9e50a5c5c02952
rd and b,d21984f8f28bee14
ackward ,1d68a53dabc0c4eb
signals ,1017bba94d2d658e
have to ,be2079829e2953cd
traverse,eb95fa60ca5df1bc
 in the ,4a37373a8edec955
network ,96b262e4019f8a6c
The shor,85198da225b53564
ter thes,1d1699d8bd647e41
e paths ,b2bd9859246fc698
between ,2de03fc9478d9c77
any comb,d26040d4a02e1738
ination ,dd42ceba6454831b
of posit,1f5d90e713ea7533
ions in ,35ba3fba5edf05fc
the inpu,238bc32612bc8d83
t and ou,5880bf6ac2951ff9
tput seq,4b5a1d47c6604c52
uences t,110fd2ab4c605de4
he easie,8ceaa68db9926a9f
r it is ,a17f8377d8e976b8
to learn,535549b2bdd6cf11
 longran,f6e96f1f64b2592b
ge depen,7e1c6a769a5163a9
dencies ,975e49711f058100
 12 Henc,a9957f0070fe3b56
e we als,7ed149f24b5d5cb2
o compar,359106d387bf763a
e the ma,baacaf946c150f05
ximum pa,b496af9548ff19b0
th lengt,0a0ae291a0d16b4c
h betwee,f69701db6bb30ca9
n any tw,d14f4ccc317c4e4e
o input ,8b2f2f5af462b2cf
and outp,f03f55ee1b080f13
ut posit,3a131216f27113ac
ions in ,35ba3fba5edf05fc
networks,506b33d10d1b6edb
 compose,1272eedcef803504
d of the,057b781d8daa68b2
 differe,53a6de2ac8d4b62c
nt layer,793e687c74185590
 types A,1ae214e55dd815fe
s noted ,ff2612536763fbf9
in Table,b88ffaa7c4be8e19
 1 a sel,3302186b19fcef46
fattenti,54a6571dda7a08b5
on layer,61be809993f864e9
 connect,abe0fb57781415d1
s all po,12c2d85abf3a3ed7
sitions ,4119e5c17ac75e55
with a c,1519f8f99ffd9ca9
onstant ,ddd3b37108969e81
number o,235892e4526045a3
f sequen,58cf1c77e69eb591
tially e,8df8e2cd8fad39fe
xecuted ,7ef0229bcec53a93
operatio,e4bc539cefe918ef
ns where,5861b87b3e8f6c1e
as a rec,e7da31ee9cc5fbaf
urrent l,a1a3e0a6f4231c17
ayer req,ba13276eba5d46b6
uires On,9701e56137f58e4d
sequenti,f6478b7d129e1c62
al opera,e07611a684f98b23
tions In,c7450531fe63d598
 terms o,b42ccbd5ab4fe75b
f comput,4e06ce4243d3052f
ational ,3b1bfd5b8f632134
complexi,d26265cd2e0cfd29
ty selfa,4fd59750b83fc1ef
ttention,97f21839d632f39d
 layers ,06fff3cb6ef8502c
are fast,a806f4dfecc30255
er than ,9ea67969f521db69
recurren,f516f36b0d3bd154
t layers,055a1506eda12dd5
 when th,ba4535a62875f07d
e sequen,106720a3f200ed8f
ce 6leng,d8dcbbb3287915e0
th nis s,da78169a7ab460a5
maller t,3c954b7a37768fa4
han the ,4c8c28c91f0b7b9b
represen,742dc4ec5d294d12
tation d,ffc2a29f46c1b206
imension,095ec58ce79c1d01
ality d ,817818510f0c9f9d
which is,0f1e47912508bf8c
 most of,d4ea15f21614fffd
ten the ,43db1c2b78017d4e
case wit,2230aa3fa8cde142
h senten,e507d78a9587a5dc
ce repre,cb3b61cf9117b168
sentatio,ac9b9648ab6753b3
ns used ,e18e4175c59baf5b
by state,a16cd37119bad1fa
oftheart,b9013df580154e8b
 models ,321e6445cf680de7
in machi,9d2315736187683b
ne trans,af0e283f8655a904
lations ,f637a6def8084b44
such as ,48cc7e8bc702c14f
wordpiec,5eb7a209f6d63d0c
e 38 and,0a16fc272d27752d
 bytepai,a689475e83a237bb
r  31 re,be23eaa4d719a159
presenta,55f1f607d79ad95b
tions To,3b6da5247bc7f061
 improve,2f5c7aa08da85869
 computa,9997dcda4a36864c
tional p,e31cfb7e82c3988d
erforman,8cfd3c8319e9c9fe
ce for t,5680f3b7ddc75089
asks inv,510381987c4d035d
olving v,340f1f8318ba2f6b
ery long,879a1d1da1075f89
 sequenc,6a9917c99bec22c4
es selfa,2d01b8abe8607dcb
ttention,97f21839d632f39d
 could b,352daf2a29308a0c
e restri,661385250cca719b
cted to ,3cfd21de1b6c4e24
consider,9b921db663c3cdb8
ing only,22c5f0368eab3b02
 a neigh,bdb714073b564eb5
borhood ,158a32b8aeea08c0
of size ,468b0d5b48852b89
rin the ,700a0d0c25fab984
input se,a8789b0ddd87dfd4
quence c,d70944c54fd84fb1
entered ,12f5441f0a79f7e5
around t,ad162ac6b683ad48
he respe,5e98eee8ba9db86a
ctive ou,3b1b7ca4639c54b8
tput pos,8b05aa64ad54a1fd
ition Th,041e18b517d359e8
is would,e0c1076aa4a2182a
 increas,8cca592891f2e68b
e the ma,baacaf946c150f05
ximum pa,b496af9548ff19b0
th lengt,0a0ae291a0d16b4c
h to Onr,67c413b0ceddb7e2
 We plan,bb6966b9dfeecf6f
 to inve,8723602d068f294e
stigate ,368f043544b59112
this app,ab9dfd1973ec511d
roach fu,f441639af80149be
rther in,619c7a2715e3fa5a
 future ,4f2818a3f085da1e
work A s,c9bcaa48a044ebb0
ingle co,f0decc5a83290701
nvolutio,47b6eff103945107
nal laye,7fcefc2f5ec93805
r with k,adb6cf080cc885ff
ernel wi,d3a12075aab599fd
dth k  n,a19f918fb5798d70
 does no,50714c16243f1545
t connec,2ca2d5c6d8d0c56e
t all pa,77983f4473479628
irs of i,0b04cb7200cc9396
nput and,f4f860d7fa9fd5ef
 output ,7c282f917ef4e9f8
position,3f99d462d12c4d53
s Doing ,ab7337fca43ef8e9
so requi,d2fcf7aad255f29d
res a st,f421238267fd7b12
ack of O,fdfa220a93706fac
nkconvol,9cc0cf27a2ae8b21
utional ,f30a8a81e4fe0430
layers i,111616ca5659bd77
n the ca,f5ceff8477c3d8ef
se of co,99586616009a83f0
ntiguous,26d6ac95d809b6b5
 kernels,bab74bc6e37aa43d
 orOlogk,35d035ed0fd9d6b1
nin the ,1d52b2cb006b0c9e
case of ,62d719beca3b2e32
dilated ,620f780945aa830f
convolut,2f10a3e15dcea194
ions  18,72508ac20f561936
 increas,8cca592891f2e68b
ing the ,a98f66ca3d2826fe
length o,b745283c20d23ecc
f the lo,13d4623d216c08d6
ngest pa,5107fc6ce28e194a
ths betw,50d3c143596bc71a
een any ,30c4b0d5fcf47de1
two posi,6dc84176a944437d
tions in,7d2f093001f096e5
 the net,1dc812d06553fd99
work Con,73215683c9e0007a
volution,f216e9fec4880399
al layer,204f33822ff4c6da
s are ge,ee8fa53c92ca604e
nerally ,59e881168db4d9b0
more exp,0c222e381c590cb5
ensive t,159388943885cb0e
han recu,706c29d86d4a1822
rrent la,6308550f1f57ff61
yers by ,d387a719131f1a8e
a factor,da80bbccf1265888
 of k Se,ab5d4d16cf65efaf
parable ,301a64dd0930b7c3
convolut,2f10a3e15dcea194
ions  6 ,5dfc2ff1e76a083c
however ,1ffb022f7ce4a119
decrease,e4f9841fac082b00
 the com,b903f3c7e14441ca
plexity ,8fd1d7c202a51e6f
consider,9b921db663c3cdb8
ably to ,89662233d2a39290
Okndnd2 ,4588854540c54b88
Even wit,526d59bc7a5fc60c
h kn how,35ec3dfeff549f51
ever the,a747ad9cecfb0dc5
 complex,11c7fe6fc905cd29
ity of a,ddfc0087e9359981
 separab,f7f580229055e068
le convo,36e8dab46395c33f
lution i,7b7f65fc07a9f5f1
s equal ,3688f44a3848d803
to the c,c6823a427baffb27
ombinati,5372336c15302f82
on of a ,ee90254520391eae
selfatte,611c29e947b9ec92
ntion la,2e1b7d75af95ea24
yer and ,dd7a8c2b9861ad68
a pointw,b713600cf7661f4f
ise feed,0b07edef147ab1a2
forward ,da9981ef5e1b753a
layer th,73eccee5d4e1d889
e approa,cd51ac05829a4b1f
ch we ta,5fc9edbc1fc4924b
ke in ou,78fbf5ddcad9c163
r model ,1a207e730c649b03
As side ,f6a79f342e7a8c35
benefit ,678ae41644e8d936
selfatte,611c29e947b9ec92
ntion co,8b4c91ac8130816a
uld yiel,853d27647f8c2251
d more i,22b04167684b3109
nterpret,181d055b90ed3fdd
able mod,3a011b24421185dd
els We i,5f42ee3bcc01102d
nspect a,e71213aae0740609
ttention,97f21839d632f39d
 distrib,cf7dd4d99a19c7c7
utions f,12c9658e7a3bfd86
rom our ,f84a32cff7e7ce98
models a,af22f2e12ee32718
nd prese,97b4fcaa99774f03
nt and d,6217cdfac7ca27b0
iscuss e,de6dd381354bf64a
xamples ,138f4c8efa6ed4be
in the a,9e6ccccc3de2d5af
ppendix ,05dd2e601f2140e1
Not only,9d244e25b4d42b96
 do indi,2ba03b9fd4cf9736
vidual a,302ffceb796cbd7f
ttention,97f21839d632f39d
 heads c,fd5e6a3ab7696658
learly l,7ae52958bc5a7dbe
earn to ,3011171addc9b1ff
perform ,1b3aa2a961757144
differen,df3c044f63cafad8
t tasks ,41a62ce62eb56b22
many app,e38d684edc0b6aeb
ear to e,0f76a51d6bf4dfdf
xhibit b,d108b5740226f09c
ehavior ,ce8f34e96614cb89
related ,53c624a46ff21f68
to the s,818b89eb6c19226c
yntactic,c80d0e43de3adedf
 and sem,9f92dded22e387f7
antic st,651a0bc177716d09
ructure ,e37a4d0c2e7aa482
of the s,b90d1232da8e317f
entences,0a1b1e850c6e9667
 5 Train,377573c28678ad11
ing This,77590a290ec44ba0
 section,cf85d6c98d0efa35
 describ,9ed2f9edcc57ebd3
es the t,9ff53105604da253
raining ,c1c07f557b5ec7d1
regime f,a309087170d073e4
or our m,5fd4fd7ffd30ce72
odels 51,99478f859a4d740c
 Trainin,f83186ffbce97261
g Data a,6cd83cc07dfdf4a5
nd Batch,898aa830d0715a39
ing We t,1a9e62fa2fa47326
rained o,876bcc54d9a4f826
n the st,c48e08ec30ff58ae
andard W,60399bce34084751
MT 2014 ,65aae55e30621271
EnglishG,902a23c89ae364a3
erman da,3268972df8c81d0c
taset co,d52c7561d1939830
nsisting,9dcb12ff2b1548a9
 of abou,fd9616cb43729a9f
t 45 mil,6752fd9464d8ddfc
lion sen,a5473a831fe0f2a9
tence pa,decb7b60a1088287
irs Sent,2319f0a09de0d483
ences we,a51cc0e81048c32d
re encod,2cdada58349fe7f2
ed using,2e48a9204e6d280d
 bytepai,a689475e83a237bb
r encodi,447ee7e270b22e1c
ng  3 wh,a18df328d5a8a3ee
ich has ,a2e206468ab0c70b
a shared,d2701cb5e5d8eb52
 source ,325152a5fc0549c9
target v,4793897b50fa1157
ocabular,6b119292eade82c2
y of abo,2a5eaa040cecfcc1
ut 37000,80669623950d963c
 tokens ,2f875f3e6bb61ec4
For Engl,5938b2580713a820
ishFrenc,f807ac05789699e9
h we use,b4fd56aefe620605
d the si,e0076f00378011dd
gnifican,e04948c0b0c89d00
tly larg,c79b0b7fba4310af
er WMT 2,264e4ca0d8e0c7fa
014 Engl,59f7d68da99ed301
ishFrenc,f807ac05789699e9
h datase,14b908f5d3bc82e1
t consis,630cf421d0440f63
ting of ,1fd54c26093dd8b7
36M sent,ea9c5ff328d9325f
ences an,93abbc0d4db041e8
d split ,aa09eae194c1aea7
tokens i,f40f0caf5635d988
nto a 32,424c7f32e9ee25cc
000 word,af010bc85271ac31
piece vo,bbe260f2ab121aef
cabulary,3dd30dd07a4befdf
  38 Sen,f622a38e569a6f73
tence pa,decb7b60a1088287
irs were,fd58882f2f59e616
 batched,491ef75b4325c650
 togethe,323c0dc3042ee8b3
r by app,1480a56952c36a63
roximate,f078d7d81192bdf9
 sequenc,6a9917c99bec22c4
e length,e3c2cee4d1b52742
 Each tr,ed1e391926e5fbe4
aining b,2260c65c8d8c51ca
atch con,52eca079ced9ef29
tained a,72796a5b97576bfd
 set of ,35425ffda23f20c9
sentence,bd9a755aa80bde98
 pairs c,be3c307bff4aaab3
ontainin,ea7f6ed303f80ca6
g approx,06d7d20e5b883579
imately ,6dde2cb296377a51
25000 so,7c211316927de531
urce tok,10033427ecb12ddc
ens and ,8c838a71107fffde
25000 ta,3303247119205742
rget tok,f829ab8a1513455c
ens 52 H,2bd824271ec9456b
ardware ,c92f5b77f4268736
and Sche,c8c09f856f19222f
dule We ,7dcb90e7de5d6f27
trained ,4aba76b5d8bb12b1
our mode,dc76260db8f0c142
ls on on,0621667b8c156d50
e machin,196c7ab10c989d7a
e with 8,322f81e6914ef6b6
 NVIDIA ,e1b3e0ae9973a6d0
P100 GPU,857250f0dec763b5
s For ou,f321e788f69c6620
r base m,a15c4d2573dca60c
odels us,f0c31195d824c521
ing the ,a98f66ca3d2826fe
hyperpar,e77e89cc88911dc8
ameters ,8d75c4ea8fa7816f
describe,0f6d575103111d93
d throug,f2633ffa27e84318
hout the,3ec79e6759f4b33b
 paper e,cf3e1b441d9d942f
ach trai,3c3f11ae728727a6
ning ste,d1b15892bf8b82fc
p took a,ad36324429b379d1
bout 04 ,980d075573f2562f
seconds ,100052aebc9af91b
We train,54275941fe201a4a
ed the b,fad730127c40c546
ase mode,84462f9dd6537e29
ls for a,cd6ccc8a435fe11a
 total o,a1d198f9664289b9
f 100000,4396ffb94d08b76f
 steps o,38aff2c34d391004
r 12 hou,339f858192c18fa5
rs For o,1f031629e43cddce
ur big m,d279e457245eef5e
odelsdes,7808f6287c8eade0
cribed o,1af19f32875319f7
n the bo,2775df899a35b171
ttom lin,cba90a26c78092a1
e of tab,d46acfeb9bff038c
le 3 ste,438d3887c529b3bf
p time w,be3814546345da87
as 10 se,82521df513873dc4
conds Th,5cebe8c05664e146
e big mo,4bab8fc58239e42d
dels wer,b6fca16aad84b98a
e traine,f672e611f717a338
d for 30,13bd94d61da62c82
0000 ste,e62ba37f48382121
ps 35 da,8005d102c6b3f735
ys 53 Op,f959a0713c8b26eb
timizer ,c87b41c999c7599f
We used ,880412d6102ba99f
the Adam,7a4bb038b8b65027
 optimiz,cb89df08dceac527
er  20 w,683e4ec3f8469e42
ith 1 09,46ea09b275ac8079
2 098and,af5e553c78b56689
 109 We ,abfec177d786a8d6
varied t,711d277b5109a86b
he learn,efba5e9fe8a0e2db
ing rate,e10a8c256ec8630d
 over th,122b5e0c14c60fd0
e course,ffd927ec34dc34c0
 of trai,65d39deb3ab8c9d7
ning acc,1ab4b48c7d6969a3
ording t,6dd272a9fa7db634
o the fo,1e92fcd6f87e488d
rmula lr,2bc3d216aea72a61
ate d05 ,8d5b730403bf2d87
modelmin,111d9315a46ad92a
stepnum0,a3ffa46c9d7c57fc
5 step n,4023212703b93f54
umwarmup,c4dd593517fc16ce
 steps15,5d1f0217747a1d83
 3 This ,9996040f4010d271
correspo,505a0f2e0b978a1e
nds to i,556586d4f09271f8
ncreasin,326cca9e44aed857
g the le,aa57f6f18499289b
arning r,2829596cc4b855ae
ate line,0b3da6b894d31b12
arly for,95253413e18adb88
 the fir,0996a0ebe10bd631
st warmu,f7014a88115e4cf6
p steps ,bab8eab922b8ce1f
training,a70fc9f362f73069
 steps a,c8bf140e94878f00
nd decre,c8b720a90d1791f8
asing it,e32d1c98647ce3dd
 thereaf,edecc7fb9c98acfa
ter prop,e00603e8f1b6b853
ortional,cfda484f8bf27c71
ly to th,01d7af8a9ace067f
e invers,c3c6af31a2c34e5d
e square,0b74b5b11169e9c1
 root of,ca4acc41732a210e
 the ste,50a0f61a550e38ee
p number,f42d67e80bab5a65
 We used,1a7df2e69d366b78
 warmup ,fd7f0afefa9378cb
steps  4,ae29bb2a44a9f95d
000  54 ,357850c6758e00f6
Regulari,03894192d640397b
zation W,9b5b1dae50202cb6
e employ,c8355e130fba205d
 three t,ec83baca4c50937a
ypes of ,15674e8ade8df45f
regulari,d1d71c6f99f91552
zation d,2214fa9d1e91d5d2
uring tr,0d05fe958addc271
aining 7,75b9c44da42192fe
Table 2 ,369e5e637362e97f
The Tran,69325b682b6e776a
sformer ,41c8e1b96ec9b65f
achieves,1f3f3d7671c2d42e
 better ,57813c72f0667fdd
BLEU sco,376cd5c10fd41e40
res than,1c0f64594ff6cc6c
 previou,eac1f645a49f42d8
s stateo,27a94c9d1478edfa
ftheart ,e89ecb7a9ee849e4
models o,858d128291352d97
n the En,b3070da79be640a2
glishtoG,7d495b16be356835
erman an,6d76afed3367a825
d Englis,261a79ed1532396e
htoFrenc,f22c28c806e32108
h newste,11a90593b559ec4e
st2014 t,a32b4aba0f9b9ed5
ests at ,22339a506aa4e41f
a fracti,7b0a136be77f5937
on of th,138f640c22b480bc
e traini,615e4328ca56b376
ng cost ,0ea27a2d6c19c459
ModelBLE,fc4b6abe8393b8fd
U Traini,7f78ed74a789542c
ng Cost ,e1185535111c9ea2
FLOPs EN,1405a9044f4eb5aa
DE ENFR ,69456330a44c877b
ENDE ENF,aeca4711a6c816bd
R ByteNe,ce165c3f16c292c8
t 18 237,0c06c061ab923c27
5 DeepAt,dfb333cd35725134
t  PosUn,c989605f614237b8
k 39 392,bfff57b3e1e6b1ef
 101020 ,129fe916b14d8dbd
GNMT  RL,e0775f7ae5213972
 38 246 ,aa347c6885e7453d
3992 231,b288e136e10c2945
01914102,4a941a67996ddb03
0 ConvS2,9f8bf6821acd209a
S 9 2516,995f96945459eb7a
 4046 96,0dddbe4333e8175c
10181510,1811f0b0cccde620
20 MoE 3,481bcd0065524164
2 2603 4,13cdd656efb3f129
056 2010,adc5bd6849a3b155
19121020,5b0e79eb4bdba9e0
 DeepAtt,f571afc0727c351f
  PosUnk,0a222173b1f134c1
 Ensembl,89d843649692f807
e 39 404,67e8436e1b987349
 801020 ,decf8c06eba704c3
GNMT  RL,e0775f7ae5213972
 Ensembl,89d843649692f807
e 38 263,b55bafd1ce0ffac1
0 4116 1,ed0989782907a4d7
81020111,3604dfed75599b31
021 Conv,1d6f8380014dfcf8
S2S Ense,3360861708c7bfc3
mble 9 2,537985eb8da2ff67
636 4129,1eae7eb4ed18796f
 7710191,42f2c56190d8a0c8
21021 Tr,e8edca69b3073793
ansforme,e05e53b5337e9728
r base m,a15c4d2573dca60c
odel 273,587167aad2764d1f
 381 331,1c03b11bc1dc8307
018 Tran,8a8497ef9458c7fe
sformer ,41c8e1b96ec9b65f
big 284 ,5e292adf0121a9ed
418 2310,f7924b441569d61d
19 Resid,fc161b679cac3108
ual Drop,3959622fd48d8ac2
out We a,f79d51a470ad8b01
pply dro,d1a8cdc5e05a851e
pout  33,c2fb962bb2981e85
 to the ,d047924e2bf3490d
output o,4930c90636486d2a
f each s,70e734ea6cc5cba3
ublayer ,9dc7ade8c7f5b605
before i,66677bb04fbfaea0
t is add,29a6c64fa391dafe
ed to th,6af6170981bd527a
e sublay,211c96c545230b88
er input,6d743fb5829ac0e0
 and nor,baa3646ac98969fd
malized ,d3e5b41dc53cf652
In addit,5a8cf481892508fd
ion we a,8b3aa6bc08c4c9ac
pply dro,d1a8cdc5e05a851e
pout to ,4e88e2dfc2fc02b9
the sums,e01e2bd13fee4e62
 of the ,2e89aed4cbc6510a
embeddin,63fd360c9f8cab5b
gs and t,0924338d4a3240a3
he posit,068d7a59e4a90399
ional en,7066d1a981109418
codings ,311995b04c54967f
in both ,1266f35eaf1e8302
the enco,2ccb986f044a64fc
der and ,ec196f0035bb8967
decoder ,88c96aa1e503b372
stacks F,1293faa2d7b59867
or the b,ace800f6596d775d
ase mode,84462f9dd6537e29
l we use,0e8154d054b318f5
 a rate ,75ef2d72493cc6e5
of Pdrop,e1cd8db237c19e0b
 01 Labe,e8baa6de4d65721f
l Smooth,79154938a781d5c6
ing Duri,f76e58eeac5d232a
ng train,16d60f7a0700ca28
ing we e,88be8194d1bc9148
mployed ,3322fa606371450c
label sm,610da3bec3afb85f
oothing ,f6e23c895476db86
of value,3633df3605e9d2e8
 ls 0136,313077e83227e40c
 This hu,79900e39732b8504
rts perp,9df735b31f22799e
lexity a,a2fd1ce2531c1322
s the mo,8f1b5d85136c403e
del lear,e72e1aec5731b726
ns to be,adb17be8bf182e88
 more un,1d36e30403462c42
sure but,d49f5c73f45278da
 improve,2f5c7aa08da85869
s accura,20aa9b6a5a582b48
cy and B,ef3f9ae9de69add5
LEU scor,2b5c5827ce452ee0
e 6 Resu,d372b67d7ac28f1f
lts 61 M,7b3325b832f197c5
achine T,58a527dc4c8a86c1
ranslati,62647d7c0a58ca6f
on On th,2165b93830b7c41b
e WMT 20,727fd68cc4b9b0d4
14 Engli,7650cc01522312d5
shtoGerm,b6b2b25236952be1
an trans,af142cf2d72d64cd
lation t,74961727b30c9075
ask the ,6647ffedc0efdd6b
big tran,26adf2fe466728db
sformer ,41c8e1b96ec9b65f
model Tr,a058e4395dbbaeaa
ansforme,e05e53b5337e9728
r big in,7d087292c6d29ae0
 Table 2,eba44c36736a0d0f
 outperf,64eb22e0302a0797
orms the,5ba11a19bdc7bd1b
 best pr,cf0144c319db8d85
eviously,67362f9a18241c15
 reporte,f189e582520d917f
d models,32a30873fd4acf49
 includi,867785aeeced8285
ng ensem,dd3e64cc39e89a6c
bles by ,1fb56f2bec0e2c86
more tha,fbca3f70390d1e6f
n 20 BLE,6599b8b3e1334baa
U establ,823d3007bbd020c0
ishing a,eeeca4f5a822faf9
 new sta,424b9dc23de98a13
teofthea,b09127aca4e2af9b
rt BLEU ,db6a1ecadcb5c4d5
score of,739e73f3b53879da
 284 The,5e797e167cf5f3f1
 configu,28b158cc52672965
ration o,0cadab94e1f0a542
f this m,e4f0b0cb9cf6c311
odel is ,f6f5cb8a4ae0b83f
listed i,1a939c3fe2dc08bd
n the bo,2775df899a35b171
ttom lin,cba90a26c78092a1
e of Tab,a5135459d6ccbcb1
le 3 Tra,b6a9abc796cad799
ining to,a97a9b82a06046b9
ok 35day,7eae24e12dfb71d1
s on 8P1,2e95cf7b8c104181
00 GPUs ,a0188aaf5f8cc05f
Even our,2bd5e040b8f90f2c
 base mo,52233dac6d35df1d
del surp,38213ff8c96f6cf5
asses al,0f63ef8a645d578c
l previo,8bfae241ced6489f
usly pub,d4f98127a784950a
lished m,c92bbeaf2d799ff0
odels an,373733ebe918742e
d ensemb,2e8e9d452670a922
les at a,696ac86276cc78ad
 fractio,537e8373ed7fc7b1
n of the,85568e3a4cdc1bd6
 trainin,f8a1b6bcc9d2eaf0
g cost o,d104424720ffc055
f any of,69507f1b0a700c5d
 the com,b903f3c7e14441ca
petitive,dd7348f523ec314d
 models ,321e6445cf680de7
On the W,ea466eb78754f8e4
MT 2014 ,65aae55e30621271
Englisht,2382bd140e844103
oFrench ,29c75510415da9e0
translat,4bcd393b86badb34
ion task,8254b4dbc6bf6293
 our big,f3ec136ce3ef8ec4
 model a,96273e8d17e18855
chieves ,a9e751486edcdaf5
a BLEU s,0bc97ef55e83a240
core of ,c3cd7be8d1698469
410 outp,81c45fb33e0b71d5
erformin,c7096d5c2334fe76
g all of,ca534ea554cf8343
 the pre,2e56fe9888f769e5
viously ,38ade7b035c04395
publishe,008cd51bcda06ac5
d single,c72f513993e5cc17
 models ,321e6445cf680de7
at less ,968b02f56469a965
than 14t,2b7b62a700a36d57
he train,ecd02149b5d9f284
ing cost,59a12c0157912c07
 of the ,2e89aed4cbc6510a
previous,95d7d7e9c9ce33cc
 stateof,dce1be44d10e6d94
theart m,60abb9410201cbde
odel The,be88db889d1e0707
 Transfo,d89dffb52d2e0e34
rmer big,f2456aa2ee77b041
 model t,9de8ae309d93e51b
rained f,676272e7e7b4ae48
or Engli,d7fdb0a238720c9f
shtoFren,2673419a9431d540
ch used ,0b62cc28320f7c69
dropout ,6df49bc0b79979fd
rate Pdr,df34cb81329c945b
op 01 in,9372c14d6e642fe3
stead of,3214d99d529c50d3
 03 For ,2573f5bcdc73aff2
the base,5e575b47bd9b7433
 models ,321e6445cf680de7
we used ,899c1e85eb26d48f
a single,5d3f7375cc53c973
 model o,66764c0e1e000cdc
btained ,82172f31f81197ca
by avera,3048b4246816e712
ging the,f47b5370a44e1856
 last 5 ,32545f9a99b0a4b1
checkpoi,039229473735205e
nts whic,dd0617dd3b68ccf5
h were w,32ee46993373d9a4
ritten a,c15f0fd7fdc71fbe
t 10minu,0f47b478e3c40d2e
te inter,658959497157b011
vals For,b31f8e772eb25844
 the big,6ac1448d810fea61
 models ,321e6445cf680de7
we avera,e03ccb6d24082ecb
ged the ,09ec6b397c22d134
last 20 ,7f8831c550f82dd2
checkpoi,039229473735205e
nts We u,f3c3a0e5eeca6235
sed beam,68fd090aa56ab735
 search ,884605fa5c7f5a26
with a b,b236d9d31b6e7127
eam size,5c80e32649cd1d9a
 of 4and,25812de8a8bad5b1
 length ,b26051646e319c7e
penalty ,9f20981c222aa80c
 0638 Th,dbfd97e833abf384
ese hype,01a55c7ff4a11d8d
rparamet,27fc46232ca7005a
ers were,dd426bdb47a4673c
 chosen ,97456c8c2301b297
after ex,bf0c98ab8f5e7be4
periment,5c98b0c37a2b3fed
ation on,53bd25c5c7a4a34c
 the dev,4349771018881d31
elopment,05b36d9c1880a588
 set We ,b46f0a7b6810ba37
set the ,964e092d558014ff
maximum ,9b4898519d4535a9
output l,ace50e2c4b09633b
ength du,88ff1addaa839f7b
ring inf,efe0baf4ea7dc286
erence t,b24cbcbbbe00a11f
o input ,8b2f2f5af462b2cf
length  ,71b0e9a5780c217a
50 but t,40b54a6910133557
erminate,e718da8191c5a7e3
 early w,23b21a9bb39765df
hen poss,1e230cf5e3e870fa
ible 38 ,e28c0a0f89b5adac
Table 2 ,369e5e637362e97f
summariz,46db87585b0368de
es our r,480c0bce76ab824c
esults a,0d54c7ef0c8ae583
nd compa,2d32d2739666f30e
res our ,e902573a098604f1
translat,4bcd393b86badb34
ion qual,9f3a1896e641c1ca
ity and ,8423d924b09f9450
training,a70fc9f362f73069
 costs t,539dd56e898b9fe0
o other ,21c5a41dec6c762c
model ar,96d201ca42bf21a9
chitectu,de5229a702d3fc05
res from,0f932100c6ad166f
 the lit,32991bdda2857a4f
erature ,3d780cd7f0b8bbcc
We estim,c77b58be4dcb42f9
ate the ,d79a687a6b2aa8c8
number o,235892e4526045a3
f floati,68a8a797be96e9b5
ng point,155d8305c73faded
 operati,5b11d69ff88967ce
ons used,f38a592961dae4fd
 to trai,56bd76c73d4ca1a6
n a mode,0b41cbef1c189886
l by mul,67da303b6d6ec28b
tiplying,24e547ee2b41fb0d
 the tra,d4aef91bab7297af
ining ti,ed33a357e2bf680e
me the n,93f67ef0f236f798
umber of,f2fe08da777942b5
 GPUs us,2354fd6d6e7e2bd6
ed and a,63ea166fa3e49dd4
n estima,8cca699814bd1ad2
te of th,83802d750ed192e3
e sustai,e0ff9648d1c77dfd
ned sing,5c5d01ceefb346fd
leprecis,721985dcd85be7d5
ion floa,d3dc37456e84b662
tingpoin,13d57f5aa130a1a9
t capaci,7832ff01eaa7ea04
ty of ea,44b892396bae6e6d
ch GPU5 ,c759f3a3b6427a17
62 Model,a9e34d1afa0eab40
 Variati,9ad3792b94fbf912
ons To e,cc47e297242b468d
valuate ,9807edc11ca3e30a
the impo,4d6fa2c32f9ef008
rtance o,92770c3b21bbc512
f differ,3bcc772393bbde3c
ent comp,e847f2a04e7a1cf3
onents o,36da5ae03c1cc91e
f the Tr,2e633aabf269d7b9
ansforme,e05e53b5337e9728
r we var,8f4fd687131c9e98
ied our ,23aedf8bcda07662
base mod,b23fd05b57b3f22b
el in di,cd8932cde502bbf0
fferent ,9020c1972b3e3189
ways mea,53cb17063b6a5f1e
suring t,85802a8e63c9a401
he chang,567c72aa2fc08844
e in per,95fac0addb78f7e0
formance,21e18cc6ab553d84
 on Engl,1bf9bd8526c82d70
ishtoGer,abbefa7617fca284
man tran,a8ab6e385d54b811
slation ,e30a5297d4579de8
on the 5,bed2148fffe6067e
We used ,880412d6102ba99f
values o,35e92946232c6794
f 28 37 ,44931b1301d83954
60 and 9,f7a2eba15fef3748
5 TFLOPS,b0daa33da7211fe8
 for K80,2e785d5e293977f2
 K40 M40,2deb3b932d539e33
 and P10,1c3235f58927101f
0 respec,b19fb88c8ec08a87
tively 8,007187b5baa4cff8
Table 3 ,475f3dcd293d8e98
Variatio,9f67b5200980a66b
ns on th,1b8e94e4ebddce0c
e Transf,9b7383c648cf6038
ormer ar,172cccc822d43791
chitectu,de5229a702d3fc05
re Unlis,5d15a212f821b824
ted valu,785e08e1cc57d409
es are i,15ee93d6c5bb743b
dentical,6ebd865c12a9d7ed
 to thos,7517de3a086f6596
e of the,49b41b9c519fef2e
 base mo,52233dac6d35df1d
del All ,e15238b6d97441e0
metrics ,988b8f70ae75119b
are on t,4e88d4ddd3f636cd
he Engli,fbdfdf6ac5599ca3
shtoGerm,b6b2b25236952be1
an trans,af142cf2d72d64cd
lation d,9f6f090c34f64c61
evelopme,d6bfcd9b500b7cfd
nt set n,058169f0c7cd840d
ewstest2,31e92232d2f5d350
013 List,e49d7e78d8240b0e
ed perpl,e773572e68322ffc
exities ,101975b5f8483a7f
are perw,19301f88af166d3f
ordpiece,2ae03fbba6378c82
 accordi,3a81bef5e29e795f
ng to ou,df434438c5cc52f7
r bytepa,ce8df06bec57b628
ir encod,239831670db6875a
ing and ,5d5a35f5b63dc450
should n,910518b08785ff4a
ot be co,7f04cd48e6a71b76
mpared t,d11603f9036df0c3
o perwor,a3bdc54f56c74d13
d perple,4fdbde78c7057396
xities N,c35627bafab0da10
 d model,caf6ccf8079132a4
 dff h d,53efa42557da031a
 k dvPdr,2fd6869244f1b7a5
op lstra,e922a07f54ec0a44
in PPL B,c42344c5b3467152
LEU para,52998377d4a01302
ms steps,4451754f5702498d
 dev dev,1cf609a41dc9637b
 106 bas,58aa2a126f8e44e8
e 6 512 ,11fd9469e9b97bfd
2048 8 6,ffb55749e3b1cd0c
4 64 01 ,e27c5a3de71ff857
01 100K ,a9a2ccbd2352ba84
492 258 ,21f64b525166d6bd
65 A1 51,b04eef66ea5c1711
2 512 52,f6fbfae64da1aab8
9 249 4 ,e70813fef3262511
128 128 ,f9adf61436f8f9ed
500 255 ,e7b9c5f34e7e0a42
16 32 32,aa33d1194dd78dfc
 491 258,44c4982f919448f9
 32 16 1,084b4607ed95020a
6 501 25,5f0fe553a8b4a022
4 B16 51,3475f4aafa122827
6 251 58,e779fa7f90eff42a
 32 501 ,3b6d4f41ed7cd905
254 60 C,200adf6095dfca17
2 611 23,3fdfef2f59841b84
7 36 4 5,7d1cbf9eb27f393a
19 253 5,023685c0248440f5
0 8 488 ,082f574db5c25c57
255 80 2,376f1aa82301a258
56 32 32,b40fa76fe2c27f2b
 575 245,9088cb14d032ff80
 28 1024,1bcb76709aa0036c
 128 128,1928c6c2eb2e4715
 466 260,82ad3f652048889d
 168 102,ca27ea2c644fc91d
4 512 25,711f776b36e3b470
4 53 409,794ecebffb808e44
6 475 26,2bf2f81a994b2c04
2 90 D00,5a085d455a670e3d
 577 246,0e6e8396038ac09c
 02 495 ,9a485b67d9f24335
255 00 4,ce3087636701a91c
67 253 0,1e0888664b73cb5e
2 547 25,565bef170846dcef
7 E posi,7a02eb62545cfc1c
tional e,c3374c080ac523af
mbedding,cadaaf6f2628933b
 instead,7233ca33de46dae3
 of sinu,3d42a53dc13c06de
soids 49,a530101114c91b62
2 257 bi,b430f875ca138b48
g 6 1024,b2c1bbb1afe52b94
 4096 16,29af5eaaa923a176
 03 300K,dcad4bb0e7316873
 433 264,46c31be3145b3ac6
 213 dev,16a5a66b1fa39446
elopment,05b36d9c1880a588
 set new,dbc76cc072635972
stest201,c0140aa09508d2e4
3 We use,f621cf3e7cc4cdc9
d beam s,4a5c1adef688ffa1
earch as,367a3f09d74a6c72
 describ,9ed2f9edcc57ebd3
ed in th,ccd97329d371d49e
e previo,57f857745a41c345
us secti,f935b22f1589400b
on but n,3aab0f74bf33e53f
o checkp,d2fe638bda602b01
oint ave,a6918b70f50f6beb
raging W,65708cba330e78e7
e presen,92743c7a41ff8719
t these ,c8697d604b0801c6
results ,3ffbb3ddaa2db3f2
in Table,b88ffaa7c4be8e19
 3 In Ta,7cf9ccab85a09752
ble 3 ro,338c5fe9b195880e
ws A we ,d2f036522f9c3d78
vary the,1f5dccf5b7fc0949
 number ,e09ae3afff13a4c8
of atten,e4091e4c6982b77b
tion hea,09e5557acc6e0172
ds and t,0ae60cdace8b6d41
he atten,fe018f1a2d72924e
tion key,7f308326a2adaba2
 and val,6281d934546ee670
ue dimen,72723e33403f6e3a
sions ke,b39a4e8273bf9359
eping th,0890b024bbf75eca
e amount,bad2909b75ed5fb7
 of comp,20358e130d1221be
utation ,e0a2278d029b4669
constant,6de2ded11d056563
 as desc,f9cbb5e072a0bc18
ribed in,22b685bcda3ddae4
 Section,4f4359a9158273ec
 322 Whi,329a7b5f0e16dd41
le singl,1a58bffb8519b70e
ehead at,324cde7f3cce9c5f
tention ,46f1d94fbec8bff2
is 09 BL,c9e26cde2efecea6
EU worse,5f8dc16fa02fc0ca
 than th,26c914496cc82c3b
e best s,465563ec4a2f27fe
etting q,a7daadcbdace9a74
uality a,c9029e85bb503eaf
lso drop,68aa56c615c489eb
s off wi,51ddbbd83c96ab73
th too m,adbbe626c9da39a9
any head,304a09ba88a498bd
s In Tab,313e39c970ae2a89
le 3 row,58f00af4a7aa094a
s B we o,48ae12c83ba5ba21
bserve t,8bde2d6604ccf0c1
hat redu,b9540308cafc4ad8
cing the,e76a6525356e8c50
 attenti,549a02642a613c55
on key s,b6ca0acffadc25b6
ize dkhu,66a43f16c321c991
rts mode,aeb3b635e47e6774
l qualit,8fa7335fdfd211b1
y This s,6e81056004aa04df
uggests ,e11626a649de1a37
that det,5e64e762bf936d08
ermining,4c88ae9055da7fd7
 compati,7ff977cf604deb1f
bility i,190553bb8f8b962b
s not ea,c193f3d1317f7807
sy and t,01be5f5ffc1dc1f9
hat a mo,7c291c472fb8bacf
re sophi,7c7c0f5dcd1af822
sticated,a6d657287691cd60
 compati,7ff977cf604deb1f
bility f,4ec73acf4ad6a5a0
unction ,55e1c454c41f9b7a
than dot,1ae4ba663b0e0f98
 product,03ce55ce22c30c89
 may be ,aa106722caf8e85e
benefici,b590d237c5787ef4
al We fu,35fdfcf7b3a6feb3
rther ob,1cf12005ae90425d
serve in,0887fd6adc4c9cf1
 rows C ,b64518c3348ecb0f
and D th,574e727fa749eadc
at as ex,1d1d03fa68b2c018
pected b,2b35bfaa27a9acfb
igger mo,803cbb4fede0099c
dels are,66b0b114f0347633
 better ,57813c72f0667fdd
and drop,81e3f5fa92c937d1
out is v,ad878352c00ed5e6
ery help,2e73b5a18a3aefce
ful in a,3ec636a531935b5f
voiding ,8ccd704b116fc014
overfitt,f2a5557f19440328
ing In r,f8198c2d84b460e2
ow E we ,c8191b6c0832b4e3
replace ,32eb2d0781e50690
our sinu,532781e997cef14b
soidal p,0f01eae5bb2e8b10
ositiona,c5a1216cc7207320
l encodi,b121f9d92aec734c
ng with ,9f659f8aba0986dc
learned ,3b6bf8c3c3406248
position,3f99d462d12c4d53
al embed,9a273bbbbb522360
dings  9,727b36a1c97e4962
 and obs,cdcbdae6065f594f
erve nea,4b6126e71c33f9e7
rly iden,f5c5a397c82cdafe
tical re,c3b1676f255492a5
sults to,d72f67f43a1cc687
 the bas,5a549ac1e0036ae7
e model ,9faff9d6e3fa9b3b
63 Engli,aab00fb686de40eb
sh Const,c5412d6df02e9017
ituency ,fda52f2966784c58
Parsing ,672f7784d69143f8
To evalu,40bbaaec29d46d51
ate if t,07e28b8a6a3ccc4b
he Trans,8e4dc406a19c0037
former c,7f9dc2ec8d530390
an gener,8028adbe6293a1fe
alize to,be0f0da1d5330327
 other t,3cae54390c50b6cd
asks we ,4e17c147d6cfc417
performe,51816862834a6f12
d experi,b67df38ce2ba306a
ments on,5a39214ca0496548
 English,8e3ffbd209c36eea
 constit,71f2553cc22bd61d
uency pa,18e77422721ab883
rsing Th,50ca47faf02b01a6
is task ,f83cfc15ff8fd3f9
presents,98bb890d83e37bcf
 specifi,1e743c31dfdc7ddc
c challe,4f8dc7a04d5db3f3
nges the,f3e10091552aaa7a
 output ,7c282f917ef4e9f8
is subje,d1940699289a3c68
ct to st,27456473a75cfebc
rong str,b7f9508daa3ec751
uctural ,027ef10dce642fa8
constrai,c9e9f3939079db0f
nts and ,59e8c4db0df98b4f
is signi,d069d1bad9401304
ficantly,55c35519e43a825d
 longer ,76cca30d879804c5
than the,17481cb8672953b0
 input F,bffbfdbde3989382
urthermo,f3caecbdfdee159a
re RNN s,49f536dd5ccfd47c
equencet,842c5fe6747e6e35
osequenc,6af7e52621590ac3
e models,d936f2497a51c6a2
 have no,981c7a3119f26361
t been a,ffeb4cf64eb8bd8f
ble to a,53f14d1506ac631b
ttain st,3b69150470fef645
ateofthe,6a12d505ed7faf86
art resu,c441a57fc65e392f
lts in s,04550c0297bc1056
malldata,b770002d03b7573c
 regimes,b03c0e7267ef96da
 37 We t,4265fefe80bd3316
rained a,be2a6bf73ac72f47
 4layer ,d111ddaf06892f78
transfor,398438820c23cd6d
mer with,fbfb4ab1d9544f76
 dmodel ,d272a10ba9322624
 1024 on,7e07d7d5132a0c72
 the Wal,21a5e35d13a07f2d
l Street,742d75f885934468
 Journal,5c3104a7a6c65f01
 WSJ por,909d614bc5ea83ce
tion of ,e98c8268907f24ce
the Penn,40b61a190504d051
 Treeban,714eb2be90bd603e
k  25 ab,39e29f3db4523461
out 40K ,1911bf6f9e53be09
training,a70fc9f362f73069
 sentenc,de8187a0bdb58da6
es We al,52cc7ed0257c9988
so train,0e4ba51c8df9d570
ed it in,8c398085381255dc
 a semis,51ec0a20f6e83778
upervise,775883d8e0493ace
d settin,9fb775cf5c802cc0
g using ,66b37dc64b61f7d2
the larg,a5b382e7cba04934
er highc,633d84f825f14ecc
onfidenc,050558fd74a3c5e6
e and Be,6c8b78345719ea1d
rkleyPar,05c77fb2829490f9
ser corp,a9df104924660c03
ora from,e5522f48b5122486
 with ap,ace4727069b8850c
proximat,37533fe9feb76ff5
ely 17M ,552b9077d88dccbe
sentence,bd9a755aa80bde98
s 37 We ,75f27cf3793f7c4b
used a v,17d96e0ae9bd2990
ocabular,6b119292eade82c2
y of 16K,a85c122276df715f
 tokens ,2f875f3e6bb61ec4
for the ,6c2bdfac5d42b11b
WSJ only,65cae7b67e5d4cdb
 setting,b321d621597dbdca
 and a v,d3b2154565ed8b48
ocabular,6b119292eade82c2
y of 32K,f927e755e3e6fab3
 tokens ,2f875f3e6bb61ec4
for the ,6c2bdfac5d42b11b
semisupe,863843be74c1f84b
rvised s,11dfcdd9be3c7f82
etting W,894ee0a77858b92e
e perfor,215f0da9a0dd3703
med only,c83d926f6adb7ece
 a small,54686ee2c77825d6
 number ,e09ae3afff13a4c8
of exper,e0e6dd872fd2b35b
iments t,5f9a1fb1c0665685
o select,923f9d2935e85543
 the dro,ae99c9a8ca2c95b6
pout bot,23aba9a7533433ee
h attent,691f8e00c45002ab
ion and ,912e3bc46595d898
residual,e0266ecaf75a2f63
 section,cf85d6c98d0efa35
 54 lear,5d673d30200b77d0
ning rat,1e445b839e90e649
es and b,0ef2e340d9c1363d
eam size,5c80e32649cd1d9a
 on the ,f62ac01591c306d3
Section ,565b911a2d31980b
22 devel,9650ffd033daf74f
opment s,97a06d31e687c7a2
et all o,2ab692877f027611
ther par,671f04e26455bbe2
ameters ,8d75c4ea8fa7816f
remained,d73e5ab6daecfba2
 unchang,0bcfcfa5bc941f2e
ed from ,ad69bfaa3feefaf1
the Engl,208ac6ac9d7fb8e6
ishtoGer,abbefa7617fca284
man base,02196bc916359373
 transla,43d2a641fceda6f8
tion mod,071c478512540168
el Durin,bece25b7f553d3f4
g infere,e0b02a303f1104aa
nce we 9,7a875207fd906e01
Table 4 ,8009a9858c4ad6bc
The Tran,69325b682b6e776a
sformer ,41c8e1b96ec9b65f
generali,ec58de32491d4c6a
zes well,84a648101a78b7e4
 to Engl,78e174038dede85f
ish cons,fe9efee9fc92fcd0
tituency,f8b11b47849c24f9
 parsing,000aab3d858ff511
 Results,73c8bf581d35dcfc
 are on ,86b0613fa8f6c239
Section ,565b911a2d31980b
23 of WS,9e6e73b100001703
J Parser,dcf279250635b05d
 Trainin,f83186ffbce97261
g WSJ 23,b057b9a5b121c9f9
 F1 Viny,7f3e55fa316d7cac
als  Kai,b969aed1b9a96362
ser el a,beffe812402d61d0
l 2014 3,bd2a8fcecc92dd30
7 WSJ on,740aafffcdcdaed0
ly discr,25ebdea0f9058a22
iminativ,ba975aa248eca7af
e 883 Pe,0989affc294664e1
trov et ,be6623b72b15a331
al 2006 ,bde31ec45bbd93ca
29 WSJ o,5a9ca33b950bfeca
nly disc,b42eebd8706d267d
riminati,7fe1024347a03eb5
ve 904 Z,bd8ef730be5b22c6
hu et al,1183fd10c6f77f30
 2013 40,a8c5c444923a6463
 WSJ onl,240111998a8894f6
y discri,3d8f5fc8411f99f1
minative,266d28e89840d38a
 904 Dye,db80dc39da71ec27
r et al ,fd9ee3feb4c9ad92
2016 8 W,49c11e1b7339bbfc
SJ only ,86f1e00a2741a9b1
discrimi,fe643e80df4144ec
native 9,1778cff96df8c87b
17 Trans,c6dd6f2c8baaefde
former 4,5df96617c8999db8
 layers ,06fff3cb6ef8502c
WSJ only,65cae7b67e5d4cdb
 discrim,6f5f35362a690931
inative ,9bd0e4d8ae3a96ee
913 Zhu ,b3d5aec21e30369e
et al 20,b8af6be850b189d5
13 40 se,44c15d24159db051
misuperv,f4a69be27a2c7add
ised 913,fdae5dc074f7087a
 Huang  ,5acb93681572f553
Harper 2,62960eab58b9b8bf
009 14 s,8e25eef7e73ffed8
emisuper,28f69812d0d9c7af
vised 91,d43cd34bf2e98cde
3 McClos,a670e93697aae904
ky et al,3c02e4b834c0f994
 2006 26,c565406b1bd1ce02
 semisup,8a974e70daeeb22a
ervised ,4d31ed3c8d29964e
921 Viny,23c507578ac4d7b5
als  Kai,b969aed1b9a96362
ser el a,beffe812402d61d0
l 2014 3,bd2a8fcecc92dd30
7 semisu,3bef3c258b36c004
pervised,d560c47dd57de01e
 921 Tra,63b038188729e2f8
nsformer,4d5c0f7ecd4ed009
 4 layer,9fa7e0e5e05e6a5f
s semisu,ea9370f8eb2921ff
pervised,d560c47dd57de01e
 927 Luo,962466c460193750
ng et al,7a3b52f08f482f13
 2015 23,90fbb305ce99fe8b
 multita,a82c15c4b2383896
sk 930 D,df561e6ad1758b63
yer et a,b66606a291257b19
l 2016 8,f425fd1d1143a1ea
 generat,710283cf078e8263
ive 933 ,0bb09d33b250a552
increase,6f71cfe239ab17ad
d the ma,c5c25c73b1d5dfa9
ximum ou,5dd2f3cc89757e10
tput len,b9cefeff059254db
gth to i,8e67008c904b64e9
nput len,e05498a000edf90f
gth  300,e6d31c0c084964f9
 We used,1a7df2e69d366b78
 a beam ,dff0afbc3d65ee1c
size of ,9c0fe28cd43ba46e
21and 03,afea2b2798197672
 for bot,fac513689a299e25
h WSJ on,cb6fdadb761f854b
ly and t,f9031212ddfa2a4d
he semis,a52abfbd618c1fe2
upervise,775883d8e0493ace
d settin,9fb775cf5c802cc0
g Our re,2347bd27567ea703
sults in,b7fa3c5446297ac5
 Table 4,6fb826747b826d75
 show th,99097c37cce08973
at despi,7ae1636ef0c1f44a
te the l,6989d38cb3f36e95
ack of t,86fe1672cbea91b3
askspeci,387a91c3a2003882
fic tuni,22162538ef9c0c19
ng our m,2251e50810e9c5c3
odel per,c8664587ad1cc44f
forms su,137ffa1e93d6e3ba
r prisin,0576aee8c35797f1
gly well,0b9f9c8cb4680355
 yieldin,f2109e3096fe3d3b
g better,b51e3484b7413b44
 results,d139726fd1ed2ba0
 than al,09fa9012c76c17c1
l previo,8bfae241ced6489f
usly rep,678c4adcf2de111f
orted mo,d14e928779f943fd
dels wit,e1f6a6eca1ad8207
h the ex,86cfb0c295e0f7ad
ception ,7e38fd875b136607
of the R,e644812eb5854085
ecurrent,d0d353b53086d2bb
 Neural ,e840a414a631fb5b
Network ,e017e36a68c722ae
Grammar ,45e2dd3b1817a12a
8 In con,238eb74c0a1dcfde
trast to,efadf8fe41599c32
 RNN seq,854d92dcadb7600c
uencetos,9868ecbc12b2f2c5
equence ,59ccec53a6c68f90
models  ,a21d4e83c83752a3
37 the T,408a4e81ffed530f
ransform,fb1df5d889503060
er outpe,55311cbb171f79cd
rforms t,2a62d505d91bd93c
he Berke,aba1af0c2da5817e
ley Pars,f780067caab752a7
er 29 ev,f082cda05f9066f2
en when ,d2b3cd86497e154f
training,a70fc9f362f73069
 only on,1e733c00e22e84db
 the WSJ,ffb0dff23324e1d1
 trainin,f8a1b6bcc9d2eaf0
g set of,2e338eeca19657c6
 40K sen,c17505d1a14d24ce
tences 7,82fa487c18754639
 Conclus,a3b0cb5aa2481b68
ion In t,9897427eb2e7d235
his work,c21b939c85625939
 we pres,e41316a188570873
ented th,a031a0874fc0bf86
e Transf,9b7383c648cf6038
ormer th,969fa84ed257802a
e first ,94bf0f9a4b77e982
sequence,8d70bf623678a68a
 transdu,9a5f54ae4e6f2f52
ction mo,d16c9af577517704
del base,fb45a94b87fcc242
d entire,8102814dad2ca1ce
ly on at,5d0cab91461293cf
tention ,46f1d94fbec8bff2
replacin,a0118a5d30be634c
g the re,febaa831292090f0
current ,f69bbd3813eb3a8b
layers m,6d1e8f9d70913af5
ost comm,5a79636d3959c78f
only use,6df4d1e7e46a4ae0
d in enc,8f66db58792d4785
oderdeco,f277f7c59596b8ae
der arch,a4dca705f241b0ce
itecture,e81c4519d7bd1451
s with m,49a597070fb79720
ultihead,2f866eae1c0c32ab
ed selfa,9aefcc8c27900fcf
ttention,97f21839d632f39d
 For tra,4a19192abc0d9c0f
nslation,0a2d3d7fb998feec
 tasks t,9777b5b3888eedb4
he Trans,8e4dc406a19c0037
former c,7f9dc2ec8d530390
an be tr,476e76bfa89fe4ea
ained si,383767b0163a5499
gnifican,e04948c0b0c89d00
tly fast,436765740f5e1600
er than ,9ea67969f521db69
architec,42c9e37c00dd3bcf
tures ba,5f91b72d2aa2ef07
sed on r,585ec350cafcfa47
ecurrent,d0d353b53086d2bb
 or conv,5630d43b7f61d4a2
olutiona,4e2c85af396fb6f7
l layers,a4ca67d90866320c
 On both,b4e0392a9ff66adb
 WMT 201,597d68a26db19a35
4 Englis,e914c3e8c87d0462
htoGerma,3650a98fe659fecd
n and WM,bb4077fdfc53c072
T 2014 E,95cbccc09f07a2cb
nglishto,9d426c70ea0be2ce
French t,88c5d3037c0d4b92
ranslati,62647d7c0a58ca6f
on tasks,e9e513236619604a
 we achi,963aa5727238efb6
eve a ne,ca2ee118dbd39624
w state ,95b58d18d5cc59da
of the a,af92b8579506525a
rt In th,3fc24cee757141ce
e former,1c142c20f7106509
 task ou,e2bd64927c394713
r best m,ec884ccd194028f9
odel out,03cedb27cb7a91a8
performs,39553a51bbc0ed0d
 even al,5b2d19d0c49f2c21
l previo,8bfae241ced6489f
usly rep,678c4adcf2de111f
orted en,405a3b81f356b6b7
sembles ,990a027d7bc592ea
We are e,fd6f9c7f81ca422c
xcited a,64c86d425b57988d
bout the,96dd43e13ff2c427
 future ,4f2818a3f085da1e
of atten,e4091e4c6982b77b
tionbase,65212f3d4f526217
d models,32a30873fd4acf49
 and pla,7ee1a96fe1429332
n to app,12b73543210b0938
ly them ,a1759cdd48c06d84
to other,a1c56620803caa27
 tasks W,3526c87f7b734db2
e plan t,31e9269b51cfae6a
o extend,2fef592990a025bb
 the Tra,fbfcc00da993cd87
nsformer,4d5c0f7ecd4ed009
 to prob,97fe2e2aaf1694de
lems inv,2ad44a83f0583f1e
olving i,fb3c6eca898afdf2
nput and,f4f860d7fa9fd5ef
 output ,7c282f917ef4e9f8
modaliti,1ee6d387bc9a5d5b
es other,a39fc7d9ebd949c9
 than te,baa5cea03c19ce9d
xt and t,3815603263d2a285
o invest,8f51dc541cbb4d06
igate lo,c6b6c6044ba2642c
cal rest,17b07a0178734575
ricted a,6a47d59aec9aac28
ttention,97f21839d632f39d
 mechani,0434af9d19f85f10
sms to e,be91edae40494dc9
fficient,e641cb42e1afb8b7
ly handl,8f9182dcdfcff5da
e large ,9d4ba36b96944752
inputs a,c1aef213c0b3830f
nd outpu,1194e8d44b7d74c0
ts such ,cbb16a0bf7710698
as image,e21d21383f598f32
s audio ,2616acd859570833
and vide,ada22be60531f36a
o Making,b3b78be5ea58ad0e
 generat,710283cf078e8263
ion less,e2241c9e1ad1a606
 sequent,1d59efbafe0974dc
ial is a,f23e779a315c2da8
nother r,88d1ee1a804f0f81
esearch ,86a7d2615a43dafa
goals of,955c4cad3462b06a
 ours Th,edb8c93769b54123
e code w,d0fcf088832b3b29
e used t,17e5bf6716e890a2
o train ,fd4dc51dcd83cbbf
and eval,c0c406b04337b2bc
uate our,e7bd304da6368c9e
 models ,321e6445cf680de7
is avail,ffa359525e7413a3
able at ,dc0619ecb665a4cb
httpsgit,5c5eb9e48fa50b92
hubcom t,285a0dba5551b42d
ensorflo,5346ead268c33534
wtensor2,11231598bbfeea5a
tensor  ,855807019b54fc36
Acknowle,0900d768ccbdb73c
dgements,e07a5c79ced5f2d4
 We are ,e1d22f90b7512bc5
grateful,3dd374555a866c0e
 to Nal ,58c0b4174b8346f9
Kalchbre,756b9371e5429db9
nner and,6ea32ed5350f7c3e
 Stephan,79a6d34481af5fd2
 Gouws f,7133814d6a7d87b2
or their,f0f567458c027c2d
 fruitfu,2e074af715cf416b
l commen,7251d64ed6791093
ts corre,102273a2ace0553d
ctions a,7636c5b3e2845c13
nd inspi,00f0d09dfb87fd98
ration R,2b584f46ed7665ff
eference,781d18a1de86d08c
s 1Jimmy,ea317c537343f9bb
 Lei Ba ,ff7915baea2eb14a
Jamie Ry,f85c6638b31f0d6d
an Kiros,af8df4e875e3892b
 and Geo,875fed3a9db66c18
ffrey E ,74194209c045b6af
Hinton L,2fe270692fbe16dd
ayer nor,50099ccab109e8ca
malizati,de387bece11d6882
on arXiv,0adaf3748fe89a25
 preprin,a28cd1db78e235c3
t arXiv1,99956f265530ad4b
60706450,4845ca9f66d441b5
  2016 2,f8f380cfee7e9492
Dzmitry ,3077a4f77982a4c5
Bahdanau,8be8f1fb2d6df262
 Kyunghy,417bb071aa4f1e73
un Cho a,e5928a87d601a159
nd Yoshu,7c6b31a6def610b2
a Bengio,988dea966c82c749
 Neural ,e840a414a631fb5b
machine ,8fa0dbbf972e5ce1
translat,4bcd393b86badb34
ion by j,1c0c8fbb404b1026
ointly l,ac75f9807f47b143
earning ,aab84d8969ae8976
to align,1b405ba86088e295
 and tra,f161ecfa2eca07a7
nslate C,4098e5dffb72739f
oRR  abs,ba847f2998b92018
14090473,a95fc8716316a6f3
 2014 3D,64e8ad140207f8e8
enny Bri,604dccc785865526
tz Anna ,7956c22cd0c256fe
Goldie M,d93aa044b1a655f7
inhThang,fae407dbd6dd07e0
 Luong a,95a1ab92623c8523
nd Quoc ,5befc7afcc4129a2
V  Le Ma,12bf062fee254879
ssive ex,0c82528ae3b1aec4
ploratio,3d10abd98508a7b4
n of neu,eef09215cdb0d22e
ral mach,cb963a5bbf0fdacf
ine tran,808021302953e9ec
slation ,e30a5297d4579de8
architec,42c9e37c00dd3bcf
tures Co,8fe173c1ef80cf2a
RR  abs1,9852000c6d409bde
70303906,954e8c26bd02d2e6
 2017 4J,340e2bf092fdba0a
ianpeng ,a2f70f6f24d44d7e
Cheng Li,9dfe78ccdc0b4935
 Dong an,fb9e3045b8e38ba8
d Mirell,78ab4df7916c4640
a Lapata,bf482afa9201307c
 Long sh,8f22db0e1395dd35
ortterm ,cc4c5bef244f8ab2
memoryne,6f760b72c323ece2
tworks f,98fe94c66fd7d642
or machi,d62e8abcbf7fbc7b
ne readi,9fef740577e8f647
ng arXiv,c69da8bb61953543
 preprin,a28cd1db78e235c3
t arXiv1,99956f265530ad4b
60106733,32103fcf44dd3069
  2016 1,b4062c6b49d3b68e
05Kyungh,c83e31489c3ba841
yun Cho ,dff1641c770f00fb
Bart van,6306fa602a8a9a77
 Merrien,ac5140960aad191b
boer Cag,b23af1bd3ecc5dfe
lar Gulc,527b2004f1fa9504
ehre Fet,d6ccf7e24b5157eb
hi Bouga,75f1914468d71ccc
res Holg,d71bfb1866880a6a
er Schwe,01c5ee3187afd8c5
nk and Y,773999cb0e8301fd
oshua Be,363d3bfa2b694174
ngio Lea,c8a622a212f7243a
rning ph,c5109c1408353d25
rase rep,9010783ba2cf29b3
resentat,7e3e0c9bf2c753f2
ions usi,6e6fea93af4f77cb
ng rnn e,ff9b377c3119ef89
ncoderde,3a02890cf52e8deb
coder fo,520df828291fc579
r statis,9953dde655b1ebe0
tical ma,1448d42e52853d65
chine tr,84423314b6b17c48
anslatio,d2ae1c6eb1ed2f30
n CoRR  ,fac1b4f4dc9ed60b
abs14061,22ee0c44ad4331eb
078 2014,1dd12b3859e8cf8e
 6Franco,a436696079b701fe
is Choll,f3ab2c99fe00976c
et Xcept,4f6eda1835fef42b
ion Deep,6819e96f9f3d37ba
 learnin,e5a0fd8d3668ded8
g with d,454e304e66e06a84
epthwise,337ace885eb168e0
 separab,f7f580229055e068
le convo,36e8dab46395c33f
lutions ,645a27eabf987d33
arXiv pr,35aeb7ebcd4b2db6
eprint a,488a40c6a4e632c1
rXiv1610,1a375b04995365c0
02357  2,c9fe8db14251d234
016 7Jun,c9f583d0607f3da0
young Ch,763bbbfe5b793afb
ung agla,d6aa8477223ac29a
r Glehre,725a3433ef5a206e
 Kyunghy,417bb071aa4f1e73
un Cho a,e5928a87d601a159
nd Yoshu,7c6b31a6def610b2
a Bengio,988dea966c82c749
 Empiric,6903bfe060170b22
al evalu,1501f2f7c8dc7dc3
ation of,449e966625ef1cea
 gated r,0376739ec2da6937
ecurrent,d0d353b53086d2bb
 neural ,91dddfcabaa33c09
networks,506b33d10d1b6edb
 on sequ,0ec0458c8c24079f
ence mod,4a8eed86e777c7e6
eling Co,54af525be318aa8a
RR  abs1,9852000c6d409bde
4123555 ,b74cf9c984084d4b
2014 8Ch,7ef8a68576429d31
ris Dyer,c9342d4486765f0b
 Adhigun,4feb3fb847b60385
a Kuncor,76b1e8894f2c24e0
o Miguel,3c49b0e191528d68
 Ballest,7cf7d1d0e42d1618
eros and,c8eed7c871c8bee7
 Noah A ,610329cd7c322ad8
Smith Re,37417a35aed0812f
current ,f69bbd3813eb3a8b
neural n,2ff1640b49bfe65f
etwork g,7c9d15fc74678950
rammars ,b58ef66ca5a3acf1
In Proc ,67fd6082f68ec9ed
of NAACL,7f87d5aae1cfa6e9
  2016 9,cd5a43178c39d454
Jonas Ge,6bc31a7f4bf538c3
hring Mi,758ff651e303276b
chael Au,ed3b74fa1b137f0f
li David,ce5043e555a263c3
 Grangie,2a82cf619ecb44cd
r Denis ,50d2fb438736510f
Yarats a,9a03c604a8421ec6
nd Yann ,03866b4e0ef91774
N Dauphi,b8c46bc187180342
n Convol,f9ae1b7c477f86d5
u tional,f3d306c6a6920c11
 sequenc,6a9917c99bec22c4
e to seq,0aaaca37738a4873
uence le,62353c4cdfe51c61
arning a,2bb1b24f2ec610e5
rXiv pre,51dd54412ca5462c
print ar,25e4d63c746917a0
Xiv17050,eddc72279316e83c
3122v2  ,8dfc38760a343431
2017 10 ,be3f3d82662ed740
Alex Gra,f76927b9432412d6
ves Gene,61f530da22f2d899
rating s,784babc66a2f2354
equences,726d84586673c235
 with re,48eba2948dad9d16
current ,f69bbd3813eb3a8b
neural n,2ff1640b49bfe65f
etworks ,13a4d1c7f4a3c098
arXiv pr,35aeb7ebcd4b2db6
eprint a,488a40c6a4e632c1
rXiv1308,3f2b8b8b3c0da311
0850  20,c27b7a9dbac9233a
13 11 Ka,429eb8258a91fedb
iming He,07c84f9632b9c428
 Xiangyu,e5fd6fc8bb62f626
 Zhang S,8138d3b7bf3fabbc
haoqing ,ce05a570f4d2c920
Ren and ,e44d31182a17f0cd
Jian Sun,31a8fb7d659f93a0
 Deep re,34457f3e9dbf7732
sidual l,f26eb40302651440
earning ,aab84d8969ae8976
for im a,343f22139a010fb1
ge recog,ff468d52f4c82f8c
nition I,06d75dc8f73b48e1
n Procee,8dbf6272f0658aac
dings of,c3cd4463302dc97e
 the IEE,7b5998599e4a1b3c
E Confer,20a898723ab3667c
ence on ,d78dd8077f422db2
Computer,b57b310096e78008
 Vision ,e1e80df1e32401e9
and Patt,479b7c50fea27d85
ern Reco,ea02315d00ce7e8b
gnition ,edba411e3a002b4f
 pages 7,66b790cf35eb8230
70778 20,5689d4eed6a3fa23
16 12 Se,ad47cd8cd2708e4d
pp Hochr,e715b294c0893962
eiter Yo,f9024702265acfbc
shua Ben,f62be62c5774ba4c
gio Paol,be7e3ae32665eb33
o Frasco,139d2494e567f39b
ni and J,228effd3eca55bdb
rgen Sch,e7ad59b76e9d1180
midhuber,1754fd23e6c80bb3
 Gradien,74172b0467a4ee34
t flow i,d52d7bc3e19eba50
n recurr,69480604d0af0e32
ent nets,935f28b27bd76389
 the dif,254ee9ca637661a1
ficulty ,6958ce7a273d8b9e
of learn,c77ee5f7b4fba4d2
ing long,8b0a42f55c43ce58
term dep,525dd05c3e282caf
endencie,2e3e59dd6e0b2530
s 2001 1,b6855a7358c29515
3 Sepp H,7bf7f2db48031984
ochreite,bdcd4ffd9ddd73b2
r and Jr,5d39371642125a59
gen Schm,20787032ad5db816
idhuber ,371c32c30ee1c28d
Long sho,6d90d09207e4c3be
rtterm m,b9048c220a8d0660
emory Ne,bf3d5af47d1389d6
ural com,24c3f9fc3993200b
putation,52f4297f7c1a357e
  981735,c17c993570ef6dc8
1780 199,d7c2a5c54b813b1d
7 14 Zho,c5a32dbbf163eba0
ngqiang ,6ce44c9c4fe7ce9f
Huang an,322f9d227620c12f
d Mary H,dd45e5c28656b9b2
arper Se,d5d0abf4a7f89ea2
lftraini,5b62270ba9506a6a
ng PCFG ,87052ac07cdfc294
grammars,740a2c9b2e97abf1
 with la,95d1d2748bd748cd
tent ann,55c0750d38b163ae
otations,a57c6237d79440ed
 across ,bc74fcc0ec713d26
language,c475f84ee3da75da
s In Pro,948b5c2e7247d9e7
ceedings,17970450615048fb
 of the ,2e89aed4cbc6510a
2009 Con,76da366f4bbc0c65
ference ,29f134c8bae3972c
on Empir,8a2c20fd2f2ba260
ical Met,8c1db6ec347f93b7
hods in ,a90118147ad6d873
Natural ,c48f3f2ce8c9eb06
Language,91874ef11676fd62
 Process,74514a3356b285c3
ing  pag,1ec5ff8e0dde5ffc
es 83284,2c3b340928c35d9f
1 ACL Au,4a7bbcaa0b2a841f
gust 200,4c168b2a811d70c9
9 15 Raf,fc747d9faa3e2a5e
al Jozef,58bf32029be6e2ef
owicz Or,bc85bbdbd453a6ba
iol Viny,b9038fc00d85fd9a
als Mike,1917d2295e9cd43a
 Schuste,768e44a19fdcf370
r Noam S,dca2226854fbe121
hazeer a,c5b94097e8cbcd95
nd Yongh,e5d2f4d32db789b7
ui Wu Ex,9c2bde6bc34dcb91
ploring ,0858b3998e6d98a9
the limi,22f6c1f3f52dd490
ts of la,cd8ada86f6ead4f4
nguage m,5e382b1cdb9ad1f9
odeling ,4c307f7160ccbf84
arXiv pr,35aeb7ebcd4b2db6
eprint a,488a40c6a4e632c1
rXiv1602,e7d9e7da7254b91d
02410  2,20771ba6c0b97dd5
016 16 u,d44c52e83057c8a5
kasz Kai,0d80cb24f800077e
ser and ,827d63a64dda1c17
Samy Ben,129e942c5517ea26
gio Can ,738e970441eb8404
active m,150241545c554eac
emory re,7233edc47f04c7f2
place at,40ec5bc1bcef9aad
tention ,46f1d94fbec8bff2
In Advan,62975c0af460e8f7
ces in N,cbbf630b5038fa53
eural In,22a061cb7df7d1b5
formatio,1527e5e394807bc0
n Proces,7de06e19c414f4c2
sing Sys,9f7be257ff73d10b
tems NIP,a83f156f8e6fb58f
S  2016 ,ef8b60a9a8f7a8c5
17 ukasz,0953dce2cbbefb86
 Kaiser ,07e25bb998869fd5
and Ilya,bd0c88aa6e05b78e
 Sutskev,b293626ee54157ba
er Neura,e6696618d3ae1f38
l GPUs l,4ea1aeef9accc385
earn alg,1b332547078541db
orithms ,4fdc4a8eb195cd49
In Inter,29249d1fc0010e45
national,c38e1b7e0ac68faf
 Confere,6718eb745dcd7e45
nce on L,8ffea2af010cf4a7
earning ,aab84d8969ae8976
Represen,2d50d7a452e954fa
tations ,aee04bbaa480faa3
ICLR  20,c5e98c566f4baa87
16 18 Na,44ad7ab6b7b1af56
l Kalchb,c0ebdb95dc667885
renner L,5dc1012a5e2e5940
asse Esp,a83744bf9ef0af35
eholt Ka,56bbb6fd1120e050
ren Simo,246e25f50afaac27
nyan Aar,bcb7d16711ca1022
on van d,30f83d812cd0d06e
en Oord ,5e79049d9fb91261
Alex Gra,f76927b9432412d6
ves and ,1eb11529ee6398bc
Ko ray K,f4ea4bef819237b8
avukcuog,4129162373897ae9
lu Neura,628d0093554f5a8f
l machin,2b86a14d8ef90db2
e transl,0979fc175548ba95
ation in,b1af4ebc34c4ce4b
 linear ,76da0c72c843bb64
time arX,147feb4962d12a48
iv prepr,8a536b0602556eee
int arXi,533384db6671c429
v1610100,9d31cc1bb9440c9b
99v2  20,45cb30ef3954df87
17 19 Yo,736f7f1cc5b56be7
on Kim C,5a516c1a6347e53a
arl Dent,3b04a3c4bb33490b
on Luong,89b0b09870752313
 Hoang a,05a9ddededa3df88
nd Alexa,decc0451f617cfc0
nder M R,ad77b4fcdf158543
ush Stru,bfa8b781b9a8fba9
ctured a,1f6dd589588964db
ttention,97f21839d632f39d
 network,98efdf3aa8c83ed3
s InInte,635371e81c376f5c
rnationa,3e48b1609aa5d833
l Confer,b71fd74791793e9a
ence on ,d78dd8077f422db2
Learning,655db9c0806343e1
 Represe,c7e2a73476a99825
ntations,700591e3e3c8b43f
  2017 2,a110be9e0c90796a
0 Dieder,e22aa77c10ff2a8a
ik Kingm,d5dec56d0666655f
a and Ji,26c4f2441a2129d2
mmy Ba A,e6d66905bfdb2e82
dam A me,09a0bfae66022948
thod for,2ff25d2eeb556fa1
 stochas,6a8f0128a4729280
tic opti,d886ba6a9cf9a702
mization,3259dd20c82743d9
 In ICLR,b7c3b9ae82c46123
  2015 2,7f0ee636c7501195
1 Oleksi,d175648ed06f2c13
i Kuchai,84e59c90f67de2e8
ev and B,506efaaa6a35c8e1
oris Gin,9ff39d2b08221c58
sburg Fa,0314513db15fec27
ctorizat,953ab0208f681024
ion tric,19ae4d68c8ab2fad
ks for L,d9a7374dad969893
STM netw,eed386f0d59675e8
orks arX,fcd3e8b4a5659684
iv prepr,8a536b0602556eee
int arXi,533384db6671c429
v1703107,5672eef262bd511d
22  2017,96ee7b8e82ee74e3
 22 Zhou,8c3665305053e959
han Lin ,3e4bf0e399e26b07
Minwei F,d31ddc8e460fc62d
eng Cice,fe0b828ca0c1601c
ro Nogue,679be1e8ce33a579
ira dos ,97dc6d14dc9dc580
Santos M,0062bd6493757fa1
o Yu Bin,6d6ca56163c314e6
g Xiang ,9a0d0794d9d3c9fb
Bowen Zh,a83cf1ae7319454c
ou and Y,cfbd268f36ac3a09
oshua Be,363d3bfa2b694174
ngio A s,77d73085a3e00467
tructure,ed0f257c4e485af7
d selfat,cc47b4753e4072f8
tentive ,c16fde3955a53f7b
sentence,bd9a755aa80bde98
 embeddi,e4f9c7c881d5361e
ng arXiv,c69da8bb61953543
 preprin,a28cd1db78e235c3
t arXiv1,99956f265530ad4b
70303130,c94c09fb1b7a1134
  2017 2,a110be9e0c90796a
3 MinhTh,cfb98ff393fd1466
ang Luon,b1e0302a0d501834
g Quoc V,fefe0d452ad41407
  Le Ily,d6cb6195c4c1c1b7
a Sutske,de9aa50ca46c50c0
ver Orio,fdfbd17586da2d5f
l Vinyal,094afd735186518e
s and Lu,f1b7474db66980f2
kasz Kai,0d80cb24f800077e
ser Mult,149da200581d18f9
itask se,527e6d766c70afcf
quence t,30ab972891f0ac55
o sequen,18aafa33ee269955
ce learn,484e3605c2f170bb
ing arXi,ded6ff282d4db2b2
v prepri,9a87a5b59a8c3aa1
nt arXiv,821fc54bfc0c849e
15110611,102ea7baf87793fa
4  2015 ,43b62ea094db613a
24 MinhT,42a5d7817801e270
hang Luo,6009c9373f6927bd
ng Hieu ,9b0ce6f2cef4d895
Pham and,63826941f39ba77f
 Christo,0496c8efe4bf6eb0
pher D M,3255aa7fba9b36b4
anning E,2b475aff07cf32e9
ffective,3fb0e0b7571ac4f5
 approac,8a6485b43d996d99
hes to a,a46f476eb239a6a2
ttention,97f21839d632f39d
 based n,17bc390645aef37c
eural ma,bc1cec58948f9a92
chine tr,84423314b6b17c48
anslatio,d2ae1c6eb1ed2f30
n arXiv ,b9516b2d94807f02
preprint,a8a86184d3d93f75
 arXiv15,f724deb8f8ca927f
0804025 ,3d04adf6001d4645
 2015 11,1d19217edbe62a26
25 Mitch,727e60b40b6bb0ed
ell P Ma,d259d090eb9f275a
rcus Mar,d93213f2ba34be78
y Ann Ma,43d425f360a7af89
rcinkiew,a402a47bc7f212f8
icz and ,e834bc57a0c3abcb
Beatrice,df3a382e525f5d2a
 Santori,1420bf111bd8ed1d
ni Build,ce21c4442f94acae
ing a la,5cc8ceabe4d77796
rge anno,6154a87daec3cc47
tated co,1f549831cfe17f98
rpus of ,a47742ed252304e4
english ,2d7be229434db855
The penn,aee116bf104cdb35
 treeban,edcee21d1aa718a7
k Comput,7daa2ff485d0b08c
ational ,3b1bfd5b8f632134
linguist,9acf24415f969446
ics  192,aa0f1e24e4d72035
313330 1,38f4308abfbe8b51
993 26 D,47ec5d095fa0cc23
avid McC,3a872fd392b18721
losky Eu,91104b5dd562ebdb
gene Cha,b5ccc1a3677665fb
rniak an,87485c310aa81213
d Mark J,b93a9406562db857
ohnson E,43c7ca863ae4b60a
ffective,3fb0e0b7571ac4f5
 selftra,71972313b9359e19
ining fo,d8e5a0fdacd38655
r parsin,dec81cd62c9a2a4f
g In Pro,f8057d313a007243
ceedings,17970450615048fb
 of the ,2e89aed4cbc6510a
Human La,2eb8ad6e73333335
nguage T,2f9366a727a33453
echnolog,3788d144457f3418
y Confer,46603ed11d78aa06
ence of ,08c452795f14096f
the NAAC,3215732527cdd7ff
L Main C,745c98f12e77b912
onferenc,38a5e74ad4dacb97
e  pages,2ba77149a40279a3
 152159 ,980e48d0a7c02e4d
ACL June,04ce0dbde6484ffa
 2006 27,570ea394cb1a2130
 Ankur P,f0d818157872d491
arikh Os,2dded97e9dc85317
car Tcks,41e6123fae190fa2
trm Dipa,35a1a72ef41ec494
njan Das,11a7e4a2f0ad823a
 and Jak,6a57407044753906
ob Uszko,7d0c3c7e318e8f28
reit A d,26efbb21b6682c1a
ecomposa,a4652dd3b2872111
ble atte,962abbc242a9da53
ntion mo,69145693116ec248
del In E,8f4a660a5e6409b8
mpirical,44184623b7a41457
 Methods,a17e319b85bfb841
 in Natu,8e5ecc25994d54ee
ral Lang,fa586d882348f561
uage Pro,49b9c1276108325c
cessing ,bdc10a44d324630b
 2016 28,3fa445c0ec8b8e7d
 Romain ,ad81dcffba8fe6ef
Paulus C,b948119b45b20006
aiming X,ee69cef1db9aef0f
iong and,84dffbbfb8bbcad1
 Richard,df221f071575bf69
 Socher ,b57f2bdef67bb14e
A deep r,0bd8752708425558
einforce,e325e3b941971c33
d model ,1388f37e4084647f
for abst,b1a998e68027848e
ractive ,6fb2726707767a65
summariz,46db87585b0368de
ation ar,5792f83489be9343
Xiv prep,8e66eecdf9e3e56c
rint arX,c1d5e163d25b20be
iv170504,5e64439b72da6878
304  201,6b1781a91fd48065
7 29 Sla,0afbb3fca8b399a1
v Petrov,b69866c0663b1b58
 Leon Ba,703b51e9804786ef
rrett Ro,3873fba5e96679a0
main Thi,9b3580b3b2183cbe
baux and,73961fb68313bf1b
 Dan Kle,0dd5719b9f5657b7
in Learn,477878664b54cdf7
ing accu,fd6e5f50e47c7e20
rate com,4885f47cde1c6443
pact and,0e2414c4e1d6015c
 interpr,4ea635beef6ba9d4
etable t,bfd87d575ce89b00
ree anno,8682794416f97468
tation I,c45252fa47ca72f3
n Procee,8dbf6272f0658aac
dings of,c3cd4463302dc97e
 the 21s,0b5c2664ecab67a1
t Intern,20b8e8f9400378e1
ational ,3b1bfd5b8f632134
Conferen,13ba58227c2622e4
ce on Co,0efbb12ec6162a31
mputatio,3154a16298249c37
nal Ling,c7eb18660e8c0cef
uistics ,9d395dab077cc072
and 44th,6bc112e65c030bd1
 Annual ,ac23b845698ed30f
Meeting ,85690a3ff4331405
of the A,750c9648eeace369
CL  page,ed3f454b34487163
s 433440,8d57f7024671ea3c
 ACL Jul,aec9a7dbb96589ce
y 2006 3,8b4d1b61abbfa05a
0 Ofir P,978f32a6150340bf
ress and,6e971354f9067b2b
 Lior Wo,24848f5bcff2229a
lf Using,389bfc036dbc7c53
 the out,3bb894d3d1a8019d
put embe,4a923eb1682f261e
dding to,6d41262e1d51b3e8
 improve,2f5c7aa08da85869
 languag,e25a9c3c8137251b
e models,d936f2497a51c6a2
 arXiv p,d732d3bcab776165
reprint ,6e62f544636900d7
arXiv160,eada245b084775c7
805859  ,76696db3672b84d5
2016 31 ,46163358cb266441
Rico Sen,ae1d27452d4ebc8d
nrich Ba,05d2397a508fd5c5
rry Hadd,ad9f2dd182ebaf7d
ow and A,55138abbbf85e106
lexandra,2f175e5e4044afae
 Birch N,051dbf7c8d23de66
eural ma,bc1cec58948f9a92
chine tr,84423314b6b17c48
anslatio,d2ae1c6eb1ed2f30
n of rar,0a5d8dcf1c0502d0
e words ,63f00130a4f50ccc
with sub,b9b90978c5a4ab18
word uni,d94217ed5913ea5c
ts arXiv,ae59326da8f64b8a
 preprin,a28cd1db78e235c3
t arXiv1,99956f265530ad4b
50807909,9f2132c5e631425a
  2015 3,e57693e200626faf
2 Noam S,c2ce94baf45547c9
hazeer A,27d5c2e8b5f78cec
zalia Mi,4f8cb4e933872f85
rhoseini,90af55518bb04a48
 Krzyszt,c3e999d5c0383aaa
of Mazia,b4c8ef6c85ddaca8
rz Andy ,0a461b412ef571fc
Davis Qu,a4046779e6b27ce0
oc Le Ge,20c57d265b96794e
offrey H,20b06ccba734dd9d
inton an,710737e3f24b2a92
d Jeff D,cd63a7cb8c7bdfea
ean Outr,20fd491d41562dd5
ageously,a9715638d61c3b08
 large n,f0c28d52a75a4dcc
eural ne,2c6b06526a304fee
tworks T,7f142bb9b315256d
he spars,082fef0ca66ab5ff
elygated,5fdc2dbf01105405
 mixture,106b8075f936b59a
ofexpert,fc53a94577fe7b9d
s layer ,77a644a824e3914f
arXiv pr,35aeb7ebcd4b2db6
eprint a,488a40c6a4e632c1
rXiv1701,8e72f5285c300881
06538  2,d2facd30dfa8026c
017 33 N,e3a1a959050e57db
itish Sr,39d784a6cedc57b0
ivastava,13da657d02cddeee
 Geoffre,5be2326cc880c1e2
y E Hint,f842018ccc8c8908
on Alex ,10c33a191b68ca52
Krizhevs,f98ebaccb36f97de
ky Ilya ,c0d7afdabe1212ab
Sutskeve,f3e4f2281605dd3d
r and Ru,79bda9a1708a6bb9
slan Sal,8cfc91e688b14941
akhutdi ,9942dba06daf9c69
nov Drop,de57c9ad7e545f7d
out a si,c4e5221056d56e24
mple way,8a68dcdd7ce199bd
 to prev,66818e9252757f18
ent neur,1b76094f1b74ac7e
al netwo,abc03329cd8bf77c
rks from,a37f4693311392ab
 overfit,e8548338660480ad
ting Jou,6bb632380921c1a2
rnal of ,6f4d034889bbd06c
Machine ,d254ea8704c54d6e
Learning,655db9c0806343e1
 Researc,f98ad551eb2b2be4
h  15119,5cb4307cac9666da
291958 2,8909292c8c2abc81
014 34 S,38e8ffeba23f18bd
ainbayar,8e6ea24f4de44987
 Sukhbaa,d68ec3dd8a4813f1
tar Arth,4d23dd6bf733deb7
ur Szlam,5d40fa7810f98419
 Jason W,6df92f2cde8599cf
eston an,294b377b7c61e55a
d Rob Fe,1b81ff735dbf7a60
rgus End,da2bd233e7d2f4e1
toend me,02d668cf4eb1f3a7
mory net,8689327a65115667
works In,f672fb9bb7ce7ddc
 C Corte,6cd00c94d5446974
s N D La,987f2ac211a4ab6c
wrence D,544661f3d12beab0
 D Lee M,e275836604fdfe78
 Sugiyam,1cda1072c7245e14
a and R ,5b2e6fb1c899a19f
Garnett ,f7ecf523f692c52c
editors ,20086908b0e67d10
Advances,01a740f9fba3d6a9
 in Neur,77db573bd7799c7b
al Infor,8faae19f87420ab2
mation P,68f2b6cb690b9179
rocessin,65a2da34cd0e9ade
g System,3f8458bfac07c158
s 28  pa,c2a110318887f965
ges 2440,cdc331eed51e3bd3
2448 Cur,12cf9a9157c1bede
ran Asso,1f75bd5fbe3073f4
ciates I,e922c612e45590ab
nc 2015 ,4fe058de4983acfd
35 Ilya ,886e97dc20a2323c
Sutskeve,f3e4f2281605dd3d
r Oriol ,821af7b66226f4b3
Vinyals ,a47fbe20fc71b4fd
and Quoc,afddeb2b43b2278f
 VV Le S,77e16682a85d17c5
equence ,59ccec53a6c68f90
to seque,6d51449ed2164b9f
nce lear,075fc1ed6898f3e6
ning wit,5c81788d9d6bdc22
h neural,65fa060429ff9edc
 network,98efdf3aa8c83ed3
s In Adv,65a6d437f93aeee1
ances in,c40ddd71ac577c6a
 Neural ,e840a414a631fb5b
Informat,eb33d2c5f77ec893
ion Proc,54b4b4823300bee0
essing S,855d8a5e0761d14e
ystems  ,fa7c88d057f1f5aa
pages 31,ba6331496a25ea69
043112 2,532ccfe0bc1d6eb8
014 36 C,ee459d880e3e4430
hristian,dc85a5dae77aa043
 Szegedy,334f37407b2753fd
 Vincent,6c2527807a035a2f
 Vanhouc,19226e564843600e
ke Serge,b6c1dff6d37e6df2
y Ioffe ,3f35a45d863b6555
Jonathon,88d6b4a7ad0475c9
 Shlens ,9827d7a9c9c08615
and Zbig,39095f7a7dec6063
niew Woj,00f87a45d4c6e24b
na Rethi,53f856fbd862e026
nking th,27aeae77228c28d3
e incept,d893da562e926015
ion arch,f8da75bac0d4a1d4
itecture,e81c4519d7bd1451
 for com,228ae87a1f26a0dd
puter vi,6fdda96f872178c1
sion CoR,f8bcfc93b25603cb
R  abs15,fd938d3b854b4e39
1200567 ,d6e0bdf198a6c496
2015 37 ,d68c9e189d59d3b6
Vinyals ,a47fbe20fc71b4fd
 Kaiser ,07e25bb998869fd5
Koo Petr,efd2f4c8970df726
ov Sutsk,9980bde51b0c9378
ever and,b2d87a34eacdee43
 Hinton ,cb41e2906ed6f6a6
Grammar ,45e2dd3b1817a12a
as a for,ad3bfadb34942a47
eign lan,1cb1584e77d1afa7
guage In,a468f66f7de70ed8
 Advance,3d16756365683926
s in Neu,cc8e2234b4cd569a
ral Info,c9cc4868330d05a9
rmation ,56891dc58777b77f
Processi,949a69322427af4b
ng Syste,a4073d1755fac0cf
ms  2015,15b000d9d78e02a7
 38 Yong,d7ab0e2dbd4c0898
hui Wu M,597d4cb4fa072c69
ike Schu,8dc258259a55ebad
ster Zhi,c7c88a242465aa59
feng Che,a32944176481f29d
n Quoc V,d93c5074b9324d44
 Le Moha,1b8a765cd76169b9
mmad Nor,c6d5aa3b20a00c95
ouzi Wol,cd980e3d34b9f5d7
fgang Ma,dca0bbed44304116
cherey M,203cc2c6d6aef729
axim Kri,19de46ac58345099
kun Yuan,46e966f54cc88cb2
 Cao Qin,0c3f8cb32578c44d
 Gao Kla,4a3c42f87ca56bea
us Mache,0a106b7f2ef3f54e
rey et a,fdca6bda52ec2aba
l Google,f0cd0a76aab2c1bf
s neural,5583b7bdb2cb757a
 machine,8466a9ac48439271
 transla,43d2a641fceda6f8
tion sys,ceb61437dada92f7
tem Brid,bf2049ebf530d80b
ging the,f47b5370a44e1856
 gap bet,77cf1314fca0fdbc
ween hum,31f9a47dcbf6a742
an and m,a768b51e717fb35a
achine t,70389fcfde08e3b0
ranslati,62647d7c0a58ca6f
on arXiv,0adaf3748fe89a25
 preprin,a28cd1db78e235c3
t arXiv1,99956f265530ad4b
60908144,fafb7cf1a2fe71b5
  2016 3,3e3d0d5467a39b7d
9 Jie Zh,3896768252d41545
ou Ying ,aa919bf855a93314
Cao Xugu,123bb3a6a956ee78
ang Wang,f0ad6aedae80cd1e
 Peng Li,737350a8cb8b902a
 and Wei,1b59afea0f6faf80
 Xu Deep,04faeae1f7593987
 recurre,3e3fe634886ce89a
nt model,9d0c0c1e5dfa0992
s with f,c232059500441405
astforwa,7ddc164585b0c0f9
rd conne,b55c9299dc36980d
ctions f,37ce1eb825cca707
or neura,fd75316c2f56dfd8
l machin,2b86a14d8ef90db2
e transl,0979fc175548ba95
ation Co,c9dde6e72a605a7f
RR  abs1,9852000c6d409bde
60604199,fddd2c8073768c19
 2016 40,a71e2d5222f9ba0b
 Muhua Z,02eb747f0676174c
hu Yue Z,18600a84d12dc0de
hang Wen,76d198b61b0f398b
liang Ch,2bee72989667e2c5
en Min Z,acb5492256d11abb
hang and,9447f919ee39ff15
 Jingbo ,354636dba996692c
Zhu Fast,dcbeb0087098bc32
 and acc,a79ab68d64fb7097
urate sh,d9870328e6a5eb73
iftreduc,35067fe95d3d9b01
e consti,d4fbfab426ee48ce
tuent pa,d5bfcea38d7fdb21
rsing In,8c2daef12447e904
 Proceed,ad12299ab851eefb
ings of ,c897e5796e94430e
the 51st,b0469e08bdbb3306
 Annual ,ac23b845698ed30f
Meeting ,85690a3ff4331405
of the A,750c9648eeace369
CL Volum,0f8af3b01f5dd816
e 1 Long,e8e9f1917e86073e
 Papers ,68267c742a818690
 pages 4,5fdde1a99a22fdc3
34443 AC,a93fcee6bff22ec9
L August,6242a429eb516bed
 2013 12,019f0fdd77424369
Attentio,b39664186bda02b5
n Visual,96d0a62ac97725de
izations,a82a0dfb83ad8f79
 InputIn,c9c6ae30ff570696
put Laye,0afeba6c3b0326b8
r5 It is,167e551f8ebaccd0
 in this,dea34341c724caa4
 spirit ,2398a1233a769c39
that a m,0a1b0ce52e8a8d62
ajority ,1ec40a6073293e0b
of Ameri,934c88603a42c9ba
can gove,306c4b967d3526fe
rnments ,a628753029d5508e
have pas,af58029836511598
sed new ,680ce1f3c4e7f7ee
laws sin,aca2679be5fa5aa8
ce 2009 ,5f667e393da81793
making t,de33ad655467c893
he regis,617393875b11a535
tration ,84980a3fd8b92dd7
or votin,3bf478e7bac45729
g proces,67ca5db793299e83
s more d,696ff418e90c5548
ifficult,d3ecd11e01f8227c
  EOS pa,ab4f453adf0cd554
d pad pa,2ecf9567f914f645
d pad pa,2ecf9567f914f645
d pad It,8a70ff7f7a9a0f98
 is in t,9bb625044978ff1f
his spir,13377f21dfc9cf18
it that ,4024c943f6a90d36
a majori,5449a792d92375dc
ty of Am,0afbfe639500db3a
erican g,13961f4d6d8c2f12
overnmen,a021ef2694b9defb
ts have ,6bd7f339f3f0ab98
passed n,0a06c433f20f4810
ew laws ,d2a5437974f1c70a
since 20,5b9228eec6ddfa97
09 makin,440e9a91e4a0f288
g the re,febaa831292090f0
gistrati,adeaad72b9e08584
on or vo,e93ecc6a2a4cadf7
ting pro,0753aa73a754372b
cess mor,11880157c74d60d9
e diffic,4a4a9573d7c7f0c1
ult  EOS,bf07ad7e071c6202
 pad pad,1a86964be49285c2
 pad pad,1a86964be49285c2
 pad pad,1a86964be49285c2
 Figure ,5dc64dd9eb7d372b
3 An exa,375b08558ef9eb5f
mple of ,b8df13027670ffe7
the atte,c22da512f47054e4
ntion me,de42691b516161aa
chanism ,38b7ae45a1f40143
followin,46bf9d90622c61a3
g longdi,37a08adcd13d36c7
stance d,71a4157a19a1bee2
ependenc,5080c18f294a8c3a
ies in t,a67e9559027ee760
he encod,4b0896bbf9873470
er selfa,922f7f408580bfb0
ttention,97f21839d632f39d
 in laye,9b56405ef3252b17
r 5 of 6,22781946347e14fa
 Many of,a7eb3c5483540aea
 the att,9ff5e5f32160b2f0
ention h,e5d4388922ba0054
eads att,eb25571676c355be
end to a,514567d4504f15d7
 distant,022623f990d61d4a
 depende,d0adf1d50f47f159
ncy of t,6876f739ccd0e9db
he verb ,9df336bbf4391eb2
making c,f682d8ec4290d50c
ompletin,5adae628eaf71626
g the ph,70d0ca5ee9ff99ec
rase mak,7465778c73a4e487
ingmore ,e871f92cb9e19174
difficul,88d478e7d91b86af
t Attent,8e61bc4055bd9139
ions her,9d0d66a778567792
e shown ,8ea30eb479d1b01d
only for,9f3cb90070c94405
 the wor,42b1a91325bf00da
d making,bf5bc65b97c5ed13
 Differe,aca010418acd26c7
nt color,000568119eda3bc5
s repres,99c79f478cf52e96
ent diff,06eebe3b17b1e089
erent he,328e41e611d05bca
ads Best,28a07623653d0a3a
 viewed ,424bd65f4b79ae80
in color,b26a0283a56f95ce
 13Input,a7c08af04b1719c9
Input La,fcfcc2eae9d8dea9
yer5 The,5759a83d59ed08f9
 Law wil,375ab0be5a2a1134
l never ,2aeed0970dc3a735
be perfe,378ff2d510ea010b
ct  but ,f9567017e27863f1
its appl,977e7f6fb1862f6b
ication ,79ec6c29af066163
should b,c47f55475f0fdd98
e just  ,71b95cfe156fa0ee
this is ,191588a5f2b37f27
what we ,0e25b9830c9c2839
are miss,0cf059ae7320412b
ing  in ,8226d4bff78a4147
my opini,4ecad20cac73bbfe
on  EOS ,bd3c2266b14ea323
pad The ,5178ee661dbdfd4a
Law will,4f889a1852d2ff20
 never b,3e4b3665554cc580
e perfec,e30a246803d5d9b7
t  but i,3c583f262958b6cb
ts appli,ce2f62c35353fc0e
cation s,dc62c65501e3b7c5
hould be,98e734228ff1537b
 just  t,b4481b7ea4bc1dad
his is w,783758d7e5592719
hat we a,3b9784b255a436a8
re missi,5aae6bb2c2fd858f
ng  in m,0e527815684e142a
y opinio,6e7049288dc44bd0
n  EOS p,d434c7b61a7b91b8
ad Input,1c6a23ee8bfd0c01
Input La,fcfcc2eae9d8dea9
yer5 The,5759a83d59ed08f9
 Law wil,375ab0be5a2a1134
l never ,2aeed0970dc3a735
be perfe,378ff2d510ea010b
ct  but ,f9567017e27863f1
its appl,977e7f6fb1862f6b
ication ,79ec6c29af066163
should b,c47f55475f0fdd98
e just  ,71b95cfe156fa0ee
this is ,191588a5f2b37f27
what we ,0e25b9830c9c2839
are miss,0cf059ae7320412b
ing  in ,8226d4bff78a4147
my opini,4ecad20cac73bbfe
on  EOS ,bd3c2266b14ea323
pad The ,5178ee661dbdfd4a
Law will,4f889a1852d2ff20
 never b,3e4b3665554cc580
e perfec,e30a246803d5d9b7
t  but i,3c583f262958b6cb
ts appli,ce2f62c35353fc0e
cation s,dc62c65501e3b7c5
hould be,98e734228ff1537b
 just  t,b4481b7ea4bc1dad
his is w,783758d7e5592719
hat we a,3b9784b255a436a8
re missi,5aae6bb2c2fd858f
ng  in m,0e527815684e142a
y opinio,6e7049288dc44bd0
n  EOS p,d434c7b61a7b91b8
adFigure,74c8cc01c302be68
 4 Two a,2bfc3f22e14a3c4d
ttention,97f21839d632f39d
 heads a,4f9bcce7bc29bd6f
lso in l,9a8778a2c1cbbee1
ayer 5 o,7deedade0019f084
f 6 appa,ebccee7070a5f4e4
rently i,ef5458e1933eadd5
nvolved ,e0e0ef899794643a
in anaph,738b56206ae23c21
ora reso,40e2d17ab23d69e5
lution T,8680f84aef58ce95
op Full ,773a03907e84e3a4
attentio,b6f4da0e549a01a8
ns for h,7c2c554659b77214
ead 5 Bo,d8c029c849bf7565
ttom Iso,d15e7622cc476775
lated at,fdb9d3c645324556
tentions,4cbcfb47662c74a0
 from ju,b5c0906ea33ef896
st the w,2d279c9d5ab173d3
ord its ,afce228af7996429
for atte,974b04a8da1d7d37
ntion he,755be85ef95126bb
ads 5 an,da1b05ed94be603a
d 6 Note,47c27e08a0a41551
 that th,653cac3bb15b347c
e attent,9215f258711d5307
ions are,a86942787a1a373f
 very sh,244337a8e8c01631
arp for ,d084f1c1ce63a2cd
this wor,f610d2b3a84fc30a
d 14Inpu,c8111db89382b727
tInput L,0b1b5fbe6bb1b4a2
ayer5 Th,5d767fd3a61e42db
e Law wi,4e7acdf466086c17
ll never,16cb221a7aa84c2f
 be perf,f9abb5ade043bc1b
ect  but,3bd08c7921881cc0
 its app,d74af72bb1b46451
lication,26495e796fd0b89e
 should ,3116bb3b2e5623b5
be just ,71053dcc03cf799a
 this is,1e816aaa770639f4
 what we,7ad1adbafa80aded
 are mis,17c0a7292c1eaef5
sing  in,1d91bfb22e117116
 my opin,7ac2057c5e5f9c88
ion  EOS,5cfdcafbc0402280
 pad The,ba02e8c897caf1cc
 Law wil,375ab0be5a2a1134
l never ,2aeed0970dc3a735
be perfe,378ff2d510ea010b
ct  but ,f9567017e27863f1
its appl,977e7f6fb1862f6b
ication ,79ec6c29af066163
should b,c47f55475f0fdd98
e just  ,71b95cfe156fa0ee
this is ,191588a5f2b37f27
what we ,0e25b9830c9c2839
are miss,0cf059ae7320412b
ing  in ,8226d4bff78a4147
my opini,4ecad20cac73bbfe
on  EOS ,bd3c2266b14ea323
pad Inpu,be1650ebcb397a48
tInput L,0b1b5fbe6bb1b4a2
ayer5 Th,5d767fd3a61e42db
e Law wi,4e7acdf466086c17
ll never,16cb221a7aa84c2f
 be perf,f9abb5ade043bc1b
ect  but,3bd08c7921881cc0
 its app,d74af72bb1b46451
lication,26495e796fd0b89e
 should ,3116bb3b2e5623b5
be just ,71053dcc03cf799a
 this is,1e816aaa770639f4
 what we,7ad1adbafa80aded
 are mis,17c0a7292c1eaef5
sing  in,1d91bfb22e117116
 my opin,7ac2057c5e5f9c88
ion  EOS,5cfdcafbc0402280
 pad The,ba02e8c897caf1cc
 Law wil,375ab0be5a2a1134
l never ,2aeed0970dc3a735
be perfe,378ff2d510ea010b
ct  but ,f9567017e27863f1
its appl,977e7f6fb1862f6b
ication ,79ec6c29af066163
should b,c47f55475f0fdd98
e just  ,71b95cfe156fa0ee
this is ,191588a5f2b37f27
what we ,0e25b9830c9c2839
are miss,0cf059ae7320412b
ing  in ,8226d4bff78a4147
my opini,4ecad20cac73bbfe
on  EOS ,bd3c2266b14ea323
padFigur,94a568799627a27f
e 5 Many,5cbd1f3460023e37
 of the ,2e89aed4cbc6510a
attentio,b6f4da0e549a01a8
n heads ,2b6a28b18c23f747
exhibit ,a08ed3060e17162e
behaviou,7755dc7bc9faff92
r that s,2bcf3f51574f32c6
eems rel,cf2d275ff9a68e43
ated to ,a5353c4dda921587
the stru,d6de5a1338de4f50
cture of,897a29876643039e
 the sen,feb7939dba31c396
tence We,10962ad6a0459a4f
 give tw,eb937c770411581b
o such e,60a22d39548d36e6
xamples ,138f4c8efa6ed4be
above fr,35a348f4b0597951
om two d,71b187769bacf16d
ifferent,c646488cb3d5753a
 heads f,8884ab819785a1db
rom the ,ad823ed253e061f4
encoder ,b8b276f2f20ec47b
selfatte,611c29e947b9ec92
ntion at,353ab97a9e2192c5
 layer 5,238646357f9583bd
 of 6 Th,94bd4023c9bfa3fe
e heads ,e5ab01ee4c74fbec
clearly ,e17ef6fb7545bf9c
learned ,3b6bf8c3c3406248
to perfo,8e884bb57fb99a25
rm diffe,d29ec3d96e2c41bf
rent tas,736d1fee6d436d06
ks 15   ,921c3ea2466afd35
