Plaintext,Ciphertext
aaaaaaaa,a3eafb5cde5b8ebc
bbbbbbbb,33401fb74a732921
cccccccc,7752f3a6ea2eb2ca
dddddddd,378a6916ac4ccf7e
eeeeeeee,2ba5938a2c512da1
ffffffff,7e060769884c6fd0
gggggggg,8f54fbd68dd6b851
hhhhhhhh,16116d094d69cec6
iiiiiiii,76dd9d3c149cd214
jjjjjjjj,136c7d3a2353a7a8
kkkkkkkk,efb789c31b56e0ac
llllllll,a56430a995f49361
mmmmmmmm,ea585f39957502cd
nnnnnnnn,d0d634c306025b75
oooooooo,3ae2131ddd769f62
pppppppp,2b5d3ce1dec7bbdf
qqqqqqqq,93818142c0edf9f9
rrrrrrrr,ebc423185c2d22c2
ssssssss,d2b6eca1317e5453
tttttttt,4c53941bc7581ae5
uuuuuuuu,ec602427e06d998a
vvvvvvvv,755d5aa2ac4b604b
wwwwwwww,f44cfb874dc2a0c3
xxxxxxxx,8d86f22bbae89556
yyyyyyyy,ba87b2bc54a9dd17
zzzzzzzz,8a8ee290642b34de
00000000,7b33bee6c69d33c8
11111111,ff2ca4b442660987
22222222,d92880818fd5b3e6
33333333,dde33386a164e0e0
44444444,e398a5927d73b9ea
55555555,f7f7211ee9865493
66666666,b82c49e5dff91c6a
77777777,ef5de521b2f93b1e
88888888,6157f3f26adff12d
99999999,a30c37c7d7899623
Provided,357ac9fc443cf0f8
 proper ,7e096e086f9e8531
attribut,4a98553834f60c16
ion is p,4e2b3d30afab41f4
rovided ,2a89db0b8c90aee9
Google h,c78ac0f8852fc730
ereby gr,b613bcb2e0bf133c
ants per,1d8e08eef2539644
mission ,86bb2aaf334c8070
to repro,4190b95c0949657e
duce the,d4a57ebc7f85c775
 tables ,26c7bf57cc43856d
and figu,199eb0832642acac
res in t,66e4e860ad3aab69
his pape,bb9a4b27f081ec5d
r solely,81a9d477a2ea4503
 for use,2b7ed8f8b3d13a56
 in jour,5bd0e9050bfb0ceb
nalistic,920b1197f5bfef44
 or scho,2ca6aca146ddd529
larly wo,5ddf95548873227f
rks Atte,22fb59a5fb65af04
ntion Is,1b0281fb2773fbde
 All You,30f4da0b22882f77
 Need As,983c61dfa7897093
hish Vas,cb90f9f474d29871
wani Goo,182777f6583e8ef9
gle Brai,58c15336cb198f61
n avaswa,65d7d2e9602683e2
nigoogle,e3ca8905a691b881
comNoam ,da70d7fb62c1e9aa
Shazeer ,cd0cca0fcd2b142a
Google B,63d7e390864b876d
rain noa,c316420d8f617c42
mgooglec,6783ff497d173821
omNiki P,1f0095756866fc4f
armar Go,652bb2b1d628ec4a
ogle Res,4f685832d761925b
earch ni,9aed080dfa5489fc
kipgoogl,36c7701b593137d2
ecomJako,4d5a2d130b78ab21
b Uszkor,9496a4505de743cd
eit Goog,6fba232a83f593bb
le Resea,606acf271a8da94e
rch uszg,722160992a9fafea
ooglecom,1faee216fb6afc08
 Llion J,63113eb75096b565
ones Goo,246f57bba6b98a79
gle Rese,1cca73e9ade37493
arch lli,8685c631ab9180fc
ongoogle,78be441f6b4924ea
comAidan,2b9e246838e79065
 N Gomez,9c66306e877d283c
  Univer,4a16e3560ada2b72
sity of ,af4281635216b14c
Toronto ,6263e94d5266a1a1
aidancst,0014f828dcd6af65
orontoed,6d43ed04edc6edd1
uukasz K,c3b45b8d2b117b28
aiser Go,136d2b0d413c9470
ogle Bra,45172772590a83a4
in lukas,c69f7f6a9cd54553
zkaiserg,940f25a079a449a9
ooglecom,1faee216fb6afc08
 Illia P,0c1fd3e852a30c8e
olosukhi,e514c24547e06007
n  illia,4c1ccd5ef4683db1
polosukh,433c0d265a92292a
ingmailc,60edd405a0bfa052
om Abstr,8d89cc20ffbda61c
act The ,a2e614ff3f8fd38c
dominant,72046b30cda13f3b
 sequenc,efacd2e81eaffe5f
e transd,f66464d4f0a5c29d
uction m,814a38cf1e1d61d0
odels ar,81653e237eaa4d43
e based ,44deb3d09f7df680
on compl,974e55f07885e8fd
ex recur,067b34a86ac5e5ad
rent or ,ef306ee789749b79
convolut,76be6cdb5188cd3b
ional ne,72c9b6fa7e0214de
ural net,4d4f5b2b0a2828ab
works th,41256f911b7cce64
at inclu,b1b80889b032f520
de an en,d6aaec205eef462f
coder an,71e26e7ff64f7e29
d a deco,981c129f573e5360
der The ,3597d3a4fdc88aaa
best per,0e30957032ff3c90
forming ,8edc8fcc4402fe70
models a,e0d91bf0817e8319
lso conn,87399248fef83ba4
ect the ,8f252822a5b854ed
encoder ,e2c5ad6c6bf343ab
and deco,ea3a57bb9f7079a8
der thro,b454631a95f5ad42
ugh an a,a7102badfd41d901
ttention,72bfbba3e7297e22
 mechani,520d02101e833359
sm We pr,a458741b8ee409b0
opose a ,fd882611ca160ebb
new simp,66b432d2e1abc6ec
le netwo,0d81b1fc65732b93
rk archi,040f93f44e7cbb14
tecture ,b07db6bf2a2c113a
the Tran,2e1756ca4b61fb59
sformer ,7403bd205d7745c3
based so,a472b6ce47f1fb20
lely on ,430ef43a2d80dd38
attentio,b636988a4016a87b
n mechan,c0d7509ca837f3ea
isms dis,5649f36a94ed405e
pensing ,11006f2fad72fbb6
with rec,563b78485c28dcf5
urrence ,efadac45ab3d23d9
and conv,4b8d62e859fd56ec
olutions,a01494e0ce699e23
 entirel,58850e8a77d6048b
y Experi,3e68738af14f9682
ments on,8f484276d4602a17
 two mac,42869c135bc8d536
hine tra,fe3ecd12e792b1c9
nslation,ef540adc9bb1d711
 tasks s,2e818ab4c7e0aac1
how thes,9c00aa63bae34092
e models,f528551f59a694be
 to be s,21f4c8b9e012dcbe
uperior ,8d3dffea3ee639fb
in quali,be22e57d7915d058
ty while,74ef3fed275c7c45
 being m,2f6f5fbc7cec51b7
ore para,c46d922e368a590c
llelizab,6818d7a85251900e
le and r,41b91da2687d7a18
equiring,3a7a7fde38ee4ac7
 signifi,4ab7df52f4b05a13
cantly l,b11c2ab184c4e4b9
ess time,4a9cfe7ff9381168
 to trai,1b77d2fd2a7883b9
n Our mo,f0518b96118cf1aa
del achi,ce476c006199ea4d
eves 284,b7fb734ea091a9be
 BLEU on,75a3386fb10d9199
 the WMT,a5d0e119d12df13c
 2014 En,239058d8957ea0ee
glish to,447de19ab805c428
German t,3fb7c19624fa32a0
ranslati,69af53da1205525d
on task ,7a9414cf24273118
improvin,5f9f630e2096397d
g over t,40f18fcd542a58c1
he exist,dd63bb8cbc3381f9
ing best,dd961accc5c263bf
 results,f0bc1c03ed7d30f9
 includi,95ea5035b0f27f71
ng ensem,baf1c99873b75120
bles by ,ba5db6a23813251f
over 2 B,464216f85a18f1ff
LEU On t,a7c2ff8b89986e92
he WMT 2,956f545b6983fa4b
014 Engl,1101c2c7e4d12b1d
ishtoFre,86c68f9bc0a7d01b
nch tran,19408cf328ec96b0
slation ,eb69a80c17c9213c
task our,b6f53a8288df5dea
 model e,b1a8cf2e43be0bc4
stablish,8198f5640131db67
es a new,a991789702ff2262
 singlem,88248974e730d82f
odel sta,5be6be7642698735
teofthea,cb019df5ced5dae9
rt BLEU ,7405673088aa0e7f
score of,29c4d8db468106c4
 418 aft,88407153e1d326d0
er train,18e67eccd4e75203
ing for ,590d3774e5a3e1dd
35 days ,83c9cfe4e9ca339d
on eight,09ad7a33dc4fa66c
 GPUs a ,7f1f3b815a5bdd11
small fr,a33fc3e4beb5c422
action o,408ef68117edc203
f the tr,04dc94c01490c187
aining c,acb8d859c62f953c
osts of ,65bf1df5b585c973
the best,fec02c67571ae55b
 models ,c827255130d6cb55
from the,5f972ab5b29ed981
 literat,7f876ddd0f302bd9
ure We s,395682aed16635c4
how that,6a0d714775e5061d
 the Tra,7a2677bc5991e5fb
nsformer,f951f0ed04405506
 general,5ee8684417783414
izes wel,6dd981b79142dc42
l to oth,9dd09f4ceac8bf4d
er tasks,6b5ada28c7276dad
 by appl,563f002d275aea44
ying it ,4d5a1c6721d1a6ca
successf,65da7a3de3cb9fa7
ully to ,a1659e1fdc8d4f3f
English ,e4303ce4fb1a2d49
constitu,e038b0216c84c524
ency par,5a1d53fd4acd0941
sing bot,31594190b48a9cfc
h with l,8f8f1649993266c2
arge and,e141d11ccdbabb4f
 limited,bbef29fb03affebd
 trainin,dd9856c620b87bc9
g data E,14767b60ea4d61af
qual con,ae82f3a6443c894e
tributio,624e38d5839feafe
n Listin,df107d6bcbfb8e07
g order ,dd2f8c5c38032fab
is rando,fc53700de844b5cc
m Jakob ,fd5c01d236c824a8
proposed,a0721cb1a05069b1
 replaci,e83acbe763cb6530
ng RNNs ,0f32f8cc68fa995b
with sel,eef3bf18220e307a
fattenti,8133981ab3a59351
on and s,99d728d8efb8e400
tarted t,4813d7cd76e3b676
he effor,802822bd36dbecf1
t to eva,37ec9a6e8c28fdb4
luate th,5da691c32d29fd8f
is idea ,f7fa76a62c47dd2f
Ashish w,e021065992b3b48b
ith Illi,48c2a02f38e94e0f
a design,7662d82455360270
ed and i,1c4d822f04f75f49
mplement,2fdcd0eb0198e2a5
ed the f,8299f2f724f3c64c
irst Tra,a3cd3c6c2cc300e8
nsformer,f951f0ed04405506
 models ,c827255130d6cb55
and has ,e136242f0e762e20
been cru,e17d3920804cc8db
cially i,8ed860f8a66d7123
nvolved ,8cd68cff83c600e6
in every,616f6e7720950350
 aspect ,1efc048a1c6b29d8
of this ,077e1789697a9df3
work Noa,bbdb15a4edfa5aac
m propos,c83189570f9695d0
ed scale,141ebfd2cf19a731
d dotpro,e36b6087ffe4efde
duct att,146c378082a80436
ention m,20e106ec5c5013ad
ultihead,6733a263d914f2bf
 attenti,a99a2c7e8cf42d51
on and t,694be37c2688e960
he param,f29542ef826b956d
eterfree,6d5ac90282640741
 positio,26c788d860313604
n repres,7c1ee7f6191dd11d
entation,72bb45c24beaab59
 and bec,881d4b7df8ca0ed8
ame the ,c7cc0173e0fffa2a
other pe,bfe4bbbee80ec6b5
rson inv,636d946cde9bcdb1
olved in,72eb9c3801fdb10c
 nearly ,0205fedfc78dc70d
every de,22ccfbae2791b791
tail Nik,23f393a5e424972b
i design,69cf8b80f9c2b55c
ed imple,becaa3a46e9e75c6
mented t,cd6980bc128747bc
uned and,79423b47a757e40c
 evaluat,3f53913cec642342
ed count,1932eb86eb1f2188
less mod,f46bb08c12b27e3e
el varia,ec4b95472a16406c
nts in o,80d2460877275cef
ur origi,f5dbf8c9fff114ea
nal code,35e413b55f5c05aa
base and,c1a8514ada6d9de6
 tensor2,3898640064acb644
tensor L,6f881e456f30bb97
lion als,c9b58b9225898d2f
o experi,0dd01df5445e7e5c
mented w,a10b9d05a7ac44ff
ith nove,6d5e299602984472
l model ,55ee556f842dab1a
variants,d8f0930e5df9d2a9
 was res,bfe8c31cb46dc1ba
ponsible,1c8cabeba49f3250
 for our,2ff1b2afe9375e86
 initial,8df2ac7c37621dd9
 codebas,62957f1b13673567
e and ef,1441f0ac80e5f619
ficient ,4a0dfee0e021ffed
inferenc,5f06635da29572ea
e and vi,1f39099008e90850
sualizat,18333eb9059bf0b7
ions Luk,cd4e4f2d5cb27f22
asz and ,231b32d721aacf9d
Aidan sp,8d1ac6d023d8c9d9
ent coun,3c117e91d33579ae
tless lo,0ed7360e72a7c02e
ng days ,36e06bda877945a4
designin,63246b78ec70f1b6
g variou,083160616dbf38fd
s parts ,65727a6383dbde3b
of and i,1554ee24eb658116
mplement,2fdcd0eb0198e2a5
ing tens,fd6d0ca8cefd9e1e
or2tenso,6a53f06e1797bc8f
r replac,26b4280ae95debb9
ing our ,91fbc3f132df777c
earlier ,1ac7fbea63afd935
codebase,eb0b40648798e6c9
 greatly,808a75679c3a1406
 improvi,6c3177b352cf330c
ng resul,ac113670b6261b6a
ts and m,b68e563bd1613a65
assively,8bc5d45054db757c
 acceler,76c6f194b6c1757f
ating ou,0205e9dfd94aa149
r resear,15414747bb6cc656
ch Work ,75713926b98e5cee
performe,f5ea59e8f586dd6d
d while ,791d14c484b64774
at Googl,e60aaa40ade039bc
e Brain ,63d56fc18ff213f4
Work per,6c541dbeafe27dc3
formed w,0523ccaefb192683
hile at ,9754c446290193e4
Google R,fcb84fd23626f18f
esearch ,3f28f289cb1cb941
31st Con,1adeaf03adb2a0e1
ference ,4480b0aca5f81f81
on Neura,57042e62f3759c76
l Inform,48186113b67b9373
ation Pr,2148a0b62e8e4268
ocessing,5b92ff92b71d348d
 Systems,8817be4d676f5a27
 NIPS 20,7d73d7fd5dd96e6f
17 Long ,af269594957f64d8
Beach CA,e0ffbc9f9c41f5ec
 USAarXi,e2c437e86622663e
v1706037,c28e5fc08d49f78a
62v7  cs,49db72bcba610a04
CL  2 Au,12a0ac5fbd5367ec
g 20231 ,3c788ba245aefef2
Introduc,b2eafb26dc63347c
tion Rec,1776eb00fef9e7e0
urrent n,cb51b7b4bd064d4d
eural ne,59fa504ffa3354e7
tworks l,8cb8aeafe4db4fcc
ong shor,e9141734c0304fe3
tterm me,7e394ce1f778ed29
mory  13,ad3e5547b611a83e
 and gat,ee90201bbfd9bfcd
ed recur,d19ef69620d67376
rent  7 ,f0f72f4ff5feed36
neural n,b417d7ef9ad9f6b1
etworks ,fbe5252da2e670eb
in parti,1ed644683eb934b6
cular ha,dab85eb259c7e222
ve been ,891c01ebd5c45cae
firmly e,7301b7da3f007407
stablish,8198f5640131db67
ed as st,99cfd64d165ee466
ate of t,997b759838970f36
he art a,f2944aef74571a08
pproache,2c6611ffdc6b1f4b
s in seq,f4f4cf67919f6010
uence mo,a284b6b6fb726060
deling a,4e0372aae56c399a
nd trans,c8e2b68f73332c1c
duction ,34e9b833e4180d3b
problems,4eadef732b3c98af
 such as,106f33922e83f871
 languag,6fae05e7315d1da3
e modeli,f04793281009d180
ng and m,aec13bc2c5795dbb
achine t,363047eae89f450f
ranslati,69af53da1205525d
on  3525,532263ef18878725
 Numerou,4cd96f050c2ca26f
s effort,af7c197f135b1558
s have s,b1cbf5de15d54101
ince con,a6864d629a4cc3fb
tinued t,6fe0dd4d40cad222
o push t,ad58480e8ec1c773
he bound,4afb29d8807d505d
aries of,8f34c776f88f8bb6
 recurre,053f276f6a568ac8
nt langu,dd86d6bc4d32baab
age mode,aaa8aaf8c4b61672
ls and e,65693e9e213d1ef8
ncoderde,8b2d0e462c4f73d9
coder ar,317ace02618ab869
chitectu,12eadb9778436bd0
res 38 2,980b66913ca6cbe1
4 15 Rec,96ef31d54b924847
urrent m,6dd54daacfd4e947
odels ty,77d44defb96da5ce
pically ,0dc159dbeb2de233
factor c,cf333a7d81d19aec
omputati,0b3e334429927093
on along,ed8a6f33f2a57560
 the sym,9866c9588780fdba
bol posi,55eba08fcd836547
tions of,7bb5fc060c78fe80
 the inp,50660b9d1235e7d0
ut and o,78ed607cc848bb21
utput se,13da233e7d1b7e47
quences ,0388c9f1db0d8911
Aligning,446269ed3bf49fdd
 the pos,0ce61c59adff78f9
itions t,7051261f72b0f9cc
o steps ,9f418bc4d34c5ac4
in compu,10d855039fde6872
tation t,da815f02a49fe2da
ime they,84ede755f317df92
 generat,6692ab848d3ff3a7
e a sequ,f290e5cd41b96822
ence of ,6283f4de25344fbb
hidden s,980d0a865e78552e
tates ht,94049a6b9d6fd44a
 as a fu,1b3163d042357f85
nction o,a4c20e392b903020
f the pr,e07801abb9384e25
evious h,3f5caf0bfde999ea
idden st,34d1ad5e71fb514b
ate ht1a,e5a3dc77ae1a0d28
nd the i,3789ff2c0f9d5eef
nput for,c859c14b97cd0e90
 positio,26c788d860313604
n t This,750d0e7af93420b4
 inheren,894f949ab5133ef7
tly sequ,96dcc2572134bb9c
ential n,269b21eb2c66796f
ature pr,d0bb2341ad5a0e17
ecludes ,0c2b0e54e858ce79
parallel,b9c9be65e145f0fd
ization ,e4beee2acb414a29
within t,f455123ef350383e
raining ,abe955afa4357984
examples,6930d93a4e73141a
 which b,50e0de5eab51c4bd
ecomes c,b51c812186725ad0
ritical ,e3eff8590f3c728f
at longe,990c2c3eb7c96e0e
r sequen,1336e4c6546bc47b
ce lengt,402c98c34f724ff3
hs as me,6408638c647c12e9
mory con,cb68116e7d41167b
straints,ceb9e85e5c8bbf16
 limit b,0724f5e6b0b26586
atching ,096f7f49161394b1
across e,da5c3c40d4994a8b
xamples ,e848275ddfcf9283
Recent w,12ad3b74823ecd29
ork has ,3a55acf1e4c2f48e
achieved,53d96bb8c8cdf7ba
 signifi,4ab7df52f4b05a13
cant imp,c641a821cd334005
rovement,c249be70d0e1ed39
s in com,b84033f55bcade29
putation,d56452820bb92628
al effic,390fde575bf2408a
iency th,a45ffcf77cefcb72
rough fa,c683e2057a6e9fe1
ctorizat,1ef2acb9d80df485
ion tric,2f46ed504a4ca204
ks  21 a,ec8577a77e968b0d
nd condi,6481a1b90ef134ef
tional c,e18b45137ee605c7
omputati,0b3e334429927093
on  32 w,d3a19ef7ba03a862
hile als,41999f0993fa014c
o improv,8a5dca3fef63b3d6
ing mode,e5715dad07553407
l perfor,28fe3c2f87118ba3
mance in,c256cc9c94956eae
 case of,f23e765492eac016
 the lat,a3ea0dfafb674787
ter The ,2adf41005e44f91f
fundamen,3c4c44f119f2c552
tal cons,52b9d18f5a8fe537
traint o,f693618a308b42da
f sequen,205e002cfa4b03a9
tial com,dbd67a51cba14a00
putation,d56452820bb92628
 however,ca389af2a458283c
 remains,18933953bdd9d720
 Attenti,2831dc5eb8ce387d
on mecha,f82e03cc2d414625
nisms ha,86b9741f75ffc3da
ve becom,e2deb33aa5cc2fc2
e an int,8b3d0688d624e37d
egral pa,6b9fffad20d215d8
rt of co,cff93ed1a1474e1a
mpelling,e478e6b2615ce8e2
 sequenc,efacd2e81eaffe5f
e modeli,f04793281009d180
ng and t,5218a4e89ea437a3
ransduc ,ee546f3f6bb843e9
tion mod,e732c429320232d1
els in v,14b76e606e5e3734
arious t,a2087df17612b89e
asks all,cf94e429482aacf8
owing mo,5f54714ecd25cd0f
deling o,f7656578ad7e93a6
f depend,b84d3c97b4cb3acb
encies w,2e82d33213f835c7
ithout r,e6e3ae0ca42f7017
egard to,9780116a258985bb
 their d,7c709b8d09eb973c
istance ,d484e034f78bc040
in the i,cf73a7e89b41695a
nput or ,b50f3c50592e7dfe
output s,2e223fa214cf8114
equences,ac5d2d7534ad85ef
  219 In,c0720aa0efe24d15
 all but,8678b7ffe7d5f1c6
 a few c,d67544557abb562e
ases  27,9c9ebbc2ed2c7057
 however,ca389af2a458283c
 such at,ad52826acfaa1e0b
tention ,20747b9e0a9bceaf
mechanis,69204f2f2fa290bc
ms are u,98a4e6b836a7bbab
sed in c,016ad83e99843d7f
onjuncti,2e0c1845f1638ac2
on with ,1339d091c0ff379a
a recurr,3700436b57cdc2b9
ent netw,7a316aefbb2cf8ed
ork In t,b0363d33dce83e68
his work,0a5e5a8889b2a1c5
 we prop,287e7ae2898a3165
ose the ,abddb83796033df6
Transfor,e9de56ab8ed6453e
mer a mo,6abf94dd45ab0b78
del arch,c885ad0ff5d607ee
itecture,59129a434ac28b24
 eschewi,3747a17cec930e98
ng recur,2fd6b624daca431f
rence an,c3dd2cc2663cb1ff
d instea,b03282c9e32b2383
d relyin,55dfdc09117297be
g entire,8e4f4504326ee975
ly on an,eeec21eccf322bbb
 attenti,a99a2c7e8cf42d51
on mecha,f82e03cc2d414625
nism to ,e266ed4592d18141
draw glo,109b5051af0ea5f7
bal depe,7029a14f49554d5d
ndencies,265789f14258f742
 between,7dce9e055432a46e
 input a,8c15889fbadce9e9
nd outpu,1d08890d2fb6fcc9
t The Tr,1d3a590a6dc2978d
ansforme,db7deed71ec10318
r allows,ee8369585bfe481e
 for sig,975c3a5b5055a05a
nificant,7a3498080f413e3e
ly more ,a3f25847b5ce651c
parallel,b9c9be65e145f0fd
ization ,e4beee2acb414a29
and can ,f4666995015adfba
reach a ,7403c67111729734
new stat,b604aa3cdc6bb3f2
e of the,82c0ae65556d3877
 art in ,3d82de42e20d4974
translat,ee262e44622ae254
ion qual,8fb7c4418adaef07
ity afte,c68d04ae7952180a
r being ,50a008f786b2c1d1
trained ,87a3e8dfddd8858b
for as l,9a4f90659e36188a
ittle as,90006e7ed310a9e6
 twelve ,8ecfe64d86ce5e74
hours on,ffffeabfc253fc58
 eight P,e2955e0635d68844
100 GPUs,415f6d5e8616df6e
 2 Backg,6f4bd7f979a546cf
round Th,c775a5199862aa9f
e goal o,b4dfacea83abef60
f reduci,0834a9744d7269f5
ng seque,191d2c9479a1e879
ntial co,39c169355679f92f
mputatio,d0e919b33491cb25
n also f,cab632a32c134209
orms the,0c2d511bf67d7317
 foundat,b23651cf5cdce951
ion of t,a4f87f7fc6fb16da
he Exten,c76402aa18ce4b09
ded Neur,db19bd196e676c86
al GPU 1,532ff5cfb32c52ac
6 ByteNe,3b138a57d962a195
t  18 an,63c3cc27adeb8dbb
d ConvS2,64f16c99c64b9e80
S  9 all,b3dcfbd4bcceb776
 of whic,5d5e69859bd63448
h use co,c3487c28a83a6b12
nvolutio,53fcc908f8b1f109
nal neur,e28cbf0bc3d50a49
al netwo,6e49a5f17c2b92a8
rks as b,2b228385a3ec2529
asic bui,530acd83056f38ef
lding bl,9fe8bd87b274fff9
ock comp,302fb71c24779c89
uting hi,8c5f1c8cdf7dff51
dden rep,876ed3aa08684d9c
resentat,3ea5d67c583c288a
ions in ,9e030bd4d65b9ad3
parallel,b9c9be65e145f0fd
 for all,a955ba285a111e93
 input a,8c15889fbadce9e9
nd outpu,1d08890d2fb6fcc9
t positi,f9754b6e483864a7
ons In t,41d08661ab1f9d31
hese mod,d4f6aca9891efcc3
els the ,f897c00104580eb4
number o,41c5a64be44b55bb
f operat,ffc221a3ffba251f
ions req,70054a6712a8c237
uired to,a1a19530a8998b2b
 relate ,f6f38194fcc85e6a
signals ,96077f3dd091387a
from two,23d6e75d34b6f722
 arbitra,9a23db22c84c81bb
ry input,20b45a165e108f2a
 or outp,17e3731ae6917efd
ut posit,73bdd649586eacc8
ions gro,6ebca49177f96eb8
ws in th,e31b0ad16eec83db
e distan,0ae066ab0b0946b6
ce betwe,5c032813ba98fee7
en posit,e1802fe02020b34c
ions lin,c58262ec6435092c
early fo,62b07ee62494e9de
r ConvS2,b560ce39863dcbd9
S and lo,206a24cadbf023c8
garithmi,d162c50dfa18998d
cally fo,3448a15b149b3b19
r ByteNe,f22b1b563e5a5e7b
t This m,6e874d6626fb1165
akes it ,4fb6195cfe3049d2
more dif,0d4b0366d1dc56cc
ficult t,0b001872385bfca3
o learn ,46cc10390fc0289e
dependen,22312dd7389fdbea
cies bet,3d879dc77565ef2b
ween dis,0a390aecdcc0bef1
tant pos,4ef277aaf7c7b2c5
itions  ,47b63c2f8e749d41
12 In th,e898f04205b3550f
e Transf,e62d6805708f2ff4
ormer th,7584387d860923f4
is is re,e5cc8b02c253e8cc
duced to,9995e9207028b068
 a const,0d9030638f753db1
ant numb,76e7ecadb40f1b14
er of op,d1c6898ff527a314
erations,12b029e3f3292ad0
 albeit ,f6c72decd4a8c7ec
at the c,65ff8138fc91bd6f
ost of r,8668d3ef53203d50
educed e,1602f0f879fa9aa4
ffective,d95ed9289368a438
 resolut,150ff096e17bf2e0
ion due ,d88fd5b85bd269e1
to avera,9ce59008c2c36287
ging att,36b2d07337f8c6f0
entionwe,8f9b22746f00edaa
ighted p,98f594dcd3ac19ee
ositions,32a98bb216ced5e9
 an effe,b8c89ba82f45c633
ct we co,67d35d51d86ae968
unteract,9db401683a2bc884
 with Mu,e97486f7093577ee
ltiHead ,3c0e09271bc46c08
Attentio,6dff5ac5be45301f
n as des,f5e7fb0884e81587
cribed i,0a57ff59f7202fe1
n sectio,561be5b86cd0de5b
n 32 Sel,9cf1ab12877cecce
fattenti,8133981ab3a59351
on somet,103f9eb2c10af576
imes cal,2e8155a40d16c200
led intr,d50888f631503492
aattenti,e8e20029323f5967
on is an,26b1f931498c9f4d
 attenti,a99a2c7e8cf42d51
on mecha,f82e03cc2d414625
nism rel,69259ee5773c2ee0
ating di,2e6134a082fb7c97
fferent ,3031685adaa09fa4
position,47d45df96dd9f7fa
s of a s,9811a815f2eaced2
ingle se,c233137fbffb4981
quence i,f815434df61325cd
n order ,72316e499a5fb836
to compu,111547f269ecc18a
te a rep,9a959c18201771c1
resentat,3ea5d67c583c288a
ion of t,a4f87f7fc6fb16da
he seque,ae37eaa83fbec3f4
nce Self,07f8e5f528d76154
attentio,b636988a4016a87b
n has be,add05244e0a4fbac
en used ,dca0f033024bb9b2
successf,65da7a3de3cb9fa7
ully in ,05c00d4c5bfc7e6a
a variet,89ce1924066e0480
y of tas,ddf89d34bbc47eaf
ks inclu,c82a270a1f0701f8
ding rea,33c1e97d0383a740
ding com,d9ae57c8b2387dad
prehensi,a0bd91c439136b82
on abstr,ebac8ac533026c7b
active s,4701c2f84e100d8b
ummariza,c0672f0ac2fdd0a4
tion tex,8f6d09e1d5abc0a4
tual ent,b2dc7b513a5398cf
ailment ,e1031a3be87855fe
and lear,3c8c66e6d600158d
ning tas,8f8c868dbcdbad9f
kindepen,00171171cc60395e
dent sen,7c287d31e230b31e
tence re,49ab44a370398178
presenta,16158bda9a123d6d
tions 4 ,fc0fcfaf64512287
27 28 22,acbbfa6d5914ada8
 Endtoen,9800e5cff344fe1c
d memory,6f444a04aac92e7f
 network,f19ac6c3acb920a6
s are ba,115c49ae5d5a520d
sed on a,042d425a47fba9a7
 recurre,053f276f6a568ac8
nt atten,568121499a9ab664
tion mec,69db4c31cb752abe
hanism i,a4be0f4843abf53a
nstead o,d3fcba7d27fc5213
f sequen,205e002cfa4b03a9
ce align,2c09108f515a925f
ed recur,d19ef69620d67376
rence an,c3dd2cc2663cb1ff
d have b,d43101e54fb835f3
een show,5a26200246c8cf03
n to per,dd7075d4581b4bb3
form wel,b31a7ef119d968ec
l on sim,d96c72a68d2533ae
plelangu,2ea45c78e50be150
age ques,2cd786af35eb4205
tion ans,ecf8d7ce8696fecd
wering a,d1c5d6f76356c37b
nd langu,dc893efb5eca94b1
age mode,aaa8aaf8c4b61672
ling tas,e4184e34bcd0c31f
ks 34 To,4c3f8f7adf36139d
 the bes,fc7ce39ae57cf6eb
t of our,bb764a75f60ddeb3
 knowled,76802c705bff4a89
ge howev,79ec7a3e30931fb4
er the T,ef9bb6365f4ca0e7
ransform,664b7efcc519699c
er is th,1b5b7083bbfa53af
e first ,6ee8501aa36eafb7
transduc,5050561839bf1859
tion mod,e732c429320232d1
el relyi,8a607b12ad9fe22e
ng entir,433acf987c867f02
ely on s,65fea582aac65f06
elfatten,022ce9a0963defb5
tion to ,20fbc05f73c6318d
compute ,eb20b6ad814b272f
represen,a40f6daa9a9494cf
tations ,d35aa1a5058b4862
of its i,b7965a2c3edbbd9e
nput and,9df37c7d4abb93c7
 output ,4e4552fe91fe0a8d
without ,cc5bc1e64a2174bc
using se,bc8be0c52420f59b
quence a,7f6331a69c21a038
ligned R,f9004c2470a3716d
NNs or c,2bea84d89971852a
onvoluti,98e743c35862843d
on In th,d1cd07fe50b24e45
e follow,556c563f71992e85
ing sect,d6e3d05e061b0df6
ions we ,72d1c35b81b4a978
will des,13f9c50533c5791a
cribe th,23ceabd850e605c2
e Transf,e62d6805708f2ff4
ormer mo,9e270866f77dbd6d
tivate s,9cdcad322e55392a
elfatten,022ce9a0963defb5
tion and,53e36a35a4e02699
 discuss,f5693bc85dd9119a
 its adv,bbb31fea9930ce14
antages ,559aa737e8e2dc8f
over mod,b997ca5d089e3d47
els such,d1305aac95552cc2
 as 17 1,89441434fe99a763
8 and 9 ,f81d52585225c28d
3 Model ,09824d0f524b1f09
Architec,e8b798b88e820953
ture Mos,8c9d2457edd48920
t compet,2bae0da9ced9d6ef
itive ne,eeb4eb2536888bfa
ural seq,d16355f6541f0d22
uence tr,806815639d98a26c
ansducti,cd7ae85d84a213d8
on model,5e5b311ffe4f179f
s have a,1429b764325639a0
n encode,f8a8252ba6fa98fb
rdecoder,b5dc96cde6362ec3
 structu,3b16dea9d1ec5002
re  5235,b336f6947cb35a35
 Here th,e14b5777ac37e93b
e encode,6907651b8a36a180
r maps a,eea0ac820a79d387
n input ,2d98b76b0597fe4c
sequence,d5b60c3cef4a0793
 of symb,5cb8d5d678558e21
ol repre,dfa3b6166956817c
sentatio,9d6b87c3bab73e24
ns x1  x,d06eda29dddfa3dc
 nto a s,afdeec3c24f3667a
equence ,2fd1721e786a77a8
of conti,9aeba23a110e7bb2
nuous re,ed72d4bbeee4cd26
presenta,16158bda9a123d6d
tions z ,5bc2eb47ddf42f89
z1  z n ,c63f4a2d4db68438
Given z ,52829bb54551d3be
the deco,ab07a2583b8a4469
der then,de6dedef5a9583d1
 generat,6692ab848d3ff3a7
es an ou,eeacabf53e744c2e
tput seq,e9a8543728f3d171
uence y1,4deac0bba314ba92
  y mof ,8d10f3705def13d9
symbols ,bc03119503816c36
one elem,01756a8f7429cdf5
ent at a,d9836d65ed5045d4
 time At,00f131168780f82f
 each st,59c1ecf6071a0943
ep the m,9cd159867a1bd2eb
odel is ,a51e6e24c5c512f0
autoregr,e661166f9e0fc5cf
essive 1,28fec37bd3d02680
0 consum,8cb7d67241f77917
ing the ,7952db0ed125a981
previous,8336c604a112327a
ly gener,79e5970010bce2e7
ated sym,ad91a2aecc29a816
bols as ,2b582dfc8a43bd29
addition,58bd24ff002a49fe
al input,5cfc620ccbb468c3
 when ge,5a9e4eadcda06547
nerating,f0e2414c2160b684
 the nex,616d5a19d252d275
t 2Figur,2ad34bb072e65507
e 1 The ,116bc0e1fab46685
Transfor,e9de56ab8ed6453e
mer  mod,af69671ee5b628cc
el archi,c698532d4e05f01b
tecture ,b07db6bf2a2c113a
The Tran,c620f2bed8cddfc6
sformer ,7403bd205d7745c3
follows ,90ace72c51bafef2
this ove,db2cc9498fa7ad82
rall arc,149b4998422cdc88
hitectur,84f49382e2f09e52
e using ,9aa99989be6ff0a2
stacked ,db61536cf43419a9
selfatte,f777139930dd1301
ntion an,6e216d8d5e02ddcc
d pointw,8a417eb1e9b59a21
ise full,bb715d9d6a50e9fc
y connec,979c0bc32e00b6e0
ted laye,f6896ca4dccb1bc0
rs for b,1391cb0721172236
oth the ,0dcdf4815907c773
encoder ,e2c5ad6c6bf343ab
and deco,ea3a57bb9f7079a8
der show,95803412440185fd
n in the,44a8d964ea793443
 left an,e288139f6fdcf73e
d right ,94642402fc80e1cb
halves o,520ed728d6f0d952
f Figure,b24e1679d98cc94f
 1 respe,61b3004df50f66bf
ctively ,ef5c87ae6e6a2dc0
31 Encod,47b3bbfe22d2087a
er and D,dbd94a131a480812
ecoder S,e072a9c8792ca713
tacks En,445555f3d055bdb6
coder Th,c0900cf786ee4ce9
e encode,6907651b8a36a180
r is com,543f615d56adbde8
posed of,4befa0fc58b1e61e
 a stack,39d39690fc7244c5
 of N 6 ,d7330420160ff5c3
identica,2bb4d46b53d818ea
l layers,c60ca64eccd2c8a1
 Each la,a11be34f33f69b20
yer has ,35bdfced3398d7a1
two subl,7b5fe09364d99271
ayers Th,3852ad4dcc71c2c8
e first ,6ee8501aa36eafb7
is a mul,fc05b893d4858856
tihead s,fed6afaba2c0e559
elfatten,022ce9a0963defb5
tion mec,69db4c31cb752abe
hanism a,c29e0f143a13422c
nd the s,2e2f0c16001f36d3
econd is,2833bd47ed4c6f44
 a simpl,1ca163ee0fba7401
e positi,d2d05e13243e666d
on wise ,6562636b359f381a
fully co,8217d3c13955d0c6
nnected ,1eb5cb2a867d2a84
feedforw,5874db262043d2f1
ard netw,fe46491b9c58f7cf
ork We e,4157fb54622bd486
mploy a ,5647ae732404c07a
residual,d100c1481e0c5404
 connect,ea86d483fb8a45e7
ion  11 ,3c75f0f395adf982
around e,728cf8185337b8a0
ach of t,594bbf14229a4ebe
he two s,c320b6be7c8e909c
ublayers,5e9ee97cb055801b
 followe,79d05e0397c1ac10
d by lay,fbb67ce76196fed7
er norma,96fad7b2a7001535
lization,02f208c5fcf73195
  1 That,7bbdd3a3d48b1e43
 is the ,d708f604df11b89e
output o,d5231cfabaaee24a
f each s,e733ab40141ae4c9
ublayer ,80eb4a610af30c9f
is Layer,fdb18d1e791fba24
Norm x S,1745283da9973581
ublayer ,80eb4a610af30c9f
x where ,bcdb9a59804ee162
Sublayer,9851f21e37fb6808
 xis the,60e9b63fe0ce43a7
 functio,b362cb1bc0b2e275
n implem,0e9fb5bdb9fdfa00
ented by,ec369159bafcb1c1
 the sub,62f5f2ba4dc24568
layer it,b46bdea638d31771
self To ,194dff302c0fc170
facilita,20b18b03604998a4
te these,4b68063fe7d6d39c
 residua,e149a5e8e2d6c13c
l connec,6997335034f51eb1
tions al,06113380c372efc3
l sublay,e8282ad8d66c73c2
ers in t,b1d0d72bb64a45f1
he model,7161313e9ea564c3
 as well,0af7c6862fdcc265
 as the ,b07c3a97d017f65d
embeddin,a35ed7f6a0db2bda
g layers,9495be8f4777366c
 produce,e541db105669e91f
 outputs,fbe2715390ba2a11
 of dime,a4e2e426e25c6b2e
nsion dm,3e77ebeffce1253a
odel  51,69de7ca165440795
2  Decod,74d0456ecf3f09c4
er The d,cd5ee70320bccf61
ecoder i,ac1a6e48e59eaa25
s also c,83d39a16345f0b9a
omposed ,9af200b61f1b208d
of a sta,985d77111e79594a
ck of N ,fa8edc8926486a7e
6identic,91c66530dc54d1b4
al layer,d05384656c5da7ec
s In add,1c38f98da8bd2b00
ition to,f77e58a865f528a0
 the two,50915a945d9a31f7
 sublaye,cd48f04dee1b0f1f
rs in ea,3daab1831bf79796
ch encod,bee1684f93b23687
er layer,52aa0fa739af3226
 the dec,6e143685cf8bdad3
oder ins,f2a9643c81342b0e
erts a t,f143a38a709c32de
hird sub,c2465e712cf65762
layer wh,1e1f83dfa4b72cab
ich perf,f7f3bb2c8441551d
orms mul,e841a21fa6ad175e
tihead a,594154a52e6ffc9a
ttention,72bfbba3e7297e22
 over th,047876e0e13256e7
e output,a3928709b9061f58
 of the ,0cf3b6609c103dea
encoder ,e2c5ad6c6bf343ab
stack Si,c8eca282af018631
milar to,4bb8477050dc6f8f
 the enc,d9bf72bf0d305ca0
oder we ,c57d117f8480c4aa
employ r,60a236302d01117f
esidual ,50fc548948fd8ca5
connecti,0ae33e55d13cca2b
ons arou,9cd70a1cc9e59373
nd each ,193bf1bf6d6c83f5
of the s,6bde94cecb0ff708
ublayers,5e9ee97cb055801b
 followe,79d05e0397c1ac10
d by lay,fbb67ce76196fed7
er norma,96fad7b2a7001535
lization,02f208c5fcf73195
 We also,7c44438ebea4e5d5
 modify ,97c1fa6076847a8d
the self,1003ef3a66f38539
attentio,b636988a4016a87b
n sublay,42d07531adac76f9
er in th,321c24de19240f05
e decode,ad4a011aa1c7397b
r stack ,7043fec4770a2afc
to preve,be47030eddfd1fd7
nt posit,17155c8b3fa80da3
ions fro,fd523c3c7cf49e77
m attend,4a8da206f3763f8b
ing to s,aea8af53e8c8f667
ubsequen,70855b7a4175647c
t positi,f9754b6e483864a7
ons This,8382271732ac3f1d
 masking,71ad61fc3d3c8f31
 combine,97c05817ad90bb5f
d with f,9a70dd5d5e41ceee
act that,7d280a3c73c41bd3
 the out,a10cb76c96146ab6
put embe,4ea1ff462bd723b1
ddings a,4b3c416186f441af
re offse,c339ee18fb5e3e97
t by one,dd1ec9e5ca035fbf
 positio,26c788d860313604
n ensure,cef7ccbf6da1a556
s that t,406fbd01582d78e7
he predi,9b2cc4f8380a0816
ctions f,cafd200d04751891
or posit,ce68bd0b6c5afd4f
ion ican,5e307c4db42085fa
 depend ,c1a1d0f3fc128128
only on ,e14ac7d926bcc42d
the know,18d2302cee24030f
n output,812630fdd52df794
s at pos,8859ec727b4b35a6
itions l,2acdfea45a128f50
ess than,550f5c51c8df9d02
 i 32 At,228188d0ab9594c9
tention ,20747b9e0a9bceaf
An atten,eb1468e8eb909c97
tion fun,563cb06aa6f64130
ction ca,9341c88846b6d399
n be des,3b8d01b926f0938b
cribed a,90c384c5b7393e1a
s mappin,d5ecc5e4d2742153
g a quer,8ed05929a5551874
y and a ,dc83fd8f086055ee
set of k,a3e4181999d12a1a
eyvalue ,4f49102f4fb33d38
pairs to,aa271cf3b9e58977
 an outp,9e6dd78983cfd74c
ut where,25f891090fa252a9
 the que,36038a43a36aa25a
ry keys ,0a2dfcb557b2cba2
values a,123d95be8ce79679
nd outpu,1d08890d2fb6fcc9
t are al,4bee4738f0440225
l vector,eec1c519339417c0
s The ou,bd33789b095d5643
tput is ,2892466f456d028a
computed,b1b42da9cd2a88fe
 as a we,fc6927971a73f8dc
ighted s,626a69c4c9d5f738
um 3Scal,261574599fe14608
ed DotPr,d84b3bcebc65570c
oduct At,295f9801fc28ec18
tention ,20747b9e0a9bceaf
 MultiHe,8e87f8b06135705f
ad Atten,a44b9c6e1f4be075
tion Fig,db30ceff1c4b50ab
ure 2 le,e516821464ee68e2
ft Scale,b7861a617bb14836
d DotPro,bc61e879ef736f49
duct Att,f113ce7c41043505
ention r,21495b62aece0ff9
ight Mul,78fb9db88ab3c735
tiHead A,bccc708fede34a8c
ttention,72bfbba3e7297e22
 consist,3f065da5ac451c97
s of sev,7d6e282bdbb51751
eral att,d883f7ea267afc9c
ention l,c26940c80bab6dce
ayers ru,ac61798975dbba01
nning in,1fab8db37dd84545
 paralle,1530b895442e4d17
l of the,4433d0f082f7da32
 values ,6e76e3f92dbfa434
where th,e74fcf58809f0fc8
e weight,5355d8a03fa5c113
 assigne,25f7fdf045bae3ab
d to eac,6d524b5fe52a37a5
h value ,7f4b9b6d55995b2c
is compu,ca423da61865aa76
ted by a,b23fab17fbb59e11
 compati,2abc37300739e62d
bility f,d2988fb2035e15fc
unction ,67dbcfd32a7544ea
of the q,1ab2bccb1eb9c854
uery wit,33b527654c771002
h the co,ad4bb8089815fe1f
rrespond,ca694c099dc79bb1
ing key ,2cf24e60ce6950d4
321 Scal,6441c9fa3ade2a55
ed DotPr,d84b3bcebc65570c
oduct At,295f9801fc28ec18
tention ,20747b9e0a9bceaf
We call ,8aaadd7ec38abf0d
our part,9b5919e66150c74a
icular a,eb303c2d7f580aaa
ttention,72bfbba3e7297e22
 Scaled ,8ad8fbf58db88edd
DotProdu,56ee6a5109657d50
ct Atten,97875a0a419cf09a
tion Fig,db30ceff1c4b50ab
ure 2 Th,ebd852823dd429f6
e input ,2b0b7841a0a4e969
consists,0ef43776f1ddd9c1
 of quer,e9aea823662a47ba
ies and ,6b858cc19ac2cbdb
keys of ,75d0871aaad84f7a
dimensio,5324fe21e98c7c26
n dk and,55d0dfaaa62d5e32
 values ,6e76e3f92dbfa434
of dimen,334948e31d5f52ee
sion dv ,f389dbad5e35e240
We compu,3ce584aaea64464d
te the d,cf0c95685b59742e
ot produ,0a229f257309e0a8
cts of t,495a968a26128520
he query,f77f97c654e17328
 with al,c45b87caab1f954f
l keys d,23df30a496c01c79
ivide ea,257eb01565579ad5
ch bydk ,23139cddf9c92683
and appl,5b2f8d89ad6b86e6
y a soft,9bb9ad8809047b0e
max func,2feb3892acacba9c
tion to ,20fbc05f73c6318d
obtain t,aea5dbdd172d1947
he weigh,632aec638151a839
ts on th,415d5b829af7b74f
e values,3077f6432f0ae6c1
 In prac,a086f76745cee289
tice we ,45abed1092b24ca0
compute ,eb20b6ad814b272f
the atte,a6a2b676d656c0ad
ntion fu,7a98ff4d3eea6a90
nction o,a4c20e392b903020
n a set ,990524b8a75939a4
of queri,635b97f7cdb207a9
es simul,f20ce61cd23bd672
taneousl,a656685d36028013
y packed,baf98c27d4951a54
 togethe,66af14ba07d1047a
r into a,7c1c58096283a9f2
 matrix ,1a77d7779f9f825d
Q The ke,9d69d2d5ad01c511
ys and v,c23fc2bb45fa64cb
alues ar,65dc5b4e4a12f3d9
e also p,aa1adbff9f457539
acked to,8007caa1e135ce18
gether i,4953bc379a732a7b
nto matr,61e652bd5cb449e5
ices Kan,cab8183908df6260
dV We co,a762277b031b1684
mpute th,d29d7a91f3990f7f
e matrix,51975bacccc8587a
 of outp,2422e77df1708652
uts as A,16cc2a3dc620b48a
ttention,72bfbba3e7297e22
 Q K V  ,c5f0801dc5815c3b
 softmax,6cf7ce77a14354fc
QKT dkV ,f4d75f6937d99631
1 The tw,e4cbef03cd5d7b13
o most c,58f8f83dcb9847d1
ommonly ,348ea2819f5b4c06
used att,d83666cb4169e5b6
ention f,66543ce62e5fb147
unctions,cec54aa53f15618c
 are add,ebd4f289d2b3c9fa
itive at,c197a27a68d01e06
tention ,20747b9e0a9bceaf
 2 and d,61cb8dc1d2f09b01
otproduc,89868b2aa809f94a
t multi ,ad8a4c90fa4baf7b
plicativ,b35ee61bc524fe7a
e attent,d67382f44b86669a
ion Dotp,24164c48c2b866b8
roduct a,112fe51786627bf7
ttention,72bfbba3e7297e22
 is iden,63061858b610b6c1
tical to,91d8e32095e918b6
 our alg,0d54815dbb8c321f
orithm e,6fbff3113b594a32
xcept fo,7587754ab37605ad
r the sc,a9bd18cbb20e34a4
aling fa,d93f6b24c0f43df0
ctor of1,199bd9a584319b72
dk Addit,aa465038909946dd
ive atte,0bf8831981636ca5
ntion co,a8e2d125b81d039a
mputes t,8d7c2ea687a63b53
he compa,a8bcb88f92ee4f92
tibility,0605ba2d161fc145
 functio,b362cb1bc0b2e275
n using ,f9d0814271e8fcec
a feedfo,e994ef839d3bad88
rward ne,f095560f0e8ccc7d
twork wi,d208f89de88c57f3
th a sin,1a62add0bc5abbe6
gle hidd,ff8057e97601d3b3
en layer,3cb08730d89f434d
 While t,bd6b5dd3e3f39d38
he two a,48f901e68ed5cff0
re simil,11e199f90dc59552
ar in th,888bca0900d27e2a
eoretica,2174df90c8bc7c79
l comple,6dba5ac251842929
xity dot,69dc14b85f513450
product ,a98f71524d028dff
attentio,b636988a4016a87b
n is muc,40db32d93cd941d7
h faster,953015c6cecee172
 and mor,7cb58a80a0f781f1
e spacee,18765bcc5dea445d
fficient,a44ddf6a990a0f52
 in prac,ab39c763f1b80439
tice sin,757b51db8aecd5c2
ce it ca,51df7bc173362e5f
n be imp,206761c263f555e5
lemented,4faceef5af804e44
 using h,a03feb1d8bbb5d75
ighly op,e517a2358d2bda41
timized ,7919604b774d73d8
matrix m,6089a10486fb00c0
ultiplic,2e2eae6e57756a90
ation co,7cf97142dc720f0b
de While,e1bb30e41d043a38
 for sma,28ff5947781fffe8
ll value,328d43366cbe875f
s of dkt,d961bf9ae9f1292f
he two m,0020e984eb591ec1
echanism,56ccb3fe04cca032
s perfor,0d8e18785eedfb96
m simila,f572aa76800b1b93
rly addi,1fadfcca96bc3c37
tive att,4f1612323a4428a0
ention o,37d65001105c8458
utperfor,5fedb5d223954874
ms dot p,9554fe5367cbd612
roduct a,112fe51786627bf7
ttention,72bfbba3e7297e22
 without,3b03520805c40c8c
 scaling,5bad2976d75678cc
 for lar,94f879db9b0c1fa8
ger valu,1367560ca007a485
es of dk,e7b76623ac26385c
3 We sus,2ddaf97477efcbc2
pect tha,5ed536081dc67131
t for la,b424d0dcbc1e188f
rge valu,f29d01ee96ea7971
es of dk,e7b76623ac26385c
 the dot,ee8f8a66a101c215
 product,51825938ed38e471
s grow l,4d6c05a1c30c23c5
arge in ,e53244b43cc74c0a
magnitud,49d29376242b8e2e
e pushin,8f5071946fbcceb5
g the so,c56358f2fded8830
ftmax fu,9ec039f6c0f7b5a7
nction i,83e66d1d64f04bf5
nto regi,77c47e303d047091
ons wher,f0fb420988250b33
e it has,2eb25a60ba140722
 extreme,96094e161f46158e
ly small,6f9d8a1521f27156
 gradien,2757ad39582bec60
ts4 To c,7e8b4cff99699c80
ounterac,587a212a8b5f9c30
t this e,f5682231161d3a24
ffect we,351a8c500d499ea5
 scale t,200f164c07136692
he dot p,9ddbdcdfadcbf4cc
roducts ,7249a601e50fd57d
by1dk 32,bf4c1947eeeaece9
2 MultiH,c099acb235e60f24
ead Atte,111e37d7eec19dc9
ntion In,ceea265110e63ec0
stead of,4eb6bf1982a56ac0
 perform,e421d29312630c62
ing a si,b7c231c6377b927e
ngle att,1cc1bbc17d708932
ention f,66543ce62e5fb147
unction ,67dbcfd32a7544ea
with dmo,8f3eb3cff8453dad
deldimen,7801a92d510a61c3
sional k,444ff8445505ce6d
eys valu,1a24d5eed1579299
es and q,44ceb36cf2fb3096
ueries w,5880fcfda65b0b42
e found ,001fa6c5414ed864
it benef,7488347a1a7e9ee3
icial to,d9d304df03af4adf
 linearl,660442c6e25c863f
y projec,ff3181a025f4debb
t the qu,b33a293cd7c50271
eries ke,76686cc64aac0109
ys and v,c23fc2bb45fa64cb
alues ht,0d4766c90e7e9023
imes wit,3b82298e0445c057
h differ,65d15a1e2123f84e
ent lear,a789c5ec871cc091
ned line,4f464d62804fbb83
ar proje,d9bb548d953c30c6
ctions t,aa678e7eb8b15a40
o dkdkan,b1fe2e1c1c0ae833
ddvdimen,7f3a3b72da84996b
sions re,3c112be198ff7ddf
spective,a1dfdfa6bff66406
ly On ea,58522ac718605628
ch of th,73d961c3b17a8c57
ese proj,2747c72b87b73465
ected ve,2340f10dcd5e2f54
rsions o,051d40d3c595a9d1
f querie,2fc39bc969856df5
s keys a,3e595045bde5c5bb
nd value,c666b612254771c6
s we the,6ae86d813564622c
n perfor,87f5bfe5e2c6f402
m the at,b62b44136bee9030
tention ,20747b9e0a9bceaf
function,26a53aff77bb99ff
 in para,3243d583127b11be
llel yie,413159b897602d66
lding dv,45dcb3af1ae767d9
dimensio,5324fe21e98c7c26
nal 4To ,d5a253afc6f850e9
illustra,bbff5f437e1fd4bd
te why t,12bd498b41517b7a
he dot p,9ddbdcdfadcbf4cc
roducts ,7249a601e50fd57d
get larg,d8d38a3309b9ec24
e assume,74cde436d12d639a
 that th,be850fc462d33c23
e compon,1cc5d3e591c61a00
ents of ,814a8c01c7c738a2
qandkare,5bdda2df0d67449f
 indepen,29e451b4c77ebdff
dent ran,3a9aaa193bf8250a
dom vari,dc807608e95112c8
ables wi,f536e5b71d71f1e5
th mean ,b5b6776385016acf
0and var,e5a9ecfc47faaf15
iance 1 ,3ed05443ffdcbf07
Then the,eaa94ee8bfa5cb46
ir dot p,e8887463ebb78b06
roduct q,ae3ded8811c79b01
kPdk i1q,9e5f357bf40241bd
iki has ,2f0e1010b022091c
mean 0an,975909485812cb1b
d varian,81843964e96bb0db
ce dk 4o,1de93fba3eefb8df
utput va,738726f7bd1a3547
lues The,9421cc2c51475c54
se are c,8b0d97dd28f89dc3
oncatena,247f86ef979b1ad4
ted and ,9b55c4c6134aad75
once aga,03b0cb76fa9b42de
in proje,825afcb96e1be1f5
cted res,0ecdf181f3a6f628
ulting i,4b0c7cb83bb35914
n the fi,74211dba48f45009
nal valu,426614463b8e611e
es as de,75af3e76857d741d
picted i,82a32d6f70baa840
n Figure,b57219f18372f5ee
 2 Multi,64e4c55dc5554c15
head att,f5c5c1106454106c
ention a,d244fb6b1e0e4cb3
llows th,0c7a74710d324a62
e model ,5ec6fbc3203846fd
to joint,095ecccb06573651
ly atten,212ccdfcd43c57a8
d to inf,3b3f648dcf807f77
ormation,9e36c9cb0d049f45
 from di,6e5acfb4e5d2dea6
fferent ,3031685adaa09fa4
represen,a40f6daa9a9494cf
tation s,c50e438003bd8e66
ubspaces,5e235af309c22f9d
 at diff,889717090ce409ea
erent po,b090fa5ddb4dd6c2
sitions ,d2c7c30500681893
With a s,dfa6e7b620494563
ingle at,4f0b12e95917bb84
tention ,20747b9e0a9bceaf
head ave,1c9ca9aee767220c
raging i,0e08d41fc2681a7c
nhibits ,b6f46549a63d0f68
this Mul,2d1a7d3328ac4b98
tiHead Q,0e8386757bc2b624
 K V   C,ee23b0541b9ee14b
oncathea,8458d3af7aec47a1
d 1 head,fc493af4582320ab
 hWO whe,cf777f14782d4aed
re head ,2ff4629f3f39f0dd
i Attent,78d2f40a16b88276
ion QWQ ,04abb2828306bc1a
i KWK i ,77ad8a452fd82a0c
V WV i W,3a300f6ab45dc6bd
here the,f611b854d1384acc
 project,1baf0d17ba3e7fc8
ions are,e538f54e7d70b01e
 paramet,eb3a01de9e5492c4
er matri,52b591a745606426
ces WQ i,71d5be87f66ede10
Rdmodeld,97dc6200e962a768
kWK iRdm,fe03f236f0ae8354
odeldkWV,046e6376ebe7271c
 iRdmode,3727566ea7d6bea6
ldv andW,6058436378ef5567
ORhdvdmo,abcb688ed5b28868
del In t,dd3eb5036d5cd196
his work,0a5e5a8889b2a1c5
 we empl,4ee6faffc271161e
oy h 8 p,a93df9f0b70de518
arallel ,7c212b2c952e7ab0
attentio,b636988a4016a87b
n layers,ccf0f5c1b8cd75f3
 or head,dc20ae888ffaedc5
s For ea,32024e03fc983471
ch of th,73d961c3b17a8c57
ese we u,e5a2218dca9ad489
se dkdvd,0a121284b1a46548
modelh 6,8be89dfe782e55c6
4  Due t,b27847d9d6ed2a9d
o the re,ffdad4ae0a2e7737
duced di,3b9221399b03fa98
mension ,ea444b087eb3fb60
of each ,95dde091c06e25f7
head the,4483ce57dedd2ebf
 total c,accbac64ef37c712
omputati,0b3e334429927093
onal cos,e7686156c58ee4c3
t is sim,ca9e33f2313c79bf
ilar to ,1a7cad8ef5cd968b
that of ,caf9bc619773472c
singlehe,bc898af5574c35e3
ad atten,f70f9f11dd9cbe7d
tion wit,7b252af553e1f7e2
h full d,7dd9bc7e8e9e2747
imension,541eec873c3735a3
ality 32,bec0d583d1a947ec
3 Applic,2949cf89ba9f3127
ations o,0ef3d1202cb0ab9c
f Attent,61ac54c4abe605bb
ion in o,df3b8618354b10a9
ur Model,5fad1d44ec7b018c
 The Tra,0387e29999c47b8b
nsformer,f951f0ed04405506
 uses mu,55f32797564386c7
ltihead ,2e067d7dd5848470
attentio,b636988a4016a87b
n in thr,faa30ba5f90b3912
ee diffe,90df197f30687c45
rent way,4f2004adc4e43474
s In enc,c325fb1592c1823b
oderdeco,b8ed69eb0db2d793
der atte,b6e70c9b982e27b9
ntion la,7dd583eb1e4dab70
yers the,af48c539ba75e866
 queries,fc1694ccf285b6e1
 come fr,0be1ea4033262bd8
om the p,a7b5fead04434c0c
revious ,f3daab7d0f00cc19
decoder ,c50896f9e9f797b6
layer an,db18fc1c8891105a
d the me,18486a50508e7f54
mory key,cbe07d4aa383a1e6
s and va,1ae5ed00d678ba6d
lues com,8c2a2ddfa7832b5f
e from t,f997d770629eb407
he outpu,97af1c0e5a6f01a8
t of the,d6f0f91383a42691
 encoder,87b600f21d91c655
 This al,3ce6295ce7927240
lows eve,06e04ce6dc503c90
ry posit,6ba0279f85595839
ion in t,3e7cd2c57b9b98fa
he decod,7bc9bd94f6d6d235
er to at,c6ab7a1fee012b8d
tend ove,f04461654d60c850
r all po,894e2e532c94a65a
sitions ,d2c7c30500681893
in the i,cf73a7e89b41695a
nput seq,d73c5d591d326014
uence Th,06c2de05bd29b20b
is mimic,1ee057fedb966fdf
s the ty,1ca5c7dddd7f60b2
pical en,c14f2a41d658f742
coderdec,a8ff7dee55e39b6d
oder att,d6b757770c1f7c22
ention m,20e106ec5c5013ad
echanism,56ccb3fe04cca032
s in seq,f4f4cf67919f6010
uencetos,d47daeb7167cc912
equence ,2fd1721e786a77a8
models s,740b7246e55df0b4
uch as 3,577c384bcf5997ca
8 2 9 Th,b2a5aafca1d2b04f
e encode,6907651b8a36a180
r contai,92e54877a438b869
ns selfa,5c4ce0da7a6bf5f2
ttention,72bfbba3e7297e22
 layers ,d2ada352fdf3c95b
In a sel,1e90a8318b2290c9
fattenti,8133981ab3a59351
on layer,6cc9af581eab5edf
 all of ,fa23347105751c91
the keys,107ee1a088ef3af0
 values ,6e76e3f92dbfa434
and quer,e9dae44ccb13f3c1
ies come,8d71fe25e340ec5f
 from th,eca9db978c5735bb
e same p,591a4a19b7713153
lace in ,34fb52ce2a5d7a74
this cas,0fe6295d45b62e10
e the ou,8a9f516d55707ace
tput of ,eee95dcc16bb5296
the prev,21137b4cb6488a2d
ious lay,14dacc63cec3ea3f
er in th,321c24de19240f05
e encode,6907651b8a36a180
r Each p,b28780d8f15d9122
osition ,c2e121e431d8686a
in the e,789e5cf06574b746
ncoder c,a78ca65651b3958b
an atten,b85b98c489b78344
d to all,fa493a7d0f737936
 positio,26c788d860313604
ns in th,1f59636256835e24
e previo,8a126c27e50105e9
us layer,1d30e3fdeafd89a8
 of the ,0cf3b6609c103dea
encoder ,e2c5ad6c6bf343ab
Similarl,8f7b006f477843bb
y selfat,8849009e98a9c0ea
tention ,20747b9e0a9bceaf
layers i,cc2e3ac084a45d8f
n the de,06f9328282ba83df
coder al,e8b0b19291c0c5b6
low each,27b72dbd2b5435b4
 positio,26c788d860313604
n in the,44a8d964ea793443
 decoder,b137052adab05100
 to atte,e6ff8510cf6f3130
nd to al,c49eae328eecc66d
l positi,6d47a7af216230f1
ons in t,4bbf49628308acc1
he decod,7bc9bd94f6d6d235
er up to,940576065dbc362b
 and inc,0ebc33b5040d9a5e
luding t,76aa447bd5cc43ff
hat posi,834dc54aeef3cdd0
tion We ,504198c39529da1e
need to ,f32864126a9c6999
prevent ,09890fe518345f39
leftward,776754fe7ea5e615
 informa,221fcb868b2a3efc
tion flo,a92277273eb22aaf
w in the,ddf35b37573cacb0
 decoder,b137052adab05100
 to pres,9fa53c0aa5c64628
erve the,8332a0e01bee6d82
 autoreg,48e96fb36c11f421
ressive ,cb4d0b36e36c5c1b
property,121223a8cd74b2a0
 We impl,3650e7c9a0a8fbf0
ement th,5d4d4372889c0894
is insid,a64955580a7a60ee
e of sca,56910cdbe38c18e9
led dotp,715d536cbe630391
roduct a,112fe51786627bf7
ttention,72bfbba3e7297e22
 by mask,6480f5218a3a4cbd
ing out ,ad8aa1a974e39ed9
setting ,62c2105657bfc872
to  all ,6b5922d6542870e7
values i,1787d50874757aba
n the in,d91dc3fc99b8d10b
put of t,5ccbe1a4b8157651
he softm,b0d36adef35ceda5
ax which,059a97fb72075b97
 corresp,0f2d2305d46b2a65
ond to i,a86328788426b5d8
llegal c,54bc50b33e8c248b
onnectio,651ec0b55e899f52
ns See F,682650fc9421a276
igure 2 ,b66a484c6f385d27
33 Posit,47d7e9447013582e
ionwise ,7c456faa218c18a3
FeedForw,407519aba03e802e
ard Netw,a876d876ce617a5c
orks In ,87b3984bdcf1c7b9
addition,58bd24ff002a49fe
 to atte,e6ff8510cf6f3130
ntion su,48febde828d00384
blayers ,b5c021ff0ab3383d
each of ,dbcfc1ca641ed604
the laye,fa6247f21a264582
rs in ou,7c0b0f7fa7d1c8a2
r encode,3e77adfc27767314
r and de,0251b3a04c5fa1e6
coder co,b2b9d620eea43ef9
ntains a,dd9ed04ee63b4892
 fully c,d568b44988032465
onnected,9f4750bc9660f413
 feedfor,4ce20d751e239b59
ward net,026d99444b45e707
work whi,8c663418c5654f05
ch is ap,063b5c954b2344de
plied to,a7a4488c44765d8a
 each po,9cd283c4d284bfec
sition s,f8aa269321f16aee
eparatel,61c3a33b776ea74b
y and id,071d748fc0078ddd
enticall,918de018f7a5e5bc
y This c,38710ffb535924a6
onsists ,7b2e58a4b9ce56f6
of two l,746fb161e15afd65
inear tr,3963585a4f137dd0
ansforma,85aef1fa10449e70
tions wi,128b919976666254
th a ReL,61070b03d2c07049
U activa,b71f5f651e20a9f8
tion in ,d606ad7162360071
between ,4d538056b926fb95
FFN x  m,f6e983938b516114
ax0  xW ,e83e601eae2516ae
1b1W2b2 ,b51d560b0dad9268
2 While ,bce9beba3d1e9894
the line,bd6e736800594bea
ar trans,55ff3797d3fcbace
formatio,3f384dd582b96701
ns are t,421aa39d99c3f709
he same ,7dee7136dc5d4370
across d,1e01de916af7d94d
ifferent,49b6dc3749de2b14
 positio,26c788d860313604
ns they ,5d0123f571ea66f1
use diff,d1c313f91309c3b4
erent pa,4920b59bd869678a
rameters,7e35f487ba08a79f
 from la,32611e9bd52c4f6e
yer to l,48ea9c77fb44425e
ayer Ano,af73f61c01dcdbc6
ther way,507941bdd76d8976
 of desc,32f0037d2c0e8c91
ribing t,7af5e2d8b7e8834c
his is a,fdcd0bc8399bec09
s two co,59701acd5d0239dd
nvolutio,53fcc908f8b1f109
ns with ,8e1dbb88a668645d
kernel s,b0e779bf88db90fc
ize 1 Th,08319240dd26579e
e dimens,2a33c2f6aef6ad53
ionality,b30a1d3a0158135b
 of inpu,e5df4a3ccc1fe051
t and ou,e51dc243ce8b2eb9
tput is ,2892466f456d028a
dmodel  ,8387acad5deb0024
512  and,76d12461e2fb3c47
 the inn,693f7252c160d830
erlayer ,bbf0fa6505d1c740
has dime,814c4151e3c177f6
nsionali,e55798c7b28c5f40
ty dff 2,3032f1031b2946da
048  34 ,a5a8862290673208
Embeddin,1b3a52bcf8fcd72c
gs and S,7bad593775fbba3a
oftmax S,253298804ed91358
imilarly,6fea6e5a85936812
 to othe,b5d61b122aa34f5d
r sequen,1336e4c6546bc47b
ce trans,8781b739afe9658f
duction ,34e9b833e4180d3b
models w,85ce886b4d7e7877
e use le,36beea682160239f
arned em,07310002029d6d98
beddings,383bd4e260ccfe7e
 to conv,3d41fa36fa66145e
ert the ,53b7951f8d142dc0
input to,b6a7f1a998181ac4
kens and,caba861a87eded5e
 output ,4e4552fe91fe0a8d
tokens t,b1e67f7c62f11007
o vector,169fc643995b8f96
s of dim,042fbfaf7f550fd2
ension d,a8565cf77d5a5585
model We,8c8baee091221f43
 also us,88ea07e25772ccab
e the us,bb2e93c9b8abbaa3
ual lear,7d8b9f8671430d7d
ned line,4f464d62804fbb83
ar trans,55ff3797d3fcbace
for mati,615b9294da8f0581
on and s,99d728d8efb8e400
oftmax f,96596c92bfdcd502
unction ,67dbcfd32a7544ea
to conve,68227c4adc4754c4
rt the d,e81a87fdc6510aad
ecoder o,338b378ee7bcbc14
utput to,8dfc68764a74cd4f
 predict,351ef5d9834dffd7
ed nextt,963ea7f09711b215
oken pro,3a486370f0397043
babiliti,d0bb120a78f118ca
es In ou,3320ae1e9b437b71
r model ,8c343d0743202932
we share,a5e9563e358fc240
 the sam,778cd16f36476f93
e weight,5355d8a03fa5c113
 matrix ,1a77d7779f9f825d
between ,4d538056b926fb95
the two ,15b9826a6a9beb76
embeddin,a35ed7f6a0db2bda
g layers,9495be8f4777366c
 and the,973fb68a8f08d045
 presoft,5e4893050d02f109
max line,5dfa7ddfa7439f1e
ar trans,55ff3797d3fcbace
formatio,3f384dd582b96701
n simila,f6c4e8cba330b8f1
r to  30,11e162905f522344
 In the ,9fb1f1c628732c12
embeddin,a35ed7f6a0db2bda
g layers,9495be8f4777366c
 we mult,019890a133f2ac18
iply tho,8d3b2f8eb9e0a3cf
se weigh,904e0688b0aea2e3
ts bydmo,324547b4c045044e
del 5Tab,31e0b348b3b5e380
le 1 Max,479a922f9de4b50d
imum pat,1f07b5f2694ead2e
h length,8e27900e5739a127
s perlay,f21b56031d046203
er compl,5a8c4d3b870a11b6
exity an,dac17e1858f815c6
d minimu,b66b5024d9cffb22
m number,95e6de703b2e3875
 of sequ,97060a25c412b1e7
ential o,690012af749423bf
peration,59508add2b2daeb4
s for di,534b864c8b5bdc14
fferent ,3031685adaa09fa4
layer ty,197f71e6e8be7197
pes nis ,ae037efff638ca25
the sequ,b22fe40fd1be7125
ence len,81e0dc8c2ab21fca
gth dis ,2f7989ba7f4b221a
the repr,02624dc5c293b012
esentati,08c35f6048481c64
on dimen,79f1f8091d897d1a
sion kis,1dc8e4854cf85196
 the ker,047f3945fd67b9b6
nel size,cde410061e992948
 of conv,56646678342345b5
olutions,a01494e0ce699e23
 and rth,7305948e6a805b14
e size o,20d5cb912751a660
f the ne,203a1fc9a7448185
ighborho,cf1c8d1cfcd1683f
od in re,9611a1984772efa3
stricted,df3753dd47205a93
 selfatt,df198cefebe81504
ention L,da7c1c02c93413bd
ayer Typ,0c5145f3f55d256e
e Comple,feb64578eaeef016
xity per,37991aebaad4ba27
 Layer S,3277f69d7c09c4bb
equentia,b7f6910298d1fff7
l Maximu,d6664889173fb033
m Path L,137414b091886415
ength Op,95ed97e8202b700f
erations,12b029e3f3292ad0
 SelfAtt,6148b2900896580b
ention O,002c22deacad0566
n2d O1 O,37bbb0b143332914
1 Recurr,362d5a072822971a
ent Ond2,6463d6aad43dbd3a
 On On C,96cc565836d5b097
onvoluti,98e743c35862843d
onal Okn,3e61edc690526950
d2 O1 Ol,66fc93cf4742e933
ogkn Sel,0a0c49a53fa79d47
fAttenti,ef916ec96a6d92ea
on restr,644015168f80a6e3
icted Or,7b7f600fb5a36a7a
nd O1 On,6c95d9914b0f54f8
r 35 Pos,595a77a7176b5989
itional ,600f7d162544469b
Encoding,a2d3ec21848f5477
 Since o,4cdb96fa1acd0b02
ur model,59eb18c091152c9d
 contain,a2d2619d0cf9a183
s no rec,f5bba1a04e40dc6b
urrence ,efadac45ab3d23d9
and no c,526f2e5b1a7443f2
onvoluti,98e743c35862843d
on in or,b11bc882d5d7fd0c
der for ,8677ef57c69f79fd
the mode,249c89adb7b7ce6e
l to mak,a857de139fa6cf78
e use of,7058fe7c4b0839aa
 the ord,fab22ab2089ef699
er of th,fffdf9f88e9211c4
e sequen,52a50258c92a6595
ce we mu,8bc0b80f1194a1c5
st injec,c0cee01fd37b62b0
t some i,c610339d0016a4d1
nformati,777a90d0baef6f8b
on about,8548c769cbdeee17
 the rel,f7325d1e6c7f0d82
ative or,6ce622186bc37c1d
 absolut,061be3f66869c60c
e positi,d2d05e13243e666d
on of th,eeda93bca04e09e4
e tokens,b13151c0cc57cc91
 in the ,1b9dcd63f95c297d
sequence,d5b60c3cef4a0793
 To this,0af6287533939ce1
 end we ,9316b35dc9b8374b
add posi,6d5403e1792fe905
tional e,c022001dfbc73a57
ncodings,2c7ad61b68860da6
 to the ,ae64e18d31050f64
input em,a6d81ea7acd9d09f
beddings,383bd4e260ccfe7e
 at the ,94b5c8dcff491f32
bottoms ,5a811b30d876916c
of the e,9ce2fe21e7d2c252
ncoder a,614c66b1cbb8d2b4
nd decod,76828c102ba67c35
er stack,394a98bb9cefa53f
s The po,cbc0958f7de13308
sitional,b2cb243f5e7dc8c9
 encodin,3ef6501c7122af49
gs have ,f4cdd54a5bf97b42
the same,56af039200bffc17
 dimensi,c17196adfcd3b6ce
on dmode,2992abbf8a12c815
l as the,46d3769ff4200950
 embeddi,6b88025fff9a4fdb
ngs so t,b00c83bff8728931
hat the ,34a96aa0b4d64028
two can ,270ec53573001bd2
be summe,8a2e89ee13853031
d There ,6d90d4c027de1030
are many,9f14aba0722a9a49
 choices,e809b79c855d167c
 of posi,f431bb5c11afbb0e
tional e,c022001dfbc73a57
ncodings,2c7ad61b68860da6
 learned,52d1baa2a218fe46
 and fix,9dd7107c177176d4
ed 9 In ,d5ab9728c08cd6c3
this wor,5d9010757b3bc732
k we use,5b7559bc453a6a34
 sine an,80a0107cdfbedd47
d cosine,f569e8528a39184a
 functio,b362cb1bc0b2e275
ns of di,b5112aec197f2e26
fferent ,3031685adaa09fa4
frequenc,8c09fee7fe208967
ies PEpo,d781b8a497143327
s2isinpo,e8be0accad51fce4
s100002i,c145c185471b519d
d model ,48311365b2eed40a
PEpos2i1,f670e583c337a206
cospos10,cde39d44a28ff5c1
0002id m,539b6cf7786f557a
odel whe,a47d0b7ea535db20
re posis,abf55db78457b143
 the pos,0ce61c59adff78f9
ition an,f22bca1cf32fe59e
d iis th,f322d974e6c8d24c
e dimens,2a33c2f6aef6ad53
ion That,663042400f147740
 is each,f095b597fece371d
 dimensi,c17196adfcd3b6ce
on of th,eeda93bca04e09e4
e positi,d2d05e13243e666d
onal enc,810398336db8bd70
oding co,62a69984adef96d8
rrespond,ca694c099dc79bb1
s to a s,73ebc240ae03c2d6
inusoid ,0d015d7776aefa87
The wave,b91ce76d4b6494a4
lengths ,aef7adfcd31dec98
form a g,e69d4a1e733c8a6c
eometric,a482b9082c993b99
 progres,7f1cd8f49bb0d57a
sion fro,357033daaa7ecb29
m 2to100,0a5b60ee6595b7b3
00 2 We ,e9a429b9eeac204c
chose th,e6cdf7f41415f6bc
is funct,7c7de4965358f8ad
ion beca,9bda7b4b935f8e07
use we h,f0c83ed7702c5f49
ypothesi,4c72369d0b02ca28
zed it w,ba2cf8e9edcdf036
ould all,853a922a34100efe
ow the m,f7d0c33ef99da92c
odel to ,50e44eb1d7153380
easily l,05bfd943a7e365b8
earn to ,c290b753c62e13a9
attend b,1381939c522deca3
y relati,c8395d1019eb68f4
ve posit,716fcff8e0d0cb0c
ions sin,a895e81c58aecb54
ce for a,a1811e3842fab490
ny fixed,5ce6f5757a168f14
 offset ,57f7dadc48186d76
kPEposkc,72cf13cb5f39646f
an be re,379b5d47eccd8c68
presente,63e153be54cbbefc
d as a l,fe81c301b83e4e59
inear fu,f3bc81ab71fe0519
nction o,a4c20e392b903020
f PEpos ,98b256e84e8763c5
We also ,5ce450803a554ded
experime,32113ce6bfa357f7
nted wit,c544f40cadd0238f
h using ,5a7728aefa57cdf8
learned ,c4146a05705f7e06
position,47d45df96dd9f7fa
al embed,1205642653f3fb79
dings  9,0db769ad0f4ad8bd
 instead,ca1da8cbfeef56cc
 and fou,0705c6fa62f430fd
nd that ,4502fe1e400e5a66
the two ,15b9826a6a9beb76
versions,b7535a95d835d307
 produce,e541db105669e91f
d nearly,7157d2522feb5881
 identic,9221c2a4dbecc350
al resul,3e24e1054d9bc109
ts see T,98bcc5a027c7f750
able 3 r,6562ee9800153c66
ow E We ,c62bfb0c218e6618
chose th,e6cdf7f41415f6bc
e sinuso,41ffda3e044328a0
idal ver,155571d2fb78d4bd
sion bec,fb5da77d6bb2dc44
ause it ,32159106ef9f6799
may allo,154e975376054c9f
w the mo,3c6947760bf4cf29
del to e,c566737d96f69f8d
xtrapola,1f00c4e86aaa9524
te to se,4b4da27238249715
quence l,d5ab3b22fdac445a
engths l,215a0435cc253ea4
onger th,da32a0debc41f350
an the o,e1079f6f4096deb0
nes enco,45446cc2e16f96a7
untered ,995c65432c152cbf
during t,b7c5debcc668a617
raining ,abe955afa4357984
4 Why Se,c89d3d58c36e462e
lfAttent,b760bc2e7aa81dea
ion In t,a714b952a1b2336e
his sect,36e63f68ab4de225
ion we c,3217ec109459e320
ompare v,583b05b68df41370
arious a,d9d09c8eab5793af
spects o,1acc3ff649b4695b
f selfat,161ad1a13de3452a
tention ,20747b9e0a9bceaf
layers t,ef0c3105a34a3ec4
o the re,ffdad4ae0a2e7737
current ,05e7bae1e2dbf62d
and conv,4b8d62e859fd56ec
olu tion,33b1c947aece6b5e
al layer,d05384656c5da7ec
s common,d497dc585981e8b0
ly used ,5368e3ce29a73a00
for mapp,0ba19b7c4e43e570
ing one ,cc90d56cfff199e4
variable,1656b786cc03f6da
length s,7bc837bda87f0394
equence ,2fd1721e786a77a8
of symbo,f11e626f94c485f9
l repres,bc636ccc3a1af49c
entation,72bb45c24beaab59
s x1  x ,c1a048e1bd3b22e3
nto anot,64369a2e1da3317e
her sequ,7deef124cf3a55a3
ence of ,6283f4de25344fbb
equal le,98b7380a6c711447
ngth z1 ,8ccab13130618b27
 z n wit,3eedf6eb16da6753
h xi ziR,1825921a78f85543
d such a,71a8bb460e8c2acc
s a hidd,129b8dc6bb6dbec6
en layer,3cb08730d89f434d
 in a ty,578ac39c632d11ee
pical se,aafb238d1cccb0f5
quence t,ee507a559cf0b31e
ransduct,3398bb23a9a50d62
ion enco,17a5e66b7827435f
der or d,85320eb4d73ce46e
ecoder M,534c32639165f342
otivatin,5278aeeca43857ea
g our us,7dc2c16c533da3d7
e of sel,cf1f59cb3a2e4faa
fattenti,8133981ab3a59351
on we co,002ce67f0ca4864a
nsider t,e52c82145281f493
hree des,b0b8bc8247795ea2
iderata ,fb300bd7031c9f72
One is t,f748fd2024327f8e
he total,95dee0ab9811597d
 computa,23b42f838688bdac
tional c,e18b45137ee605c7
omplexit,0c1191352f1d4501
y per la,bb0383ade10a9cec
yer Anot,8870028ef26e892f
her is t,2db2d9f0252268b0
he amoun,4d1e303dcd4dbab0
t of com,d0fbd35b033603e3
putation,d56452820bb92628
 that ca,dacf040ee3de3575
n be par,f018cde2ef6f49d5
allelize,ad3b439375cb9771
d as mea,60659677b98ef2e2
sured by,ab95513329a1df8c
 the min,2eb3cfc22671730a
imum num,0d23762b75defd56
ber of s,d52c4c569f3ae7a7
equentia,b7f6910298d1fff7
l operat,bbf69f652a1bc207
ions req,70054a6712a8c237
uired Th,8a5e48ce4216d4fb
e third ,d397110383c0cd7a
is the p,5be8b12dc301e646
ath leng,2da3a39fdae33ea9
th betwe,3e1ef2843d8dd430
en longr,3aefac630869ce75
ange dep,af06760804bbad8e
endencie,c592115eb83f19eb
s in the,3361359e522956d1
 network,f19ac6c3acb920a6
 Learnin,d23796c832e105ac
g longra,f6dd5d5641dc2248
nge depe,82258ee3c4147b9b
ndencies,265789f14258f742
 is a ke,7cb19887c96c0d7f
y challe,fd17af630f00cb72
nge in m,d83fe8ca1c2a0f7c
any sequ,6314c0445b617638
ence tra,7b113ec928f9e9b2
nsductio,0d56edce40813c48
n tasks ,ea917ae7e1c05296
One key ,0b466ee5676f31e6
factor a,b3d6079e6c3a3c09
ffecting,13db2ae1baf3499e
 the abi,279fedf6e6cf7576
lity to ,3cec7eec9a29fa9b
learn su,cd222b67ffc14a84
ch depen,985e541b44866a17
dencies ,b2dba1f2e5ce4255
is the l,af1aa9232d2589b9
ength of,17c841957b67dc02
 the pat,0bd205523da846b4
hs forwa,f61ee2c924d112bc
rd and b,5c9a41dd77367254
ackward ,16b8ec2578e5de84
signals ,96077f3dd091387a
have to ,8e2c1734a5090d66
traverse,7039e3ef1d3ef944
 in the ,1b9dcd63f95c297d
network ,bc394e23e2ce681c
The shor,cd48f898600f44be
ter thes,d120111d2eebf055
e paths ,fdd20106665068e4
between ,4d538056b926fb95
any comb,042307d546e0e98e
ination ,b198e6375012d425
of posit,9fb6b675df18514c
ions in ,9e030bd4d65b9ad3
the inpu,03e0819894a4fbe2
t and ou,e51dc243ce8b2eb9
tput seq,e9a8543728f3d171
uences t,65c2c7daa1a1837a
he easie,9808364f5648d01c
r it is ,ee441853075426a7
to learn,8eb0946648fe97bb
 longran,71a53f3e8ffbce44
ge depen,7ad09ab5623a8f89
dencies ,b2dba1f2e5ce4255
 12 Henc,6ed1d73f31bad7b3
e we als,3fffdf2894f8f79f
o compar,440a5db073df3eb5
e the ma,4bded6e42bdade50
ximum pa,37e773a6c9597e83
th lengt,bd0ae495dd7ace8c
h betwee,4174c817249fe139
n any tw,e44e6c07f513796d
o input ,989e19c9e93f9893
and outp,f3f8c71db4c61e6d
ut posit,73bdd649586eacc8
ions in ,9e030bd4d65b9ad3
networks,4c3b0319c09bfbc9
 compose,85a5b6da72e29715
d of the,2dd4465ccfc4b526
 differe,b14d875562985cb7
nt layer,c29ad50c142396c9
 types A,c5ccbff5d8dfaf36
s noted ,9440296d522fd7c6
in Table,92f01b5f0c3b6711
 1 a sel,96ae3fe009885cd0
fattenti,8133981ab3a59351
on layer,6cc9af581eab5edf
 connect,ea86d483fb8a45e7
s all po,79b5690f1ca67314
sitions ,d2c7c30500681893
with a c,21bc59fdaf470d43
onstant ,7c940617a1db5630
number o,41c5a64be44b55bb
f sequen,205e002cfa4b03a9
tially e,49834e6985e370c8
xecuted ,bca7bb02194a708a
operatio,5bf947086e98ca14
ns where,b23d8c9dafe94758
as a rec,739b512c72785632
urrent l,8766839a723cb102
ayer req,b3f3ab9a6eef9c00
uires On,a2ef23924691ec41
sequenti,df7ecf3993dd3d0b
al opera,742d666d8e0352fd
tions In,8d22c76e950e4624
 terms o,800949c528af8b6f
f comput,4fcf8fa8f15353fb
ational ,0a6b71fb92fcbaba
complexi,0102edc544b14709
ty selfa,d2d4ba077e7aafce
ttention,72bfbba3e7297e22
 layers ,d2ada352fdf3c95b
are fast,79fc34eca4c798cb
er than ,a71104f721a4e219
recurren,f033b00aecd5f65f
t layers,62494fa40baeb1d0
 when th,cef23339cdcb68ba
e sequen,52a50258c92a6595
ce 6leng,ad932aaf10461cf3
th nis s,20193bd89e9882ce
maller t,5497a4181f27fefa
han the ,08134ebaa6a674cc
represen,a40f6daa9a9494cf
tation d,9bd524b9d588fb54
imension,541eec873c3735a3
ality d ,2859a9d8b033f414
which is,6324e630ec0cb40d
 most of,7a81fdfa76987e7e
ten the ,3c94387c11c7fbd8
case wit,1cc6b3564901b308
h senten,aa56dd7b306f5244
ce repre,74583417c5640f45
sentatio,9d6b87c3bab73e24
ns used ,c048838e9016114f
by state,06ae94b74223afad
oftheart,c4d91233ee50310f
 models ,c827255130d6cb55
in machi,7405bf8a5386bb74
ne trans,e0840156e2d006e2
lations ,0e0e6f32259f2eaf
such as ,c130d8f3f6155170
wordpiec,f61ca08794dbd919
e 38 and,2cf36ab8aebd87c7
 bytepai,81f6ecfcdf734bbd
r  31 re,67e2c3ad507a9c46
presenta,16158bda9a123d6d
tions To,2f6812fabeb0c9b5
 improve,1fe488a5471a67f3
 computa,23b42f838688bdac
tional p,d28de4506b2bd3ad
erforman,630152ca91d393b0
ce for t,0a70d2e35ea9fb0f
asks inv,527a3ffd5759deb4
olving v,440b1f8bfa6982da
ery long,c146113334ef0a85
 sequenc,efacd2e81eaffe5f
es selfa,8e0144311f311565
ttention,72bfbba3e7297e22
 could b,4bb9cc912f7840df
e restri,8eafb4aa57d676b7
cted to ,3310d39caabcdfa7
consider,a40cc7a296f24ce9
ing only,a12d7c83ee45653d
 a neigh,03a4761e01f9bd22
borhood ,53dffcae9ad2aba4
of size ,b7c9e6bdce1d6d42
rin the ,940268f7c2da0d71
input se,2079b7510428cdbd
quence c,e870aa5d90da7444
entered ,34c44fe2776e32b4
around t,f50d8d75e4be4992
he respe,dc54635b3f791c7a
ctive ou,693821b4b175f91e
tput pos,b5075d0333c9714a
ition Th,7d624b504d2364fa
is would,3392bb9d2290e0a3
 increas,bf262218a00107bb
e the ma,4bded6e42bdade50
ximum pa,37e773a6c9597e83
th lengt,bd0ae495dd7ace8c
h to Onr,0b2d3b431de2951d
 We plan,93757c9b02a86007
 to inve,4b66413dc02799a1
stigate ,ae21f5a039cd924a
this app,f73f3e94f630f3bf
roach fu,ef692ca6de58ef8c
rther in,5c84149630724754
 future ,16465b7d801d922d
work A s,89c5e3366f1da2c3
ingle co,cb64579299a8ab7e
nvolutio,53fcc908f8b1f109
nal laye,9edcb06dd04bb80e
r with k,aa805a039a62d94a
ernel wi,72f07c8d76129428
dth k  n,d4addff2f64483c7
 does no,268b3b06a97d9e7b
t connec,4db727efd0b30897
t all pa,17cc5c723bf6adcc
irs of i,655a936b4c83bf54
nput and,9df37c7d4abb93c7
 output ,4e4552fe91fe0a8d
position,47d45df96dd9f7fa
s Doing ,a9dbde956441e2b5
so requi,3e96fc35fc4319ac
res a st,847ea321685dd1e1
ack of O,44c923afa82933e5
nkconvol,170eb947e5af83dc
utional ,2f505837d93464f9
layers i,cc2e3ac084a45d8f
n the ca,91b786e6f4e17f51
se of co,dd7ec8448776fb72
ntiguous,343112dbb3e64700
 kernels,966a8397b342a97c
 orOlogk,80b1ace684577e52
nin the ,94c6778a943ebb0a
case of ,b4a01c182344bab2
dilated ,5273da54e1809d50
convolut,76be6cdb5188cd3b
ions  18,171b694b42caba93
 increas,bf262218a00107bb
ing the ,7952db0ed125a981
length o,ac4903b08f6cd6bf
f the lo,e9413689129a8085
ngest pa,1d758d935cc1a8c3
ths betw,7715272615e83dee
een any ,f2a5674e2e5fd96d
two posi,ab08a6d89a8f16b9
tions in,32e778ae8c38c6bc
 the net,3fd678c587348999
work Con,d38d0ea9c384156d
volution,1b3c32b81a1b34b8
al layer,d05384656c5da7ec
s are ge,0c2c4aee0e7cb5bb
nerally ,71af975168110ac1
more exp,c8075515c5129ab6
ensive t,d6468a37049fff9c
han recu,8df57fef2cd9deaa
rrent la,4e78581863a8340c
yers by ,51ccb66a61703ba6
a factor,aa26ad0ad883709d
 of k Se,28deee41c8a2010a
parable ,91e08cd248ea7459
convolut,76be6cdb5188cd3b
ions  6 ,e6ea6c33f57d1f14
however ,d3dcc7b6b688d7e2
decrease,802c3003d4dc3f09
 the com,01e565f7e9296cd4
plexity ,53e1b394144d506d
consider,a40cc7a296f24ce9
ably to ,7faf5407564cab38
Okndnd2 ,51623e25c7209fa2
Even wit,ecadafbb1e1e3424
h kn how,97b3c059a4c62605
ever the,fe4e9920b77c61bb
 complex,ab72c409cbe4d5b6
ity of a,62627653f81bff91
 separab,7963516616906d68
le convo,9e42b8e3830c7ae6
lution i,acab40f854a136ed
s equal ,e3af5c27b4a3fb29
to the c,df0e5bb0b5b13326
ombinati,1256d06173344e73
on of a ,b2eb7e964f8e6d11
selfatte,f777139930dd1301
ntion la,7dd583eb1e4dab70
yer and ,8a9b25f20d6f4260
a pointw,f15aed61f4aee090
ise feed,e4e11f4101c136f8
forward ,00980dff47274424
layer th,2d1d8924e44942b1
e approa,d25911d4b9a4aec5
ch we ta,abd10fd92bbae2bd
ke in ou,5675402bd03e99fd
r model ,8c343d0743202932
As side ,7f35f25f4f60b2eb
benefit ,d389610400be9040
selfatte,f777139930dd1301
ntion co,a8e2d125b81d039a
uld yiel,c3fe7fe092357a32
d more i,ec2f15d448337212
nterpret,f9180ade24da8eef
able mod,da1824dfa5aa9da7
els We i,04fad69e38379bb4
nspect a,16716e292b1cc7fa
ttention,72bfbba3e7297e22
 distrib,0336f0f578e8a639
utions f,0e895164a7ded00c
rom our ,07d52322c9a69f9f
models a,e0d91bf0817e8319
nd prese,50268663631ce9ba
nt and d,d216d98535f3a11a
iscuss e,f1ccdccdfdfd48fd
xamples ,e848275ddfcf9283
in the a,275df4725fb55761
ppendix ,0024418f7aa5d050
Not only,676e2b53b2113a6b
 do indi,05ff5c3c926161da
vidual a,032891a25baebe66
ttention,72bfbba3e7297e22
 heads c,fb9c8405347a4051
learly l,7dbd783136ee48d6
earn to ,c290b753c62e13a9
perform ,7268142b32f26763
differen,ae70f9447eb4904c
t tasks ,87c8636dafa82e08
many app,db28e97836c40e1a
ear to e,7617dec32047d643
xhibit b,c1008230922cf736
ehavior ,04a5306fcc8c0e07
related ,7f5cbd60c5aeeb89
to the s,087d86b04c9d3cba
yntactic,d02a29797a6077b3
 and sem,3660d5ed1fd39e25
antic st,b0a3fb80d091575e
ructure ,895a77283e9ab748
of the s,6bde94cecb0ff708
entences,6369812a9a3413fc
 5 Train,a6aca27cb8978c52
ing This,b4c92d2a5c6a252b
 section,1d3c0671b34308e0
 describ,2dcc5c5d295f2583
es the t,1de637f35fd0515e
raining ,abe955afa4357984
regime f,c7732645ceea5e18
or our m,953dfafe15ceb1de
odels 51,68f0c2f39d26e11b
 Trainin,ded8e0245ade760e
g Data a,345e9ac0d9d6ede6
nd Batch,8c10f7ad1be2585c
ing We t,a959312e6f7764c8
rained o,4768c648b2ecbbcb
n the st,f9c17c5811f41999
andard W,b84970a8aca05d6c
MT 2014 ,48eeadd6060ae8ba
EnglishG,057f99017f0254c0
erman da,9b28b1c17286a65c
taset co,a30ae2b09e6396d9
nsisting,130808ee115bf645
 of abou,d970be5e4fd23f9a
t 45 mil,d4ad11101be61075
lion sen,90dcfeb9a18fb1cd
tence pa,6b02e83f65431b2b
irs Sent,eceb587fea5d748a
ences we,34289f06bef5534b
re encod,a19b2c6003903a9f
ed using,454ec536067f740b
 bytepai,81f6ecfcdf734bbd
r encodi,0d195efeddacfa92
ng  3 wh,f621852bca9a7cc3
ich has ,e73da933d2277609
a shared,e268bb6a0c04bc9a
 source ,aa873b5441878be0
target v,dd5a140d74144061
ocabular,16c03d2f81d21dfe
y of abo,28f6f5f098320ca0
ut 37000,60361e030d0d18c4
 tokens ,ec2793eaa650e41c
For Engl,cefee9f83ee02892
ishFrenc,8ab37218cfe27530
h we use,2815a73b995c3a01
d the si,1999241434256cda
gnifican,7fe3426270ac4b2d
tly larg,100032eba47bc8b7
er WMT 2,c3f95cfe06e47cda
014 Engl,1101c2c7e4d12b1d
ishFrenc,8ab37218cfe27530
h datase,dc1a08ce93475121
t consis,e26a48f37eaa28a3
ting of ,1ae52d87a5407129
36M sent,fb6f67f0095fde00
ences an,aface765e3c15147
d split ,6e8edb475b8b1447
tokens i,6cdfe080b5d979e6
nto a 32,eeb514a6ed98ae30
000 word,083e222a7004ce29
piece vo,6fe786bade9061c2
cabulary,46b9369b38d1e071
  38 Sen,7022575bfc0e3186
tence pa,6b02e83f65431b2b
irs were,f0f65b71e4c78108
 batched,1992ace3b127c15e
 togethe,66af14ba07d1047a
r by app,28538ec1daf97dc2
roximate,056996b19eeca48d
 sequenc,efacd2e81eaffe5f
e length,f82e822fd393b52d
 Each tr,dd74f852cef9f55b
aining b,2f499e7b082c246b
atch con,cfa214145e736290
tained a,e0771235c5dedc02
 set of ,5f8d83bbbfea2b7b
sentence,23a0e54b1e994034
 pairs c,18b36800016a18ff
ontainin,2e68e71fcd80a11f
g approx,d8331f447a85f3fd
imately ,552d9db6f469c00e
25000 so,dadd29b8bd673906
urce tok,3233584fdd114033
ens and ,a413e7c6942b6fe5
25000 ta,485e43f3bd673769
rget tok,40fbfa872f4661c5
ens 52 H,859228961212db46
ardware ,81a86f4abb5d719d
and Sche,ebf7f74980d09202
dule We ,9bdfecd3db46084c
trained ,87a3e8dfddd8858b
our mode,25661dd4c706847d
ls on on,c63ef4f8a393e52b
e machin,7b3993f9ff83c3ce
e with 8,bf43b81f69215bf1
 NVIDIA ,2ce0926f99898685
P100 GPU,0abce89faf9477fb
s For ou,d3924649883f2b21
r base m,aa83c6fbace93594
odels us,bd54e46a2e676779
ing the ,7952db0ed125a981
hyperpar,3077fa83eaf92e82
ameters ,709274ef9027ecce
describe,ecf62a123e11520a
d throug,1be6d10843d8b201
hout the,a756ff85439fe906
 paper e,8a29d5f3d853dcb8
ach trai,03179063be6c6aeb
ning ste,f29c62083737fa3a
p took a,8accb48128ef47f4
bout 04 ,c47d59bcf5a1620f
seconds ,bc1dc670580cc99d
We train,3c934f17651381a2
ed the b,a587d94cbb3287ef
ase mode,7ed75b101e8c3c99
ls for a,449e7c1e28e61644
 total o,ed5f067ac6b7537f
f 100000,b53f77523cb757e3
 steps o,392993afb74ce110
r 12 hou,5c03331ee90e458b
rs For o,f5f16df4a625d867
ur big m,15b2c76571684fb5
odelsdes,eca504c4cbd6ba34
cribed o,b36fcc0451eda213
n the bo,79ce643ba9f41991
ttom lin,4219c7587f539c70
e of tab,d21f86ee9ce36745
le 3 ste,214d23a2c3af11e8
p time w,b8bb0ea2686a5a5d
as 10 se,75d08e57514c3609
conds Th,5235725ebddf6ecf
e big mo,5c295d4e9053b9ec
dels wer,4285a21faebbc738
e traine,91d983d1ab0b0cab
d for 30,38a80786daed3a66
0000 ste,7a54e949ea0f91b5
ps 35 da,d8abf7fd6890f3f1
ys 53 Op,a08014ebdc844b18
timizer ,78d5f55aa55f2ad8
We used ,60f8a4de5f93860d
the Adam,3ee1610f3e114257
 optimiz,f80e60ab5e972491
er  20 w,8ffc5173d7937b67
ith 1 09,a7c1170f5eeb0197
2 098and,05cdcffa6878d9b2
 109 We ,8d6f879ed5009e2b
varied t,346cb5c3a07e5317
he learn,6ba9af04a402ca66
ing rate,2d1fa163938dac83
 over th,047876e0e13256e7
e course,79019383a1452ba5
 of trai,305e84a2e7a8d0f7
ning acc,47e80085e024fb97
ording t,9f3270940e54513d
o the fo,8427ebe9904b994b
rmula lr,4aceb0e1c3208f8e
ate d05 ,683110ecde742132
modelmin,5da40500b9ed5ed9
stepnum0,c046c98edefa9bbe
5 step n,aa8a842c7974d3c2
umwarmup,d6d2d02d2f92f095
 steps15,be683937aecd3434
 3 This ,ac7ebda7bfc91f11
correspo,c5a65fb20be1fae0
nds to i,bba40126a7c76705
ncreasin,296535626d71c17b
g the le,3aaea932c293277b
arning r,56f7e4feaca1c1ea
ate line,fda0a138a492dd05
arly for,8112282002fb35e5
 the fir,12a1180e2fddd85d
st warmu,dde0e2d73bb90b41
p steps ,52f02a8b6001cf21
training,01ca32590159c7b2
 steps a,46e7131e025779e2
nd decre,e93732b548fc0767
asing it,3b3fcb79946fe57c
 thereaf,02b2e52475d6bd91
ter prop,e6a3e9dc30cf4764
ortional,2eedd139969b0a44
ly to th,71928ec43cad3a4f
e invers,ba0e92cbeb6b025f
e square,52eb5074f645e1aa
 root of,b501a0f1ce82267c
 the ste,7f29895fd8802e74
p number,ae7617dc34892307
 We used,720d9cbdc5aab98b
 warmup ,110f4e5c6503f416
steps  4,a383eeb7f9bc9f92
000  54 ,1443b7b7244c104a
Regulari,12d800ec9db86770
zation W,5cd3ff7e107371ee
e employ,0becbb3d2993d6d8
 three t,c66ff12a999a5922
ypes of ,8b2e19163182c1f8
regulari,a3366b9555f937af
zation d,daf3a0c4ac31b0aa
uring tr,bc18d67491f72224
aining 7,c0b3b6c2cb0863b7
Table 2 ,5ef958109c9bbb4f
The Tran,c620f2bed8cddfc6
sformer ,7403bd205d7745c3
achieves,abed523e8f03a2c9
 better ,fb75ea1c61383316
BLEU sco,9e10eaf45a7dce44
res than,f78a864eb357d5e8
 previou,6f7cad53120a5e86
s stateo,61f4422d52e4d003
ftheart ,d22472103e248ab3
models o,cbc729eea69f6d95
n the En,829aa6f6202b3d25
glishtoG,1daf9e2438f9f107
erman an,682799bf48fc637c
d Englis,28c1c0a21e272e22
htoFrenc,a8a4dc30b1b8db64
h newste,751bccc727d23b1d
st2014 t,472046cae716ba3d
ests at ,5c2f847a0e39d439
a fracti,6003ab4277c35f8b
on of th,eeda93bca04e09e4
e traini,27d75dafc976da00
ng cost ,c66e1fe7d57d8edb
ModelBLE,2b603840ae2b6a96
U Traini,c4da38b86c09c054
ng Cost ,f81e008b5a1b563a
FLOPs EN,2bad6a536a4286b5
DE ENFR ,42f3f41fbafb77db
ENDE ENF,b015e11724ddb54b
R ByteNe,7848397ddf69fcc4
t 18 237,9228b2990765bbdc
5 DeepAt,d94a8f69713ef1c4
t  PosUn,9f43cd51d9a8637e
k 39 392,97b6cd1431211512
 101020 ,1a517a401e6ed566
GNMT  RL,2b8ddc4595cf6aac
 38 246 ,0ad72d8a346efb7b
3992 231,f606dc916a5e5f88
01914102,14f111d773be80b1
0 ConvS2,2a22f198dc3f6acd
S 9 2516,462684f2e8054cab
 4046 96,a0b238397bd4daac
10181510,ca65e17654b42f16
20 MoE 3,a5a47c8d587196da
2 2603 4,7ae128cd0d16d1e8
056 2010,ee2e279373ba0402
19121020,2ad1ddda5e6741ca
 DeepAtt,95116ea5f02d8a07
  PosUnk,b24e0be250c4a201
 Ensembl,972f1407df87ac25
e 39 404,ae7c7f3bae773d30
 801020 ,ebb0e7a96eff5c05
GNMT  RL,2b8ddc4595cf6aac
 Ensembl,972f1407df87ac25
e 38 263,450b66cce139c585
0 4116 1,8f8dfe533c7435b0
81020111,b5141d908cafd4ed
021 Conv,1984054eac0ef719
S2S Ense,560b9189433ced8f
mble 9 2,f873abfbb0a4bbff
636 4129,ea5a383072ed1875
 7710191,5a819cadd964699e
21021 Tr,072ba61cafa316f1
ansforme,db7deed71ec10318
r base m,aa83c6fbace93594
odel 273,73ae6a5c8af7649e
 381 331,9217b698c9246efd
018 Tran,451380ad24f871ad
sformer ,7403bd205d7745c3
big 284 ,565e0bf2a3b84638
418 2310,92eb59d6ce157b09
19 Resid,006b1d351a86c04d
ual Drop,7c5e61f379d9a0fd
out We a,139e8c645fd42467
pply dro,cae1a9bd2ba67ccf
pout  33,9d2650186665b8d3
 to the ,ae64e18d31050f64
output o,d5231cfabaaee24a
f each s,e733ab40141ae4c9
ublayer ,80eb4a610af30c9f
before i,e2a50321ee979151
t is add,81d005dd90871aee
ed to th,7b178e32a767c93f
e sublay,5291266bc4c6a30f
er input,b115c9a34c130729
 and nor,bfc3ef0475ffc22a
malized ,2944e21bfee94708
In addit,8bcfe2c38587aa8f
ion we a,ecdc219df11d9ae0
pply dro,cae1a9bd2ba67ccf
pout to ,b4d18434a6578800
the sums,0efb911490f991c3
 of the ,0cf3b6609c103dea
embeddin,a35ed7f6a0db2bda
gs and t,6f1289c09febaa21
he posit,ed0d363653bfc9d6
ional en,14a94c3656edf4bd
codings ,e00643fcc26ef2a7
in both ,c184f23c34475ab7
the enco,29afee2e59df9f26
der and ,cb0d41e5f4b9623e
decoder ,c50896f9e9f797b6
stacks F,787f1696133c4ad2
or the b,65b8d6d7d4297de1
ase mode,7ed75b101e8c3c99
l we use,e8863c5d41f0e863
 a rate ,eb7c6124756862d5
of Pdrop,49318fe5579e9e2b
 01 Labe,ecebb82d04bbd756
l Smooth,b8f893685542fa5b
ing Duri,dacd511cdb5f4ca1
ng train,1ddad87e33064ca5
ing we e,54eb4cd449a28181
mployed ,cd709bcf76151026
label sm,beba93b897c63ea1
oothing ,ca85d83f48789792
of value,6603492065120697
 ls 0136,214ff0c125250f25
 This hu,c151c6fb2b9d5068
rts perp,5646c182b0f8613d
lexity a,07abee83359cc870
s the mo,2f4a446a2b39d3a7
del lear,7839789b7d27a870
ns to be,3cb5e4a6710609dd
 more un,ba061fceb10a0365
sure but,b5cfb5f469acfebe
 improve,1fe488a5471a67f3
s accura,22bfb6d9ee53f5a4
cy and B,aeb9825d06296ae6
LEU scor,fbee7831f71c56eb
e 6 Resu,c04c76baf419a208
lts 61 M,5b9302218caf5214
achine T,817009e2a2afa976
ranslati,69af53da1205525d
on On th,d5473ce8d886c55b
e WMT 20,48a68a44fe47de05
14 Engli,b1c273316b395a6d
shtoGerm,0194e5e3eafcfa1d
an trans,5db54404ae6bf5b8
lation t,d89ffd929fcc3555
ask the ,7647ad00d3653516
big tran,0fe045d2ba2e3261
sformer ,7403bd205d7745c3
model Tr,79ae5b8559885cb0
ansforme,db7deed71ec10318
r big in,79b209bd7a19c515
 Table 2,49bc6ef32a273eb5
 outperf,d5a84f96cb41b8fc
orms the,0c2d511bf67d7317
 best pr,6963802cd33a316b
eviously,ddecbc4cef79adb9
 reporte,d8e434796bb50a38
d models,5ff746c07bc43570
 includi,95ea5035b0f27f71
ng ensem,baf1c99873b75120
bles by ,ba5db6a23813251f
more tha,1133c193250e35e7
n 20 BLE,3c2fe665cfdddee3
U establ,40356d649595d290
ishing a,a8594a83fd22bb00
 new sta,d0b717ef921e9e69
teofthea,cb019df5ced5dae9
rt BLEU ,7405673088aa0e7f
score of,29c4d8db468106c4
 284 The,61f3df5a73fabb1f
 configu,a94ef28481ff8cff
ration o,7f2c9fd885b81f90
f this m,2c1d027e308777e8
odel is ,a51e6e24c5c512f0
listed i,7c22add03cbccc18
n the bo,79ce643ba9f41991
ttom lin,4219c7587f539c70
e of Tab,b7952e60df401435
le 3 Tra,f99b575d83782da2
ining to,d394af34d6c0e738
ok 35day,4fd613c0b34df9f0
s on 8P1,ffb22e759ec0c1e5
00 GPUs ,329ed7712b77faf2
Even our,b5c12a8191eab542
 base mo,6d354ef1408bcb75
del surp,e9704a21aa93c9ce
asses al,21d4a0c22e73b14b
l previo,6db9b717f5e0442d
usly pub,1137cdb6291a202d
lished m,fd3589a1c3801c24
odels an,6c075458825bf1a9
d ensemb,7de92cb0703ec9bc
les at a,08401b8a7efe25e4
 fractio,e2fa4bd30ef72d1e
n of the,f5f2ed41a72cbf9f
 trainin,dd9856c620b87bc9
g cost o,61492050f5d5350c
f any of,64ab6135995a889b
 the com,01e565f7e9296cd4
petitive,5f15132424944116
 models ,c827255130d6cb55
On the W,1da026583e84eec8
MT 2014 ,48eeadd6060ae8ba
Englisht,38f2d41bfeecfa3a
oFrench ,20cf2a0f432a8aa1
translat,ee262e44622ae254
ion task,a591e4c125efc036
 our big,06bddca94654f458
 model a,00de62818f104a1b
chieves ,5c4f494d8acf5db9
a BLEU s,f3362a2f20665a67
core of ,453ae1400b5cae7d
410 outp,77efc083390f1b89
erformin,f1d596df75150115
g all of,0642ce89a944320b
 the pre,6af8a1f969a4eb4f
viously ,7551bed72b2dd0bc
publishe,8e4e76949a8d28b1
d single,bfa08dc4ab0d3fde
 models ,c827255130d6cb55
at less ,c74cf409be4af20b
than 14t,dbc5986f99302782
he train,5398361f2073ce57
ing cost,20516f80cda97845
 of the ,0cf3b6609c103dea
previous,8336c604a112327a
 stateof,4e9d925b7822b701
theart m,9a9a629147655861
odel The,46c98432325b4256
 Transfo,d58d8340f4084c90
rmer big,5cf8df69de2eff60
 model t,eec8242e811c2655
rained f,cdda4bbec4253e36
or Engli,08098e82b4d97992
shtoFren,5da408fbbd9274dc
ch used ,d8ca3bfc0e40a756
dropout ,24562a66eff903db
rate Pdr,65715aa3583aaf83
op 01 in,c817bf686c52dfb5
stead of,4eb6bf1982a56ac0
 03 For ,7e26ce24138d533e
the base,63f8051dada10e71
 models ,c827255130d6cb55
we used ,f847c568b7a581bb
a single,39f42bcaf64bfa68
 model o,666bde4d2743a231
btained ,d5d08f640a6d4ba0
by avera,08b2aca3f89dfda7
ging the,2804146d9a4c1a3f
 last 5 ,d9f59870e5bc19ca
checkpoi,f21e2bcb81040ec2
nts whic,f575712e1f703960
h were w,af6dce6642ddcf2c
ritten a,41e6ae23400a0151
t 10minu,f0514e492e92386c
te inter,b7212d7384f3d5ea
vals For,4ceb6d9f9fb6f33d
 the big,53361a20bccdabb5
 models ,c827255130d6cb55
we avera,5a515df0a5ca099a
ged the ,56a29d37f648fe80
last 20 ,338a8c0a276c1c31
checkpoi,f21e2bcb81040ec2
nts We u,258b552ee37f0d4e
sed beam,b60ddf8d69e8be26
 search ,17d07ffcdf414808
with a b,5319c6a5209209bd
eam size,95874805f03b82ad
 of 4and,0e17c83351138dd4
 length ,bbbaed10220e89e5
penalty ,29606bf910a59092
 0638 Th,25e98c50caf345c2
ese hype,edf5f68534d270a9
rparamet,899d16c931aa043b
ers were,e544c41c28e3251d
 chosen ,14e81a829e7edeb3
after ex,b46836e95451c626
periment,c53f82db037f88d3
ation on,2cc06e57e3ed69a2
 the dev,fdd9af761412ea6e
elopment,5b1b0b8b6df573b4
 set We ,fba33200a157c8ec
set the ,61c229346eed61a4
maximum ,c1922cd20eef6f04
output l,aa9ccec056ac9dc1
ength du,9dd46b5e7bdfa4e4
ring inf,cb3e47a9d0b02001
erence t,ac946fdc8e6af0a0
o input ,989e19c9e93f9893
length  ,e09261a0704ff9c7
50 but t,cfb99cd130673f99
erminate,2f4b76d9df315a25
 early w,bc632f0ef5297b9c
hen poss,844956813bf91832
ible 38 ,8a89b90e1d38d51c
Table 2 ,5ef958109c9bbb4f
summariz,2cd7f7e5df557b6e
es our r,79200f5c3517a6f9
esults a,914c281c5120e6ca
nd compa,dc2e6d0d8e824ee7
res our ,c6dcaa8d443b7c97
translat,ee262e44622ae254
ion qual,8fb7c4418adaef07
ity and ,ac87218c10806815
training,01ca32590159c7b2
 costs t,d26be22a37c3d9e6
o other ,f22fd1c80e36a125
model ar,afb00e49890bcf85
chitectu,12eadb9778436bd0
res from,e27c83952f573f8e
 the lit,2846daa5aece28df
erature ,62698a6c23e0a0d5
We estim,09eb108298c77b28
ate the ,64e5d2bbcf1194f5
number o,41c5a64be44b55bb
f floati,2f4e63e470cbd194
ng point,fd6c96cecfd6b4c5
 operati,c055e67b50c21c0a
ons used,0b0103a86fa92f75
 to trai,1b77d2fd2a7883b9
n a mode,52fcc0ba1569bea5
l by mul,6c821fc99e7fe111
tiplying,3ca9c89aaa67af37
 the tra,6491aa95051b1158
ining ti,d260adb57f270db3
me the n,bde283b97f6839f0
umber of,97f00ed6e417f736
 GPUs us,e5716d15d83d05fc
ed and a,eac5c452ccdd66df
n estima,523ea42e2177ed34
te of th,3c4854f5ed5a7241
e sustai,6ef65c1c80361e62
ned sing,6e32ea1ec3d9ea9d
leprecis,db2e593606800644
ion floa,4aea68fefe59ca59
tingpoin,9d192314991786fb
t capaci,1339ec323a7a59f9
ty of ea,63afc2c6b1bc48ea
ch GPU5 ,9e5f297e1578d6d3
62 Model,4be4e155bd2bc15f
 Variati,21aaef06d52acce1
ons To e,c05b177660ac4858
valuate ,f3137e6fd65b85fa
the impo,c6a00517665ca099
rtance o,e60a3cd53cc302f6
f differ,8d42565340c1c803
ent comp,97b3694f09a3664b
onents o,e5b1f96eae8dba8b
f the Tr,3a1c21a36b40d2b4
ansforme,db7deed71ec10318
r we var,0a31dc78970333b3
ied our ,928b4fdbc8bcec0f
base mod,e173b5e4835e3587
el in di,82890c0f6680036d
fferent ,3031685adaa09fa4
ways mea,4ac298e5340d0def
suring t,f98b107dd469503b
he chang,68d6e7e6c4b31606
e in per,23958ead57aa4b76
formance,97972c4cecbf596f
 on Engl,9f78b24c857cee52
ishtoGer,0cbcf1e74677a634
man tran,1deb7966015bad51
slation ,eb69a80c17c9213c
on the 5,78ecc92900689f9a
We used ,60f8a4de5f93860d
values o,d5ad87848590ce18
f 28 37 ,8dd2d50aa28ff2bd
60 and 9,ac81fe57bc964343
5 TFLOPS,7e991eef8f4b5a85
 for K80,59433437245460dc
 K40 M40,160d1e1bf5950918
 and P10,4134c752af451e8d
0 respec,f438d3b54aa96580
tively 8,333c776ff809b91f
Table 3 ,ef1aa4ffbe3676a8
Variatio,fcc4e77692dabb7b
ns on th,92bfc28bf345d8c5
e Transf,e62d6805708f2ff4
ormer ar,8017e738f26ffdc2
chitectu,12eadb9778436bd0
re Unlis,af5d531dd901886d
ted valu,83e7122e36e8c280
es are i,7121021de52c04f1
dentical,7c18674ca961eb0e
 to thos,9bfb1dbad189267d
e of the,82c0ae65556d3877
 base mo,6d354ef1408bcb75
del All ,14b0f57f21c4b242
metrics ,67f39aeb5c4b688c
are on t,8b129cadadb72c12
he Engli,4e1b65de82f290e2
shtoGerm,0194e5e3eafcfa1d
an trans,5db54404ae6bf5b8
lation d,ffe2358adec810fd
evelopme,8c0fc18007f28145
nt set n,317e42a1f224517b
ewstest2,fdd78dac81ef4861
013 List,0143a5d7377355ac
ed perpl,9f5b7aa326a975ef
exities ,3e475135b4006188
are perw,52c578d924210eb8
ordpiece,160b737f5fb28758
 accordi,e7826351690f60e0
ng to ou,0fbd1f941d121beb
r bytepa,3c2b1f9ee33226bc
ir encod,905244cf5de9c76e
ing and ,db7a6d2aedc2f78d
should n,8cdd642d88d0e79a
ot be co,50433dc3c7c47507
mpared t,53ee1c399783b670
o perwor,d9b0eedd24101baf
d perple,a5f12264ff5f6e20
xities N,abc2da993262b98c
 d model,7e69d86fd3cad6fe
 dff h d,1b56c90cf9266eb8
 k dvPdr,11c4c7b9398dd389
op lstra,4b9b26791a364c2f
in PPL B,a285156544ea6ff3
LEU para,5705ba1938a19285
ms steps,f2bf129f52f3feb5
 dev dev,e33b5780c2590af8
 106 bas,5b7d45cf5f48dfd1
e 6 512 ,03f34456906c0edd
2048 8 6,10080140ced51ebc
4 64 01 ,8e33a904151a8a86
01 100K ,7d2e3bb6b5f451bb
492 258 ,75b5ee54913f876f
65 A1 51,93d13eb8a332e323
2 512 52,35bd8fb9ee0c8d84
9 249 4 ,9a0cdeffc61ec832
128 128 ,2c3e6c89161fca6b
500 255 ,345d69a340d82c86
16 32 32,fe1756fcaebdca11
 491 258,b06333b1676e7e1d
 32 16 1,1ce679bc5b8c540a
6 501 25,af39236b64f9a9aa
4 B16 51,e483b085eefa6a89
6 251 58,39958ad33a63a5b7
 32 501 ,a2a4bb6a7d19dd09
254 60 C,fb53cc917c9b08cf
2 611 23,e18ec3e12effa087
7 36 4 5,7ed62de5ffc74d38
19 253 5,f458e960260878ff
0 8 488 ,85bc6c08c6386830
255 80 2,f6486f05e88c5192
56 32 32,2bc11e07d7864ddf
 575 245,2b13b84b47a36884
 28 1024,f810097aae217a4a
 128 128,81784cdecb3523e6
 466 260,5ef743dcd896f23e
 168 102,10e86f7f0c467324
4 512 25,45eec536c7ec7e2c
4 53 409,5826e273d577fc4b
6 475 26,550944817daa78ba
2 90 D00,ee97e1826f4b887d
 577 246,1b5d14ede573c5f9
 02 495 ,79dca24fd139eefa
255 00 4,1fd7ec9f17ff7138
67 253 0,3d841cd11d71334c
2 547 25,e895cb4f037e467d
7 E posi,76b8f032d6d34e40
tional e,c022001dfbc73a57
mbedding,f9fb12d3a3fb550f
 instead,ca1da8cbfeef56cc
 of sinu,c3acb8e75153c4ff
soids 49,fcd6f9a5560aaf82
2 257 bi,dc59cfd0c7f11ad6
g 6 1024,592c35b2375df65e
 4096 16,42614729894cd64e
 03 300K,ceeae1bb0ef51085
 433 264,664b01853a0d137c
 213 dev,17898a94708a368e
elopment,5b1b0b8b6df573b4
 set new,ca13162485e73e93
stest201,322ef70727937e0d
3 We use,18a071c50201af21
d beam s,ee327c988bdf14b0
earch as,efd259310dab121e
 describ,2dcc5c5d295f2583
ed in th,39108f6aade8febb
e previo,8a126c27e50105e9
us secti,74eff9f68fa09fb9
on but n,87069bb16503c870
o checkp,f64b781c59a8fabe
oint ave,bb705a58847736c1
raging W,b0a7073783a0fe73
e presen,ca57362d2809ff0c
t these ,5c71f4a57e4bacdc
results ,d45b95524529ac32
in Table,92f01b5f0c3b6711
 3 In Ta,7df3f50bffd0734b
ble 3 ro,bc81b64679b08e36
ws A we ,27e7a1df279b1f6a
vary the,50e51a5bbf098578
 number ,0a3995efc7e398fa
of atten,0419b9080d625039
tion hea,e9e0ffbdff29062d
ds and t,5834f61913434731
he atten,0938969c493e7c4b
tion key,3d5bbb9633cf7818
 and val,d72e1dd7298cc3f1
ue dimen,a75c56a29613d7a6
sions ke,1498cb97c4b753be
eping th,62a96c76feac956f
e amount,4300df83b20af977
 of comp,bfd7d62729898cf5
utation ,b6148567ae24b43e
constant,4fe7d778d8829304
 as desc,845d9b9ec5d0ffb2
ribed in,f2e18fd2551350ab
 Section,6c3979aee13bf732
 322 Whi,cdffadb4ecb9c937
le singl,692ac904f5e8dfec
ehead at,2d2fb8908e7dd70b
tention ,20747b9e0a9bceaf
is 09 BL,d2b030fc529b63d0
EU worse,64611d235e041df4
 than th,bc0909490a134e06
e best s,59d1543409720666
etting q,e7f43563c94b6f8d
uality a,d8f153b40e292d41
lso drop,65b9942ae4d5417f
s off wi,2eb3c4a34797bdab
th too m,bc68fd8a2a19bc95
any head,33771bc29c144ad2
s In Tab,6ff2ecebbe9bed3e
le 3 row,636a624dae0fb166
s B we o,7d9dc221735c8989
bserve t,32f922db8e8c2afb
hat redu,ac26d0316b7daeee
cing the,c013b4cc0e38d390
 attenti,a99a2c7e8cf42d51
on key s,a4aa81b43aa61e89
ize dkhu,5d06412537f4b31b
rts mode,f3cc148f6d10e41c
l qualit,2fe0be76d41e6c0e
y This s,dabc95faaf91549e
uggests ,b4646613442bb43d
that det,ee59fc182d917e8f
ermining,48765dcb9ca3c6a0
 compati,2abc37300739e62d
bility i,f4857d03984bae82
s not ea,70e14e4130283e16
sy and t,54eba45b79ae1be0
hat a mo,d0fa23ac6c3f00cd
re sophi,5595b1f8db6249e5
sticated,b63b807070a6f5dc
 compati,2abc37300739e62d
bility f,d2988fb2035e15fc
unction ,67dbcfd32a7544ea
than dot,290f668885203559
 product,51825938ed38e471
 may be ,addde3a140acd81f
benefici,964b22b19b023f4b
al We fu,5fccce31321a5dbf
rther ob,ce1314639ce56866
serve in,29fc54fa78614a2b
 rows C ,acd4dfb449c26354
and D th,c2e5e7650a2ffe58
at as ex,6e39eb13dbdef1e3
pected b,c3d3da8e8d80fa19
igger mo,32cf3e9543733092
dels are,26b422745d4b76f5
 better ,fb75ea1c61383316
and drop,34df94bd7e6943e8
out is v,71c69a63eafe4eab
ery help,80857df449530c82
ful in a,8387eae197b2b077
voiding ,dfc4918a9084040a
overfitt,3bd0130f953ece60
ing In r,774fda0986bba77e
ow E we ,4aa853603017bfbf
replace ,18fb166f60d58caf
our sinu,7b6ca95c7403eb38
soidal p,74a9b8abbc8d51ad
ositiona,41f290b5c420fc74
l encodi,04dfc570daa2e081
ng with ,b7375efafb3e16c9
learned ,c4146a05705f7e06
position,47d45df96dd9f7fa
al embed,1205642653f3fb79
dings  9,0db769ad0f4ad8bd
 and obs,68174a441f558c9b
erve nea,a58396def6479573
rly iden,dd4ff15d5a7e3c16
tical re,faacec187eb727b1
sults to,50749efb3d079223
 the bas,749330a644b4fbd2
e model ,5ec6fbc3203846fd
63 Engli,333ca4080cd8cd0e
sh Const,4ce2a9a6fb8a768d
ituency ,5a550c7a95b541b6
Parsing ,89d0448197040ad5
To evalu,2885056a1958df4f
ate if t,58d72d9d1085d86f
he Trans,26f5db103bdbe424
former c,7d0ee870b8c56677
an gener,3bdff0b1fb148c1a
alize to,59414d2f6048413b
 other t,5c2384520fe89f0b
asks we ,3d3b7e80e4ea1a52
performe,f5ea59e8f586dd6d
d experi,2532ef9127d5a317
ments on,8f484276d4602a17
 English,ee86835873e9277a
 constit,41f9ac9bf359586d
uency pa,1507e3772b65125e
rsing Th,81a26d227ff7fced
is task ,bf84c2150c896aeb
presents,f7192bf64ad0a5f3
 specifi,7d426208b10ef5dc
c challe,b7a900eef8c10a94
nges the,d32f4fa64df7006d
 output ,4e4552fe91fe0a8d
is subje,78b4826cf0f4d338
ct to st,42fc251153b22402
rong str,c23a9ed60f032f61
uctural ,0de8b24692bb3502
constrai,a7e095b92d7ba313
nts and ,f0cec629416b7c30
is signi,8ae00c740eeaf1ff
ficantly,ba027147eb8d664d
 longer ,e0cb5f76f0422d32
than the,fbdcf6ab359b7eaa
 input F,61477ce4fa9cf791
urthermo,3735a631f529f319
re RNN s,481f18155e5655f0
equencet,7b85402838e38cd7
osequenc,37dfd72dfc80b8a6
e models,f528551f59a694be
 have no,f9a0781825da92c7
t been a,cb0d9ee73a4ea1bc
ble to a,e6eca7f6ba4ec074
ttain st,9b14e2d0d86d194c
ateofthe,c69ab69a6e1891bb
art resu,35ce1d0c4ef1f794
lts in s,7cd7fa13d9de5f4c
malldata,1971911b748db634
 regimes,bd5890159a57228f
 37 We t,f023b0df0b20ee53
rained a,c1f892f5f82693b1
 4layer ,46837da57bf51920
transfor,38b71deb8740c886
mer with,2b90e5b9b6c4181f
 dmodel ,5be56565bb4c3848
 1024 on,f3904cbe26c75d70
 the Wal,7e6ed34c85f55057
l Street,d2d8be3106c2cfc0
 Journal,4eb22dd103d80adc
 WSJ por,62acd2c99b304a8a
tion of ,d9ce213a678c372f
the Penn,3ef0c25207e1d1d5
 Treeban,123142b4f1708f96
k  25 ab,abe99a9788f61466
out 40K ,8bf11ecbd89098e6
training,01ca32590159c7b2
 sentenc,5f6f59ba0e6f6e62
es We al,af32ee34f6226bf9
so train,11bb91f1dd14a3db
ed it in,511591c4e3d4cbad
 a semis,ade79b1f1d699a05
upervise,9575936710d76ddd
d settin,c97ebf96178320fd
g using ,f7792f8b0bd69f4b
the larg,7ff7db3dee907c7d
er highc,211f63c754b26ea4
onfidenc,1eb13a52546a83b1
e and Be,a8dda4a31ae23820
rkleyPar,36f9c198d4286117
ser corp,a58abb1efcfae542
ora from,903250daf0c033b7
 with ap,ac6b1019be6060a2
proximat,fb4e2f0de245b46b
ely 17M ,5297871c04605098
sentence,23a0e54b1e994034
s 37 We ,9b94de4b23e53a29
used a v,a6b02cb75cbdd397
ocabular,16c03d2f81d21dfe
y of 16K,98d61bb1e8748bdf
 tokens ,ec2793eaa650e41c
for the ,111fcf74e1a60cee
WSJ only,56e9bfb15a46bc6f
 setting,e679ce8b5344115e
 and a v,09298b4c25a1055b
ocabular,16c03d2f81d21dfe
y of 32K,89848dda84d161f6
 tokens ,ec2793eaa650e41c
for the ,111fcf74e1a60cee
semisupe,0dc77ba9d4286ae1
rvised s,735c6f9aac78939e
etting W,d8aba74a7ca94f71
e perfor,2e47709595e1743d
med only,979a1ce0e7e99b68
 a small,835f424cf01d020d
 number ,0a3995efc7e398fa
of exper,521e9b7b76b4c3ee
iments t,f08075ae3aab4d98
o select,80c8d8ba812fe504
 the dro,6271a78ef57887f7
pout bot,9f008d30a89f515c
h attent,7855261619dbaf58
ion and ,04053603beaccf33
residual,d100c1481e0c5404
 section,1d3c0671b34308e0
 54 lear,230d8a62167fe398
ning rat,91a1229689843bb5
es and b,15f3e2b44e9cac28
eam size,95874805f03b82ad
 on the ,25a234475b400bad
Section ,52ccb38982281dae
22 devel,8dfd793bbd945b84
opment s,364dbe04f5b2d44e
et all o,e42c343623688bd0
ther par,2905802d4417bbd8
ameters ,709274ef9027ecce
remained,faec034ec9240a50
 unchang,dbf4c55cc5a17faa
ed from ,aba049c436afc913
the Engl,fae565f6df62033a
ishtoGer,0cbcf1e74677a634
man base,cb9acbd086d964ec
 transla,68c40834e655fd98
tion mod,e732c429320232d1
el Durin,590444c27222801a
g infere,19a1ecede1ee54b5
nce we 9,132628316edb418c
Table 4 ,1fe5db3c4b727123
The Tran,c620f2bed8cddfc6
sformer ,7403bd205d7745c3
generali,d2392a72b288fe76
zes well,7c014c5271d0fbe6
 to Engl,1b284c3036cc22bf
ish cons,b7101527426642c8
tituency,09d397fda4ce352b
 parsing,5de7ccbbee71e979
 Results,62204ac26b441b20
 are on ,dcd4514e1faffe97
Section ,52ccb38982281dae
23 of WS,37d33e91858e94c2
J Parser,6bfbea0dfec3a3d0
 Trainin,ded8e0245ade760e
g WSJ 23,be807dc4f04ad1d7
 F1 Viny,e46999561ae66a73
als  Kai,7122107a3faf3361
ser el a,804bacc008c5fafd
l 2014 3,7f82f0cefafd6c21
7 WSJ on,7c20b32eccb1686b
ly discr,faaa42cb47cb2afe
iminativ,7b07bead101b997c
e 883 Pe,5e6d52a254549fad
trov et ,542fb05b31e0a6df
al 2006 ,faee1eba7ce414e6
29 WSJ o,09fc41c3276bb156
nly disc,8edc6540f6b4f404
riminati,0eda6f9220389af7
ve 904 Z,f8249cea0e220b15
hu et al,7db3e09b9d0e26ae
 2013 40,d129fb25b853b350
 WSJ onl,8e8cddd8502e1d54
y discri,ea5cc4ac0f165df2
minative,65ac79ef93b644fb
 904 Dye,2f2a9142e99d4682
r et al ,60443a24e58ce7a0
2016 8 W,2f1eda71ab79bdd4
SJ only ,c9ee05f0129e96df
discrimi,fabbd9d2153294d3
native 9,06ce4022dda2303a
17 Trans,1e3cf96457f51f9d
former 4,11f0054ea9446ffa
 layers ,d2ada352fdf3c95b
WSJ only,56e9bfb15a46bc6f
 discrim,41eaac42447688f7
inative ,94399c069e3e0a77
913 Zhu ,87de0e25bed611ac
et al 20,a26cae8dca4176b2
13 40 se,1552bb2c07f3cba2
misuperv,79036c331b2a4a28
ised 913,a66ad585e89e4d13
 Huang  ,0cfe77981ee5f1d8
Harper 2,bd14e107c3a2c6c9
009 14 s,ac5d04e47d3f57d2
emisuper,f7e94077a9ddc496
vised 91,94e3f63a31661320
3 McClos,e96e684ac38f32af
ky et al,056fd378a7bb8a68
 2006 26,f75f5deec623d4d2
 semisup,bb4e7257ff171bfc
ervised ,47784a81cdb05e6a
921 Viny,1bae06b83697cb75
als  Kai,7122107a3faf3361
ser el a,804bacc008c5fafd
l 2014 3,7f82f0cefafd6c21
7 semisu,31459d3711f83bcb
pervised,6feb3bd1de218a14
 921 Tra,41aec7e6614eae26
nsformer,f951f0ed04405506
 4 layer,a32e08f04ada3875
s semisu,faeeaa83e05c6b4a
pervised,6feb3bd1de218a14
 927 Luo,a90e5d3ae66292c2
ng et al,8b0d17c09d35b151
 2015 23,e777d4e7ec796b09
 multita,f173cf061b52d56c
sk 930 D,58f57a2d984d61d0
yer et a,2d0b5ef3a350dffc
l 2016 8,26c603b57c3df1e1
 generat,6692ab848d3ff3a7
ive 933 ,acca03ad0ccb2f38
increase,6c22c280940c1e91
d the ma,a8d9244df92d15fe
ximum ou,94a83403d2494b77
tput len,5c543c1582fc3efd
gth to i,e35da7008f3f03bf
nput len,4f272b70a53f63bd
gth  300,2669ceed911b7118
 We used,720d9cbdc5aab98b
 a beam ,acb247a29364bb46
size of ,2928f47094e0fb38
21and 03,fe287f848ce25786
 for bot,2eee9a2595955b17
h WSJ on,5e5c70fcf9b03d9d
ly and t,d3a5a0e91cd35e5a
he semis,2d1bb399f7a03954
upervise,9575936710d76ddd
d settin,c97ebf96178320fd
g Our re,c067474e8228cdd8
sults in,84f83c128dc98593
 Table 4,6a8356fa6405f6f4
 show th,e0f4996ec4770b72
at despi,dc65612f836662e4
te the l,d6f3f63604b5a29b
ack of t,e8ae2259fc652240
askspeci,0cafc5af41086dec
fic tuni,feffcf25c9cc37a6
ng our m,79399cb2d0c03735
odel per,bb1550f3dfdae0e0
forms su,27173e8716a7a1b4
r prisin,c63b93f04a57cf81
gly well,a336c87acab4a507
 yieldin,70ced1fe7ba8cfdb
g better,dcbcd69c002fba4a
 results,f0bc1c03ed7d30f9
 than al,f4d1064ae1e33bc5
l previo,6db9b717f5e0442d
usly rep,d073752363bc64d8
orted mo,90c3cd14a6d37361
dels wit,177fb277afc4127a
h the ex,2e738b6670316e9c
ception ,ddf7e2ca310132e8
of the R,f35cde0651b2931a
ecurrent,4eba1ccf8bb490fa
 Neural ,a38732f5533c9c72
Network ,9e2be920c021bf0a
Grammar ,11320b01d3b337c8
8 In con,3cc6e694debc0cb7
trast to,6de374beeefb459c
 RNN seq,4e0a5a5372b9417e
uencetos,d47daeb7167cc912
equence ,2fd1721e786a77a8
models  ,4f4df200103f4776
37 the T,b090ceb24e875b09
ransform,664b7efcc519699c
er outpe,3008e5eb43caf02f
rforms t,1e8222fa07289254
he Berke,36d9c09265a4a7dc
ley Pars,3b87b50d4f77e8a2
er 29 ev,e56b1810d5241c53
en when ,60e1646e1857b1ce
training,01ca32590159c7b2
 only on,76e0cd88ef9c1455
 the WSJ,2cceb34fbfad8abb
 trainin,dd9856c620b87bc9
g set of,e88ec84be90f7c8c
 40K sen,9c4b9abbea7606ad
tences 7,a3981a98b874be72
 Conclus,213afded6e0d65e7
ion In t,a714b952a1b2336e
his work,0a5e5a8889b2a1c5
 we pres,c6fc5c87981c148b
ented th,9c76fcad87ccb445
e Transf,e62d6805708f2ff4
ormer th,7584387d860923f4
e first ,6ee8501aa36eafb7
sequence,d5b60c3cef4a0793
 transdu,b894c0310eea50bf
ction mo,9112af7bb4013634
del base,c241b59f79b915ef
d entire,249aa93b248439e3
ly on at,71706565475c85c7
tention ,20747b9e0a9bceaf
replacin,380e9e6777a59309
g the re,f8e2dab86139938e
current ,05e7bae1e2dbf62d
layers m,cd5a15ec800513bb
ost comm,b42603056295449b
only use,9a107cbbda8c392d
d in enc,29b524774abe6148
oderdeco,b8ed69eb0db2d793
der arch,1044827c1123042e
itecture,59129a434ac28b24
s with m,be220ca72d3485c9
ultihead,6733a263d914f2bf
ed selfa,c773248375f17d13
ttention,72bfbba3e7297e22
 For tra,16c3ebf71d35e207
nslation,ef540adc9bb1d711
 tasks t,3225cb95ca25af53
he Trans,26f5db103bdbe424
former c,7d0ee870b8c56677
an be tr,d360a7bf223b8e89
ained si,43eda5177130d558
gnifican,7fe3426270ac4b2d
tly fast,e13b9b12cd831dee
er than ,a71104f721a4e219
architec,3db0cc22580de628
tures ba,b713c0421d6cb528
sed on r,e8725077afa35d8c
ecurrent,4eba1ccf8bb490fa
 or conv,46e63c871f7c2570
olutiona,1abb2fcd038a9090
l layers,c60ca64eccd2c8a1
 On both,1d2e858ef119debf
 WMT 201,8f19871f8ac12c94
4 Englis,f61d4b245a7739bd
htoGerma,a9e05f5ae236c2f4
n and WM,f278c6b351107ffb
T 2014 E,e578a1692ad15c5f
nglishto,40ca636f79a8af52
French t,a1d3af2d849d60cc
ranslati,69af53da1205525d
on tasks,ecf43a5c8100ce30
 we achi,fe4a1fadea96c36f
eve a ne,189f4959cc9ea00a
w state ,9029dac7896844ea
of the a,371c15534185f8e0
rt In th,8d6718d8747b4614
e former,723712ecff9fdd7a
 task ou,bf2bf5ebce87b933
r best m,c77ebd53e229c3e4
odel out,b2869965e76baa3f
performs,0e4e5ec665ae0d9d
 even al,64b28cbe056af20d
l previo,6db9b717f5e0442d
usly rep,d073752363bc64d8
orted en,a42b738fb0f3afa8
sembles ,ed6bfb511de6d0d7
We are e,6e80c877876db5a6
xcited a,1da5515a294a1b5c
bout the,179fcb0f5af28f92
 future ,16465b7d801d922d
of atten,0419b9080d625039
tionbase,37ebf7056f04a2d0
d models,5ff746c07bc43570
 and pla,30917af82af52415
n to app,13d2fa7f3422474e
ly them ,25c49ac3c287ad6b
to other,ecb8fb3f4f602e6f
 tasks W,e3babb56ed991508
e plan t,2bae246788636908
o extend,abe0b75ab550e07f
 the Tra,7a2677bc5991e5fb
nsformer,f951f0ed04405506
 to prob,6c45100f138e9ccb
lems inv,93932302d7913ed7
olving i,b6212c1c7e47783b
nput and,9df37c7d4abb93c7
 output ,4e4552fe91fe0a8d
modaliti,7b11ac4c03c5f165
es other,3180927f0e450b5d
 than te,5c88da7a02edcfd7
xt and t,dc2130e59de19188
o invest,e132951fcc8b78b7
igate lo,d2d459a8091f63e8
cal rest,90dc850ff373ba91
ricted a,a516f3fe6752a082
ttention,72bfbba3e7297e22
 mechani,520d02101e833359
sms to e,3c5813e7ac152a77
fficient,a44ddf6a990a0f52
ly handl,9007195ef216c962
e large ,aa6b9b7702625fb7
inputs a,39bbe0842055b610
nd outpu,1d08890d2fb6fcc9
ts such ,57520f0b049857dc
as image,db3782e53639d981
s audio ,190073c5153e77a5
and vide,88d0ae99546081bd
o Making,aac1f65658ba5050
 generat,6692ab848d3ff3a7
ion less,54ff033adf3b35f5
 sequent,bfc101f5d0c736b5
ial is a,edb46f59ffb9cb23
nother r,a228be77ab9551d0
esearch ,3f28f289cb1cb941
goals of,397d77c3a7ffbb0b
 ours Th,7b07b98529ae4ffe
e code w,1b5248eaf829078e
e used t,76554a6c400dd1cf
o train ,b692d94e5e5fc6f6
and eval,62b513ebc027a675
uate our,7a6b3d59a52344f3
 models ,c827255130d6cb55
is avail,1d94dd3ea7ace38e
able at ,e8aecd51672d5d99
httpsgit,4e5f5824aaeb0b94
hubcom t,13061f7f5a5fae58
ensorflo,495fe999a92dc001
wtensor2,5b762913d289c18b
tensor  ,347c0bd613362ceb
Acknowle,4cc57b4515227487
dgements,de6507de7b92e331
 We are ,3faa5ed7ed24f9e2
grateful,239dd9674de1c4dd
 to Nal ,a8c4f661e4e08853
Kalchbre,bbea78f3a60db6b2
nner and,e3b9b73cdc89bdf4
 Stephan,7da80399952b4300
 Gouws f,fb1220e536167422
or their,384aa20b2acc8f5b
 fruitfu,e5aa1e768bc61218
l commen,89f8c98f6c0d4cd5
ts corre,64ce37d060e13ce3
ctions a,28c90db458b34d03
nd inspi,b13098256e85fa34
ration R,ba58d54549333315
eference,2a4a198fda78f5aa
s 1Jimmy,7a51a78a56abab09
 Lei Ba ,85ed26994975b9cc
Jamie Ry,310041fbeb91f192
an Kiros,c6d8c254659c12a6
 and Geo,c5a251c01f11e048
ffrey E ,6d1968738eb8498a
Hinton L,44a4e9cc25ddefae
ayer nor,ad815bacf8f025d8
malizati,aaac1bd73f5ade4a
on arXiv,9fd1ac632a82f500
 preprin,56aa71c62beeff58
t arXiv1,774269fd1432b52d
60706450,7c65ac51dc1e9c1f
  2016 2,16e44cc1d18100a7
Dzmitry ,9d09c5e8244e8f5e
Bahdanau,b530c660a422415c
 Kyunghy,8318d895ace61b41
un Cho a,c80b5cb6eaa9c885
nd Yoshu,4b33934052544845
a Bengio,6e0094489ffb7730
 Neural ,a38732f5533c9c72
machine ,bee72d4b7e61e1bf
translat,ee262e44622ae254
ion by j,fa039ec8701bec87
ointly l,333ae36b6c6a926a
earning ,31f7bc25c2c4afc6
to align,c62cdc5712df2300
 and tra,f18512fef6bd4c64
nslate C,6f1bdfe310c4715c
oRR  abs,eff2f35decfcb0ef
14090473,75ef6e51eef021cd
 2014 3D,ec3a22ae17dcdd16
enny Bri,cd40309afbbfc53c
tz Anna ,0d0f4169592d896d
Goldie M,83187b95df2fa7d1
inhThang,0a8beaea552e6706
 Luong a,7a579e9e1734c0b5
nd Quoc ,4a34c020bb7b3c72
V  Le Ma,6e1064f0d0496266
ssive ex,fe691573b32fc2b5
ploratio,9629740809fdc411
n of neu,7dec5368981f0c3a
ral mach,51d6697edbc43745
ine tran,e82da0d5ef0f8fed
slation ,eb69a80c17c9213c
architec,3db0cc22580de628
tures Co,6b1645c771765c3d
RR  abs1,1bc4d9ad0220ca0c
70303906,aac6d30babbec343
 2017 4J,703354246867ec88
ianpeng ,1d45862a7b6a050a
Cheng Li,804f7f086020067e
 Dong an,6f823cb4db058c2e
d Mirell,ab1ec08a819f9a42
a Lapata,88ef10a9cbbbe808
 Long sh,cd1d5f94ed021922
ortterm ,276d67f670d20cb2
memoryne,a0139337f121bbbe
tworks f,be61e0f856ca38aa
or machi,cd3037834c4f02d7
ne readi,84cea3756cc7753e
ng arXiv,a73f10fa2cc4f16a
 preprin,56aa71c62beeff58
t arXiv1,774269fd1432b52d
60106733,0afccdc2a2b02ce1
  2016 1,264fe31353a0dba8
05Kyungh,73df77fcf19dc731
yun Cho ,7c6d4b33a769f18a
Bart van,8d4e853c6c2d0e8d
 Merrien,4a23911c1b3f0f91
boer Cag,767b345ccd16ab9f
lar Gulc,3c84d0b81b1b1540
ehre Fet,1ee134dc9e7d9d30
hi Bouga,1b646b2b20d0c9f8
res Holg,0fdc5bbb6dfe04ba
er Schwe,93f9516566bc208e
nk and Y,4752ed202ae10144
oshua Be,bd6a7fd5a6a338b6
ngio Lea,7f455c5f2404d67e
rning ph,5be720bfe56ba15d
rase rep,11cc93823f1350e0
resentat,3ea5d67c583c288a
ions usi,a12973f3d9692239
ng rnn e,d3f2ff9d74f5c555
ncoderde,8b2d0e462c4f73d9
coder fo,3da20d3a69b46884
r statis,dc969c5b3d4693c9
tical ma,39d1b25aa51c5b4e
chine tr,e43a414aa880acd9
anslatio,a4bc4e6dd7893799
n CoRR  ,631db6ce5415372f
abs14061,e78df311c4d461a6
078 2014,7c624940ab2e2318
 6Franco,d71d1b904a30b2ce
is Choll,9e6fca9f6a038f18
et Xcept,e72e15b98e2c9231
ion Deep,86263dfa4e565acb
 learnin,c7004bc1a33676e0
g with d,05de503362a4a955
epthwise,3ce4f159830e1359
 separab,7963516616906d68
le convo,9e42b8e3830c7ae6
lutions ,01236139bdccccb6
arXiv pr,cb81fe87445aa567
eprint a,0b49c8c9fac42fc7
rXiv1610,89af19b02d2cb0dd
02357  2,92402ca3dd8848b1
016 7Jun,b829737e7f8bf602
young Ch,fcf71f3cab60e8e4
ung agla,b3384a44e411e903
r Glehre,4a115f9fec5e08f8
 Kyunghy,8318d895ace61b41
un Cho a,c80b5cb6eaa9c885
nd Yoshu,4b33934052544845
a Bengio,6e0094489ffb7730
 Empiric,3a12859a3993b2f3
al evalu,58371977621717f7
ation of,e6db322e6e75a1da
 gated r,80b2476c0ef31530
ecurrent,4eba1ccf8bb490fa
 neural ,8a5a364a82a4c1bd
networks,4c3b0319c09bfbc9
 on sequ,3ceb6c408de67390
ence mod,a9cc0103250d5704
eling Co,44ac92902e5c6491
RR  abs1,1bc4d9ad0220ca0c
4123555 ,aa847775f9628224
2014 8Ch,6e778daa09d43cc8
ris Dyer,f8a8389c5e0bc369
 Adhigun,90811d655faee9b6
a Kuncor,e10e996a12534fa6
o Miguel,35fb7c87ff3fd1fe
 Ballest,1f57c3e37c37e9d9
eros and,b9b96fb59f3168ac
 Noah A ,b7c3733e8bf4e500
Smith Re,bd22c4495ba5a6d6
current ,05e7bae1e2dbf62d
neural n,b417d7ef9ad9f6b1
etwork g,8bf3f937b36e174f
rammars ,b1cc51578fa3717f
In Proc ,a346d1abed55392f
of NAACL,b343cc93d1b90a3e
  2016 9,c3bb2b275fddec41
Jonas Ge,e9acba604cdf7064
hring Mi,797c1d2801be8912
chael Au,1a735bda4d8ad500
li David,d8c5c1d627cd2e4f
 Grangie,ec46ae074436dfd7
r Denis ,71b538043d5b1b17
Yarats a,e78d5cfcf5719710
nd Yann ,d59ffc9496c008db
N Dauphi,5129b45de916229b
n Convol,aa2fa323175f8714
u tional,6da49ed4e7f4fb8d
 sequenc,efacd2e81eaffe5f
e to seq,5070ede82bd81781
uence le,cc45524966711267
arning a,2304961d9fb98c42
rXiv pre,4bde12db490bd7dc
print ar,e37185b0d2020431
Xiv17050,351482ab899bce54
3122v2  ,662afb92c3eaa5e2
2017 10 ,41fefac04f4e8dbf
Alex Gra,db897a5d626556c7
ves Gene,873c81fb9ba27401
rating s,20dcc2879620f968
equences,ac5d2d7534ad85ef
 with re,45287b298aec96c7
current ,05e7bae1e2dbf62d
neural n,b417d7ef9ad9f6b1
etworks ,fbe5252da2e670eb
arXiv pr,cb81fe87445aa567
eprint a,0b49c8c9fac42fc7
rXiv1308,cc02cff263f4e824
0850  20,0ca4b0a945f3e0bc
13 11 Ka,2fd26472ab479731
iming He,b60eea8c24b712d5
 Xiangyu,c6849b3d740f48f2
 Zhang S,57d2a356a7ea54aa
haoqing ,07e10544bbe1abf8
Ren and ,f632f10d587d2281
Jian Sun,1de85b8d9cf4a673
 Deep re,af312a13018d14a5
sidual l,0ba4d71c3e9cd4ae
earning ,31f7bc25c2c4afc6
for im a,87776d648613f97a
ge recog,80c084b3b08e988f
nition I,4acf049bf8601a16
n Procee,91046dda724c20e8
dings of,c6efb8b6dc428e12
 the IEE,17419012aae3e2f5
E Confer,03f38cf3cfea6c0a
ence on ,34ad8720ea5c5886
Computer,f39e4098062fdc80
 Vision ,4968022c321f7e54
and Patt,37be1cb2f0789c0f
ern Reco,758314f926b66e9f
gnition ,751c161c96523e18
 pages 7,6499cdf8151f1faa
70778 20,6f6eafa92cd17ec1
16 12 Se,8d1aa94a17448201
pp Hochr,eba97a1aea6855ab
eiter Yo,ef67ca92af631445
shua Ben,1d20cb2ec13b9d6a
gio Paol,110bdf3a8bd255ec
o Frasco,2af6296e45153764
ni and J,905faa1fb972c77c
rgen Sch,675f4f076e427527
midhuber,3d2f06cae0f001e0
 Gradien,4f2ccb466810430b
t flow i,eb19fd765a760c5e
n recurr,cba8d5df4d7cfbf6
ent nets,b675119837291f0c
 the dif,e71c276c1a775e71
ficulty ,e1aacfa5f8b2e8aa
of learn,551aa24a411d1e46
ing long,17a6af1cd78e9082
term dep,22fda10d6d0f3055
endencie,c592115eb83f19eb
s 2001 1,059a2887c29ae0e9
3 Sepp H,30d8bf3eab9c8650
ochreite,3f70ef31e48e91ae
r and Jr,c91842a55da75980
gen Schm,06fd31a2c6a35556
idhuber ,a9a8833d9da8e8b2
Long sho,509380c7e457995a
rtterm m,020e18440581be4a
emory Ne,2443985b2d0b3a26
ural com,5ef155baa4e62141
putation,d56452820bb92628
  981735,32a7b0483e87c472
1780 199,2de231d58700062d
7 14 Zho,b86403bd84357274
ngqiang ,dd59cebddb0f6bdb
Huang an,5d92d42d5697a71c
d Mary H,69b984126888e532
arper Se,21adc54fdff0feca
lftraini,4b06021047951084
ng PCFG ,757b09c3ffcb2a84
grammars,3360f46b39246dcd
 with la,724799a37250075e
tent ann,63eb5023382bb6fa
otations,3bc6d04364f06e30
 across ,631ad66c76f03d97
language,02657d218f699a0c
s In Pro,3069972f50621023
ceedings,6f6f8484b58f8285
 of the ,0cf3b6609c103dea
2009 Con,2d62bf2aa26714c1
ference ,4480b0aca5f81f81
on Empir,0d8b99c76b3bf869
ical Met,e9ac6d6a34db5b81
hods in ,94a084e83ffc242e
Natural ,3ae9e1dbe76ed9e4
Language,7e97403a9600fa03
 Process,74f1ef2f6827c86a
ing  pag,612c91f418dde46a
es 83284,fdd10bdcb4c35107
1 ACL Au,b5fcb06d43a0294e
gust 200,ff33228636958773
9 15 Raf,13f3a8e7c9a5af80
al Jozef,ab7a93725afb637f
owicz Or,788cba736d94a9ec
iol Viny,838617d0c4bb40c2
als Mike,c6b7d5a2aff13a3c
 Schuste,4b59651e23df4d30
r Noam S,e3908020426e49da
hazeer a,250a5d4d770f72db
nd Yongh,70743721ca8e5e4d
ui Wu Ex,499477f3a1b840de
ploring ,a62fcf43a5b17f34
the limi,8bf9374b0f5e46ec
ts of la,856cb008cc2824bb
nguage m,ca1b149d9d9d82f2
odeling ,4c7e2c5b819adfe8
arXiv pr,cb81fe87445aa567
eprint a,0b49c8c9fac42fc7
rXiv1602,e84bf20bf10ef69a
02410  2,3e86be79096fa90d
016 16 u,3e0231f1409e8366
kasz Kai,08f537911ddebf05
ser and ,8923f30307a12ccd
Samy Ben,d27a8e6dde7cad74
gio Can ,07b5f3c54472d27f
active m,efbb122cad2cb0f3
emory re,707daf630f30fadf
place at,aab4156ec222c745
tention ,20747b9e0a9bceaf
In Advan,a086896201ba9e49
ces in N,261e50a40984a6ff
eural In,c2383212dcb91eff
formatio,3f384dd582b96701
n Proces,43d57d8a960f6d23
sing Sys,e6be852abd96459f
tems NIP,fa15348693231546
S  2016 ,5e2018db58cb0fbf
17 ukasz,ae5737bbe370bb72
 Kaiser ,cf20b625c0da2cc9
and Ilya,2a431b60ec8b215b
 Sutskev,f22a6a94eb0e257b
er Neura,c6d23263b48f542a
l GPUs l,b0ea7175a1d895ec
earn alg,a093d3ad14835498
orithms ,75bf55f4fe6d3afb
In Inter,78f70972dc62f866
national,90f9f8faab67d766
 Confere,66e302c7e7ac6178
nce on L,aeff0c9f3cb91211
earning ,31f7bc25c2c4afc6
Represen,99d9726ca000341d
tations ,d35aa1a5058b4862
ICLR  20,66d25522961294b2
16 18 Na,b21265318c3377d9
l Kalchb,f8f97efe133999b5
renner L,a8075a02054a8059
asse Esp,7706fcf0d8044779
eholt Ka,3205569a799b37e3
ren Simo,88393a01449e5fa8
nyan Aar,d0d5fc417d510ffc
on van d,a09a4d9f4035233c
en Oord ,45f0359c96109395
Alex Gra,db897a5d626556c7
ves and ,275f083076160527
Ko ray K,39d6f75a4ecabaef
avukcuog,f707cc5c9f3fc9ba
lu Neura,fdc519651411b367
l machin,901b7edba6d10e0d
e transl,cfcb6a32691f0336
ation in,87ab8017e7d4074d
 linear ,f705b99a47c5fee3
time arX,20526440b1a1554c
iv prepr,1b82cb2276e5ed59
int arXi,602cde6b7f291d16
v1610100,e278db3b4a1d008b
99v2  20,213ad04203396378
17 19 Yo,ad4b053adc3c27b7
on Kim C,8000815f4c2a8e41
arl Dent,8efeabc85e99eac3
on Luong,3d6e96fd87d1d791
 Hoang a,c079b42a9bac1bec
nd Alexa,a94c3106559e0ca3
nder M R,5752444f931b0334
ush Stru,79056b62f24ea24a
ctured a,c5893a426af9df15
ttention,72bfbba3e7297e22
 network,f19ac6c3acb920a6
s InInte,f9f9249106696c49
rnationa,bad33f99c63257cb
l Confer,fd4019b067e4be50
ence on ,34ad8720ea5c5886
Learning,3943a2a232122df9
 Represe,cd2cfadaba461a11
ntations,e55b30dd58adbe91
  2017 2,65a4983b2e78b726
0 Dieder,309de41f1beda50f
ik Kingm,e5f4d0ad108dceab
a and Ji,543ca45a5189e2df
mmy Ba A,799e8d9bcaa9b03b
dam A me,36563a045a768046
thod for,de6ec5d24617ae21
 stochas,e03c86dc71d5c32c
tic opti,815de5166b6f0c0e
mization,84b9b66777e0839b
 In ICLR,8991cfd560bf4eff
  2015 2,c039a663963ad12f
1 Oleksi,67eb4e5eff7da24d
i Kuchai,4f4e44e0adb0fbab
ev and B,db0b6eeb1357a26a
oris Gin,1c1883adba817049
sburg Fa,472776326c0fb9c7
ctorizat,1ef2acb9d80df485
ion tric,2f46ed504a4ca204
ks for L,18f55e4206abda8e
STM netw,5e31cbcebe2a957f
orks arX,187f44d188efcb60
iv prepr,1b82cb2276e5ed59
int arXi,602cde6b7f291d16
v1703107,b963857474e67cfc
22  2017,20382f2a47a80a94
 22 Zhou,722465f48d5fa2a0
han Lin ,7833013a8b907037
Minwei F,d688246fdf34b0db
eng Cice,6156cbd7da69e7b6
ro Nogue,7ceb95acbec99cc4
ira dos ,8dc15d73ee9760d9
Santos M,a543a4786527eace
o Yu Bin,430e9ed363e1fa0f
g Xiang ,c55ef20e3393b566
Bowen Zh,4954bd6ad67be6af
ou and Y,6c7b27a64b613607
oshua Be,bd6a7fd5a6a338b6
ngio A s,fcfc3073d44413e5
tructure,0cbd2a5dcade517a
d selfat,4cda2742abff4b85
tentive ,3ac0af1e7eba6c37
sentence,23a0e54b1e994034
 embeddi,6b88025fff9a4fdb
ng arXiv,a73f10fa2cc4f16a
 preprin,56aa71c62beeff58
t arXiv1,774269fd1432b52d
70303130,0298ace8a9783cde
  2017 2,65a4983b2e78b726
3 MinhTh,2fde43b8d855e3bf
ang Luon,0fe02862af2a90dc
g Quoc V,b198adf572ad3012
  Le Ily,59a84bbb175786ec
a Sutske,323c918d5a5e395e
ver Orio,b808204e7cbab62e
l Vinyal,ae00903b83f97ec3
s and Lu,ff419e6ef2d04042
kasz Kai,08f537911ddebf05
ser Mult,04291537a2e6766e
itask se,346d487eee81ff29
quence t,ee507a559cf0b31e
o sequen,05af024f6309a86d
ce learn,c2d55018ef8d368a
ing arXi,91bef361cc8ec8ee
v prepri,778c8c663e06c276
nt arXiv,19da5c3b064de325
15110611,fbc51aa784da5de8
4  2015 ,1321786f618d8c54
24 MinhT,d121658152137a38
hang Luo,9ee42590c4ee70f3
ng Hieu ,a57540d514b40a2b
Pham and,34ba9b3dd4dce183
 Christo,80202fdbfe0d6794
pher D M,e49c1ab5a3169d84
anning E,1f2abf2e6159b7ac
ffective,d95ed9289368a438
 approac,7221a1f8311d05e7
hes to a,f5f517f1766be496
ttention,72bfbba3e7297e22
 based n,7f790b30fdb3da8a
eural ma,62cb61bbb4018f8f
chine tr,e43a414aa880acd9
anslatio,a4bc4e6dd7893799
n arXiv ,a605a1dfc7f98c78
preprint,1179d58daf8cf8d6
 arXiv15,3cba257cd2808739
0804025 ,67ab679c69377e99
 2015 11,9bbd2c3852e64f69
25 Mitch,c91ec9b3042b4bd1
ell P Ma,b9c25dfa362ea7ae
rcus Mar,ff453f319b6137c6
y Ann Ma,a6d96e7918639e83
rcinkiew,4a97908b4d88295a
icz and ,f7002454149141ed
Beatrice,4ef8a2edd384535e
 Santori,fc69259e79b32ac2
ni Build,c3ea13d2086bd075
ing a la,53530dc279d381f6
rge anno,576f1736ac66c524
tated co,40849822d7bb6aed
rpus of ,22d0f85cec5acb67
english ,a24868eccc68d9eb
The penn,f9662a5589659593
 treeban,d17b8ad3a33a1b30
k Comput,b16c3c327158eb1e
ational ,0a6b71fb92fcbaba
linguist,56d742712177b8ad
ics  192,b90a9c608c88eba5
313330 1,fc7291ba290ac30a
993 26 D,6b9a7148fd40c644
avid McC,ae5a83831c29df82
losky Eu,9d8fbaf4638683bb
gene Cha,1d785b8b1a42dd4b
rniak an,bac3aafd41e693e2
d Mark J,25b0952604a4881d
ohnson E,9d84aae42c109c1f
ffective,d95ed9289368a438
 selftra,b48c32056f54008d
ining fo,4f800e3cd124e2a1
r parsin,64bc7aee7d085984
g In Pro,9e2e44e8bb8e10a0
ceedings,6f6f8484b58f8285
 of the ,0cf3b6609c103dea
Human La,e29fc3dbddc83f3f
nguage T,f7e0288011a2411c
echnolog,5b70a58fd26c7006
y Confer,35e0fa5108b67d92
ence of ,6283f4de25344fbb
the NAAC,a8e7123ed794cdc6
L Main C,96c6f462ef9dfd1e
onferenc,cb44fbd7cc616ad7
e  pages,397a2b56e8a97cb1
 152159 ,c61adb259b1f568b
ACL June,412f64017df4b140
 2006 27,828a495b899aa04a
 Ankur P,67d0dc8005460e20
arikh Os,9a7c2156a16bcda7
car Tcks,0d3375064b78ecfd
trm Dipa,2ec4fc429ea2f74d
njan Das,69a4552f1774cd77
 and Jak,aa7cbc8f19abe307
ob Uszko,257870cbd310598d
reit A d,1e21d120b41c8118
ecomposa,338506ba0d52c70b
ble atte,1f23f7f1027fb3d3
ntion mo,d4ad7aecb3e33966
del In E,3e1ce97932bfec9e
mpirical,f1e03b660b274809
 Methods,e440e1564ac93985
 in Natu,8f9848ebafa64e1e
ral Lang,f8b6bb9d60cf1af9
uage Pro,2924a04dcea5f6eb
cessing ,60a8b63ca174e65d
 2016 28,5cb8522c04d3c339
 Romain ,0d0cdddf1db94537
Paulus C,22a7019e38027ee7
aiming X,53b82b0f495c8221
iong and,60c6ec79397180d8
 Richard,c1ea04c001d0297c
 Socher ,fc727a6b05bd8ae5
A deep r,7162531d28534601
einforce,ca033f6fa4739b1e
d model ,48311365b2eed40a
for abst,f91691d956dae041
ractive ,f7c876aebe5d4cbe
summariz,2cd7f7e5df557b6e
ation ar,a5964fff357bfc3f
Xiv prep,2af510334f41f8a7
rint arX,36cbed5644b2b7a5
iv170504,c9e554d18bedc46d
304  201,c2a2dfa218436e2d
7 29 Sla,991daed5cffbe056
v Petrov,da5ad419816f240e
 Leon Ba,5bcfe918ddf049f3
rrett Ro,9bc6e58f255aee23
main Thi,285e398996c8d440
baux and,d1ab2239c9b43b36
 Dan Kle,3ab4347d4870a1c4
in Learn,43ef59e6762b8b4b
ing accu,6d3ce412a6f1bae1
rate com,16b1a15026b61027
pact and,01f5374290caa108
 interpr,1415fa524e44a366
etable t,58abb3e7888a926f
ree anno,54cea155ae0f6211
tation I,bf4070318900cc7b
n Procee,91046dda724c20e8
dings of,c6efb8b6dc428e12
 the 21s,6a7baa7b73c8f815
t Intern,d2b708cc28ea7911
ational ,0a6b71fb92fcbaba
Conferen,0f1d4fe5efd05788
ce on Co,6fe5065b6f71765d
mputatio,d0e919b33491cb25
nal Ling,02651b9de75d2127
uistics ,ae236aa91cc2ea40
and 44th,286ef740b3a7ffaf
 Annual ,233f016ab50c85ad
Meeting ,b70b0558a4fced41
of the A,f593d2b9676098b1
CL  page,172f95dd44a37cda
s 433440,f18bf17910b41a7b
 ACL Jul,e09f3a72de7c2397
y 2006 3,c422fde5fb9b1b2f
0 Ofir P,d69000f1863407b0
ress and,94680c25c5662685
 Lior Wo,546c6a4891cac6cc
lf Using,7deb6c6e3131e770
 the out,a10cb76c96146ab6
put embe,4ea1ff462bd723b1
dding to,13c8e7cf2cae246a
 improve,1fe488a5471a67f3
 languag,6fae05e7315d1da3
e models,f528551f59a694be
 arXiv p,9926f4130885d93e
reprint ,bbdeb0396b1d3ee8
arXiv160,c321c573bf04c2b0
805859  ,8a17979238201590
2016 31 ,281afbac8c538ebd
Rico Sen,96f1af710c92951b
nrich Ba,9bafbf6cb11f8a1b
rry Hadd,6796687df9d92091
ow and A,f6788b9cb04b3b75
lexandra,233d5a2194ac58f6
 Birch N,d75d81983d15261d
eural ma,62cb61bbb4018f8f
chine tr,e43a414aa880acd9
anslatio,a4bc4e6dd7893799
n of rar,650b704f72ea83e0
e words ,98f97664712acaa3
with sub,a695c0924cde0ae6
word uni,5cbf8b84ace19c99
ts arXiv,23c79f7cc06a99ad
 preprin,56aa71c62beeff58
t arXiv1,774269fd1432b52d
50807909,29037bb32679f5b5
  2015 3,693e88ba0f25d966
2 Noam S,86b0c56784b58004
hazeer A,39abc9dbe9bba14a
zalia Mi,a2186b0228f255d5
rhoseini,bcd829c56c52e30a
 Krzyszt,a3d5ae8014e7ba62
of Mazia,75342233470b9841
rz Andy ,3adf0149d4b9a14d
Davis Qu,4fa19a991537a95f
oc Le Ge,d919b156ac63b550
offrey H,5642923862aec1c2
inton an,a1ac796e0283a468
d Jeff D,4ffabf11647df9bd
ean Outr,fb4f428eab255352
ageously,124d284b4f7e0e99
 large n,fd3322c6a56c2527
eural ne,59fa504ffa3354e7
tworks T,899aef158dc1329a
he spars,671872181d47be4e
elygated,55b54d2e447d004b
 mixture,f6ee506f1248b298
ofexpert,50c682efa61163bf
s layer ,7f460fc952834e44
arXiv pr,cb81fe87445aa567
eprint a,0b49c8c9fac42fc7
rXiv1701,9f8cf8264d5f9b27
06538  2,d4142eff8e1763b7
017 33 N,2ea289fda81e7b71
itish Sr,f1da5fa9df5eef63
ivastava,fc0217c3aedaffe6
 Geoffre,b987ccc91921d1d8
y E Hint,745488507a18f1ea
on Alex ,3d2900a3e6cc7e48
Krizhevs,092be851602276c7
ky Ilya ,4bd120bf2d869f74
Sutskeve,98d3e213488211b3
r and Ru,41ebb9359b2d5c8f
slan Sal,ad58b9d74f358e58
akhutdi ,764967652a73e6db
nov Drop,ccbaaec99e1f9faf
out a si,c8dc16434e45eb60
mple way,3e94dc205d28c276
 to prev,de3dc0d1b1be0b11
ent neur,e5d044e438f55a6d
al netwo,6e49a5f17c2b92a8
rks from,1dcbbf2648b807f7
 overfit,c2b85ff54b12f0ce
ting Jou,aff2257ae401775c
rnal of ,342a716879249b04
Machine ,8be5007bfc143370
Learning,3943a2a232122df9
 Researc,65a448fa34c873a3
h  15119,1c226f952aa40d9c
291958 2,8f79e8a6c7925ab7
014 34 S,74070f6828af447d
ainbayar,2da7a6e3c7c2d2c5
 Sukhbaa,bc1db829ee8f96fb
tar Arth,ce8c694a5f5ee2d2
ur Szlam,f04323dac36ad339
 Jason W,0e83525c64f71dbc
eston an,acdf1769af014d6b
d Rob Fe,7005af744417aa25
rgus End,13dcb64cbdf7d933
toend me,76fbff6971462f9b
mory net,bdfa31eaf056a7c5
works In,2d288af57caaf199
 C Corte,892e0348ff717f37
s N D La,145c7df40ff5a554
wrence D,34bc2ba9e0890631
 D Lee M,ed3d96f9d1c8237d
 Sugiyam,dbfc9b8602427779
a and R ,e1b1d0f8ac6c7033
Garnett ,bc140c83bdd41739
editors ,542808a6b356054d
Advances,3bc8290d2f395b41
 in Neur,04a73d85e1b75d2a
al Infor,1ee466c96eb60b20
mation P,03768f70d77f6487
rocessin,b42a22c6cb223b3e
g System,549c5e7e55ec10d2
s 28  pa,25bbc7165ce7232d
ges 2440,8e1b93312c4bb23c
2448 Cur,0d698c7821c1b8e3
ran Asso,54bf8ba870d1a134
ciates I,433ffd0572a193b3
nc 2015 ,671a168723f86534
35 Ilya ,4dca0c89f684e928
Sutskeve,98d3e213488211b3
r Oriol ,d2aeabaae39baca9
Vinyals ,91dd3541c1dc85c7
and Quoc,d5ebc1315b03723f
 VV Le S,bfa19ca0ecaf518f
equence ,2fd1721e786a77a8
to seque,30935f587cf3e5dc
nce lear,687d9daae9e84b11
ning wit,21c011364cfa9adf
h neural,9742669804249574
 network,f19ac6c3acb920a6
s In Adv,58a73c49b9a86d72
ances in,bfa7a73bb3cac33c
 Neural ,a38732f5533c9c72
Informat,5826914fe03635ec
ion Proc,cd623a187c9465fd
essing S,c9e3faca191c11da
ystems  ,03b04206f6f59833
pages 31,85514d7b84334b3d
043112 2,f1916fbf72aba5a3
014 36 C,f48b124e1ceeb2b6
hristian,520c9af076d25b63
 Szegedy,215a594ca8c5687a
 Vincent,5edd4d23939bb0ce
 Vanhouc,0ae7a58e5cff75d7
ke Serge,e17d30110e7e1f8d
y Ioffe ,876fc41e46b6bfdc
Jonathon,8ceb43d3c27ed7dd
 Shlens ,a6f0d91e90c7b741
and Zbig,883165d942d01bf3
niew Woj,f6c70fe0e8804152
na Rethi,5a7ff5a4df989265
nking th,ff7708dfce07a260
e incept,2018db37d84e416c
ion arch,c1245ad6bce0b2fe
itecture,59129a434ac28b24
 for com,fef668bf725dce83
puter vi,9b02baea40a84f36
sion CoR,dbdcb739f99a2b47
R  abs15,600677bb8b657cf1
1200567 ,b57087b1639af825
2015 37 ,fa112ed38dde9a52
Vinyals ,91dd3541c1dc85c7
 Kaiser ,cf20b625c0da2cc9
Koo Petr,e4042861d35aed7c
ov Sutsk,0614352c04927e2f
ever and,926cdc8333a5cf15
 Hinton ,d73f721d6a2ccbd9
Grammar ,11320b01d3b337c8
as a for,90b9f9b6f96ebd40
eign lan,e1d8acfadfba0773
guage In,e90c42877f7cab90
 Advance,fb44272f1d8241f2
s in Neu,adb3db52550338d9
ral Info,6dac8477a210ea02
rmation ,5ee0d1841de1623c
Processi,985b0004440596f9
ng Syste,4d99aadb4d87c5da
ms  2015,de375301df9880ea
 38 Yong,a4f928ed567a692c
hui Wu M,c431cb7e26236489
ike Schu,692310a8ae8c8085
ster Zhi,13935b6c61276806
feng Che,372074c577906a75
n Quoc V,50af17ff9f08c4e0
 Le Moha,3a63e6c0064f5803
mmad Nor,658aa7dc58f7477b
ouzi Wol,68926143c54cbd2a
fgang Ma,7cf75733f1a1556f
cherey M,3c5c433e7b3501e9
axim Kri,226305384a39be18
kun Yuan,114b58a78d01266b
 Cao Qin,b0440e7a919611b5
 Gao Kla,6267b294f27f941e
us Mache,4debafff199379ee
rey et a,b95e6adb832b4d60
l Google,eeacfc0b05807cab
s neural,163eac80f566d8da
 machine,42a17eb7b857fdd3
 transla,68c40834e655fd98
tion sys,ad9fae67b6d03545
tem Brid,d7695ef9239eea45
ging the,2804146d9a4c1a3f
 gap bet,eb9236a7c0649d57
ween hum,077b7ac8f3f14b0b
an and m,fd6b627446ac79f5
achine t,363047eae89f450f
ranslati,69af53da1205525d
on arXiv,9fd1ac632a82f500
 preprin,56aa71c62beeff58
t arXiv1,774269fd1432b52d
60908144,ee5ce609f8d8e3e7
  2016 3,9e20d5ea40acd64b
9 Jie Zh,266962d8bbfd67dd
ou Ying ,58c7d4d2e2d8f079
Cao Xugu,f7f5a4ff24757726
ang Wang,9e63ec3552aa4780
 Peng Li,a5339d00865564eb
 and Wei,7a32b67d7a635145
 Xu Deep,e72de4accb6ab4b3
 recurre,053f276f6a568ac8
nt model,48ee16a0cd6e3549
s with f,b30662f6577432e8
astforwa,c13e19a4dc324faa
rd conne,45b834c6bcd839b3
ctions f,cafd200d04751891
or neura,401c81dd06edec44
l machin,901b7edba6d10e0d
e transl,cfcb6a32691f0336
ation Co,086966a71d984d6d
RR  abs1,1bc4d9ad0220ca0c
60604199,aa8eddf117c7b29b
 2016 40,09793bf653749ba4
 Muhua Z,d53fe6ee2b579a90
hu Yue Z,f7a12e78f1a684bb
hang Wen,ac2758ee57114021
liang Ch,c0014eaa5d43c306
en Min Z,971c19b6a92f11d3
hang and,aea62eab56ec6cb1
 Jingbo ,c2ec4e5b6821c5e1
Zhu Fast,992ff271e7e5549d
 and acc,99f1f9057b9583c9
urate sh,f969a5096d4e87d0
iftreduc,b18ce4427e151a68
e consti,a5b4cf9e8710c343
tuent pa,c1db0d0d228a3471
rsing In,ec4523565480281d
 Proceed,49b9f727b62ef944
ings of ,67c421136d419b81
the 51st,461b5da58abdab12
 Annual ,233f016ab50c85ad
Meeting ,b70b0558a4fced41
of the A,f593d2b9676098b1
CL Volum,75a3830cbfa68856
e 1 Long,2daeee2cc11701c6
 Papers ,013b0455fdafa0ae
 pages 4,4bdcd3e535aa0e86
34443 AC,bdeb49e34af5a2b3
L August,0de254e884bb4828
 2013 12,397bc27b81ca50b5
Attentio,6dff5ac5be45301f
n Visual,31da629a22865d95
izations,459e24f000225884
 InputIn,ab8fec8c9b492479
put Laye,1bdbb798245c435b
r5 It is,c9fdd79dee7ed17c
 in this,e0895d3778124ab2
 spirit ,97e6c30c758bb834
that a m,fbf46aad358224f0
ajority ,656bfb17bb1b8e66
of Ameri,5a7ef13f9a15f8c8
can gove,d1de0cac08e1f0b0
rnments ,dd2932fec4781b49
have pas,9373f0281ba4df0a
sed new ,c06569d2c3d6d9eb
laws sin,cad49726aba5aed5
ce 2009 ,20885f47bb50c65e
making t,fef12cd63aba21a1
he regis,971324d448c6e68a
tration ,5f2f7b1c03f5a2d2
or votin,2aa8b14e59aaa3fd
g proces,37da02b8ef71ea1e
s more d,0e46353ed1a42d24
ifficult,67530cfd74bc03e7
  EOS pa,943cecfa6c48f35c
d pad pa,83e8aa7ded6f258e
d pad pa,83e8aa7ded6f258e
d pad It,28dd2b83fe6bbb26
 is in t,b4ed313c2c9e6ab2
his spir,b00b9151b2581ec0
it that ,61619e3b37fc0e26
a majori,b26f5557b271095e
ty of Am,7ef5b9fee87228c3
erican g,9e8f67ff703b949c
overnmen,a3e19d24d95566ce
ts have ,409a9c3ac3bfe097
passed n,e8db5106e87553b0
ew laws ,29835de31460c329
since 20,e621b7e10a26e22f
09 makin,c3f040dbb0f88ce2
g the re,f8e2dab86139938e
gistrati,55852eff535e10f0
on or vo,6173c18f209afebe
ting pro,0d18b2b04f8d0ee5
cess mor,644a53690a343e9e
e diffic,b22aace70e963194
ult  EOS,f18b497982f3da3f
 pad pad,6dba69b92b68f962
 pad pad,6dba69b92b68f962
 pad pad,6dba69b92b68f962
 Figure ,26fe1e2f0a24127c
3 An exa,efe43490ad21a031
mple of ,554cbbfcb57b60c2
the atte,a6a2b676d656c0ad
ntion me,6409ec7507e03be8
chanism ,58db26d5a7a685b0
followin,10963fa2045b409c
g longdi,1bcee6dadcc6c21c
stance d,02282457d1bd2b94
ependenc,09eb57b3c57131e9
ies in t,98ec8449a0e0c6d6
he encod,fef1f3b6d6b3e883
er selfa,f9f435df4e1d3d26
ttention,72bfbba3e7297e22
 in laye,2790196e535077ee
r 5 of 6,63015c7e55fff272
 Many of,8e873b94ed6fe434
 the att,2f2ec2df5d61d393
ention h,255c578af4df2d8b
eads att,3544ce327ce61a88
end to a,03001433369afeb1
 distant,4de3ab3f2ece89f8
 depende,4a49a2ec50b908c8
ncy of t,f3aa5799c5524926
he verb ,b8855996c3211944
making c,693b0559f70f7473
ompletin,4110fe04a13c24d3
g the ph,05d9ceb5300989f3
rase mak,bbbbd7eb5ba77930
ingmore ,c3d2fd16616a28a8
difficul,3fd454e61ac9600e
t Attent,523f8309cff8efd8
ions her,6b587137f6ea89d2
e shown ,682dcdf7a0c18efc
only for,774caadbaeac0137
 the wor,e9ea93e3b59d3433
d making,3f314a88a96b6d86
 Differe,6d53e482a6d83cd5
nt color,9d90cfaf49f4da1c
s repres,10275b959b5b9ac2
ent diff,e7d98d824e625c5b
erent he,a9a5c276050fa2ea
ads Best,bcbe375ee9b475fc
 viewed ,f3daa69daa96fc67
in color,c117b1b9f1fe3583
 13Input,4d4ef1d1178d91cf
Input La,80d58face4158742
yer5 The,f25e9f0e59d6015e
 Law wil,4bdba42224642d12
l never ,7dea4dbde33d18a5
be perfe,71dea2a1f35db4d5
ct  but ,d4a5ffd2a1695c05
its appl,be93f3665937a2c0
ication ,8796a78a4d2305e5
should b,544779ef2f5e77c5
e just  ,8a3df1a9272ea44f
this is ,54da044dcba14498
what we ,231dfb32c1919d4f
are miss,3e673897c025bde4
ing  in ,50a1425e108d0585
my opini,d32e386a44869cc1
on  EOS ,d175d77b14e068c6
pad The ,7e52ec20059e861d
Law will,ddde3c1e5c4866e9
 never b,99dd82080625d790
e perfec,eec697db8dc0f0a0
t  but i,188abe71f80f0b7e
ts appli,2793dcc51ba2c8e3
cation s,7a10db215a2ec043
hould be,c5a78a05b8674847
 just  t,8cc6df96800ae8d4
his is w,ff907ebd8c2672c4
hat we a,5b3e37a7cd1c39c1
re missi,e2f9002a6f0214da
ng  in m,f4b862ad78b24b23
y opinio,68b8b0e52395e8bf
n  EOS p,30248a9ca11db4de
ad Input,487f4830380b2ed2
Input La,80d58face4158742
yer5 The,f25e9f0e59d6015e
 Law wil,4bdba42224642d12
l never ,7dea4dbde33d18a5
be perfe,71dea2a1f35db4d5
ct  but ,d4a5ffd2a1695c05
its appl,be93f3665937a2c0
ication ,8796a78a4d2305e5
should b,544779ef2f5e77c5
e just  ,8a3df1a9272ea44f
this is ,54da044dcba14498
what we ,231dfb32c1919d4f
are miss,3e673897c025bde4
ing  in ,50a1425e108d0585
my opini,d32e386a44869cc1
on  EOS ,d175d77b14e068c6
pad The ,7e52ec20059e861d
Law will,ddde3c1e5c4866e9
 never b,99dd82080625d790
e perfec,eec697db8dc0f0a0
t  but i,188abe71f80f0b7e
ts appli,2793dcc51ba2c8e3
cation s,7a10db215a2ec043
hould be,c5a78a05b8674847
 just  t,8cc6df96800ae8d4
his is w,ff907ebd8c2672c4
hat we a,5b3e37a7cd1c39c1
re missi,e2f9002a6f0214da
ng  in m,f4b862ad78b24b23
y opinio,68b8b0e52395e8bf
n  EOS p,30248a9ca11db4de
adFigure,d8052a4bff79de7c
 4 Two a,1fc42ec083630ff3
ttention,72bfbba3e7297e22
 heads a,b6a695aff321cf4d
lso in l,199516465d26dd6a
ayer 5 o,370a0b9be1dc293d
f 6 appa,4aa5cda12708f4f8
rently i,6e554e8078185a29
nvolved ,8cd68cff83c600e6
in anaph,8d47f0d76dc39617
ora reso,ce021368c6d03da5
lution T,7c99a33b16d0219f
op Full ,883093cf457a9909
attentio,b636988a4016a87b
ns for h,d88b4edffc668f1e
ead 5 Bo,a2e3996f3da8d1ea
ttom Iso,403bd71d97840696
lated at,196e2d87231552ee
tentions,b13dedfdef89440c
 from ju,6e4d0a49f8bef845
st the w,66b4b1d50f22568e
ord its ,3b875d0c50188d6e
for atte,a50c9589771cc6c0
ntion he,64413b2da4463340
ads 5 an,c0b8abc3fe234d32
d 6 Note,1e8b9e0715edf3cd
 that th,be850fc462d33c23
e attent,d67382f44b86669a
ions are,e538f54e7d70b01e
 very sh,28e51a9822dccab5
arp for ,4ea042a1c4599fd2
this wor,5d9010757b3bc732
d 14Inpu,cd0895085a562aa0
tInput L,adcaf68270708927
ayer5 Th,41439970110c82fb
e Law wi,f58749df20960e5e
ll never,53874d8183a27aed
 be perf,bdce6c701d5da930
ect  but,d6c7206ef3110eeb
 its app,efbce26391112483
lication,a351ca1dd4310da7
 should ,f7c15710e3cc7fa5
be just ,79164c40013962c6
 this is,2023d6bd04cbcc82
 what we,6233004093c661d5
 are mis,be9803da751fd2e4
sing  in,fcea9b9b32d8aa60
 my opin,83ffab475e3794e9
ion  EOS,ecfab25582761d77
 pad The,c6456935d10f1faf
 Law wil,4bdba42224642d12
l never ,7dea4dbde33d18a5
be perfe,71dea2a1f35db4d5
ct  but ,d4a5ffd2a1695c05
its appl,be93f3665937a2c0
ication ,8796a78a4d2305e5
should b,544779ef2f5e77c5
e just  ,8a3df1a9272ea44f
this is ,54da044dcba14498
what we ,231dfb32c1919d4f
are miss,3e673897c025bde4
ing  in ,50a1425e108d0585
my opini,d32e386a44869cc1
on  EOS ,d175d77b14e068c6
pad Inpu,000c670cc4d78fec
tInput L,adcaf68270708927
ayer5 Th,41439970110c82fb
e Law wi,f58749df20960e5e
ll never,53874d8183a27aed
 be perf,bdce6c701d5da930
ect  but,d6c7206ef3110eeb
 its app,efbce26391112483
lication,a351ca1dd4310da7
 should ,f7c15710e3cc7fa5
be just ,79164c40013962c6
 this is,2023d6bd04cbcc82
 what we,6233004093c661d5
 are mis,be9803da751fd2e4
sing  in,fcea9b9b32d8aa60
 my opin,83ffab475e3794e9
ion  EOS,ecfab25582761d77
 pad The,c6456935d10f1faf
 Law wil,4bdba42224642d12
l never ,7dea4dbde33d18a5
be perfe,71dea2a1f35db4d5
ct  but ,d4a5ffd2a1695c05
its appl,be93f3665937a2c0
ication ,8796a78a4d2305e5
should b,544779ef2f5e77c5
e just  ,8a3df1a9272ea44f
this is ,54da044dcba14498
what we ,231dfb32c1919d4f
are miss,3e673897c025bde4
ing  in ,50a1425e108d0585
my opini,d32e386a44869cc1
on  EOS ,d175d77b14e068c6
padFigur,a574132a9feffb33
e 5 Many,38a2dfc845f807cf
 of the ,0cf3b6609c103dea
attentio,b636988a4016a87b
n heads ,46d62403013d2591
exhibit ,4a6e93f5ecf100c2
behaviou,83dfa3d09fdfb454
r that s,d16af6c444f65054
eems rel,96fe4d467b4a16ec
ated to ,5cb8c26c64951e98
the stru,c914871fcb7e3be8
cture of,d0a18b8dce015168
 the sen,e780319cf212d618
tence We,31287817435c7db7
 give tw,9faf3b9cf1508d8f
o such e,99cb9e03d3a9b2bd
xamples ,e848275ddfcf9283
above fr,05f588d9585d04a9
om two d,6aff8d8669644e5b
ifferent,49b6dc3749de2b14
 heads f,9667ab330f5e2872
rom the ,77392d9e98c3e5a8
encoder ,e2c5ad6c6bf343ab
selfatte,f777139930dd1301
ntion at,5b8b2a51838aaf1c
 layer 5,db6c065d9a169e91
 of 6 Th,d1fe58d1d904ac8e
e heads ,f2cf2f5a9e947bf8
clearly ,9c24baf44fb41527
learned ,c4146a05705f7e06
to perfo,94cb66bc4f279049
rm diffe,4e5de247bd9d9736
rent tas,10898b1fbbd7e7b6
ks 15   ,e4bf650da14aa683
