Plaintext,Ciphertext
aaaaaaaa,0e369699eb1b347a
bbbbbbbb,f339bfa7b9534d5d
cccccccc,d76de8b2055ed6e6
dddddddd,181e450e15a88cc8
eeeeeeee,8cde46ea02b59983
ffffffff,479835bc38f6fa93
gggggggg,baea224e25399570
hhhhhhhh,0c744c977c4b4550
iiiiiiii,d2cfea76433c2b3b
jjjjjjjj,66bde7fc0a4c643f
kkkkkkkk,b6976fef640d90c1
llllllll,affa5612486e0780
mmmmmmmm,6bd54fc7dc3ff56b
nnnnnnnn,95d2f7d084238d75
oooooooo,4f08ccb9a0f76fcf
pppppppp,7e4cc97f7ff778ae
qqqqqqqq,6086dfbef5b1e8bd
rrrrrrrr,a01d219b4c9f75ac
ssssssss,c4904b8a94cb15c7
tttttttt,a657a3f26eb2527f
uuuuuuuu,1e194e25146806a7
vvvvvvvv,69e22e72efc7016c
wwwwwwww,ddac0feec3034fdc
xxxxxxxx,64535dd0ac6add6f
yyyyyyyy,50df73d69ac5e172
zzzzzzzz,33340ca86bbd53e7
00000000,9eec8a19ee859826
11111111,b70d23500e3e0908
22222222,d857a77cdd6d382f
33333333,e7648d835004112d
44444444,f4435439a69d60b2
55555555,1e2c106f15b7b1a6
66666666,88d17444614e4440
77777777,9080447918fb1945
88888888,ef8f982acab9c4d0
99999999,984b5f10a3f11e4f
Provided,d56726efef36c242
 proper ,6b2aae2cace7ec94
attribut,f4916ddc449a868b
ion is p,21ba71a7e41a0bf2
rovided ,2bb4ed890c10d021
Google h,95a4af6ad6d90cb5
ereby gr,869caf8b910e1af3
ants per,a4d2d8f20455f90f
mission ,e5f0001c5fc5128a
to repro,d55854895e4733a9
duce the,7bef6f921c9bb530
 tables ,a05f4a3a58461189
and figu,6d5d3f99932868f6
res in t,7a224c0d66b3c76c
his pape,a97cefd0d1a6f262
r solely,e43a27b1bd5b214f
 for use,ff7c399cccc8c21b
 in jour,e73616940809a52d
nalistic,06181ba4995a0b91
 or scho,f380e8a54d472e2a
larly wo,1cf1ddc959e51cd6
rks Atte,031b13effe93110b
ntion Is,24c3ebead8ae4fc5
 All You,662a4c114bf8a799
 Need As,b2c4b665e3110aaa
hish Vas,0797f1418624f0f8
wani Goo,a3c3656192a3e273
gle Brai,678588169f2d6126
n avaswa,6286ccf93e1a7a8b
nigoogle,3da3e5e87c9a5dcf
comNoam ,f3f1c54add5cb412
Shazeer ,6d04997a78e35ee5
Google B,6e0d0b904d3b684f
rain noa,67ec473cdc655989
mgooglec,df9a0c80a6c63d3e
omNiki P,f18a7ecf9ba2d342
armar Go,9e450ec3429626e7
ogle Res,05067ec0bc695059
earch ni,de49f718d008f038
kipgoogl,0ee757a9c81d9aa8
ecomJako,9c1338d39f606af9
b Uszkor,2a12ea6a9bd5f416
eit Goog,180e022a80bed997
le Resea,279049e0f44106d3
rch uszg,86dfb77de66ca74a
ooglecom,1897d09822b122a0
 Llion J,d29ce90c371bd774
ones Goo,ec623ef2255fc537
gle Rese,201dc60f87f61dda
arch lli,82321e0832c55907
ongoogle,f3e7528d094bd78e
comAidan,16e8506a79a36ca8
 N Gomez,29fc02c00c7fd6cd
  Univer,394b92a62491b877
sity of ,30ab424fbb38e85c
Toronto ,1a89bf35b28d5211
aidancst,34347bdb38f9f8df
orontoed,b1f4552d63d2cf47
uukasz K,811aade0b524cc83
aiser Go,0470b6f5035935f2
ogle Bra,60cacc5e0c91156e
in lukas,2ad35a2ab338839e
zkaiserg,83988ce39841ae6d
ooglecom,1897d09822b122a0
 Illia P,227f9869cb5b7a7c
olosukhi,3a2058f409dd277b
n  illia,4da11950cee4015a
polosukh,8eec408d45a64d54
ingmailc,aa8551c34f35d7eb
om Abstr,2ac00f4b6f858579
act The ,20edddb77b063592
dominant,2460a806cfe989ac
 sequenc,4375cda38cef7aae
e transd,012ffb39cd1942a9
uction m,b5f8d5d11aa488d6
odels ar,7fb0958ad1932f61
e based ,92f98b6790501a44
on compl,2d15ae45ba6fd0b8
ex recur,9da86aee5ac2a6bd
rent or ,679a73de50e0e2cf
convolut,a8c3aa2b46ecb0f0
ional ne,3a56a367b00bc197
ural net,1e77a087d4b6d603
works th,e7025bdfeaa5281e
at inclu,665825f0d6fa308f
de an en,ccf8b234fb2a0a51
coder an,7f49ea8cee591045
d a deco,e4767b2f8241e51b
der The ,47fa6bcdc855eb92
best per,ae083119eab6c071
forming ,15ccf0bad4669201
models a,fe38acb972948233
lso conn,a0ce79a83294d114
ect the ,076b1dc052944d75
encoder ,94405e1f52aecfe6
and deco,cad0db3ca49fbc32
der thro,d214b4dd261c92e4
ugh an a,5bd9d0685c1f8e00
ttention,81199274fe0fb445
 mechani,f8d57477d790cb82
sm We pr,cf445ab464a8697f
opose a ,e0cc01f8ec0ff3d5
new simp,c01e1e0e7adc5321
le netwo,7cb13b6617d53d78
rk archi,382c4adf31706e72
tecture ,57f5f935dc2af315
the Tran,125a13a7192f731f
sformer ,8a7e351a2dff91de
based so,e4702c52e9acff48
lely on ,881812666d514937
attentio,b23483b49fb6ba17
n mechan,244395cff546da9c
isms dis,e6a036dee40b4f0e
pensing ,f2bda3ca252920a6
with rec,0e1de3da7074d8f7
urrence ,0ec2054f0cfcc560
and conv,3a891bfab73a048f
olutions,6f6bcf45845f73c4
 entirel,74085b2b37e5b7a4
y Experi,8cb615818e046831
ments on,64f160cf05c88302
 two mac,3f0bdce1ff47ab97
hine tra,5e5dfcee5f912b7f
nslation,f2fa056794bebd26
 tasks s,d4a684e69fae880a
how thes,ad0ec7628f8b7d19
e models,47f49f2e3d40b550
 to be s,75a6e2d3bd6a7600
uperior ,6b2de7c1ed1d3b69
in quali,ce937e0bbc91ad22
ty while,d234febf630b1e75
 being m,13abf081e85cda68
ore para,7e8a1e9b7e67e0d9
llelizab,7de6fc3ac10a0d08
le and r,f3c6bfe0401aa797
equiring,161a858c55031967
 signifi,2660d75e5556e335
cantly l,b4f8e8de4cc51b1d
ess time,dd37779414758475
 to trai,4d95be417169a919
n Our mo,4ba3d9e03fa78796
del achi,88ced12a7d219254
eves 284,64985d10f18a0e66
 BLEU on,1370fdfbc4e1018b
 the WMT,db9ac652f5d095c8
 2014 En,c3873d5c1bad4221
glish to,25462b7c71783a2b
German t,f97c371c366842b5
ranslati,37e02f17a4bda142
on task ,bd845d0a2555db79
improvin,53e964fd4a268d59
g over t,25bd3f5a0e13bc16
he exist,ae35252302580681
ing best,033fae45b31602de
 results,b60093ce23006471
 includi,12bcfd796e0ae9fa
ng ensem,f26426467ef039c0
bles by ,a6171ccc26637279
over 2 B,bfd20b2b310cc86d
LEU On t,67c181596b1f1cdf
he WMT 2,35a50e835dd5ba25
014 Engl,e200dfd6b3f7627e
ishtoFre,a5b9b3cbe9cf8631
nch tran,bfce234ed2e6d05c
slation ,bd5abb6f50704357
task our,ea9f9a455c830728
 model e,daf9a3a145bae882
stablish,34cbe0f7a125ec60
es a new,65c4cf2601d293ff
 singlem,de93e9290f073417
odel sta,63cf6f51a507faa4
teofthea,f7bd8031b7f58e82
rt BLEU ,8f7685ca04d5219a
score of,f64c0911d694e661
 418 aft,12a878c9a47ca361
er train,f6cd8aefc13570a5
ing for ,477ea4bd36676fdc
35 days ,5c19845e269a7278
on eight,60ee935a9819342a
 GPUs a ,20699cca5bfcc1cc
small fr,f3052375887597a5
action o,795196ae7d4d079f
f the tr,43cbd189d0732027
aining c,2c026b4f504c9015
osts of ,bdea6ed83f255343
the best,c497af3097b7a98d
 models ,b6f9886c1f5875c6
from the,ed657fb5ba60cb82
 literat,5c85cd286e3f3f93
ure We s,ba369f808369f406
how that,563d47c15d929070
 the Tra,445880234248f14f
nsformer,3aa4b616e77f82c8
 general,e1a506ab2b583098
izes wel,cee5e5556f29a72f
l to oth,1d37ea61385823b1
er tasks,86e08aa0a66aafdf
 by appl,1b5ca42ec4de3646
ying it ,2a7e42a89900d547
successf,4c4ed9320d3d9054
ully to ,ad69d3fcd3840fce
English ,651151048006a915
constitu,45656924546c060f
ency par,eeb31fb175932d36
sing bot,4905685ecdd42fff
h with l,b5443dad71ab07af
arge and,0268fe85acd66712
 limited,f673c99f0d294910
 trainin,a8baaa077917c479
g data E,338ad68c37843390
qual con,a0ec5527202bde95
tributio,fb6101cccff79768
n Listin,427dc3af0d8e8b21
g order ,4d62a75f29ba01a0
is rando,1621f4153672a52a
m Jakob ,87dbdffcbb9946ff
proposed,4f29f34df34fce6c
 replaci,0f9a8133c6afd54f
ng RNNs ,c224c545e124fd6c
with sel,b414d0094ce7bf1f
fattenti,62dd1d2877b453e1
on and s,0ab1974e89a28315
tarted t,0bbb067f29b252c1
he effor,776c5ad61bc8cbaf
t to eva,60ec8b1dd111311d
luate th,71e3fffce0801d8e
is idea ,fc3202ad979d1014
Ashish w,27685a3afde03cd1
ith Illi,94af724465c3d2a0
a design,81c1089879b2420d
ed and i,65fdda8fc2e8181a
mplement,477f902647be6bb7
ed the f,834d3e5b838a143e
irst Tra,d0185901192bf4ec
nsformer,3aa4b616e77f82c8
 models ,b6f9886c1f5875c6
and has ,b0d5cc1f92edd774
been cru,8158583e2b125e08
cially i,64418e910b48fc98
nvolved ,45bcb5685b11a410
in every,218087d84fdb5f3b
 aspect ,f4a911cbb30a5139
of this ,78d381cc3644cab9
work Noa,4ac06db145bf8521
m propos,e700ea0e3d78a021
ed scale,e866be57d764f90a
d dotpro,b6593cac852413ba
duct att,2bd8919a4b1a593a
ention m,a1e03734fe032708
ultihead,0ff2f7801c25524e
 attenti,38bee95b1168f240
on and t,011179ac155700db
he param,cecd74456b4132af
eterfree,e0bf5d81b259c4a6
 positio,a6df23d0904eeb44
n repres,41de62504f9cc9df
entation,e79d0012fe430ba6
 and bec,56e9ba8f586c4f30
ame the ,2d68297d0f24d537
other pe,7ba5eca8397f4a67
rson inv,f6167a72cc8619a6
olved in,e36e3f3049a5a006
 nearly ,af5f3b5a77a6461d
every de,4f60018432898efc
tail Nik,4cd838d29f44c5dc
i design,a78a5312ec99f16c
ed imple,af9d56581857e004
mented t,e4ceca03b6db365a
uned and,ea9120051602f8a4
 evaluat,1858e319542b94a2
ed count,456f07cffe932376
less mod,f6a0fc36f07366ab
el varia,7ef74f4b8c4d6e7e
nts in o,24d14be013e52df3
ur origi,daa82fc5ac95202c
nal code,c4fca3c9e2c8cfba
base and,3f00c4030d4493a4
 tensor2,40d4c45bc3f1f6f6
tensor L,b03df8ed426166a1
lion als,834cbd9e2488c1b9
o experi,0474cb1d40bdb9e6
mented w,8d1c27554ff6f10a
ith nove,c4b8f7bb4660be8c
l model ,8a3bea3752e3fd46
variants,e407c85fb4f5a33d
 was res,219608b839b42c41
ponsible,6114a8e6ff8b8ae5
 for our,558d9e390a0319dc
 initial,47ea1d195fa26da8
 codebas,fe71dab36216c746
e and ef,e10968ed1702804a
ficient ,631263eeee9465cb
inferenc,79c1635730523fe8
e and vi,8f3d413551dff12b
sualizat,2dd210e838443b43
ions Luk,e8ad68bc14bfb580
asz and ,ceb9e7967ee09b57
Aidan sp,4322b9c583690978
ent coun,3585b4be71cff427
tless lo,4d1da200789e00ab
ng days ,49d63d4016fc7596
designin,8810d2612af0c740
g variou,66dd2ea326301509
s parts ,72303bb398d9733e
of and i,2ba09e667d9f9002
mplement,477f902647be6bb7
ing tens,2a2d77d300e4f8d5
or2tenso,df76f4ba0691238a
r replac,3063f71f9ad403b4
ing our ,32fd8c22e765388f
earlier ,01f4c87180c9c398
codebase,23b16aba8e7263d7
 greatly,2db00e603281c7f2
 improvi,f38f98cb390a34f4
ng resul,440655a590d553ac
ts and m,d1c28b0610c77627
assively,b9d800f51b1cb136
 acceler,332566c97ed72834
ating ou,c60ab99cc0351e3f
r resear,c2dc9cf3bb3b5bfa
ch Work ,956a1c19b776059e
performe,9469a556832c6cbc
d while ,eae4bce991a7f7c1
at Googl,3cf7c7f49dd8a19c
e Brain ,195f1a7646e1561b
Work per,668aafb716dcfacc
formed w,52aad69a76e068a1
hile at ,3bcdabe988e7a327
Google R,c28833c5d6d7c49d
esearch ,a3cff7b339d5f1bd
31st Con,a257303be1733689
ference ,d1f50dcf8ef1a1b6
on Neura,81f5aa8c262cc198
l Inform,e94dae930a11e70b
ation Pr,a4b43969bd83acd9
ocessing,276b337d1ef12acb
 Systems,fe8b1bcc3774654c
 NIPS 20,b43d74f230336b64
17 Long ,3559cdf26812d9aa
Beach CA,9b43d255622d583a
 USAarXi,a46e4dbd6fa9c8b7
v1706037,38662da2db94e929
62v7  cs,803d08eeefa20f31
CL  2 Au,c28d90ba7b547662
g 20231 ,ad7afaacd3ed468f
Introduc,4f4c0c4812c8d65e
tion Rec,413059fa7e6e07a3
urrent n,56ff898ddaff6767
eural ne,efc57c53d6648fc3
tworks l,0ba4168c16f5a911
ong shor,c1602772c0cde873
tterm me,fae50ed0478ac276
mory  13,1c9c50ae1f1f696f
 and gat,98d71d9554011817
ed recur,0c4f20ee04c6ce47
rent  7 ,c728d703cde0efb9
neural n,acf4c8146d354263
etworks ,58b23bed03ef7315
in parti,9debb65cfe9187f5
cular ha,364be0ce91d69081
ve been ,57112c1122b807d2
firmly e,6072e160d52d054e
stablish,34cbe0f7a125ec60
ed as st,570fec6c1abe2263
ate of t,52efdf0243bbb94d
he art a,740a12dacd953952
pproache,734c4cabc0c9be3a
s in seq,3bd8e4f818385cee
uence mo,9cc8aa4e1ab34a6e
deling a,5b1f652a93900efb
nd trans,8fd77d056ac1770c
duction ,60664cdade06f95f
problems,f8aa734d9dd0301a
 such as,e67b4fe7e43e0708
 languag,2ac39d0de660d7cc
e modeli,cfdcd33a3ef7b739
ng and m,9de2d7cae1342beb
achine t,4a6cf473d5337f5a
ranslati,37e02f17a4bda142
on  3525,a7c9e13cb3d136f3
 Numerou,2203df8d63c62d9e
s effort,f5e2709050e25000
s have s,20ff1dead1e6ccd6
ince con,5dd321be75e1a55c
tinued t,ed296cf173ca9033
o push t,16b141b7794ae575
he bound,839b65d097321001
aries of,2db939294e73f9d7
 recurre,821268a5251129c2
nt langu,34580fc9ca47d347
age mode,c20a5e7baede7f2c
ls and e,6f6a1462a5314c5e
ncoderde,e2ab18e424116afb
coder ar,391015549bcf7426
chitectu,738878a59c440290
res 38 2,163e85e8011cba81
4 15 Rec,a8c83ef386e5ba95
urrent m,12210980bc182cfa
odels ty,0940e32bce499c71
pically ,4830e2ad851d3bd3
factor c,83f4c16a39df253d
omputati,20cf49844ff52a18
on along,5c619346ae4c26e8
 the sym,a87d1f89c9841e11
bol posi,3c2fa6d9ba94cc8e
tions of,520adf292efce225
 the inp,484f319e664b23b1
ut and o,0481e2a4c95eb200
utput se,d89bf1c2abfb3bfe
quences ,b05e79cb744dc682
Aligning,15148a0aea36a85d
 the pos,b6fecfe0fa459e27
itions t,b015771d92b794ce
o steps ,65e9612253e4026e
in compu,a595a9860148a598
tation t,697df6cd053cb000
ime they,8c6087f3f2857560
 generat,5649e4ce8e568840
e a sequ,9aa74874f00f2bc5
ence of ,bceaad0b7a9f2776
hidden s,3668fb9c2351d52f
tates ht,ebe392ece70dd5b0
 as a fu,c5562aa293653eb3
nction o,4348903f00516a88
f the pr,c8a479106ae763c4
evious h,17444cb1f28afda5
idden st,2514bee7f4fc74bb
ate ht1a,b3d0363ea6d5b3cd
nd the i,b2043d456c395489
nput for,3d419aec4e77797e
 positio,a6df23d0904eeb44
n t This,5ad75e94621edcfb
 inheren,d736ec16801b8635
tly sequ,c00c43d009402120
ential n,449493b61fd199d8
ature pr,c7320afd0ffc2e4a
ecludes ,1ef9d482040f543e
parallel,9fee07c3f10447e6
ization ,2235a4c17c5b459a
within t,f4f788e3562e2975
raining ,ee693cd3d4db54cf
examples,c87c63e250eb65e5
 which b,b3dca1c2b974d8a9
ecomes c,b8cd0a7bf25f1331
ritical ,19c3244ceed35233
at longe,f11fa7e50f9b83d3
r sequen,8b8baf1f002c65a3
ce lengt,fbe62dfd8edd67dd
hs as me,511786dff61d19f5
mory con,a9e303a945685abc
straints,f64e3b50201872ee
 limit b,9570398b834f172a
atching ,9facb8c97317ee19
across e,94367b90836a669c
xamples ,de391e043b02f8a5
Recent w,eee083fe2d3591df
ork has ,41f79fdb261c1888
achieved,600d42f90b107237
 signifi,2660d75e5556e335
cant imp,293029de33628003
rovement,ba87d899db668b09
s in com,4c541120ec68ea64
putation,f24d0ea64362d8b5
al effic,daac798e4057b9a3
iency th,dc6a0f2dd0de25a3
rough fa,1ba01c3553eb4495
ctorizat,0c80e9cfb1513e2b
ion tric,59aa35f370b39410
ks  21 a,73e58c6188be55a9
nd condi,ec33b67c0f020ad4
tional c,d8914d449f7546b9
omputati,20cf49844ff52a18
on  32 w,1123db485fbeac8c
hile als,ce43db9964332df7
o improv,93053018345b77a9
ing mode,31cfebd58f9606cc
l perfor,5e2e0896c0ba5c85
mance in,b21ab3f3e6273803
 case of,996499dba4871d19
 the lat,d849f33f02177796
ter The ,a8f990d8df4ccae1
fundamen,8ec1109b7c5c23ee
tal cons,0b9cc719daf5c553
traint o,fc63a7e6b826f577
f sequen,6887c8d3e238a279
tial com,3b649bb1d720f5ed
putation,f24d0ea64362d8b5
 however,72846a230c077a73
 remains,cb852a05e2d5c77f
 Attenti,8cdef5a6f577c6b7
on mecha,38d6c9df88d88544
nisms ha,50e2c30eb10d8d00
ve becom,cd0528712ea698e1
e an int,462c40b1860c2425
egral pa,de27530240559732
rt of co,e176c019fa3b4f5e
mpelling,b107dc90bbd31579
 sequenc,4375cda38cef7aae
e modeli,cfdcd33a3ef7b739
ng and t,5e099b81eb88c22a
ransduc ,99d791747715a8ea
tion mod,ea451e6f2ac89d38
els in v,19204db338fea6c1
arious t,b0e694abb883bb06
asks all,b495eb371aab759f
owing mo,21f206f777314fb2
deling o,adc35530ef86cd85
f depend,d2dcbc0b7260b5a9
encies w,1baab465022ef5aa
ithout r,8122365c0b1d24c9
egard to,6b93d0abd3278493
 their d,63203e3e34a71634
istance ,f425f45cf33e6500
in the i,0dbd98ff3014ebe7
nput or ,dc652d12c824ae18
output s,38fa9c908c0b2b45
equences,4e18697e67c1540e
  219 In,60fdfee4a763866f
 all but,89cd0ea2ecc6ee3d
 a few c,6b3478f99ce68edb
ases  27,651cd43f02d3bee9
 however,72846a230c077a73
 such at,116a4179ca6c6504
tention ,40e0111725f87564
mechanis,eaf9c0557ad98c92
ms are u,a03effd608110012
sed in c,7e93096666dffeeb
onjuncti,9e66d23fb6a7ad42
on with ,bcd9d1daf148c4fc
a recurr,a9e3558e9f5ec50a
ent netw,f264ad6a79d0528b
ork In t,14550d5dc60715be
his work,ae095a2b54784956
 we prop,d2a5f2cd7e013900
ose the ,1d462d62e7a4cb5b
Transfor,8512caf4d1a0f4cf
mer a mo,8dcff87dde093728
del arch,0add38b450f18481
itecture,cc7a6f194292619d
 eschewi,bc4f2680042bb1c0
ng recur,4a832738898aeea4
rence an,b05d7f711e788a84
d instea,c09d0d935ca4617e
d relyin,ad2e97824dfee0ea
g entire,5c85dcd8271bccd8
ly on an,289aeddf6509a195
 attenti,38bee95b1168f240
on mecha,38d6c9df88d88544
nism to ,99716e0f45523a5d
draw glo,407138d103e63550
bal depe,fdeebe0bda9fe289
ndencies,3377df94c6ee544a
 between,eff19476d8120641
 input a,d9147524098fcb5b
nd outpu,ded098ef1bb41c23
t The Tr,1c9c658196daf23e
ansforme,1c95d1bd943fe4db
r allows,9767f37d7969a265
 for sig,118fda61a9c69bf9
nificant,76fac55c01c1ac83
ly more ,c56f6baaf0bb6c94
parallel,9fee07c3f10447e6
ization ,2235a4c17c5b459a
and can ,930f3b66147e4ce5
reach a ,311f488b9d0945cc
new stat,c3590f95ef11cb94
e of the,192e8cbaf02eb6bf
 art in ,92068f7a87893fd0
translat,2fe4e9caae46ab8b
ion qual,20a9035efe78b3f1
ity afte,2901c429d8c0e91b
r being ,2a18d22ae9ab33b9
trained ,b50e3fbf67034025
for as l,856cc6afb6324036
ittle as,5baf54b76ce0902e
 twelve ,61359516b41d18af
hours on,c9144ac162624cae
 eight P,b6d433ca82bed9c9
100 GPUs,92e01c538d2459f9
 2 Backg,7de9742b7efb2065
round Th,03d712398e415fb7
e goal o,47c96e63e8ebf8b6
f reduci,1fd98832a9e25d28
ng seque,374d756ff4e1b6c4
ntial co,d2da239d48e66bde
mputatio,d1389ec03d58913b
n also f,74d51c08f81af30f
orms the,550da18412bc1a66
 foundat,c38cbb9f5386956a
ion of t,a763bb5760edb518
he Exten,5ae81fec20e55dd5
ded Neur,c7a169ff227612b0
al GPU 1,f483a414035abfec
6 ByteNe,13e8d87f7fbdf2a4
t  18 an,43a79f746b9944fb
d ConvS2,6354cb35a272059b
S  9 all,a92ff6de4cda9817
 of whic,0c6e3e53b377994c
h use co,cb2ecc287c798999
nvolutio,6306471b7c0fc444
nal neur,b372cd1a062334d1
al netwo,bfa6111c4b70a4e4
rks as b,46e80a74e362224a
asic bui,29c870b897a71aa7
lding bl,2869f3ff675f6f3b
ock comp,1207d9680913a13a
uting hi,0a8374f6354cd94c
dden rep,940aeda75324f8e4
resentat,09ee84f92b5d93a1
ions in ,a03d0f3484e17321
parallel,9fee07c3f10447e6
 for all,2c884e3111ba0b4e
 input a,d9147524098fcb5b
nd outpu,ded098ef1bb41c23
t positi,f794601131a4f63c
ons In t,84a1f7a0ab57405f
hese mod,c2013e9d1e8ef5f8
els the ,26d0d4a0437c9f9d
number o,f12021c9a0e5870f
f operat,42782fb99566423d
ions req,71f8a2234639a733
uired to,9f53c3d38ed9fec9
 relate ,1c7fbf1b7db846a6
signals ,68a5f5ef5ec0bd77
from two,d334571629b54acc
 arbitra,107ca42164e36576
ry input,d5138c3d256e732f
 or outp,8e03c63cb4bd6489
ut posit,cc75b43e3bd0ab37
ions gro,11fdeb7ccb39ac0c
ws in th,a46a37609c05a16a
e distan,6ea79e4dab052305
ce betwe,deebde604cadfbfb
en posit,3d8c7f66b03ae56f
ions lin,424661c1491f9777
early fo,976f1466908fee3f
r ConvS2,7abc217e51b0a873
S and lo,65eef51fdcc5ee45
garithmi,62441a96f1291ac6
cally fo,df0f127d8302a95f
r ByteNe,f933324209765fd5
t This m,10f71feaa7c95b3b
akes it ,bb002dbc8654ea13
more dif,4946c0b4045b6b44
ficult t,bc5a2b28f36c894d
o learn ,560e5dccc4019b00
dependen,732fddbbc8002181
cies bet,87256634762227bb
ween dis,ea67688c9864a16e
tant pos,7b1137bf3ad56cb7
itions  ,a9701505864e2c08
12 In th,bddaef73e1324392
e Transf,8107cdd903f75cfc
ormer th,4d9045af689f7521
is is re,776f9d25d49a76a5
duced to,f379e078ea84a258
 a const,5fafb39a8eb14520
ant numb,42a79c720c8f612d
er of op,e3836ff931179c75
erations,7c8d2a11ca37e278
 albeit ,0bd82f98662b6b57
at the c,36a79d193bc8d403
ost of r,b9b85c385f2ca2dc
educed e,3b97b503aa287c2a
ffective,7e28e6e5b530b25e
 resolut,597f79620d25782f
ion due ,3cf17de24cd99ceb
to avera,a734526e70b9c650
ging att,ab9a9560f6b60fa2
entionwe,bf1a227aaef70195
ighted p,6672f3c4ac2a3b23
ositions,d2c18cebab2a4639
 an effe,50f1dbf93aace5ea
ct we co,b9755157197aa64e
unteract,c649411cf9cedc81
 with Mu,6809c4ed6bd9f825
ltiHead ,c5a1bc73db61992a
Attentio,6237d930762b270d
n as des,b739a71880330010
cribed i,6b2b7bf145b2859e
n sectio,d94d8b3c1704efcb
n 32 Sel,3db93e2884cf0b62
fattenti,62dd1d2877b453e1
on somet,9b9d24f8ebe649ad
imes cal,6452cedd73c890d3
led intr,f51cc3e92e10646c
aattenti,ab18a5b85be20fa3
on is an,14bf7bb855fc6185
 attenti,38bee95b1168f240
on mecha,38d6c9df88d88544
nism rel,2bbf48bc58c9df1e
ating di,ebfa1094119f0f01
fferent ,fba65958c9dd5695
position,185a2e7a69e59775
s of a s,5ac2da44e5247bdb
ingle se,7021b99ce869ab73
quence i,8d15bb069df8034e
n order ,c94c90e7a41c1e2f
to compu,67f29b7e23fc8217
te a rep,efc49659421dfdfa
resentat,09ee84f92b5d93a1
ion of t,a763bb5760edb518
he seque,ef2fdf88832b950f
nce Self,d7888fd8df32be74
attentio,b23483b49fb6ba17
n has be,4c046362b449f357
en used ,28acde2fcab6e1cf
successf,4c4ed9320d3d9054
ully in ,c669364b9943d9cc
a variet,9aad94e7f28b9f99
y of tas,4b322a18137f67dc
ks inclu,36d6bbfc3e5f090f
ding rea,e31f43851d9c249a
ding com,19f0e584e7723dfb
prehensi,27fffce568462a91
on abstr,ac71d1204b9d4336
active s,c3fc3a026298b6e7
ummariza,a834a2c7e54307e3
tion tex,9452eed002c86055
tual ent,e7862745606170df
ailment ,469519ae74b4a17c
and lear,cfb392ca9c8f2000
ning tas,e942e91a643ee65d
kindepen,cc2b3f5b111f5b4b
dent sen,fc8e0d77e1a27cdd
tence re,998db7b8b163b28d
presenta,83e07df664a0cd59
tions 4 ,963f55e09f747753
27 28 22,b3a459d5db06a4a3
 Endtoen,4adb77bb66f7a748
d memory,35249f096721c64d
 network,d8a067cc5a6c600b
s are ba,0f94050c0ea7690d
sed on a,3eb9c95c40897d0c
 recurre,821268a5251129c2
nt atten,8710a96e533220bd
tion mec,9c8c4cc128541245
hanism i,c3ea672e1c1ac7f0
nstead o,8ed534c67e9d51f6
f sequen,6887c8d3e238a279
ce align,0bfcfb19e4e3c653
ed recur,0c4f20ee04c6ce47
rence an,b05d7f711e788a84
d have b,38290db166e96dee
een show,b46871b0def43d9f
n to per,b0132b08acab233e
form wel,e5db149da4f07cfb
l on sim,cbf257b45322d671
plelangu,abffdcc4ef9c1d62
age ques,bcf565ea860099b8
tion ans,2c5ac1bc1ac0c010
wering a,db1d6ad6b70841b8
nd langu,6acadc87a523a856
age mode,c20a5e7baede7f2c
ling tas,921203c219817277
ks 34 To,86d084371df38f16
 the bes,712a03a38264aebc
t of our,2b0a0767774039b0
 knowled,21422df4cc7ce4fa
ge howev,3c595a8783ff81fb
er the T,927d4e63706fa1cc
ransform,42eee614317b734b
er is th,7a1918c3360cb4b2
e first ,9a26f4f2afeba344
transduc,665d66e6e12f7af4
tion mod,ea451e6f2ac89d38
el relyi,6ba5eb3c64a53c0a
ng entir,83b7fecee65247dc
ely on s,9bfc712d6f8947ce
elfatten,7562c6d93db308ed
tion to ,37b802e48818db30
compute ,999ba25a5cbe8245
represen,50df0ca9532b587c
tations ,75e067976b4cabc6
of its i,e8f02ee3885bfaef
nput and,6fbf0c6616745058
 output ,1371c5ee36adfda4
without ,2047e761e0d574ff
using se,79ae7617c26c6301
quence a,b7ca383584ecb620
ligned R,b5bed6eb7957686f
NNs or c,bb794042d306bd84
onvoluti,0062fd7b9a5acb7d
on In th,5dd2deca6c23df12
e follow,b5ac88a10725a267
ing sect,d87e1541a4e717a1
ions we ,c6a075959de5ebf4
will des,1fea41c15ad76165
cribe th,4f67f5fc888c4d58
e Transf,8107cdd903f75cfc
ormer mo,b33eae83c9b68e18
tivate s,5ed21302121077fd
elfatten,7562c6d93db308ed
tion and,2483e5363cfde7af
 discuss,e4b2f07f73f097b6
 its adv,876e89db4f9eb8fb
antages ,3ee5cb1d0bc52182
over mod,a3719c0c04d4f695
els such,d20d036db8600aba
 as 17 1,b13bc37d1f6d0276
8 and 9 ,78b96f390f9d5b81
3 Model ,ac86c30b0bb547ed
Architec,25a3369dde259486
ture Mos,54cbfde95be5b32e
t compet,d420e5ad96807222
itive ne,82a83796476f2712
ural seq,4e8c8f3a64800ec5
uence tr,ff82287fd98c8a5f
ansducti,0584c0a681a2b12c
on model,dfe7bfe0a1079008
s have a,80f09af9bec77446
n encode,cd247d459f42fcfe
rdecoder,6bfd1fbd19eed9af
 structu,5c915a7332e1df9c
re  5235,13924280eb2effd6
 Here th,f70b94b417084ced
e encode,e3e32f1b3b50e506
r maps a,56da30a0e7f401a1
n input ,9e1955fd591d6b97
sequence,d50f63bb40e55f22
 of symb,d5fee11ab095769c
ol repre,8139cbfd5130d4a2
sentatio,8d11d8ee70513445
ns x1  x,e4d43f5b530d1820
 nto a s,877a31981c3dee8c
equence ,5666e6948d2b79ec
of conti,411e336c97f3cb06
nuous re,4e41756e9b293014
presenta,83e07df664a0cd59
tions z ,7d2ae1dddd809657
z1  z n ,c5186dad9f3da136
Given z ,3ef158813d7b237a
the deco,ca649ac42a91272a
der then,26df3fe24831194e
 generat,5649e4ce8e568840
es an ou,efabfe503daf7492
tput seq,bbfc8e023bc319f4
uence y1,75f2d42bffd73fad
  y mof ,842a94c2d2b831af
symbols ,018b63022a05b596
one elem,0cc7358da2b5b3af
ent at a,91bddc58ee978f4a
 time At,09bbe9c12d6ded0d
 each st,13a8afc6b564833d
ep the m,9f67d8ea20be8e40
odel is ,d3078c9e20c6faa7
autoregr,8ce7069bf5f03a38
essive 1,352d208cafec2036
0 consum,bc3ca9d05c5173e2
ing the ,c7edcdbffe11907f
previous,a7276db7cd87185c
ly gener,166e064748d501b2
ated sym,3ccb2b31f2208532
bols as ,ebeed0632279a9bf
addition,b3631d52ae7bdfd8
al input,8e8915dd411ed369
 when ge,6528f3e1f7b90911
nerating,77580e062efde8ea
 the nex,b2e37f4ffd1e8a61
t 2Figur,e67982b22644b01b
e 1 The ,e44121546cb0d28f
Transfor,8512caf4d1a0f4cf
mer  mod,d8bc559fd8650020
el archi,fae10022e9360e68
tecture ,57f5f935dc2af315
The Tran,8f016df30ec9da31
sformer ,8a7e351a2dff91de
follows ,a566de289bccc764
this ove,1f1b7ead922929c8
rall arc,3404e0c2da4993c4
hitectur,3686635d2d1b07eb
e using ,2888bb4d7372b980
stacked ,da61c8e636f97ff2
selfatte,fd258150251b1057
ntion an,0d8c11653e7fc6a7
d pointw,a2c21a62f316f48c
ise full,7ec5b7aee49d5351
y connec,30cc9a4f3181b959
ted laye,5efbe77414ba0cc6
rs for b,f0c5a20b2c90d117
oth the ,0506233955771a05
encoder ,94405e1f52aecfe6
and deco,cad0db3ca49fbc32
der show,2575abd6449ae02e
n in the,33f44f3e6f47a55c
 left an,0921d32b096c0bbc
d right ,b70958f3c03a4c90
halves o,49217e5b4807a7e3
f Figure,f002b0d14b1ee9d2
 1 respe,177fbc76f5a2fd37
ctively ,d66a36d1419f6f85
31 Encod,cc21f0cd2fa41770
er and D,17f001538aad6201
ecoder S,534eaef7c70f0bb1
tacks En,44b2efc762fb2ac4
coder Th,3fdaa124d2f4d43c
e encode,e3e32f1b3b50e506
r is com,49edf6bbd436f2c4
posed of,a3813c5283abbf3e
 a stack,5a49857123edfc52
 of N 6 ,18875bd240f2a17c
identica,6b38bd9e0623d00e
l layers,0ba48cbae57b8f20
 Each la,1a62fde1d40e4a36
yer has ,22ae05ef0fe2e0be
two subl,bef7d0470a460180
ayers Th,8abcca99cb0236ba
e first ,9a26f4f2afeba344
is a mul,d3d52a7099924a46
tihead s,48e18231792d3733
elfatten,7562c6d93db308ed
tion mec,9c8c4cc128541245
hanism a,e612d5d1a908759b
nd the s,367bc9f8c509169e
econd is,756213f3c7955713
 a simpl,09db359e290a9c45
e positi,555720bd2f5ba9c8
on wise ,4d2e24b69dd07638
fully co,f01c7433242b5ba2
nnected ,0641fe6262790869
feedforw,c1915fa3f7977c28
ard netw,4c1103db8a2aee3e
ork We e,1f4f9657adc4444e
mploy a ,8f90de654cd655c9
residual,00b3833bc2b9b196
 connect,6f2059e3eb1b2460
ion  11 ,f03cc154c69ef12f
around e,610177ab8aa70c66
ach of t,6bd9c1138a302927
he two s,3dfb7aa633aa0d53
ublayers,b60d52c695c9c0f1
 followe,ea6c8777007728d6
d by lay,cdb0fa05767578df
er norma,d3abaa5f2b0bd3b9
lization,86d5453453878759
  1 That,96f719fbbc56f3ce
 is the ,53fe518f3822ac99
output o,ae7cce3bdbf94f53
f each s,316a71a20a702997
ublayer ,dec79cf199a2ab64
is Layer,40e9b4622411a421
Norm x S,9f71feace8cb5b8e
ublayer ,dec79cf199a2ab64
x where ,f8fed149ddcdcef9
Sublayer,fc0fd2bc19ed72fb
 xis the,77183ddf323bef62
 functio,24c495f122533bbc
n implem,8fcc2b8ae4927a7a
ented by,2316e32788f322ac
 the sub,f04eea2c1ad7bbb5
layer it,ba349b896cab0cb5
self To ,44cd25a2077eff70
facilita,daae517b9c58695b
te these,4036284874ab3eed
 residua,802fc7c01844e811
l connec,25a6a4d1f86b0fd5
tions al,8ca75fd697f3e744
l sublay,6dc26e192e9b1e52
ers in t,d60391155dbd9d91
he model,a3d98c4efa5b71cb
 as well,a81d9e824be80672
 as the ,68dc97a451eb52af
embeddin,650c94cc19361a02
g layers,c45da62a62430442
 produce,938cf124aad0a957
 outputs,84a16a8e9d739742
 of dime,cbb857be736d2194
nsion dm,1f68a0f117654c18
odel  51,69677e99e7c119b1
2  Decod,cfe08d0b6864448e
er The d,81f48c25a10706e0
ecoder i,60914e41fe6da819
s also c,051937eb7e0fef10
omposed ,b6d3e523a207ab4b
of a sta,67043bd34a5a22ff
ck of N ,d584f4723ed1878e
6identic,d80d48b66fd75c14
al layer,2f10e9e78dd3db1c
s In add,10f4f3fa66ef9608
ition to,8dfc04b5fe77fa95
 the two,2330c1a6c258e62e
 sublaye,ea4b61529867804d
rs in ea,fed1b5a11494e661
ch encod,4ed413556e120f70
er layer,53720e26a7803f7b
 the dec,8abbb81d0a620c1e
oder ins,c9ea68439ba9640e
erts a t,7c2ba23fede03b13
hird sub,756209cdc7da2319
layer wh,c4c2d53c10a3cd26
ich perf,a2b95a4814337e39
orms mul,3c88f237303bb452
tihead a,619444e11eec05c9
ttention,81199274fe0fb445
 over th,fdb8c4d813ab1dbf
e output,62e7ea9a30fcff45
 of the ,2493d3471e5a83fa
encoder ,94405e1f52aecfe6
stack Si,0baf8155861de904
milar to,4cf5c62d22236238
 the enc,c0996a1fe9304ba8
oder we ,0ec108698d00b055
employ r,f230acf761c618ef
esidual ,4a65d8f9d329c665
connecti,627400e40912fddf
ons arou,d58bed676554e718
nd each ,5e3218225deb9786
of the s,f9b778bea5455289
ublayers,b60d52c695c9c0f1
 followe,ea6c8777007728d6
d by lay,cdb0fa05767578df
er norma,d3abaa5f2b0bd3b9
lization,86d5453453878759
 We also,ee2e62a062e8dddd
 modify ,310250507bb31de1
the self,7f1946699453e323
attentio,b23483b49fb6ba17
n sublay,16635fe7190baad1
er in th,0fa4c31465c865cb
e decode,d78dd30f342273d4
r stack ,289ac7578713c31a
to preve,7f47ae807dcf39a7
nt posit,2588c410e7cc84f2
ions fro,7e55d7a91df0c282
m attend,75dcdef6127583eb
ing to s,406873904fd1cd98
ubsequen,1542a133dbc3e014
t positi,f794601131a4f63c
ons This,150a15a9af6abf4a
 masking,c7edb964eb1206b8
 combine,e27df1131b94f1e5
d with f,0926d36b74bb6736
act that,6a9fcc58100f1183
 the out,d4a61c5824a9c1e1
put embe,806995d211d18989
ddings a,64c55105da60a634
re offse,703fb0af9732dc5f
t by one,eef34cec16b8d25e
 positio,a6df23d0904eeb44
n ensure,08c90672c1b0bcc7
s that t,fac4b8ba479a0188
he predi,3a4c08df819a6a4a
ctions f,75324dc2e21437f7
or posit,e9039eda6f9a93db
ion ican,3d8fbabd5fcd9a5d
 depend ,a0febf8b21f47639
only on ,3dd4604e9cee87a2
the know,cb4f1c70bef8d932
n output,6b4cc3a1220a3879
s at pos,71b9b2d51e86b576
itions l,c5a7deba2d81a5ec
ess than,54a0c58ffb0999fa
 i 32 At,41ef3c23df11862b
tention ,40e0111725f87564
An atten,399910f0e3840a8c
tion fun,d9dea70553103de2
ction ca,8eae22d521cf4509
n be des,fb535d2f99dc780d
cribed a,d4017e2e01e0d668
s mappin,92a4e811a2932fdd
g a quer,e2bd8fb65eab91fd
y and a ,fb223471fb0b163a
set of k,d99a218151d1d29e
eyvalue ,b285d471cf428e1b
pairs to,ec93369ccf306755
 an outp,9ca47ff7ad8edb1b
ut where,1aee4d376c2a9edb
 the que,18b37e72d9372d6f
ry keys ,31abf8acc33d282a
values a,b41409d20383659c
nd outpu,ded098ef1bb41c23
t are al,3bbceb72c71d2381
l vector,c3342c4cef18bd86
s The ou,389cfd5fee36f38c
tput is ,afa6d79df3b52eb4
computed,5f19332142d2edda
 as a we,5101a8a5a53e0242
ighted s,8ec9b963137436df
um 3Scal,4c57ea28bba6ea7b
ed DotPr,091092348dfe7997
oduct At,4a95a7e27e2975e9
tention ,40e0111725f87564
 MultiHe,b57c569eb0d23b8f
ad Atten,ae023ff7a224cb28
tion Fig,e763bb9d5c0a7eb9
ure 2 le,118152c145cd333c
ft Scale,2e054b5dae4c693d
d DotPro,fc380b9f5900d0cd
duct Att,5027f381b404e77e
ention r,d9007dd3c6616798
ight Mul,2cce91559ff50351
tiHead A,fde2a6bc37bf14c0
ttention,81199274fe0fb445
 consist,8ee1610ea92d5e1b
s of sev,0c01f524707700c3
eral att,7b065dd34f82e8cd
ention l,a71cc48c3be6e69f
ayers ru,a4637fb8384d1f84
nning in,7e40b2bd14d1fff5
 paralle,2d2910ed5d3b8369
l of the,ce2dee8bb294968d
 values ,f9f1c52619619f05
where th,3eae107cd9b21da3
e weight,ed551975c89f4f67
 assigne,ab310d1d230e75be
d to eac,81d528ee4dd73566
h value ,719462b51ce781fa
is compu,75c2c53fed724618
ted by a,96ad33f9ea5efde1
 compati,5b489905b2d52798
bility f,3452e5c5c453abfd
unction ,2a2ac97b22e61e9d
of the q,6e6158a77b6b7339
uery wit,9327a173c5b84c05
h the co,9dd3fc4eb818fb49
rrespond,2862593569038492
ing key ,e9cc21784bbbe312
321 Scal,bef3598a589ffb7c
ed DotPr,091092348dfe7997
oduct At,4a95a7e27e2975e9
tention ,40e0111725f87564
We call ,9d9221bdb4b1b73a
our part,b82adfc212337321
icular a,268cea25e25e42b7
ttention,81199274fe0fb445
 Scaled ,345551c288dd521c
DotProdu,3b4ce76922c01aed
ct Atten,4b90dce95f7f8a8b
tion Fig,e763bb9d5c0a7eb9
ure 2 Th,ea2776b1fe0fe3fc
e input ,b1e87ceb349cdd06
consists,e5f9a795a2eb884d
 of quer,01f2834395b400c8
ies and ,aea53e3ff4ee6c77
keys of ,076772e7b71f7951
dimensio,ddf9b0a0a2543e30
n dk and,de6e4f32a04eac31
 values ,f9f1c52619619f05
of dimen,ec620d273148c262
sion dv ,e925731c9888bf40
We compu,b2034fc5b7b25080
te the d,6a282803526a2974
ot produ,12404805c8fe0644
cts of t,8ca6233e0bc67736
he query,121d77c6b4f5cb7c
 with al,b66cc2adabf49e13
l keys d,36431b92d348cefc
ivide ea,a2c6f63e6524039c
ch bydk ,9da86d64c1275048
and appl,6989b608457e997a
y a soft,6a1cc97d73a4e973
max func,2d17f89d3af3b5f4
tion to ,37b802e48818db30
obtain t,0e9f1508f1493a24
he weigh,3b31213551a8406b
ts on th,95b5e5c0789dec38
e values,bdfab8823de9a823
 In prac,148ec9dd01101b1c
tice we ,76d2e085a319bf5e
compute ,999ba25a5cbe8245
the atte,0d61387b71bd17b0
ntion fu,12728bfe9a01f4ae
nction o,4348903f00516a88
n a set ,7a1786c39397cd57
of queri,40f4aeed6d43b75d
es simul,839fbc0c1afabd6a
taneousl,82bac01d0f21e581
y packed,f577d1ee720ba658
 togethe,ca76a5c427775ed9
r into a,c7a2ad77c5dc40fd
 matrix ,3ed05f9794f10759
Q The ke,2b3b8ad60b4ef962
ys and v,3e9a17d223acd02e
alues ar,10f9b0889e0bc832
e also p,4fc4bccbe00e0f74
acked to,f496a68af779069c
gether i,2c12ee7f1d8323ff
nto matr,8eb7593bee55f3d7
ices Kan,1e215435cfd92816
dV We co,08fe46f254dcdce2
mpute th,695045420cc2c089
e matrix,df5d55fcb05af3a5
 of outp,3f5101bb8971fc8a
uts as A,47976747cbfb1cec
ttention,81199274fe0fb445
 Q K V  ,7e9d4b67c246082a
 softmax,de0c805a3df8c565
QKT dkV ,6f94cec1d528961b
1 The tw,b1976399654ca899
o most c,d574bc197f8500b9
ommonly ,6803967929035b02
used att,2756f68de612ae83
ention f,22d2c9a110131537
unctions,deea730f708efd24
 are add,e7ad1576d00f2a2b
itive at,61c635301491fc75
tention ,40e0111725f87564
 2 and d,3e1acdf547eb364e
otproduc,2b9437fe4e5db176
t multi ,6f72288da68010c3
plicativ,532ae10e54e79a91
e attent,53f74ef8e22dec34
ion Dotp,a961755c092b8dad
roduct a,d9a5e6d6915e07ba
ttention,81199274fe0fb445
 is iden,e20490fbe83358a1
tical to,2c110e5cf8dc316b
 our alg,2b89d29cd525aa99
orithm e,d9b56580f0b70f53
xcept fo,ac68309a6ff6aae5
r the sc,6f8d6afa45a18d02
aling fa,8c66f101d2b4e198
ctor of1,0b2de7361d3aad47
dk Addit,e619bd24a484e2fc
ive atte,bb4827b8fa1633d8
ntion co,7983a0e84c89bca1
mputes t,024eb3bc0e7d2094
he compa,9428a6a1f3864394
tibility,43d8e8cba2097568
 functio,24c495f122533bbc
n using ,987dfbb8bcf3abff
a feedfo,cae5dc977307634b
rward ne,b9b7be03fbf62836
twork wi,3b3480f4f9cf610d
th a sin,7c80544c106e2598
gle hidd,e9a22bd5ac506935
en layer,51f66bf30c21058c
 While t,9833b24b840c4917
he two a,677726a2f19c8462
re simil,7790e822a8e55afb
ar in th,24f7943f3312666e
eoretica,11d763d28273e4d4
l comple,fcbc76fe1d8366a8
xity dot,d8c6ce86774292fa
product ,88c680866030d982
attentio,b23483b49fb6ba17
n is muc,f592a5d30ae594d1
h faster,8cc1159062523f58
 and mor,0d812d48c8da8f04
e spacee,a320828a55a4009f
fficient,36329c83ac5c893f
 in prac,1f00fd8782f4b40e
tice sin,62f2458046aa6820
ce it ca,56fa1cfc24caaaa8
n be imp,baec1024b9b14d95
lemented,c5eda099202f350f
 using h,8ae89f4191bd682a
ighly op,00b68ccddc8f7c55
timized ,6b755b4f3f058e8c
matrix m,fd378822f2caa228
ultiplic,310822f3f1a2a303
ation co,311b09d3a615d0bb
de While,d38ec2f7f24608f3
 for sma,62ec5f238325e037
ll value,6e62189bd775e851
s of dkt,dbb41e86d0c9a4cc
he two m,62b1b54a34759d16
echanism,6aa06ba37044886b
s perfor,94769c444bfd9b1c
m simila,a9906bbc4ba03892
rly addi,372bd87b6f13a3bd
tive att,a9cd656622fca5fc
ention o,069cc143373bfd1d
utperfor,c3e7fc5ab1f8b9fe
ms dot p,85430138bb12a572
roduct a,d9a5e6d6915e07ba
ttention,81199274fe0fb445
 without,1172972305c24c5f
 scaling,40945b73c32bb25c
 for lar,2f7454a1dbd85cef
ger valu,fa9819ebdc4b9a38
es of dk,e95571d58721572f
3 We sus,730d4b48dbb2005a
pect tha,12cc1d08d9d75053
t for la,b84b0574d22c7f02
rge valu,57d8bbc400198c3a
es of dk,e95571d58721572f
 the dot,528d5d91cbf93833
 product,41041e142f234e25
s grow l,a66d30dbe0d6d616
arge in ,562bed494087a18e
magnitud,a21063dd27052d74
e pushin,85d84bece781877c
g the so,9786b6abc2985bc1
ftmax fu,589c850a528ac343
nction i,787489ce3ac18f3b
nto regi,28917399c720b8e3
ons wher,c5f11f27bc44dbd0
e it has,e1dd345199b1d8d9
 extreme,a1142a9569597bb9
ly small,f636bb2c1d711d98
 gradien,652fe96037e38f93
ts4 To c,b0958f4dc793d00a
ounterac,91d2bc3eeedcc833
t this e,88ec9beb97373aaa
ffect we,3215556180e2cfaf
 scale t,96af946e27cd8c17
he dot p,7292c0debef7f6a3
roducts ,55476131644db6a9
by1dk 32,3abc2f1dcbdc7f13
2 MultiH,7f41224f8eb8ded1
ead Atte,24381b02695d83cd
ntion In,edee2d65cf425d07
stead of,9cc00a18c62d50b9
 perform,3ab5319398a75e0d
ing a si,a6305273744ff0a7
ngle att,bbb81457d5ba36ec
ention f,22d2c9a110131537
unction ,2a2ac97b22e61e9d
with dmo,8eac065c27ed1ede
deldimen,35c138b7d1d6d9fa
sional k,4c057f670e35593b
eys valu,f8dae2e4382b4ec1
es and q,d6d24f02531a4503
ueries w,f29d042efdac3e1b
e found ,79b33c7534e9bde9
it benef,dadd6e637682f09e
icial to,0fa5d79ed11d89b1
 linearl,34b1860363be76c5
y projec,ae95950db33d1d49
t the qu,0346f13f426f2f13
eries ke,193d7122fe38c4e0
ys and v,3e9a17d223acd02e
alues ht,612025268391900d
imes wit,f2a514d62e81fb26
h differ,2762dc6a3c1dac93
ent lear,7cbb11f28d7076cd
ned line,9114fb6089a01cf6
ar proje,e15dfbe978a2bd95
ctions t,545de477bbb5c210
o dkdkan,8dd1e51f3a4a8381
ddvdimen,ecbe5fdf0befdc23
sions re,8478d98e42cb77eb
spective,d1675155276a1fae
ly On ea,ffbaad43f161bd19
ch of th,f35f64f48f2cac15
ese proj,e375303b7575cc10
ected ve,8b6f59fd318f89b5
rsions o,214f98873792e131
f querie,1947641c02afbd92
s keys a,51353856713a7937
nd value,e5cc9d5fc5752e9a
s we the,21a0318fd76f0e57
n perfor,f1dab60bbedc7ae9
m the at,1e8bb3d4e3f5b2e1
tention ,40e0111725f87564
function,b914774510da3df6
 in para,1796844ef56e980c
llel yie,11667858277146c8
lding dv,7203bc4cc0aca1f0
dimensio,ddf9b0a0a2543e30
nal 4To ,537586458f5b01fc
illustra,3f151c71138f9e06
te why t,5ece9101b18cbe67
he dot p,7292c0debef7f6a3
roducts ,55476131644db6a9
get larg,124b8d93684d8002
e assume,ea893362fb477d75
 that th,1807be97d50e236c
e compon,cd393238bcf14259
ents of ,70ff16dd8896b87d
qandkare,b643e04fadf4600b
 indepen,7de6502e44bbb27f
dent ran,a129be53daee0a2a
dom vari,e24d1ce2eb6d82d0
ables wi,b9906d24b2044790
th mean ,aedbb4a5062c2b4c
0and var,4a5da7857835ef6e
iance 1 ,7ff5d60ce00858ec
Then the,6e0958cb170e210b
ir dot p,f0d4a1c56d36ad05
roduct q,c14727e78adce434
kPdk i1q,6f66905e2d8b06ef
iki has ,ed7f9373d9739a04
mean 0an,53e615524be95d6a
d varian,43456d97261448b8
ce dk 4o,af2a2d6da1b24452
utput va,92a623bcb012baf3
lues The,c8af86471e4678e1
se are c,3c557199ab88dc39
oncatena,79e6c377bf7826e5
ted and ,aa8b9b78f8356b1d
once aga,c12f47b52532d8b8
in proje,4a8373512011e50f
cted res,18cb43a8af295251
ulting i,ae5e6e40d8f22044
n the fi,ec3e95020db4a217
nal valu,e96bae11eb2732a9
es as de,c6682b6202b46def
picted i,387b58b837788e3b
n Figure,df094d1d86be7140
 2 Multi,e24d253e6ee44ee7
head att,35f95e6c501e674f
ention a,d930ee59601fcc4b
llows th,d37a828f40791c97
e model ,516839057168371d
to joint,ea7262925a7ea42a
ly atten,018e3e76fa08e242
d to inf,c1b64fd85fb56786
ormation,366b7018940cef24
 from di,4908b77b9e89fa2b
fferent ,fba65958c9dd5695
represen,50df0ca9532b587c
tation s,3ef92c743c3e2413
ubspaces,ebc931ac18a9dad8
 at diff,f5a7d53afc2a1f54
erent po,69165933f57ffba1
sitions ,d9000da5b03fedc1
With a s,b9fbb633c77d2050
ingle at,fdc76a4f66b5b2cc
tention ,40e0111725f87564
head ave,95c0d78cf550495c
raging i,06c4b3ee1b40d750
nhibits ,208e6d353f220148
this Mul,0e623af94217030c
tiHead Q,4ec0afb780f645c0
 K V   C,78b713c5a1310ec3
oncathea,a273c24b5c043af9
d 1 head,69524627f1ceafd4
 hWO whe,029e8720f19ef483
re head ,9cc3f5ed86f25976
i Attent,2ad42d50f875f1d0
ion QWQ ,1517b560c2fea652
i KWK i ,f1edfe903ee8b751
V WV i W,653257502715f766
here the,ee1582963946c0f8
 project,dbc4fd366f4d8231
ions are,e72abf998adc85a6
 paramet,4c6afbce2d4780af
er matri,c33a479452dcd063
ces WQ i,c6d3126e45dcb665
Rdmodeld,2da5d58be06c0561
kWK iRdm,e786487206df436b
odeldkWV,6587488b01325a38
 iRdmode,163558d71b8f1b9c
ldv andW,6d52a93c666c08ae
ORhdvdmo,3f3bee2f8c0b75ce
del In t,41957b1a0aa734bb
his work,ae095a2b54784956
 we empl,20a10c61d793456d
oy h 8 p,e39cb12554faf4b3
arallel ,fb3e70fa76882920
attentio,b23483b49fb6ba17
n layers,53cefce74430a6bf
 or head,bc75ca89c2016037
s For ea,42acdc8176b008dc
ch of th,f35f64f48f2cac15
ese we u,a95780cbb99a65b7
se dkdvd,f06576829c803039
modelh 6,99b443ad8472f47d
4  Due t,5bdd0d90b08db0ab
o the re,04d0ddd5f94128cb
duced di,3a73f33f5a1e37bb
mension ,c7b6141b2a2119c9
of each ,668182375ff0b6f8
head the,c095165f56a3e404
 total c,80106e541045a1f5
omputati,20cf49844ff52a18
onal cos,99631955af5d0a27
t is sim,2b4ca37c323e2095
ilar to ,8df7d09b8ab5a3ec
that of ,45109e412782c3df
singlehe,67ac96233d0fddab
ad atten,fbff4e6acc4375cd
tion wit,f4f08ad78bb0d3c3
h full d,2f2d2bcd2e5f1971
imension,c09b27f99019e0e6
ality 32,a07378b163384b36
3 Applic,47a7a82e22db72b1
ations o,bdcd2ba644b6d91f
f Attent,8a47e1898a397273
ion in o,0c2d5fb7c68f8006
ur Model,85b8f1baf113547d
 The Tra,b015b9692c9e584c
nsformer,3aa4b616e77f82c8
 uses mu,44d3d80bd141a07f
ltihead ,215a8e4f5d576118
attentio,b23483b49fb6ba17
n in thr,3d9694685392f4bc
ee diffe,0ca59d0df126a921
rent way,c0b836838d71d64e
s In enc,04a4c8b0d7e22ceb
oderdeco,b15c38d3b617fcde
der atte,b8e723e4b78f2e49
ntion la,0be31246669b64b0
yers the,143904dd436dddbc
 queries,b757516ddea06b42
 come fr,7e53c1720f228b44
om the p,6fd7acb8453bf64e
revious ,bdb7c06b3e1288e9
decoder ,0afc77614c864476
layer an,9b920b3588bca937
d the me,d8d56222d20a5049
mory key,21f3863bd3432841
s and va,2aff480e81dfef35
lues com,78cbdb54d63d796e
e from t,3e5c346a1730dd32
he outpu,7d5617d530c69700
t of the,14165c28d9a7e21f
 encoder,e2f6c409b76eb547
 This al,81ea644460d3da03
lows eve,edec5889fab51550
ry posit,142797870d8e6787
ion in t,40afb424371c0b7f
he decod,c375b5156ebf5f74
er to at,7eae3a6ab61b4801
tend ove,3b368e3cbc8fa70c
r all po,460de5e0955162c9
sitions ,d9000da5b03fedc1
in the i,0dbd98ff3014ebe7
nput seq,b9beda6d1ad14fb8
uence Th,838a1c22d3367491
is mimic,de694ba3368266aa
s the ty,31202444348db9da
pical en,a35d151a85862a1f
coderdec,8a950c7e4da782ad
oder att,45508326d68f9618
ention m,a1e03734fe032708
echanism,6aa06ba37044886b
s in seq,3bd8e4f818385cee
uencetos,e01886da5a4ab366
equence ,5666e6948d2b79ec
models s,69b1f5375b38fcd3
uch as 3,813f684a58165c8d
8 2 9 Th,9ffbf4ccf01d4aa1
e encode,e3e32f1b3b50e506
r contai,f3c9e116f7cd2a4d
ns selfa,bea156486a91e335
ttention,81199274fe0fb445
 layers ,82b2e267909d3a5d
In a sel,54e0b6941bcf0bf5
fattenti,62dd1d2877b453e1
on layer,d7e6781603c96545
 all of ,56facd6525fbe53e
the keys,39dbed416243c768
 values ,f9f1c52619619f05
and quer,e71cabb61ec49aea
ies come,f0963aece0d6ba72
 from th,6f9c1b215790e43d
e same p,da8d99b54ca288b2
lace in ,c3a6a8b327a34eb8
this cas,9c959e9e06974d5e
e the ou,05de6186ee8d4bac
tput of ,bffa3c8e9ed44c6a
the prev,c19ed9c5b42a33b9
ious lay,8cebfc9d3ed35112
er in th,0fa4c31465c865cb
e encode,e3e32f1b3b50e506
r Each p,59e7638f9b997bae
osition ,d812b057e1da7ee2
in the e,48bd30b669057fbe
ncoder c,0236b6149d12be66
an atten,475117cbcc896449
d to all,091ae0266ea33453
 positio,a6df23d0904eeb44
ns in th,a6946b26277b4ae5
e previo,4cd8959dfa743f08
us layer,bdf3623b1f80129a
 of the ,2493d3471e5a83fa
encoder ,94405e1f52aecfe6
Similarl,3ee7d6d830ecc88a
y selfat,e7c8712ab81dfa37
tention ,40e0111725f87564
layers i,4ae5da88608e07bc
n the de,b108cf45c16e3b93
coder al,5808a3a7f622911d
low each,64918251bff7c5c2
 positio,a6df23d0904eeb44
n in the,33f44f3e6f47a55c
 decoder,460ae2fc87f9bab7
 to atte,1835fa67a67d15db
nd to al,42735760ed9af3cd
l positi,58faea2c62bfd2cf
ons in t,b1c49d92acae85fa
he decod,c375b5156ebf5f74
er up to,db4396889e988138
 and inc,a665ff32f654c11f
luding t,531af3316e267dba
hat posi,59ccbed39e0a8f41
tion We ,960d4ad38c7cfb28
need to ,bf2122884c019939
prevent ,3c30b30b65c329c3
leftward,25ed56468ce87c67
 informa,188c75db241fcd3a
tion flo,e3de0f617104034b
w in the,586d0e0603ca3e89
 decoder,460ae2fc87f9bab7
 to pres,0e5aa07b1bbbf2db
erve the,78a328dfa31d76a4
 autoreg,e64f5045d3a3c1d2
ressive ,6eec98bf0f404184
property,6101dfc39dfeefa0
 We impl,1a6d3db59458e038
ement th,a3863c6ff5a21843
is insid,d7f75c55d6b5ae55
e of sca,ae7f76976a821845
led dotp,8ef9d68221575a11
roduct a,d9a5e6d6915e07ba
ttention,81199274fe0fb445
 by mask,c4a52faf3f9f3915
ing out ,ba33c988733d7b46
setting ,df7201549247e1fa
to  all ,7917c382e14e4563
values i,09059418b7401ff9
n the in,657d65ca0db920d0
put of t,194d98f23d8226fa
he softm,4bfdb2bec9290f0d
ax which,698589f16801efdf
 corresp,04a1563bb7c425fd
ond to i,32c9a52b1f552fe6
llegal c,8d429f77f8671529
onnectio,b834ab040f69d7c5
ns See F,eae7685d00104db9
igure 2 ,d2fa195f0767edf8
33 Posit,5f01c416411494c9
ionwise ,0f173d272474f649
FeedForw,7c18f0497892f9f1
ard Netw,be12530a65f7bcb5
orks In ,e325beb3a919d927
addition,b3631d52ae7bdfd8
 to atte,1835fa67a67d15db
ntion su,12bc42389cfba6a2
blayers ,79b69a9382532fcc
each of ,1397d7de274b45a9
the laye,79cbd12e09496d3a
rs in ou,2da1867516d42d92
r encode,f73177e07df2ed5e
r and de,30c660352a2b201e
coder co,d07e2090baf657d9
ntains a,e69ca15aea960dab
 fully c,eec9e4a2fbfabf21
onnected,7d478a292e28f0b6
 feedfor,0d6d75a74495cc41
ward net,f384cc6492440be4
work whi,5e111d2fcfba5a86
ch is ap,6c9dcf49db1e1ffb
plied to,a79c39eb46a93bd6
 each po,53f1406ded68671b
sition s,0d8d95f44c1132c3
eparatel,30e90f43bc18cea4
y and id,ee462845239eccb5
enticall,2ba9116f458056a6
y This c,3ecb2e7ef002f198
onsists ,37e010712796d6b2
of two l,1fed88128fb02f83
inear tr,12cfeb60d5eca057
ansforma,6b90643f2f1d8754
tions wi,9324a6abe0890286
th a ReL,8eee0aecac434b7b
U activa,8335320cb7645d89
tion in ,80310a73771a23da
between ,4f01de950cac539f
FFN x  m,1c41c87b88497c88
ax0  xW ,db0695ae30cc81d0
1b1W2b2 ,2bddf776d1712756
2 While ,2eebf8b9aefc5b13
the line,1f01d0220ca92fe1
ar trans,5dbca830db08b673
formatio,35b92076a2b5e80a
ns are t,4dc04dc2410b2150
he same ,6fe2fa35bde2e444
across d,86ad9cc95e9cb29a
ifferent,8bf63f6cbe7a2cf7
 positio,a6df23d0904eeb44
ns they ,42741538989ca9d0
use diff,7c26d3f6fe7c55bd
erent pa,042491bdf27d5be7
rameters,b301085b7edee8b7
 from la,d880483caf1d496f
yer to l,d7ed8dcc7be9da9b
ayer Ano,6b16aea73dba8d2b
ther way,5e7937158aa4fbf5
 of desc,7990accebf1a7a0a
ribing t,b849d0004667cc33
his is a,e4f8bc77ef320cd7
s two co,a7bf836effa2fbd9
nvolutio,6306471b7c0fc444
ns with ,44e65b6b372fd24f
kernel s,6f84664df06ff67c
ize 1 Th,70a0dec9bd068865
e dimens,16a0ee2117e58f56
ionality,f82e912c5e9e0b2c
 of inpu,a56ba0eb3f8a64bd
t and ou,22bea70c341d1b7a
tput is ,afa6d79df3b52eb4
dmodel  ,f16a33f461d27c9e
512  and,c7674522efdff966
 the inn,ff79442b889db7c6
erlayer ,c78bd05f79014254
has dime,67d6d80a62ba617a
nsionali,3dfc4791cf004e02
ty dff 2,c0fee8be2dde6f1c
048  34 ,28039a9434206a19
Embeddin,7427126e0ee6332f
gs and S,acc1c6c833c21fd5
oftmax S,92bc4d1fd2a3bf07
imilarly,64052ca752505593
 to othe,26db837dbc8b8516
r sequen,8b8baf1f002c65a3
ce trans,01715ed13f24b329
duction ,60664cdade06f95f
models w,1f1ad0fb47574403
e use le,50708789f33dc1b8
arned em,871d67f67f5f4d62
beddings,163920c312cce50b
 to conv,66dc44f3820299bd
ert the ,183a5d3027b0d981
input to,6d7c0ead2977d990
kens and,94c7181c172e0e79
 output ,1371c5ee36adfda4
tokens t,ea7877d3cc88a832
o vector,1604c135e9584b5d
s of dim,f9caf073f9f6fcf2
ension d,9ffdc6068c7f1959
model We,24dac4a017d20e79
 also us,2617e0fa9039295c
e the us,0057626b10131279
ual lear,798c6bf22fa49f92
ned line,9114fb6089a01cf6
ar trans,5dbca830db08b673
for mati,31beccf6e6d750c1
on and s,0ab1974e89a28315
oftmax f,148e416d21039c22
unction ,2a2ac97b22e61e9d
to conve,42e299b339a6419b
rt the d,65da6b2bc1965aa7
ecoder o,69b605f205066814
utput to,4c6a55be85aa7c7d
 predict,bd388f609ac0c39d
ed nextt,a733dbb94ba1088d
oken pro,ee1ccdb682a799f4
babiliti,7dda1c31c72283b7
es In ou,204772c234c81e27
r model ,c5927b1aacd35d06
we share,04d72e298d845dcd
 the sam,c2c4c997e7f124a7
e weight,ed551975c89f4f67
 matrix ,3ed05f9794f10759
between ,4f01de950cac539f
the two ,4820836649be7d97
embeddin,650c94cc19361a02
g layers,c45da62a62430442
 and the,e0ea924dc77520d7
 presoft,466398f54bfa8dce
max line,81c0a0a602fc4202
ar trans,5dbca830db08b673
formatio,35b92076a2b5e80a
n simila,c5382b0694fff1a2
r to  30,0da2f96e66df01d8
 In the ,d018471e0523b2c7
embeddin,650c94cc19361a02
g layers,c45da62a62430442
 we mult,fc7debd3c471754d
iply tho,0ce72a27db2ab035
se weigh,3f8c15a4c08be563
ts bydmo,a45dc7b64d5bbfe9
del 5Tab,bc11637cbae221da
le 1 Max,e6b10cdd110a4988
imum pat,2f69be70c3e1391f
h length,b7c556c248acedfa
s perlay,51d250542cfa5a0c
er compl,c087d324c9b4f849
exity an,5e32ddfb8385c8e8
d minimu,ea5cac70bdd5aa79
m number,22006cd82468a66b
 of sequ,23d21abfe3ec31c5
ential o,d181d32200aecf51
peration,427ab166b159b70b
s for di,10054f56e15562e8
fferent ,fba65958c9dd5695
layer ty,5b402e7a16f54a98
pes nis ,7b68a310ee662233
the sequ,45aede9d14d02d19
ence len,3c2db49a6ee1d76d
gth dis ,d8e3dc28eecd83b7
the repr,63b8bee52ae290f2
esentati,5b7c989ebee0da01
on dimen,fd6dd7915539306b
sion kis,b64cdf575abefd0f
 the ker,42b0d66cc3d89c02
nel size,d61365ac4d942be5
 of conv,d34b8f94fcb4f59c
olutions,6f6bcf45845f73c4
 and rth,e3e8fde6b32a3760
e size o,9bfc8ecb97614e60
f the ne,617242518561e7e3
ighborho,b6ab991e05a6f6f9
od in re,712657ea34e01d8e
stricted,5759c5be09b0c833
 selfatt,5127a98a9a6933d0
ention L,f368ce173d45aef4
ayer Typ,7f5f95641e29a0e8
e Comple,d0b7ea0489df576c
xity per,b14e1ea15db465af
 Layer S,55511deec1782880
equentia,e48921dbd14e70dc
l Maximu,8ce5783e1d7e719f
m Path L,6780d1ec827aa521
ength Op,cfefd7425bc4c30d
erations,7c8d2a11ca37e278
 SelfAtt,cd8a199eac3a3c89
ention O,3c5b004246a7ad29
n2d O1 O,32ba4245e1618d9b
1 Recurr,b0db60b37b508060
ent Ond2,d27c8faa0560ffcd
 On On C,27314c73bd10107e
onvoluti,0062fd7b9a5acb7d
onal Okn,afd54d1ee1c3a625
d2 O1 Ol,15dfd1862b33fd10
ogkn Sel,8383692ec8001af9
fAttenti,3aa8b9c052f1473b
on restr,9dc529c881ad6ef1
icted Or,e0ea66c0247fe2bb
nd O1 On,0840d5e46276e44d
r 35 Pos,a438737850505ff2
itional ,a199d34bf1aafd8f
Encoding,524ae69135866126
 Since o,dbd64db78e3147f8
ur model,180c034a2dc7490e
 contain,e5bfae75cd285e95
s no rec,98eaefff849a1103
urrence ,0ec2054f0cfcc560
and no c,e84fb9ebe2d0cefa
onvoluti,0062fd7b9a5acb7d
on in or,1ccab6ec4723f515
der for ,5c653c45bacef55e
the mode,65f26b10ef8a96ea
l to mak,c67d12e3be0225a4
e use of,63133c350d9ca69e
 the ord,a9bdef1aed5c385b
er of th,91f0cd3bf9b3b3b7
e sequen,eb124a261955b24e
ce we mu,a92feacc2d25490f
st injec,a6785032db0baa16
t some i,7c29ee75498b3f15
nformati,1ad7340139cb0ee1
on about,7b03b1459969953f
 the rel,06088fafd5506ebf
ative or,973c363820240392
 absolut,9065d47bff8ff4d1
e positi,555720bd2f5ba9c8
on of th,8287556eff4decbd
e tokens,e57b08f1996f57f9
 in the ,4e2ff1036d5fa9ed
sequence,d50f63bb40e55f22
 To this,1a602fd43123e5fa
 end we ,ae801c556776c17a
add posi,08c6ddd6a502d947
tional e,2d2ea915f6e058e0
ncodings,6462a65d6ece9470
 to the ,74f6719c7816faa8
input em,85fce1b73bcbdc7b
beddings,163920c312cce50b
 at the ,4d930662786a0e49
bottoms ,0757afaac9df07a4
of the e,a2c7db76b49c73af
ncoder a,5224709dd3001b7e
nd decod,e83bccd246b79118
er stack,16ff3589faa1dfda
s The po,0ad4d62d23349d58
sitional,eea82b583eed14f8
 encodin,200dc641804e3299
gs have ,afb7693b25a9bd4d
the same,bb41e9c6b49bf7b3
 dimensi,0f94fe1767e21f9d
on dmode,eb0809883f5bf0a1
l as the,2661171c9994806f
 embeddi,19cd5c614ffe8642
ngs so t,65ea3fe56b404fef
hat the ,67c58aa2e387f40e
two can ,94de90a6fa6d9eb3
be summe,0111f593bde6452f
d There ,6acf16c0b236d684
are many,a928d6655acb9e80
 choices,cab4ba207246c8ba
 of posi,be64e99bce865662
tional e,2d2ea915f6e058e0
ncodings,6462a65d6ece9470
 learned,dffe978ea0d5ece7
 and fix,ff0c44b1f14b23b3
ed 9 In ,c16f2775502e864f
this wor,71a2fe9eebd71b97
k we use,0a1a8fa3f9ae5cda
 sine an,07bde48ad505f393
d cosine,2f1525cf0eff16dd
 functio,24c495f122533bbc
ns of di,d44430443f2d4f14
fferent ,fba65958c9dd5695
frequenc,1c674aa5eccf3781
ies PEpo,182ddf4621e30b35
s2isinpo,958403155e479471
s100002i,a60979cd04403375
d model ,7c996b71430e68e9
PEpos2i1,4d8baa97f02374fc
cospos10,43b97568248de673
0002id m,c56743aadefde499
odel whe,b6563b8075a0900f
re posis,5bb2fc8d8d6d2b35
 the pos,b6fecfe0fa459e27
ition an,152846317129e71f
d iis th,695a71c8ebd200b4
e dimens,16a0ee2117e58f56
ion That,6c4b7d16a17d5e24
 is each,69ba83c503f91b06
 dimensi,0f94fe1767e21f9d
on of th,8287556eff4decbd
e positi,555720bd2f5ba9c8
onal enc,7789481d98ad09d3
oding co,22482cfd15c48bf0
rrespond,2862593569038492
s to a s,c16148087084c3ba
inusoid ,eba1ff67e4fd0c93
The wave,347fd2c3a0740ea8
lengths ,d384fed3c129be34
form a g,e7c6eb5288ae6ac3
eometric,980377aa0e875bef
 progres,4278f79111cc6cd1
sion fro,6542da7edc7cfbcc
m 2to100,188cb27cf82d3e58
00 2 We ,4eb017dba44f65cf
chose th,d4a9fd3d049d2e42
is funct,ded4e72ae777e565
ion beca,ef9b01f7e2cb64b3
use we h,6f3d8cbfc87ee9c6
ypothesi,72fc249c88701e18
zed it w,0c3aa707785937fd
ould all,75de73a3b456b6d3
ow the m,05cfa283726933ae
odel to ,7600999faec03438
easily l,01f72e904dd9a709
earn to ,1a747ee7f2b2b4c4
attend b,2df3bf0d901e88c2
y relati,8e10ce5f16abc83c
ve posit,d0aa3bf3336a79fe
ions sin,dab208c9a6bdee8b
ce for a,6d0d2bd0eb6c7c86
ny fixed,0273b22b95c6cc75
 offset ,cb5a229589f96d91
kPEposkc,acfbe09eeae5a7ec
an be re,2c7938e7ad933ae8
presente,2ecea773a01baa9c
d as a l,9d00d8b8435eb8b3
inear fu,bf3f6b4227b090f1
nction o,4348903f00516a88
f PEpos ,7538e0c3105639c8
We also ,928727ee13e23aae
experime,52f41b30392c1e42
nted wit,9fe0a44fbfaf48bf
h using ,abf898a73be27b30
learned ,c0a01d098a16a3cb
position,185a2e7a69e59775
al embed,2a394697bcc39b87
dings  9,7a83757aa2ffeebd
 instead,9e6f2ae32ea7dc89
 and fou,5e2d50abc488651d
nd that ,4652eac8dfd3809f
the two ,4820836649be7d97
versions,c44a88968bd4d2ef
 produce,938cf124aad0a957
d nearly,7252e6dcbc4403a5
 identic,90e23af1144a04b8
al resul,6569542f84d45ba6
ts see T,51e434c346ea0210
able 3 r,25a968e73193862f
ow E We ,6baf18c46e0da3bc
chose th,d4a9fd3d049d2e42
e sinuso,f0b72aa8c0a7c1a4
idal ver,05b6f38057711b75
sion bec,9ee33fac93fb706f
ause it ,11ef050053c10afc
may allo,fd8dc80e7e3c5603
w the mo,75b15632b6439f58
del to e,be6102cc2d8eea46
xtrapola,0965536831989b4a
te to se,b339d4f98a877611
quence l,b5c78b8a59e230b1
engths l,d0554a175aeb9bc7
onger th,a973bbd74622ba4d
an the o,44aa95410092008a
nes enco,976a1a5b8c08caf6
untered ,e77ef505a0b4ae4a
during t,fa538e8d9fefe1f6
raining ,ee693cd3d4db54cf
4 Why Se,17cb3935d45ce67c
lfAttent,b03c21b8e99f5258
ion In t,a6fb01478e07705f
his sect,fa2d3c468f7e0b91
ion we c,f70a5fdb7f09189a
ompare v,1288e56fa3542043
arious a,342e7aea212603fe
spects o,1d7c25ca02fd839f
f selfat,2ba80d4755b8186b
tention ,40e0111725f87564
layers t,abcf9f1e9d3a670f
o the re,04d0ddd5f94128cb
current ,991fc92da598e825
and conv,3a891bfab73a048f
olu tion,4992e2b97f080f60
al layer,2f10e9e78dd3db1c
s common,3c7d5829f7480949
ly used ,f700faad2e26a5ac
for mapp,d1fdc08d95cc9408
ing one ,01b31d24f59a7d1a
variable,90346c225c326fe3
length s,90aecce5c2a9790e
equence ,5666e6948d2b79ec
of symbo,32f65c62461e7e01
l repres,d87c8572524d3068
entation,e79d0012fe430ba6
s x1  x ,aa1e03dcef9dbf47
nto anot,b65f49b2cce0bbc0
her sequ,a51927fb4ed401a6
ence of ,bceaad0b7a9f2776
equal le,128d4090af00818f
ngth z1 ,0555d80351e0effa
 z n wit,30f779b60a37dae8
h xi ziR,afee85caa83ab1e1
d such a,972b263396ed87ff
s a hidd,fde9968a5b39da32
en layer,51f66bf30c21058c
 in a ty,ac7df5429af5155f
pical se,7349abdd3553efdf
quence t,c44449466b39c08c
ransduct,7814788ad9bdc70c
ion enco,31b252c2e8dc0beb
der or d,9f61361c769158ca
ecoder M,85c47a4aa237fa7e
otivatin,d5363d9885441e26
g our us,bdef432f7a5cd8f0
e of sel,75dcafd4f83b213b
fattenti,62dd1d2877b453e1
on we co,1947e5502b44f49d
nsider t,1fd3dcb814312e7c
hree des,68abbf7d98cc41dd
iderata ,584ee8ed59ff1688
One is t,c250be38960c825b
he total,bf8c4452c3e3dfdb
 computa,9d5666911dd1000f
tional c,d8914d449f7546b9
omplexit,f782e203d3bfd9f3
y per la,51ae2fb7ff439d9a
yer Anot,d11dd89a7f4567da
her is t,2d8ca69bb2fee5fb
he amoun,60320c76faa2d962
t of com,c09a0eea26ec259f
putation,f24d0ea64362d8b5
 that ca,276723560d7194c3
n be par,0fe83787e6b12509
allelize,a12a0058d237a71f
d as mea,2ae7f93cbbdb3948
sured by,8eeabe716e2fb74c
 the min,90da80d6300a3451
imum num,83cc2ff032962e6b
ber of s,d56b32d0727c2538
equentia,e48921dbd14e70dc
l operat,666b2858ad7d197d
ions req,71f8a2234639a733
uired Th,5ae402079442ea86
e third ,746894b926f94eb0
is the p,f05cfac920c627de
ath leng,aac7cbb7430a8d7a
th betwe,f0ead775b9bcecc6
en longr,b874de9d7453aafc
ange dep,0b1f261219ac81e7
endencie,7d5d95da0b46dfd6
s in the,c0dc1375b065cade
 network,d8a067cc5a6c600b
 Learnin,5f60262c53828256
g longra,17a1124d01ec93b4
nge depe,b78a5ff900d0a252
ndencies,3377df94c6ee544a
 is a ke,d13d05cba33f1c73
y challe,d04da41a6a854336
nge in m,b92b6b96556264dd
any sequ,f307cb4cb427537c
ence tra,0f597c4e0f348222
nsductio,dd9fa8e15f5b1501
n tasks ,805d23eba7e0bc7b
One key ,0ad36f6bfe7d5505
factor a,4e09c2a471006723
ffecting,a51b5507742d0731
 the abi,e7bb83858d0e8f95
lity to ,3e1d3c3df08e8c8a
learn su,ecb46c8d756c480d
ch depen,901213c7e2bf9787
dencies ,295fa5ce9342b31b
is the l,cd5c4741d895c435
ength of,6cdbd06db63befa4
 the pat,84c613727b13ac2e
hs forwa,403bc4c07f175106
rd and b,4a2fe75a8c743df1
ackward ,a75287bd42a66f81
signals ,68a5f5ef5ec0bd77
have to ,2f8266482d17af8b
traverse,eecc064a265014c9
 in the ,4e2ff1036d5fa9ed
network ,bb6c1e170c5dabca
The shor,472a178efb7a94c0
ter thes,dd8ce49013f23ced
e paths ,795d447d1878860a
between ,4f01de950cac539f
any comb,c8ce98c2140fb38c
ination ,671646f40084af2b
of posit,34255ebb21ba7e53
ions in ,a03d0f3484e17321
the inpu,73fb79e2c669c101
t and ou,22bea70c341d1b7a
tput seq,bbfc8e023bc319f4
uences t,b6d04b5c883f793e
he easie,e58087dda422863f
r it is ,3c07a116abfd3d75
to learn,f709965c343638fb
 longran,2943cb3790194646
ge depen,b0ba561c262ebf26
dencies ,295fa5ce9342b31b
 12 Henc,760c18fadca16ad0
e we als,3a2284ae3e4bd7db
o compar,0f50b6302e12bde5
e the ma,0c381362f9ad7e65
ximum pa,13f339f995afd1fa
th lengt,a0a65f4935d9dd58
h betwee,772e587c838d8a04
n any tw,ee88d24dca5cf86c
o input ,bfde2dcb961dd8a6
and outp,8db1fb73e49af343
ut posit,cc75b43e3bd0ab37
ions in ,a03d0f3484e17321
networks,461fe77ac0a32b38
 compose,062cbbd57299c507
d of the,617c7c68fa9418a1
 differe,7c0515aba506f02b
nt layer,cc0c779629e3d785
 types A,2f60f9eb6f742357
s noted ,43491423114fc9d4
in Table,0700d9524fadebb8
 1 a sel,8d99fbf84d699fcf
fattenti,62dd1d2877b453e1
on layer,d7e6781603c96545
 connect,6f2059e3eb1b2460
s all po,9125598309a08c13
sitions ,d9000da5b03fedc1
with a c,47fd4931854434bf
onstant ,710d6a272cb46f92
number o,f12021c9a0e5870f
f sequen,6887c8d3e238a279
tially e,e7de3d22df9eb8bd
xecuted ,fe3fbf013648a82a
operatio,0a94e22ae3b62f59
ns where,6488f250e6b9f6a1
as a rec,649364e3d83724eb
urrent l,372c2f9b8436e80b
ayer req,6820e391b3010d5f
uires On,27d43b16daa35b1a
sequenti,abdad8b19ea6cef5
al opera,bbd3189910ea48df
tions In,33cf93e03532cd0f
 terms o,d68fbd66ae356852
f comput,8c908c89cd87c59d
ational ,d6eb0ca0cf274cd8
complexi,2372ef9e2ffd929a
ty selfa,8a1f304ef778420d
ttention,81199274fe0fb445
 layers ,82b2e267909d3a5d
are fast,0581d254087a44b8
er than ,2140896bf960cea9
recurren,a0573af6941671f6
t layers,e12282451b971f22
 when th,0adcb617ce7da6b7
e sequen,eb124a261955b24e
ce 6leng,c79fc815de7d1e61
th nis s,dd5c493c1c5d1e92
maller t,cf468bb70e3cc611
han the ,35e4c552bf76ba43
represen,50df0ca9532b587c
tation d,233b15b46379a06d
imension,c09b27f99019e0e6
ality d ,ee98a11f22a8acfe
which is,b2af7ba714b65d87
 most of,4917c3054eb691fb
ten the ,6a45f3a9264ff364
case wit,54649da75d58e2be
h senten,6df5cecd27b2a9bb
ce repre,de195c94b2aa651f
sentatio,8d11d8ee70513445
ns used ,909bc6bbe36d0716
by state,897770d60913e802
oftheart,135726212a1a72e6
 models ,b6f9886c1f5875c6
in machi,e9a6d7acff902179
ne trans,9e1a09f920bd2b10
lations ,20fb71c13a7e6842
such as ,05d17d70135fa3b5
wordpiec,9cea9acdecbb6c94
e 38 and,6bb258b3eecc6630
 bytepai,640b8f16f466ccdb
r  31 re,8a17a221b28accf3
presenta,83e07df664a0cd59
tions To,acf2b98f0cdcb08b
 improve,071710039b6e1cc6
 computa,9d5666911dd1000f
tional p,92061bb30b886a0a
erforman,7e3e2db9b1acb9a9
ce for t,8112318b4b7625fc
asks inv,f6cfc846975fbb7b
olving v,cdf410ae64401ba2
ery long,ce1a05171730c0e0
 sequenc,4375cda38cef7aae
es selfa,edce4a173eb9212e
ttention,81199274fe0fb445
 could b,9812e5005f27afdc
e restri,99425d27d56d46db
cted to ,821f576ab4fbbe7d
consider,541041eaada6c92b
ing only,60c70e64a93138fe
 a neigh,895c32213c5a1b93
borhood ,efa4edfafb72fa4d
of size ,a2dd01dab82dc5e7
rin the ,4631de8808199f1c
input se,51dd761f3615bb57
quence c,c63329ed6e08e946
entered ,8027a5b6e3915368
around t,15b459303d2e62c3
he respe,56d2e83718fb5af1
ctive ou,af3d9c6f2cb45fda
tput pos,bdce6a74775a9d3b
ition Th,27878605af6bcfaf
is would,f1790f4b1ee2e71d
 increas,3bb96fcf24d3e448
e the ma,0c381362f9ad7e65
ximum pa,13f339f995afd1fa
th lengt,a0a65f4935d9dd58
h to Onr,7a6e92fc5e664ae2
 We plan,99771da9afaa5451
 to inve,46546c77b93074e8
stigate ,447eafd63ee23a3b
this app,1ab882b6b33c9d0a
roach fu,026ab65545d9f8dd
rther in,7824ddbf4e07eb29
 future ,254efab5a9798a43
work A s,ec042b6c4812f32b
ingle co,8de95147ff87fa98
nvolutio,6306471b7c0fc444
nal laye,775e6ae86f1f1115
r with k,93a519c111bd4ed9
ernel wi,2251e9cd209d2b72
dth k  n,84af8c2d149aba5c
 does no,3368858404fe6fa4
t connec,e738da7eababcc89
t all pa,60abfae2a5659fd4
irs of i,b573f42da4af2c1b
nput and,6fbf0c6616745058
 output ,1371c5ee36adfda4
position,185a2e7a69e59775
s Doing ,bc65a22ee9cfea29
so requi,7db451e6be963869
res a st,c6b3c9f7949c6eb0
ack of O,2d764bf23723c74f
nkconvol,2238c9e952f39a21
utional ,58cf483029d39255
layers i,4ae5da88608e07bc
n the ca,4652d8015276719b
se of co,f778c79f55f37e28
ntiguous,4e4d6ced86fcfbf2
 kernels,ad65b9be35c61958
 orOlogk,a0255319255e940d
nin the ,2092fe804058bc3f
case of ,4530bf83761e0dfa
dilated ,68c6d7a7de2ce2ad
convolut,a8c3aa2b46ecb0f0
ions  18,aff88e473f6b1dc0
 increas,3bb96fcf24d3e448
ing the ,c7edcdbffe11907f
length o,4152f83a478b677b
f the lo,faf68d865329e375
ngest pa,bbfaf6525e4303e5
ths betw,d9fb0622de1ab3e6
een any ,f48a7f86f1c4258d
two posi,033d71eca60f7785
tions in,fec1b87247f53566
 the net,3025ceabb8da61f4
work Con,193edc67c379369b
volution,59874eb6e6554f3f
al layer,2f10e9e78dd3db1c
s are ge,8a6741bf3254ee49
nerally ,8b0f1a9649e3d959
more exp,e4b382cedc84e5bf
ensive t,637de210c8579aa8
han recu,10822373c79883e1
rrent la,aabf3b8fce64f5a1
yers by ,8f4007cb45337316
a factor,765a4b5c4ec15b94
 of k Se,27b88b5644fdaf73
parable ,6debe458e6f1aa65
convolut,a8c3aa2b46ecb0f0
ions  6 ,7f7d8c3806a10af1
however ,c8fbc48860f55146
decrease,c9437cf17a3b9f8f
 the com,764b7c16fd62bd81
plexity ,94c76c5efdbdc92c
consider,541041eaada6c92b
ably to ,5f0ac78698aebac0
Okndnd2 ,c691d7d6c70b3ab9
Even wit,10dce95b9bc279bc
h kn how,7a47d4558bd5a986
ever the,6ce9f88d6d4a5d5b
 complex,1cec9d3d2b5c7a55
ity of a,31e8667d9ed14202
 separab,dfbde7b61513f3f6
le convo,59872bb60b4ac024
lution i,bc9405f0c59f0d6b
s equal ,59fc22ab5e9885e8
to the c,2fc028d62c27f0bf
ombinati,9725acd3fa8bf9ab
on of a ,4d14fcc3d6c9bb29
selfatte,fd258150251b1057
ntion la,0be31246669b64b0
yer and ,38b85a0ff21920df
a pointw,84f87e39e6c80201
ise feed,ed4d7a046f945d57
forward ,a252205b810c5176
layer th,c528db6fb3469dfa
e approa,05db5a6fb1145da7
ch we ta,685a9fe20c4c5253
ke in ou,716ae6672f6156d8
r model ,c5927b1aacd35d06
As side ,493a579834026d0e
benefit ,7030ad58aae97d35
selfatte,fd258150251b1057
ntion co,7983a0e84c89bca1
uld yiel,09e19704adebe2e8
d more i,a2275ee080b95c06
nterpret,9f019b6511778bc6
able mod,1a3bcfa85adf08ac
els We i,a37991c76e13a79d
nspect a,04f7b7664fa40bc2
ttention,81199274fe0fb445
 distrib,d898a61952935a9b
utions f,24b224be669215af
rom our ,25a535fb3278ac8b
models a,fe38acb972948233
nd prese,e35f7379b22d97d0
nt and d,493f69f4b8341b34
iscuss e,fb43165a27cee193
xamples ,de391e043b02f8a5
in the a,3d900918cc3e47d5
ppendix ,f0bf8764997a1f46
Not only,9a1708eacfd33c7f
 do indi,919c384d03856ae7
vidual a,93d3787ec16e7ee7
ttention,81199274fe0fb445
 heads c,2e37388439242f92
learly l,479b175928ad67ce
earn to ,1a747ee7f2b2b4c4
perform ,5761bb677cb55337
differen,596619b1e7612d09
t tasks ,643d51c960175c08
many app,a5dd0e75bf5a9c87
ear to e,f6c69186a2bf6282
xhibit b,ee5381d4890422a2
ehavior ,73acac83be0a5c7f
related ,4d4a73b70f4501d7
to the s,232afee0ecd5efb5
yntactic,69fa8ddd7981db77
 and sem,6452ea632a7c735a
antic st,840c561aebbe0475
ructure ,61bb720a5e4f7951
of the s,f9b778bea5455289
entences,874a8d880452b879
 5 Train,ffb8cca4b96599c2
ing This,41a77379f74c2715
 section,ab5be73e510158f1
 describ,1a4e723c4d9c50b9
es the t,21946b8d64f72a78
raining ,ee693cd3d4db54cf
regime f,02cc4d6afbcf5c25
or our m,d537022cdddb90ca
odels 51,0f1c5c0541e74ecc
 Trainin,923742d8947be27f
g Data a,4215dda67377fbfa
nd Batch,78c0997946620e5c
ing We t,d96c490cf8dfa9e0
rained o,86c28224cb5dbb23
n the st,c18000ffa0209db9
andard W,95619bc321aa5f74
MT 2014 ,9f836ea2f95af3fc
EnglishG,ec83930dce577f55
erman da,3f776d44110ebdbd
taset co,904cacbd0e9de7d7
nsisting,694a4e69f339ea39
 of abou,ea61180fe1abf034
t 45 mil,cbf3195ae46e7b0b
lion sen,7b27dcb103dd0bdd
tence pa,ce273c9a2ad9e58e
irs Sent,883a936dc0686fa0
ences we,a1e725650df919b2
re encod,db289d334ad2817f
ed using,3338523558d8adde
 bytepai,640b8f16f466ccdb
r encodi,b2b6a79e37bad65a
ng  3 wh,97d443377f051c6b
ich has ,615b9aa378b12122
a shared,32cf684d7c52c5ea
 source ,f8a5e78734126574
target v,d8e5788bd19aa5bd
ocabular,57c74bbe098792a4
y of abo,0a94c38c4757fd24
ut 37000,03dbb6dfb5678e1d
 tokens ,c69568d3f8ad7d2a
For Engl,da7c0bc7594ee26b
ishFrenc,14010b3e4013947f
h we use,db7558325868e4c1
d the si,f89da3454ee35c00
gnifican,3bb2d68eb1c4a859
tly larg,d7b1d1a47a942967
er WMT 2,c243f34bc8fef360
014 Engl,e200dfd6b3f7627e
ishFrenc,14010b3e4013947f
h datase,041ca4e1beddf16f
t consis,4854d90768924ac4
ting of ,2521fcdedb84435b
36M sent,d8c5c08eb46ab43d
ences an,222beaeefbc96412
d split ,5cf050f1a842b7b3
tokens i,d23aff09252bad20
nto a 32,0941ff56cb7a4f15
000 word,d4a75dba9bd80219
piece vo,aa6f86d8059b002b
cabulary,6819f59a35dca430
  38 Sen,5a8c3237be09bd50
tence pa,ce273c9a2ad9e58e
irs were,da50bb5258c04eb6
 batched,204c67d2d5f3cc4d
 togethe,ca76a5c427775ed9
r by app,b6bf379c84df43b6
roximate,e59370233964819e
 sequenc,4375cda38cef7aae
e length,7430fd3c77032b3c
 Each tr,6c8c760f1a9332cd
aining b,caf384f77aaf0f06
atch con,cfb7e5bb0066fe76
tained a,d9f6b06e467cf3b9
 set of ,2356991ea350db73
sentence,d3cded60c877116e
 pairs c,de977757de46c7e0
ontainin,bb66a853e71fda45
g approx,66c0c0685e3e9581
imately ,2058638bdba6fde0
25000 so,960bd294fd7ccc44
urce tok,136e986fc3b3897b
ens and ,5627523be10f2aaf
25000 ta,6567aaeca4c533e2
rget tok,0d1ee170ccd3724e
ens 52 H,f9f810dc6431b57b
ardware ,65de4ae54911ea01
and Sche,a51c190cec3962c3
dule We ,b30e6db989b69dae
trained ,b50e3fbf67034025
our mode,717cff6e844e2106
ls on on,2611d13922ad6a86
e machin,6a10a80b64167bab
e with 8,f265dd69c18436a2
 NVIDIA ,d3ada25b7df045a1
P100 GPU,a74bd2ea586486c9
s For ou,33cff6e789d63359
r base m,dfe4b1c9de05d724
odels us,3a9476ef69ae4196
ing the ,c7edcdbffe11907f
hyperpar,a6926f8b32ca3f9c
ameters ,dfe24f35f0e86046
describe,6def4025b5652d64
d throug,46526a6e82b0c43c
hout the,d8eb2e5bb2c05488
 paper e,6ce06928ba4d9d27
ach trai,0a1d6d7f2e110bc9
ning ste,da98ae0eecb35b76
p took a,07afe3aeff1b565d
bout 04 ,33bef4974b7857dc
seconds ,cf111689588edcfb
We train,8ee6e3ecffb6376c
ed the b,f0d6255285a9afda
ase mode,3a19bdd723e14242
ls for a,6a4619b7055a9dc8
 total o,34c139c91f34837c
f 100000,d46395ba1ce6366f
 steps o,2f69f14e3b6366f8
r 12 hou,b4cca62afea0f52c
rs For o,a212e9e7c5109eae
ur big m,423060f73628f6c3
odelsdes,2af7f9ca2a55b97e
cribed o,72738cfbc8fa3e72
n the bo,7349825406e90cff
ttom lin,e14ef18a681f434b
e of tab,03816797dbe658d3
le 3 ste,eb4c4d4a8b89114e
p time w,ddaf18905d54baee
as 10 se,5323a1e1d54cfa65
conds Th,52e092151e9bbeea
e big mo,ab18ac9901c5448c
dels wer,996d960326ec9116
e traine,2d8d54d4f389db37
d for 30,357117e990d22344
0000 ste,6cb31c779faf828c
ps 35 da,5ae65c3e89d53f13
ys 53 Op,81bb01c55ad9a258
timizer ,89c95f3d1146533a
We used ,08a7945bc6bd24be
the Adam,eaddbae9de6397bc
 optimiz,9892401eb09ec3ff
er  20 w,c4281464db9474f1
ith 1 09,ad49333902c05595
2 098and,1349271e5502e42f
 109 We ,fb4d26682396bfea
varied t,db99a1d94a0def34
he learn,8247214206c50506
ing rate,b047d9d75a299634
 over th,fdb8c4d813ab1dbf
e course,e0c504f82cddf97a
 of trai,e869218df4feecd7
ning acc,35e2ce95d75ee3b6
ording t,3d16d4cc713bdd83
o the fo,2547687f960df727
rmula lr,2e9a5394604bd075
ate d05 ,f6ebb3e664785578
modelmin,34086a0ee4511443
stepnum0,672bcc32b732035c
5 step n,f7438aa20566c019
umwarmup,ab2356a8b920efcf
 steps15,d472c10bae3068f7
 3 This ,20177912a7d070f1
correspo,4d3d2ba800bb3c51
nds to i,d11fb4b4ef344deb
ncreasin,a98fdc4d494149ef
g the le,1a45fd263c4fc83a
arning r,f216a216861994a6
ate line,21c2e322cea829ec
arly for,903fa458e1d8e233
 the fir,13d684dc1e12d01b
st warmu,470bcede63da89aa
p steps ,acbf8dd8d16d8446
training,18225e99dabb4d74
 steps a,b15963be656c1f11
nd decre,fde0311b41435078
asing it,3b5e03f95f39c694
 thereaf,a8ffe51af64cc6b8
ter prop,81acc2000e850f5f
ortional,e4a9c902e0ddfbef
ly to th,03bfa8622c0c6068
e invers,4ec10e76cd26890f
e square,626467cd2cccf495
 root of,c7d9d0da0f4d5219
 the ste,a516ee0c9b5b4289
p number,efbe231fef9b12fd
 We used,5844f58d8347be47
 warmup ,ebecfbe912437ef3
steps  4,70b6ed3940ef6785
000  54 ,20766715400ee036
Regulari,bff179a98fd68de4
zation W,6dae4c9f6b989fc1
e employ,1028bd6f3f6e9152
 three t,3320e9168f14d9cc
ypes of ,61010ce9575cab86
regulari,40d01764e0f644a7
zation d,cdf886be56a55e4c
uring tr,c67f0aa367cf5b12
aining 7,e03761aa5aa01bd0
Table 2 ,ab57680c1210d10d
The Tran,8f016df30ec9da31
sformer ,8a7e351a2dff91de
achieves,08253711f95e61ef
 better ,c1995c992e1ba5fd
BLEU sco,c39c2544900bf1eb
res than,cf51e64bb0d85315
 previou,7361ffdc5bcf3908
s stateo,c832fe5f36eebbbe
ftheart ,913124e44986a15b
models o,fc603e92753e4f20
n the En,3399fe00744cb87f
glishtoG,fbface4ebec4a4b9
erman an,242a4f58751270a7
d Englis,f59f9322d5193d21
htoFrenc,7777bd43ef1e35d5
h newste,bb5083054399f7fe
st2014 t,dbec3c73b5053b5d
ests at ,347d6c10f8b2251a
a fracti,532f6c8adfad0785
on of th,8287556eff4decbd
e traini,86ed5ce3b48aa15a
ng cost ,444f7b14b5340028
ModelBLE,a536314b4f52f843
U Traini,7be3df8e06b82eff
ng Cost ,d2221bc7fc780ee7
FLOPs EN,d782c32bd1972bc4
DE ENFR ,295ecda2beb753f3
ENDE ENF,fdddbb5e844915f9
R ByteNe,7c7dc68f12fe0747
t 18 237,9558ace291899bc3
5 DeepAt,e4476fc7e8fa0baf
t  PosUn,d49de69894eaa175
k 39 392,5692a25695d883eb
 101020 ,5a030e7036a5a596
GNMT  RL,76f6bb89ebdbdb6d
 38 246 ,1de1c0e9781fa637
3992 231,a32e9a69615206ff
01914102,62be52436df6427d
0 ConvS2,1a522a244366c4fa
S 9 2516,c5b0e0bbca74d5c8
 4046 96,7a6649cfe1472a73
10181510,903af889bfd4b793
20 MoE 3,15627827df602768
2 2603 4,7d017dc1c575d9bd
056 2010,21904f2017adc645
19121020,27a489acefe7b008
 DeepAtt,9e0d64990e257a2f
  PosUnk,19703e811d0df449
 Ensembl,ec81954de963acdd
e 39 404,863a2daaf5c82bff
 801020 ,0f78df06e842953f
GNMT  RL,76f6bb89ebdbdb6d
 Ensembl,ec81954de963acdd
e 38 263,c18e555ea21897e4
0 4116 1,f65e0b6554792b3e
81020111,2227ed2a6b3b593c
021 Conv,b38e9367bf1a23cf
S2S Ense,cd10af53b37fcc7d
mble 9 2,0c3a96c5650113dd
636 4129,b680e0a5df429560
 7710191,736317d3e8d8a5e6
21021 Tr,f323970aec0df535
ansforme,1c95d1bd943fe4db
r base m,dfe4b1c9de05d724
odel 273,63767bbe4b4c6d13
 381 331,20a6b4cc7fa599a7
018 Tran,bd6f0bb49d89ab94
sformer ,8a7e351a2dff91de
big 284 ,fd650c92b9749ad3
418 2310,4b9b1e3a3f1f29ad
19 Resid,6988a4fb94d818a7
ual Drop,95138b1a9bf96fd4
out We a,2860ccf8029fefbd
pply dro,a57cc10135020645
pout  33,f0f486dacd5c3467
 to the ,74f6719c7816faa8
output o,ae7cce3bdbf94f53
f each s,316a71a20a702997
ublayer ,dec79cf199a2ab64
before i,d8014ac5eb48c690
t is add,1a418a801e54a587
ed to th,b6dd72b88fda6d1e
e sublay,0acf67ec798319a8
er input,c1d966ebb70ef12a
 and nor,d22287279ac518c7
malized ,ff5b4a40d8a09ea7
In addit,ad97da8fd65fd737
ion we a,93ecf67e7605ee72
pply dro,a57cc10135020645
pout to ,22405a4e0dfcfc31
the sums,847f477b18d33ad8
 of the ,2493d3471e5a83fa
embeddin,650c94cc19361a02
gs and t,52677cff0a185379
he posit,16ebe3a088674490
ional en,be6233ce7fda4b09
codings ,8c4c7ea37171d87b
in both ,b78911bd78b4b02d
the enco,74ba0ae725b63dea
der and ,6290053cef6a4e2d
decoder ,0afc77614c864476
stacks F,33ef45482db979da
or the b,fe266526fe992cfb
ase mode,3a19bdd723e14242
l we use,4fe13b18d1886821
 a rate ,f309cb5af715a265
of Pdrop,46ae724c201106b4
 01 Labe,1632444e309cae76
l Smooth,937bbc3310858c38
ing Duri,f38a48930316fbee
ng train,fd1432e890f9b467
ing we e,ee5f8859d26f9aba
mployed ,70e8f56582b64630
label sm,b9c651aedd64335f
oothing ,cd24d38f569f32c4
of value,d287bcf76c480e12
 ls 0136,6b3c4138234aeedb
 This hu,03a8c0b321a05546
rts perp,d3e249fd3e4aaf28
lexity a,66e882d214df27ca
s the mo,af890a2ef8b4442b
del lear,a3dd80434fe54291
ns to be,8855902b3e1dfcd1
 more un,7f44d6d1fc55caa9
sure but,02d51099bed6888e
 improve,071710039b6e1cc6
s accura,8c7a7154f8c9665c
cy and B,f3528cb4ebe25ee8
LEU scor,61a5ea112da5e02d
e 6 Resu,e7f21cbb6571956e
lts 61 M,9ad9794319b48896
achine T,aeb6d2629216710e
ranslati,37e02f17a4bda142
on On th,42f79c4af1d462f0
e WMT 20,27d94e133580d9d1
14 Engli,d64b5f21f51090e0
shtoGerm,170b69b61f81059d
an trans,f69b6f7a7d8b058c
lation t,dd3771344c45b491
ask the ,8b7d187ace5753eb
big tran,e8e32ff32138037a
sformer ,8a7e351a2dff91de
model Tr,48bb73f47e73747f
ansforme,1c95d1bd943fe4db
r big in,095824c8aa2458b9
 Table 2,3701b52e7c82bb2b
 outperf,38c754679fc9a007
orms the,550da18412bc1a66
 best pr,3a6b07726138e40b
eviously,a0cda46f5e4c798e
 reporte,e6ddf70f556aadf0
d models,1be38c04c4614720
 includi,12bcfd796e0ae9fa
ng ensem,f26426467ef039c0
bles by ,a6171ccc26637279
more tha,2334f900ff2c285c
n 20 BLE,f3c32424c850ede8
U establ,1b67f42882101f6f
ishing a,f8499dace0ddf57d
 new sta,b5b6c9e54d4b19fa
teofthea,f7bd8031b7f58e82
rt BLEU ,8f7685ca04d5219a
score of,f64c0911d694e661
 284 The,bb7fa3047636c0bd
 configu,4f5ebd31abaf655d
ration o,348a574b2792a8b9
f this m,85063321a548aedc
odel is ,d3078c9e20c6faa7
listed i,38aced5463e88a61
n the bo,7349825406e90cff
ttom lin,e14ef18a681f434b
e of Tab,7468b0be87e7fc20
le 3 Tra,da98c0d43dd62cb3
ining to,1056301bc2131529
ok 35day,ef3575d5951a5784
s on 8P1,8dc6a334169be962
00 GPUs ,b72ce768a13a8535
Even our,21c8123d2bf2fcf4
 base mo,637fa7e2be6d5454
del surp,52e700651d1a9c79
asses al,bd9fe56b82742e5e
l previo,14037c0cc19a5f27
usly pub,c23901afa767960b
lished m,1eead4add66219fa
odels an,e594bc8e06d5a372
d ensemb,e3a9ed422e9f732b
les at a,21822d15ed6cf94d
 fractio,72ebe779ac252e93
n of the,e45f6106171c7a5f
 trainin,a8baaa077917c479
g cost o,cfdb105a311f646f
f any of,a8da8288cd5e0edb
 the com,764b7c16fd62bd81
petitive,d94db3f6bf56f428
 models ,b6f9886c1f5875c6
On the W,b43eaa33e113c514
MT 2014 ,9f836ea2f95af3fc
Englisht,5b1c9e8cb826c87f
oFrench ,358e159f98fa513a
translat,2fe4e9caae46ab8b
ion task,a269ab8ca9dc50d9
 our big,2de9ba9bad150ee3
 model a,233b3026dc6bbc15
chieves ,30e27058580305f7
a BLEU s,e1f9a5075e45b0db
core of ,4b574048bf3b1956
410 outp,da4c2f94e42c2367
erformin,e54ef3dc836cf5d3
g all of,3cc9b4d29c04ad53
 the pre,608cbf8ef6a6f582
viously ,2ec5df621490fc18
publishe,fce9f863130f85ba
d single,2e0197b31b2e2afb
 models ,b6f9886c1f5875c6
at less ,eb3942682d0b2398
than 14t,86e45fa1a1f85811
he train,a0002f523dc944a3
ing cost,6b67e367968bdee2
 of the ,2493d3471e5a83fa
previous,a7276db7cd87185c
 stateof,43254990ed49be19
theart m,4b993f43a8371a2c
odel The,7318e1e902372dfd
 Transfo,0ecda799cf06c73d
rmer big,6e2ff36505c4c587
 model t,feb98c5f775009ec
rained f,b31fcc2f901457b3
or Engli,2ed1b361797957d4
shtoFren,bfdc51a38bfc061f
ch used ,10c98ce4c53c6e20
dropout ,318d8102e56f0543
rate Pdr,7d2d3958f7277560
op 01 in,630ea63cd2d0231b
stead of,9cc00a18c62d50b9
 03 For ,17d4a2f881a20ed4
the base,96225c45eb6dd114
 models ,b6f9886c1f5875c6
we used ,00465ab6e694397d
a single,733f48150ec056fb
 model o,615929c2960178af
btained ,07e28223959b1f06
by avera,7c712473e91d20bd
ging the,db852f0a9a589df8
 last 5 ,ca69615f2e08f99a
checkpoi,dc0d24a10f42a6f2
nts whic,39913e27a864a502
h were w,5914d46c1b5bf0f7
ritten a,16b1c781230125f9
t 10minu,376ed96910802f3c
te inter,5a3401de023805d1
vals For,04a296154b4faa8c
 the big,d09e477cdb94a561
 models ,b6f9886c1f5875c6
we avera,b6b24f48b9ffa795
ged the ,c92c3fae42e5f9c4
last 20 ,93a99997268952ce
checkpoi,dc0d24a10f42a6f2
nts We u,85f78c27a3bc4fed
sed beam,3dbb1b30a536136c
 search ,ffe864f560934b81
with a b,0bc1878520fbac8f
eam size,80a83e1c5a6197fa
 of 4and,6f8d0d447a7d1352
 length ,ee1f456956f99525
penalty ,3f9dc8a0c07782f7
 0638 Th,755165b3fc69c379
ese hype,c55092f8f46476f5
rparamet,124e3203a61ee765
ers were,bfd29977eef273cf
 chosen ,bae280a9b6185d41
after ex,c602dd5741a5d1cf
periment,8dfd3b22f85db2b8
ation on,6873981a682cfda8
 the dev,3f8c59a52460a7f4
elopment,46cc5d5807f29254
 set We ,60913d4e98d0f42d
set the ,013dc98f1cd1366f
maximum ,61f10a2987bb5190
output l,973c762f2490744a
ength du,71bce997d3575dca
ring inf,0a1b0100f01da318
erence t,a916af99c850f6a8
o input ,bfde2dcb961dd8a6
length  ,ea79db30b646ba74
50 but t,dee71a76db169a09
erminate,d77603df11463675
 early w,82bb203daa31985f
hen poss,bfcefcd1b9b3b7b4
ible 38 ,5898cae945897ea1
Table 2 ,ab57680c1210d10d
summariz,d8d5d5cf39bd46eb
es our r,8df457566269d339
esults a,fd7b4b6bec7723c4
nd compa,9f757c5b8638168b
res our ,a4fb4be9d25cca4d
translat,2fe4e9caae46ab8b
ion qual,20a9035efe78b3f1
ity and ,a29af737860c58b8
training,18225e99dabb4d74
 costs t,02cad17c1d716177
o other ,0fafc3df1e2ddd53
model ar,ee6eb5a0ff174ec0
chitectu,738878a59c440290
res from,7a8f07296df96be9
 the lit,ed252c5d47f016f6
erature ,eaab39b8746ddcef
We estim,6c85139c6c0e0754
ate the ,d23ada0c6a2bd31c
number o,f12021c9a0e5870f
f floati,f833ba398c697fbb
ng point,a44eb86a6123dde6
 operati,f344b78037022766
ons used,5fd5f54d17a88c1a
 to trai,4d95be417169a919
n a mode,034e4e02befba046
l by mul,e77d13ea42b42145
tiplying,07d80f4250cea675
 the tra,08df75da11fea8c1
ining ti,08364f634ecc3291
me the n,df51e19e51aaec01
umber of,468101da975210f1
 GPUs us,862b824cd726ed58
ed and a,0021712a8eb6ba6f
n estima,56c96041d6332169
te of th,6f64eb2eb0662256
e sustai,bc4f59f4add81d1e
ned sing,72e5567a8a8b5688
leprecis,0f9c2ed0b17dfefc
ion floa,baa84f52ccdc6b64
tingpoin,b0c58ef92adbcb04
t capaci,dd68f34bef515d62
ty of ea,a6892b01319fdc5b
ch GPU5 ,7f09d8dc1e96beb9
62 Model,bc6a5cf386cb32f3
 Variati,dbe9220142ed9a26
ons To e,ee5b056461a50ce9
valuate ,277cce269ed8ab61
the impo,0d90f4a0372d3e43
rtance o,d50f2e992ab85844
f differ,38855258526b2760
ent comp,cd0727f2ba301501
onents o,d6a283f49a10dc62
f the Tr,acd37515fdf47d01
ansforme,1c95d1bd943fe4db
r we var,2ff36a0640e15d5b
ied our ,30ea84cd2060e4d3
base mod,698b729440ee3289
el in di,c0f51cf86effcaeb
fferent ,fba65958c9dd5695
ways mea,55ef4b2ee59c7335
suring t,e8361761d6d26754
he chang,463b00ed9d0abdf3
e in per,d043d98244d80dbe
formance,de6bf7f449713055
 on Engl,2640f6202068598f
ishtoGer,9d29adbd102d0f59
man tran,78b6409f4e2dd032
slation ,bd5abb6f50704357
on the 5,8655a8f4be457d46
We used ,08a7945bc6bd24be
values o,54d1a45ebcb0dfd2
f 28 37 ,c24ac4fcc11ef383
60 and 9,cba72e38d328a1f3
5 TFLOPS,f9a4f53442e86016
 for K80,04bf460bb055c09a
 K40 M40,aa16f7054d2f9b94
 and P10,613d0c70575e8462
0 respec,057de12887f35ef8
tively 8,4275e9cb3802afff
Table 3 ,dd1749a449f45967
Variatio,c4eea34090cfe68d
ns on th,244d15fea4d6397f
e Transf,8107cdd903f75cfc
ormer ar,2cfec56b2192df60
chitectu,738878a59c440290
re Unlis,abf9ed4081e6cd44
ted valu,7a32e06d447b7a0f
es are i,4c9683bcd7afe84f
dentical,1b7c9b3f77b73612
 to thos,c6f1ea16abc5aed5
e of the,192e8cbaf02eb6bf
 base mo,637fa7e2be6d5454
del All ,c86ef1f0b36bbb70
metrics ,b49cf6bf215213e6
are on t,eca2e0e89eb6bbd2
he Engli,1c9cf6282fb8b511
shtoGerm,170b69b61f81059d
an trans,f69b6f7a7d8b058c
lation d,ea75fa927a7bf363
evelopme,e5cf5b65f7c475e3
nt set n,8c4f9a1794b95536
ewstest2,7955f8b874d79cb3
013 List,023b80e0a4095747
ed perpl,1120ee3b48fa1828
exities ,dd18b37188b59c06
are perw,3bb3a4bc052e76d6
ordpiece,cf31cc3f5c1374c4
 accordi,5c93ef7b424399d1
ng to ou,a57e03cf32aab63b
r bytepa,49f024d5ebe4d7ee
ir encod,979727bc4fb01fb0
ing and ,80931ac0113c7a2b
should n,c6e1f04b80104a6c
ot be co,fa4f5b68f38a2ceb
mpared t,9079e03290bd70de
o perwor,23de4748a6fc1603
d perple,d031263ec05ce51e
xities N,745f8dd882c6794c
 d model,a4cbb90746267128
 dff h d,823641da9fca1fb5
 k dvPdr,dc3bd50692811ed5
op lstra,0e208a83148fbc1d
in PPL B,404e664362056603
LEU para,6e49e48c63f05321
ms steps,0a8f8a69cc945f48
 dev dev,1061180a8be79812
 106 bas,88e811bd48453c81
e 6 512 ,63445865e37d375a
2048 8 6,3744ffe017321384
4 64 01 ,c1e9aad8994054da
01 100K ,ef73f79d19ffd55a
492 258 ,3693b816c0a3564e
65 A1 51,866ba1ec20953128
2 512 52,7251e4c621f31309
9 249 4 ,33ebab158dc3e027
128 128 ,14264bd45f815898
500 255 ,07e817c46cb50e5c
16 32 32,635b617048b4d191
 491 258,4aaf239e447d73ca
 32 16 1,0b9f1bf06bc51108
6 501 25,5cc196459c836c3d
4 B16 51,e4e9b7d3beb7a592
6 251 58,2ba1a299c3ed98b7
 32 501 ,3b80395c7b9bbc70
254 60 C,1344f4d04728f849
2 611 23,81014f72915d5886
7 36 4 5,49b28695d4d1ed06
19 253 5,a789292183c29dd7
0 8 488 ,e1dc04662fcb93bc
255 80 2,e5b4504df2048416
56 32 32,e7a356f5a0adf7a2
 575 245,1d7fb19442584ba8
 28 1024,e70acd660789c90f
 128 128,40e5b4ad122dec46
 466 260,c7de95915c95bf68
 168 102,874b4fd120c21ccc
4 512 25,622e428af8d68591
4 53 409,9306e73f8b2c8c4e
6 475 26,1c74963bb3d7a10c
2 90 D00,28f6a4b8f7c8eeef
 577 246,c4b82a3bba80e79f
 02 495 ,774d326ce68f2a69
255 00 4,a4c70905482ebca3
67 253 0,8ec5e0ff57841767
2 547 25,275312908073c350
7 E posi,6560fb93560a2849
tional e,2d2ea915f6e058e0
mbedding,c1ac02a98654184e
 instead,9e6f2ae32ea7dc89
 of sinu,37a6b0cc26c7072e
soids 49,00af9ed667f3525b
2 257 bi,4a56ba4ff4e4f686
g 6 1024,c9d083d85baac4fb
 4096 16,dad2cf59fe8b5d18
 03 300K,f5982579cbe8c634
 433 264,ab4a543f5b93cadc
 213 dev,040a5ddb123a3e9d
elopment,46cc5d5807f29254
 set new,8674d77a5e0ed77a
stest201,412edc3227486012
3 We use,bb4eb3b704845363
d beam s,9ce6366ebb9b0fa7
earch as,ddbcacf8a44c4cee
 describ,1a4e723c4d9c50b9
ed in th,56c716acfc11919c
e previo,4cd8959dfa743f08
us secti,b6070522e93443f8
on but n,435f646d78922830
o checkp,b544143e2ebc4658
oint ave,6f5ee384db9c146b
raging W,b76234adad0d3ccf
e presen,9c6c8982d989db98
t these ,e8d8b6a897eecf57
results ,04fe922a2ff7bace
in Table,0700d9524fadebb8
 3 In Ta,6702024ee41dff75
ble 3 ro,b5cf438803d67fa4
ws A we ,49936c0bc6461a83
vary the,c25e359e4f91d2c6
 number ,74347bbb7ba2b46c
of atten,77dfdc9fb4f83dbb
tion hea,e05a73a1968c8b23
ds and t,6fe71230b502bc48
he atten,58c7d1abc86148f9
tion key,3ab849511c21ec0f
 and val,de05a16f6e1bc81d
ue dimen,3aa1acbb8a9a91c3
sions ke,841b6843d4050fbb
eping th,9477626c5f680fcd
e amount,8b91e38715a95756
 of comp,943a10f5a6cacf91
utation ,93a6313330bc67df
constant,447914eb4a25a08b
 as desc,e8b79c79de0c01d0
ribed in,c6dd98a043f2607d
 Section,ef569a7989ace15d
 322 Whi,749a64d6e19118cc
le singl,3170198c537aed30
ehead at,bb5fc9c069b8aab5
tention ,40e0111725f87564
is 09 BL,8b062b9c847013d2
EU worse,26395384c4cdd664
 than th,5a7fa173a277c9d9
e best s,e50bc5d6b0720c2f
etting q,e24dc1b716c1186f
uality a,aa617f3de53620fb
lso drop,97fc06f233b1ba8a
s off wi,0019165779bb8a4e
th too m,4ca3bef7adfe634d
any head,be3e84c1a6817266
s In Tab,794aa7a178fe38d3
le 3 row,64ade66563b1e25a
s B we o,20095b782f552b8c
bserve t,0cd1be4c5be5e6e4
hat redu,6b4f1b950ecd1164
cing the,9c939fb24f9e147e
 attenti,38bee95b1168f240
on key s,6490de0515aba56e
ize dkhu,e05e83faf6da8279
rts mode,18424a6b8eb207eb
l qualit,82a41438da60d5f4
y This s,3301c67e5896f5af
uggests ,16a783a94c68d42f
that det,2df772d8f08daf7e
ermining,a48cd9d838e317fa
 compati,5b489905b2d52798
bility i,26703ac64a8d831d
s not ea,f0eb598504b8a7bb
sy and t,152977609f33bc34
hat a mo,1964574229f68f96
re sophi,adabb51bf82b8eec
sticated,9faf9d0f457b0edd
 compati,5b489905b2d52798
bility f,3452e5c5c453abfd
unction ,2a2ac97b22e61e9d
than dot,b8d92dd8e31f66b3
 product,41041e142f234e25
 may be ,c255b923ee85db5b
benefici,d9e2f11f98a82ac3
al We fu,0de29f23b5cd7420
rther ob,12442d995c4b395b
serve in,7b3e2db0a70a3563
 rows C ,25e67e916b44874c
and D th,b386caba8fecaf45
at as ex,32f83ee100c982e3
pected b,9cd652fdf6c19f98
igger mo,b1e740f9187aeae7
dels are,ae56190f07079e0f
 better ,c1995c992e1ba5fd
and drop,42d51feec1959f0f
out is v,6689bc4ec2d41541
ery help,b25957ae2f5c2de3
ful in a,72b17fb823468c21
voiding ,cb8ef6143a661686
overfitt,1540a4652dfa9d92
ing In r,d7bb71f57716b5d4
ow E we ,42120e60ccfb7b97
replace ,58c8389af83b2e35
our sinu,9645ed39d79e80c9
soidal p,4ef15bfbc74c11c5
ositiona,0fd37ca8d0d8bf6b
l encodi,aaa4c0378b8e3871
ng with ,6766461dcc81bd8f
learned ,c0a01d098a16a3cb
position,185a2e7a69e59775
al embed,2a394697bcc39b87
dings  9,7a83757aa2ffeebd
 and obs,67b55628af34a40c
erve nea,9e1ba98d9b1bc14a
rly iden,9e9fbfb1e58def13
tical re,6c993b5219ca444f
sults to,c13dc504bcf4bd00
 the bas,9696dda04c36dd35
e model ,516839057168371d
63 Engli,126b5bcb194aa2db
sh Const,64c85c3e8058b337
ituency ,7d41843c33790f0f
Parsing ,e3d22a0ad9f1e1a1
To evalu,92fc174db3d5c509
ate if t,e183313d8feaf020
he Trans,b0dbde37b73ba554
former c,03fb0afd53499a5b
an gener,7e5250459d761ab6
alize to,2f0bc9e4d042da7d
 other t,c3263fcd9c6b601e
asks we ,163db5cda0b9a883
performe,9469a556832c6cbc
d experi,514f355e069f4635
ments on,64f160cf05c88302
 English,5616912e8d33d444
 constit,2ef6a42a9557dfd7
uency pa,8646815caa08041e
rsing Th,95b67d1b49b3c27b
is task ,16df56bbdaa95ba1
presents,0b45746fed788115
 specifi,146ab9f8a2a395ae
c challe,d487b1156b74fcf4
nges the,ddb27ac9c86d8eef
 output ,1371c5ee36adfda4
is subje,49b90c10d5735ea1
ct to st,23586e3c2decae8f
rong str,db30340e2cbbdf5a
uctural ,e9db3bbe65b69ccf
constrai,54011ec760f0a8cb
nts and ,da0ffa9a7663e7d0
is signi,6c2a97f9445b1e96
ficantly,e96426933e8899f6
 longer ,83f8b3268e3497c9
than the,d6d5614a2a50486a
 input F,049afcaba0d3fe38
urthermo,0ec8c3ded05ae496
re RNN s,bc9d26df4fbb644f
equencet,ba4ed89712a4eea2
osequenc,133f3a101f07eb1a
e models,47f49f2e3d40b550
 have no,e6a4f0231d971a37
t been a,25fa6adb575ad31f
ble to a,bddcf10d9beea8c3
ttain st,2b63f9ccc387139f
ateofthe,3a046f453445121b
art resu,e0224201c95dd63f
lts in s,1b7ee5dab4faea2a
malldata,2769bbfe5e07be0b
 regimes,92de76de75fb993a
 37 We t,de9b96bf8438a142
rained a,e210e56b826b0153
 4layer ,57adae44718fc3a1
transfor,672647312cb94771
mer with,d54b9947098dd754
 dmodel ,83cc247e27586fef
 1024 on,2307b62ca23ef9f5
 the Wal,a31ced3b1c03fa5f
l Street,588b62031e58b8fb
 Journal,c0a3cf084b426aa4
 WSJ por,a78f6225419f39bf
tion of ,61ba89fd8da12ac0
the Penn,b37422b8cee47d5e
 Treeban,e16f1d990cc5a6fb
k  25 ab,9a62ad3fd87c0ae3
out 40K ,1ae86b219c25560b
training,18225e99dabb4d74
 sentenc,56f13e5b171f63d0
es We al,1ccb275926b86901
so train,e2791bde9ed9cf21
ed it in,8f7cab383e72b65c
 a semis,7ac8e03499abf87f
upervise,5c699735554e6368
d settin,0c9136e494c27466
g using ,08eea07c7482b5f9
the larg,65c6abd58aab6a6b
er highc,f7b6d2daab3442e5
onfidenc,bc7bb5586ba0a0d7
e and Be,7d9970180d4f72c5
rkleyPar,f6e2c33fc81ef95a
ser corp,3ce893d9bad9b3e5
ora from,2e3a757f53a691af
 with ap,93cb1836a4523e8a
proximat,7d9a6bf2a43a7cfd
ely 17M ,df0a5a7f425b38b3
sentence,d3cded60c877116e
s 37 We ,8cbd22ca86ed76e2
used a v,896b711644b5fccc
ocabular,57c74bbe098792a4
y of 16K,9b1c51a17dae4f2f
 tokens ,c69568d3f8ad7d2a
for the ,0d7a492d03989e8d
WSJ only,dfd64b2ecf2c9c13
 setting,c1d114a0e4f22811
 and a v,d9259d0916d31bca
ocabular,57c74bbe098792a4
y of 32K,8590077bca84f4c4
 tokens ,c69568d3f8ad7d2a
for the ,0d7a492d03989e8d
semisupe,5daeb1021b2671fa
rvised s,50c8fc8cbdaaa03e
etting W,4644579d6a6061f9
e perfor,05c88194e4219024
med only,ea37c7b0d7fc2990
 a small,3b8daff1e8bae591
 number ,74347bbb7ba2b46c
of exper,ded0f27d4caad5f8
iments t,10116d3f6043b004
o select,be0b5f71a63a8bf8
 the dro,11e1bb5f818c6c62
pout bot,7924b8bacad495b9
h attent,ecde68657b00439b
ion and ,5bd0eb8bfd6b0e36
residual,00b3833bc2b9b196
 section,ab5be73e510158f1
 54 lear,e999451372d25c3e
ning rat,82f65035063d7aa5
es and b,61a01aff5066978b
eam size,80a83e1c5a6197fa
 on the ,a6ef8d48b064dd7c
Section ,1001deaa77b9f2f9
22 devel,321c9741bd30ef63
opment s,4876d62202be9ab4
et all o,65d8cb36f886c221
ther par,a04ab83c56e6bdb9
ameters ,dfe24f35f0e86046
remained,b6c38fff7e6543f9
 unchang,cb30b788aada1eb6
ed from ,30b6d193363ba512
the Engl,be034363d3e137f4
ishtoGer,9d29adbd102d0f59
man base,07c0655230d27d8a
 transla,ec5558b1a7d3f23f
tion mod,ea451e6f2ac89d38
el Durin,bbe6ec754e69ba9a
g infere,b4b7b57bde86c2a8
nce we 9,ece7288b285a8e29
Table 4 ,2198d1cd1a561f27
The Tran,8f016df30ec9da31
sformer ,8a7e351a2dff91de
generali,000c0eed9b94f3ed
zes well,3e72039c862c2e78
 to Engl,21be59a77470e7df
ish cons,e73329844584dd76
tituency,d696165075d86219
 parsing,ef68c2160e57aa1e
 Results,61e2f8322d495ac6
 are on ,d2734861692e5c58
Section ,1001deaa77b9f2f9
23 of WS,21849f3906fcc87c
J Parser,01c01032870f99da
 Trainin,923742d8947be27f
g WSJ 23,3da510c4e147ecd5
 F1 Viny,e08c4c14a429c75d
als  Kai,09b24db7a7f24cd0
ser el a,986a22c902458820
l 2014 3,ec725725e3a416f0
7 WSJ on,41f73fbd052fbd1b
ly discr,5e152bbd82482bd0
iminativ,ff72c3d7e5073002
e 883 Pe,86d3e8f85e2d2b9d
trov et ,5fcf4441bb48c044
al 2006 ,e0c9f1d7dc61bb50
29 WSJ o,5f73fc6188e22baf
nly disc,bb4239d9d73b76c4
riminati,e9ebc735f29082de
ve 904 Z,e5926b67292ceb3c
hu et al,cc790353c52d67d4
 2013 40,fe13ac4255413073
 WSJ onl,5c90f5d889bf5c94
y discri,92c9983584a72322
minative,fc8188ecd5128f1a
 904 Dye,dc11cfbf44a33b83
r et al ,27519f40d6323484
2016 8 W,6deefd686270de4b
SJ only ,0fa99ad8e8e76e86
discrimi,3180225d2ff04a5f
native 9,0ecfdaaa73fe4386
17 Trans,a3c0039c54eaa4e3
former 4,2c87c3ba250edec1
 layers ,82b2e267909d3a5d
WSJ only,dfd64b2ecf2c9c13
 discrim,4cdf3bd146903172
inative ,bc44ee1b6736811e
913 Zhu ,643d223760b49837
et al 20,80b3a9bd1ea15df7
13 40 se,7b69744c828e9de5
misuperv,c684c2a1b56ba955
ised 913,ce77ac1f7856ea34
 Huang  ,59d2f4496d55e185
Harper 2,759cedaa56a666de
009 14 s,f0811d2b982e6001
emisuper,26eb8b1e94afc56c
vised 91,ae7e5203304f263f
3 McClos,f8d04ce647011983
ky et al,3a31329e496a817e
 2006 26,b7af91ea04d94019
 semisup,6091f9edf17fdd7b
ervised ,0dbd7c894e896de4
921 Viny,edd641a7167ded78
als  Kai,09b24db7a7f24cd0
ser el a,986a22c902458820
l 2014 3,ec725725e3a416f0
7 semisu,8d7adae56a17b1d7
pervised,65111b4848b94005
 921 Tra,6c76a67aa9e5f811
nsformer,3aa4b616e77f82c8
 4 layer,381004fddc5c9ec9
s semisu,26ef671088fb766d
pervised,65111b4848b94005
 927 Luo,938c941937a95c02
ng et al,5584682fc3717934
 2015 23,4b4446d4f4a8a8a4
 multita,b57a517a05f98f09
sk 930 D,540b937ed2a3d965
yer et a,b74093b3f5564060
l 2016 8,47dcf31eb292f64f
 generat,5649e4ce8e568840
ive 933 ,116391c098c22761
increase,e2abf5a39ef3e9c7
d the ma,c63e892aaed53ed4
ximum ou,a871c8a622025dd7
tput len,efb9222dcb2e736b
gth to i,163ee8d9fd61c55e
nput len,adf75e0fae2bb5b7
gth  300,330c2dc246e94257
 We used,5844f58d8347be47
 a beam ,75c84457c8b0992a
size of ,b3a2c7446245a1ae
21and 03,5fe547014b00381a
 for bot,142462a272b2d425
h WSJ on,24c2f6a6dbaa71b1
ly and t,aac718398f3ff6bb
he semis,4b86f6afe80f2e98
upervise,5c699735554e6368
d settin,0c9136e494c27466
g Our re,eef8c43b634cf87c
sults in,e10a229f206190d2
 Table 4,1599efd9f8101ec9
 show th,451dc94ef76a303d
at despi,472bdf2187b23461
te the l,70c2d74d1b157042
ack of t,4b3199ab274a0110
askspeci,6f868350622edceb
fic tuni,3b4d54febcf6776e
ng our m,0523890a42cb4d94
odel per,a1a3f96f7a52ee15
forms su,aec31a5592d163db
r prisin,b5e20a1c66e5ee90
gly well,069efbb02c8dea9d
 yieldin,9bf54b58797073e2
g better,80f46981495a74b8
 results,b60093ce23006471
 than al,0f344f81a6cf8079
l previo,14037c0cc19a5f27
usly rep,fd043c2c0b475112
orted mo,6fd318b25a9c9981
dels wit,3d6a0d1d7fae0d1b
h the ex,26efbd97b2994d2f
ception ,9d751b6af0701090
of the R,39ecca2403fa2c49
ecurrent,615c8bc2cee06655
 Neural ,d58cde2b5f9507cb
Network ,f8a828b6ed2e2cc6
Grammar ,c749e948f526009d
8 In con,0795a2cd799873c3
trast to,301bc3480cc2a382
 RNN seq,32ea57446f1d3c76
uencetos,e01886da5a4ab366
equence ,5666e6948d2b79ec
models  ,e65bd034f1f78941
37 the T,b055b93a5fac6006
ransform,42eee614317b734b
er outpe,983c3d83dd00e4f2
rforms t,e3532e98348afb2a
he Berke,0c8e7c106c5cbdaa
ley Pars,63d7380ffd1819a1
er 29 ev,e699a375ba355740
en when ,b77cc5fc85aa148c
training,18225e99dabb4d74
 only on,d78b4614583243a4
 the WSJ,58aaf9011bc88baf
 trainin,a8baaa077917c479
g set of,9bffa961168552f3
 40K sen,ba9bc51deec1b452
tences 7,8a9cc1e7755bb7a7
 Conclus,cbdb2573b13aa323
ion In t,a6fb01478e07705f
his work,ae095a2b54784956
 we pres,2287914e03724a8c
ented th,f59b78cdb68c234a
e Transf,8107cdd903f75cfc
ormer th,4d9045af689f7521
e first ,9a26f4f2afeba344
sequence,d50f63bb40e55f22
 transdu,cd2f280526f3b373
ction mo,940b0491509f583c
del base,96c2482476dd1ccd
d entire,69a97a506d2e1ff2
ly on at,fbef3ef0a496006f
tention ,40e0111725f87564
replacin,f80c704bd2a13eb4
g the re,9f4852f7306e53e1
current ,991fc92da598e825
layers m,a0418fc39181d25f
ost comm,39a30eef9c9111a1
only use,668a5136ddd13435
d in enc,834f07284476f9d2
oderdeco,b15c38d3b617fcde
der arch,286be2998e3568be
itecture,cc7a6f194292619d
s with m,9f9539895609fc52
ultihead,0ff2f7801c25524e
ed selfa,a2546457db88d8c4
ttention,81199274fe0fb445
 For tra,5b1e8f087ce66334
nslation,f2fa056794bebd26
 tasks t,8b980019f2f083f3
he Trans,b0dbde37b73ba554
former c,03fb0afd53499a5b
an be tr,9a74297ec59431e7
ained si,545f420d49c1346c
gnifican,3bb2d68eb1c4a859
tly fast,488346c6e912bd03
er than ,2140896bf960cea9
architec,458e209a12c76362
tures ba,78fc6d8cac12b630
sed on r,cfae08bdc6971f29
ecurrent,615c8bc2cee06655
 or conv,2d35fdb6c65e2720
olutiona,790be33dffe31843
l layers,0ba48cbae57b8f20
 On both,829c72954bd1b920
 WMT 201,2365a85e30d5b22f
4 Englis,9cc26677ba164b3c
htoGerma,0a8a744eb2d80e8b
n and WM,75cbdc69f5cae1d8
T 2014 E,f62d68b67cbc7627
nglishto,113f95070d7e2e90
French t,e3a6f8c6db798595
ranslati,37e02f17a4bda142
on tasks,39be698b98398271
 we achi,65c48dfc7568c745
eve a ne,9ede842a39929f75
w state ,bab4025fe4489b28
of the a,22c615568c023f7e
rt In th,0c3173c2e5713c53
e former,08bc3e6de8d43820
 task ou,c3b8a2554a0ad756
r best m,7eed35fa77a0c42a
odel out,42f9ca43ff8d4694
performs,b0da43fc26608177
 even al,66828d3cf9205da9
l previo,14037c0cc19a5f27
usly rep,fd043c2c0b475112
orted en,0c6c214d1cd87028
sembles ,9fdb0e6bae5fb22c
We are e,d3423f0daf5444f3
xcited a,298c9c8b5ae76c54
bout the,8fe5b39e056d932a
 future ,254efab5a9798a43
of atten,77dfdc9fb4f83dbb
tionbase,0ace87f8d2153793
d models,1be38c04c4614720
 and pla,fddc54b7eb98528a
n to app,920a4153f57fddf9
ly them ,f99b57bf024a93cc
to other,fc6995209b088826
 tasks W,481f0ec2a67e2a1c
e plan t,678f8d24f5783188
o extend,ecd533d49173396e
 the Tra,445880234248f14f
nsformer,3aa4b616e77f82c8
 to prob,fa25df64e9b56429
lems inv,31760fde9cbfde2a
olving i,5a300f2c7b602008
nput and,6fbf0c6616745058
 output ,1371c5ee36adfda4
modaliti,2f554e39823327d4
es other,f69a962881ca9e60
 than te,145c7b43f327c6b8
xt and t,ce2a3a62e810e754
o invest,53ff91de8d2b3704
igate lo,459034ba89d38f57
cal rest,fd1c6eb03d4a6410
ricted a,0d16a56347e25bc9
ttention,81199274fe0fb445
 mechani,f8d57477d790cb82
sms to e,7436c649a4a83136
fficient,36329c83ac5c893f
ly handl,3753fe80b9dcccd3
e large ,f101272da0b30c31
inputs a,ad5b700464fa3797
nd outpu,ded098ef1bb41c23
ts such ,def0a509ba1e4c5e
as image,ea399fa676c41cb8
s audio ,a16ecf31fc5382e6
and vide,78c27539d5255c3e
o Making,46cd33e758ed81a9
 generat,5649e4ce8e568840
ion less,6135b7802f125b63
 sequent,8de164ad4930b6a4
ial is a,88d9e7dcd591e2c7
nother r,d8b513f2752238d1
esearch ,a3cff7b339d5f1bd
goals of,53bbafe160d2d0c0
 ours Th,249d839f8d873cbc
e code w,b15cdb250e8a0788
e used t,92e54df690e3b26c
o train ,3da8672d16f57db7
and eval,7b46275dd27b871e
uate our,cb58bc8cfeb4815e
 models ,b6f9886c1f5875c6
is avail,bc47b503fdc1770c
able at ,a82854949808a2c1
httpsgit,c2faff00fd3e7ff4
hubcom t,6b571348a942d5b7
ensorflo,d2b6e14e5984e5a0
wtensor2,116fbff1af471d5d
tensor  ,b00d6afa91bcc318
Acknowle,9207902218e6768a
dgements,9ac0eaf439c57fdb
 We are ,a495e1d7c742076c
grateful,1c62dc0a50e56bcf
 to Nal ,bd6f9cc8f8532c09
Kalchbre,a7b2cbe38e15ae2a
nner and,7a129931fd2a674c
 Stephan,573db750dd08a070
 Gouws f,e7a8c4921bfff6ac
or their,0cd5cda26ce1ac64
 fruitfu,8d7608578549e368
l commen,d52d59a5dcced68b
ts corre,779e73b4576090b6
ctions a,32be4657e952f025
nd inspi,3b38597c271528dd
ration R,3e1e85af70b95835
eference,52ed48ab252d8818
s 1Jimmy,ae70e8f08a85eea7
 Lei Ba ,574f451173b3a070
Jamie Ry,9e4d071d343ceecf
an Kiros,143ebabe5f69c164
 and Geo,19cd78c9443d3428
ffrey E ,343d85296d9e1c6d
Hinton L,36eb60833d7d05fd
ayer nor,bc4aff36746e927c
malizati,b080d7147ed830b1
on arXiv,22729a7323096d8f
 preprin,972f97dab85cd729
t arXiv1,6cf74185ddea91f0
60706450,23cadfa9e9c74bf4
  2016 2,321d14a010633183
Dzmitry ,90479519be26b110
Bahdanau,1630aa6f8c67a4dc
 Kyunghy,ed2af1260e9300f9
un Cho a,1d3107b0f3364e2b
nd Yoshu,ec98b61d3e254974
a Bengio,595ea4b9c76addbc
 Neural ,d58cde2b5f9507cb
machine ,ac5773225ce8b046
translat,2fe4e9caae46ab8b
ion by j,27f6df15ec2fc17e
ointly l,b28ef567a828b455
earning ,901e6ba027729765
to align,2feeaf36d4e57bab
 and tra,ff6cf6177310a4d7
nslate C,ca7d667a891dbd29
oRR  abs,b7ff6aea3d3fb90f
14090473,9ac5acd154574b8c
 2014 3D,2eb6def7f1553530
enny Bri,84a05e6dee315382
tz Anna ,5cb4959dd200f869
Goldie M,ccc137e3ee1e8193
inhThang,09398c729f5e7a06
 Luong a,cef2a3e19b7ecd8e
nd Quoc ,28cd177bb8a9a24a
V  Le Ma,f4966bcac384b145
ssive ex,284bb434c15440e2
ploratio,b7d281d203ab95c4
n of neu,024f44fc2ff7e1d4
ral mach,f37ed2edb39a2713
ine tran,104f4074bb3c26bb
slation ,bd5abb6f50704357
architec,458e209a12c76362
tures Co,04d780aa266b7b8d
RR  abs1,819e09633984ae11
70303906,2d7bbdfb05b2b92e
 2017 4J,f51b663f5d18020b
ianpeng ,05498b8cac7e1d13
Cheng Li,4f1305ce67b2484b
 Dong an,766f3e3e3371cc49
d Mirell,6c719a11f728a518
a Lapata,0271b2616a8c14c3
 Long sh,d8b05a72cb02bece
ortterm ,090ac9ba40f27703
memoryne,4bfbb6836dc27853
tworks f,73509cb23c7aaa72
or machi,0390330b3a51b506
ne readi,eca9576628cc625f
ng arXiv,b3cbd14c45ce4133
 preprin,972f97dab85cd729
t arXiv1,6cf74185ddea91f0
60106733,2b9e9b76834b355b
  2016 1,dc9ad8668f8a33a2
05Kyungh,2931e28125db01d0
yun Cho ,cf33e68789b55b9b
Bart van,3fa27c1df31ac5f4
 Merrien,cdb2cc4cc6c37351
boer Cag,1499b063ff4687d9
lar Gulc,a494d8e72de8c791
ehre Fet,f5a1fbe83c7c16ee
hi Bouga,e068d0e42f9ac988
res Holg,9bc0dddc61371fde
er Schwe,63499ee8e424e73f
nk and Y,f7e42cc33863e93a
oshua Be,70e96eee3d2a5a02
ngio Lea,4b5e4afc5c9cc064
rning ph,fe38880ac9c974d6
rase rep,86fc545c0c67b02a
resentat,09ee84f92b5d93a1
ions usi,7a59ecbf9563c451
ng rnn e,729c71ba5176da3b
ncoderde,e2ab18e424116afb
coder fo,29d412bf02ba1482
r statis,fefae9a5c0c1bcc3
tical ma,f10dbf73aafb9c7e
chine tr,d2875099f7fbfb4f
anslatio,81760ad445daf76f
n CoRR  ,cab02b85a1278a8d
abs14061,12d20f1f7e21019b
078 2014,2ba3f6e21ead5dd4
 6Franco,c6fe6d4ab5f95b14
is Choll,1289e57f9086bcfa
et Xcept,496369fdb84d84a4
ion Deep,cbc8bb9c87edc9d0
 learnin,154034ce7146a1e7
g with d,9950ea1d11090fcd
epthwise,4dd03766d96a5c98
 separab,dfbde7b61513f3f6
le convo,59872bb60b4ac024
lutions ,01e392d49cf67a46
arXiv pr,9a240fd7da8ff95d
eprint a,7831f8499b13dc67
rXiv1610,df83baf543d9b921
02357  2,a954d9c4c057c792
016 7Jun,1d2a86caac1a5c06
young Ch,1dbdced1b42542a5
ung agla,9e2c760736805ff3
r Glehre,573538ee1306bd59
 Kyunghy,ed2af1260e9300f9
un Cho a,1d3107b0f3364e2b
nd Yoshu,ec98b61d3e254974
a Bengio,595ea4b9c76addbc
 Empiric,402895f4c2aaa1aa
al evalu,0f5b0775b6ab2f96
ation of,f3f73516d0d2fcb8
 gated r,457b4f36e4081aa0
ecurrent,615c8bc2cee06655
 neural ,487562a46ef1c7b1
networks,461fe77ac0a32b38
 on sequ,2d48bf45babbeb46
ence mod,c3bad2899ea2ea6f
eling Co,6c0d30a3003c1780
RR  abs1,819e09633984ae11
4123555 ,e081239c8b77b70c
2014 8Ch,a2ebb0005ab63d5f
ris Dyer,65381a87e08ca96c
 Adhigun,3386648a07e973eb
a Kuncor,232683871f04d7c9
o Miguel,ab616ec916c7c92c
 Ballest,0623f2678ffbe476
eros and,a4ee62a464668071
 Noah A ,d3face37cf0a5cd6
Smith Re,530aa6b50f06deb2
current ,991fc92da598e825
neural n,acf4c8146d354263
etwork g,486374804683bc55
rammars ,6d500114a1c485e0
In Proc ,33c94053c2279091
of NAACL,9c8754dfacaa3ce5
  2016 9,d3db2252ad829fec
Jonas Ge,13cf4f62f94ea8a4
hring Mi,67a40c46941023d8
chael Au,16e7e8d3313121f0
li David,ac1353ef0aa8c85d
 Grangie,f55daeb3c98e3d3e
r Denis ,3642fda18ab0faab
Yarats a,1dd521973e903f2d
nd Yann ,5ebcfeb2a5d80304
N Dauphi,094bae89ddfab81e
n Convol,d8677ae55de19709
u tional,4989f5fb0e19be18
 sequenc,4375cda38cef7aae
e to seq,408d90f1db65b496
uence le,d7bfd42d28a58773
arning a,71e734097806cc2a
rXiv pre,9778ca6ab7cc8f9b
print ar,573286ac199d62c5
Xiv17050,a1c197c795a0fbb9
3122v2  ,f7d9e05c5972e6c0
2017 10 ,aded75c64758fdab
Alex Gra,37a5b21692c1d728
ves Gene,467ba8d455edf31d
rating s,22df3cb8db311d3d
equences,4e18697e67c1540e
 with re,99eac1118904b888
current ,991fc92da598e825
neural n,acf4c8146d354263
etworks ,58b23bed03ef7315
arXiv pr,9a240fd7da8ff95d
eprint a,7831f8499b13dc67
rXiv1308,49892a8b2f166764
0850  20,4f1aaf02a2d67b64
13 11 Ka,74c97a4c6c40fcda
iming He,89bf4b429fc55694
 Xiangyu,62cf2c25ec4b20dd
 Zhang S,bb491278cef892d0
haoqing ,8d25d45547b2b3e0
Ren and ,cdaf20dbadf9d2a3
Jian Sun,b89899053d7639fe
 Deep re,f16bce97e38c3960
sidual l,01d3423cc1c850eb
earning ,901e6ba027729765
for im a,9adc51b34ff41917
ge recog,c129c42621feb1da
nition I,952f189e40af70ed
n Procee,5b3ec4110a175cbc
dings of,9711192a01dcfc7b
 the IEE,75461ba4562fb95b
E Confer,fb6fe2cda8081b94
ence on ,73e212c976de1e4b
Computer,fc528aa6033191d4
 Vision ,b028f6a5617e7160
and Patt,fd1ec40ce5fafd9d
ern Reco,a5fb522d878d7ad7
gnition ,dd7e5aad64683d2b
 pages 7,bc955be5f207cec8
70778 20,d0d254ec3bcce23c
16 12 Se,4b83e8212d173644
pp Hochr,6cbb4f285f6d3771
eiter Yo,23192f7c37f6280b
shua Ben,9cc947953e083cdf
gio Paol,dfdb3571060f69c9
o Frasco,405d9ce7055002ca
ni and J,bf6bcc4828f9d057
rgen Sch,28e96829db376415
midhuber,c7c961d593ad4a41
 Gradien,221dc0853b220c6a
t flow i,a6d0c48ca53c2fb1
n recurr,155cb27c7c6cd8ee
ent nets,ccabb7b57fe08474
 the dif,25c389a5d24eada2
ficulty ,7535f41018afc84e
of learn,db2ea3b1c0a846aa
ing long,85835602977ab98c
term dep,503a144d126632ef
endencie,7d5d95da0b46dfd6
s 2001 1,5a8159f138f8d72a
3 Sepp H,d0dd46ab2e56e3fc
ochreite,c7016d3f9072919d
r and Jr,195e9c22c1978cd6
gen Schm,0bb41970cce81a05
idhuber ,607fb66c2760c7b3
Long sho,d38f00ed354e03fb
rtterm m,13bd65f63586b88c
emory Ne,145c26b7ace717fb
ural com,f58e46ec80410fa9
putation,f24d0ea64362d8b5
  981735,81d8585f3e7aeb7b
1780 199,38ab34ed640b7be8
7 14 Zho,bb5ffcfbb9582034
ngqiang ,dc5ecc22cde9f0a0
Huang an,65cd320d70a51138
d Mary H,00e6e110c6650d7e
arper Se,8f3f6b99d40871ff
lftraini,80e0c22af2a45747
ng PCFG ,a917700c95299598
grammars,affdb81d10bcf590
 with la,71bd42a99201e508
tent ann,d9d617d238e38fd1
otations,bdeaaebc083c7bd3
 across ,f9cee2b2fbe30000
language,9cf91ba9c2fbf607
s In Pro,69ee8c1f62041c6d
ceedings,f6ebd1ee780981cd
 of the ,2493d3471e5a83fa
2009 Con,c130d025c58a6755
ference ,d1f50dcf8ef1a1b6
on Empir,a998b5fa6486830f
ical Met,3ee527554252af36
hods in ,a2d61e9b7998e2a5
Natural ,709bc315b95fd349
Language,1057cbc84625d8e1
 Process,941e7c0c5a23949f
ing  pag,2d08c8690787b888
es 83284,36ae17c2e46db300
1 ACL Au,f4a5bffae2f356ea
gust 200,9e228b051e3901cb
9 15 Raf,6d30a8e9b5ce4f34
al Jozef,57331e2bb6a435a5
owicz Or,ed77cf51455ba7fa
iol Viny,628aa2414f2bada3
als Mike,0856732b4452410d
 Schuste,5d5fcd0d56b6647f
r Noam S,a9abff27e62ab141
hazeer a,9e8db8be36b4169b
nd Yongh,b05cb05de6dce4c6
ui Wu Ex,b57c5f11e2325c2d
ploring ,981ce8c166ce5015
the limi,14f0f407d203d9a5
ts of la,e6e3a7544a1a04fb
nguage m,c995881922a82dba
odeling ,f751ad69ee9ae875
arXiv pr,9a240fd7da8ff95d
eprint a,7831f8499b13dc67
rXiv1602,33822ae7895afe28
02410  2,6a4c8307466d8505
016 16 u,6b5b22b2ae9db029
kasz Kai,8c8fa9dfcad3b6f7
ser and ,39b5153f5740724e
Samy Ben,4c6b17c911509027
gio Can ,5b10b99efe957f87
active m,7695df30d757d3b9
emory re,3dbf7e4d75a57c04
place at,a504dd6346074709
tention ,40e0111725f87564
In Advan,807d8175b4af22b8
ces in N,df63fe5d76cbb093
eural In,77ded3ff7384d073
formatio,35b92076a2b5e80a
n Proces,105dcc7388f69986
sing Sys,38a9a9516fe71a01
tems NIP,58e2a8ccec13ab15
S  2016 ,cd65becab490f9c2
17 ukasz,e88a3d0d2d0f5a00
 Kaiser ,b83e4501fa2f7e41
and Ilya,1918ac732d909c35
 Sutskev,0af5cd15bef97e7c
er Neura,da01ab65e36cd235
l GPUs l,26c1b745b59ca79b
earn alg,a435b566cf37cf2e
orithms ,d53ad7d7051904d9
In Inter,f5b2ae86638f5b35
national,825b3afa6c581186
 Confere,1f34c9d8ec94ab33
nce on L,7885551e277329c7
earning ,901e6ba027729765
Represen,35b1721f86277449
tations ,75e067976b4cabc6
ICLR  20,c1fc882fa11303a4
16 18 Na,9fe270f511d9ffec
l Kalchb,cc2cc64842b645c8
renner L,5277a39a647530e0
asse Esp,412192442e9ba611
eholt Ka,aa0470c1e1117bd6
ren Simo,768d2560f8cdd56d
nyan Aar,0022767d2b8b1263
on van d,c0871267928df3c4
en Oord ,160866337aa14fb2
Alex Gra,37a5b21692c1d728
ves and ,ee3ab7b10899990f
Ko ray K,fad42e83cc50a82b
avukcuog,42eab85b77d12222
lu Neura,8eb60d065bce800a
l machin,db85703f7c8bd96f
e transl,6577b934a2c00c61
ation in,f7e64095cdc0e7c9
 linear ,daebc6ec827329a0
time arX,25148c54c61e522a
iv prepr,5d2247d44f0788c2
int arXi,ab314d9dee785b2d
v1610100,e7715d5e6401b288
99v2  20,5aac4cf23c6d7936
17 19 Yo,0991df505f77e541
on Kim C,7446e96d5f800f7e
arl Dent,8fc44fb6116f8e20
on Luong,84e1f85c3fad43a6
 Hoang a,01ff50427ab3309e
nd Alexa,7589d884b0eb9d1c
nder M R,bff81f23d98c3f1d
ush Stru,859b1c6c57505031
ctured a,cb4d0c22a437cce9
ttention,81199274fe0fb445
 network,d8a067cc5a6c600b
s InInte,c2b131755bca16d6
rnationa,b15cfc9a63646ec0
l Confer,cf209c55e4f8feb0
ence on ,73e212c976de1e4b
Learning,52425b4dabd58cc7
 Represe,60f9c0371c898827
ntations,15d00e18b568e838
  2017 2,ff78e4b3b6b25a37
0 Dieder,905272b9281be9aa
ik Kingm,4500157c8a9e61e7
a and Ji,bb2ead8dd78c4900
mmy Ba A,9c02104a80f75b9a
dam A me,957ddea234090eaf
thod for,d0a6b2483907f20a
 stochas,dfff6bdb627d05f0
tic opti,f6391e1ca27afc70
mization,bfce16af542e7998
 In ICLR,4626a5d06857e987
  2015 2,1f496d73ead60ddf
1 Oleksi,fe5a3ab29389bba8
i Kuchai,bf87672391348815
ev and B,cecf84d20984b3ce
oris Gin,904e349070dbf74a
sburg Fa,501037f02cee987e
ctorizat,0c80e9cfb1513e2b
ion tric,59aa35f370b39410
ks for L,a514483837df3819
STM netw,d7ecef65a789b8e4
orks arX,b9b90fb50081345a
iv prepr,5d2247d44f0788c2
int arXi,ab314d9dee785b2d
v1703107,68551fe616c0622a
22  2017,9e7ffd054081aab4
 22 Zhou,9a6e972d6fccb3f1
han Lin ,c17f02a57d96e1ff
Minwei F,53fd111182b8a271
eng Cice,ad14bf4774c0a8f6
ro Nogue,c4b408f26033f9b1
ira dos ,683fa33de992f3e9
Santos M,16e42ab5399285e3
o Yu Bin,2ea7164031e4d206
g Xiang ,c9e5ee5d9470f272
Bowen Zh,402b19cd35157cca
ou and Y,4992cc168923a3c5
oshua Be,70e96eee3d2a5a02
ngio A s,8f5fde947e943b2a
tructure,29c4180aafe6c7fa
d selfat,ffaa8eb41682257d
tentive ,15fa69e400f230df
sentence,d3cded60c877116e
 embeddi,19cd5c614ffe8642
ng arXiv,b3cbd14c45ce4133
 preprin,972f97dab85cd729
t arXiv1,6cf74185ddea91f0
70303130,44e9c70b31c8cf2b
  2017 2,ff78e4b3b6b25a37
3 MinhTh,a5e6376f0b479b32
ang Luon,0d5eee41f89bb657
g Quoc V,5575997fd202f0ff
  Le Ily,c4d76e244f78cd81
a Sutske,1e6fe1864998f1b4
ver Orio,38a39a6dd77cb1c9
l Vinyal,1cc43d401a044b2a
s and Lu,fcb8eb56d402b74b
kasz Kai,8c8fa9dfcad3b6f7
ser Mult,4936d458f2eda526
itask se,1667d51457faea07
quence t,c44449466b39c08c
o sequen,c3d9ff811b138857
ce learn,2456e2d490a0b911
ing arXi,218975c7f7d31f1f
v prepri,cb2820309bdce959
nt arXiv,d57c4cdb07f5c57a
15110611,fdec0f1787e5a7a7
4  2015 ,6d4d3dea1c7227f7
24 MinhT,2979d80e62cd73e4
hang Luo,c780ff35a9367c4c
ng Hieu ,8e371288ee3977aa
Pham and,817a725ae19543e7
 Christo,53ea13ff45a370e7
pher D M,7945d0a84f5e6331
anning E,fa60c18ded9585a5
ffective,7e28e6e5b530b25e
 approac,6cbb591d3fb9b0ed
hes to a,1be300167e56dcc7
ttention,81199274fe0fb445
 based n,52d89e2e1323d387
eural ma,e1fc429bb7f4e831
chine tr,d2875099f7fbfb4f
anslatio,81760ad445daf76f
n arXiv ,4b838fdf77c351b0
preprint,4d95591a752277f2
 arXiv15,2b0ab2a8bf68b953
0804025 ,9ea7b7665fe606ff
 2015 11,426cb5ee668e8120
25 Mitch,f8d4615ed650a9a0
ell P Ma,bc5a552ac6cdc583
rcus Mar,057c2341b7c53961
y Ann Ma,cdc8ff8dea3a8839
rcinkiew,46f26a6a7018fbad
icz and ,8dcdc12125da01a7
Beatrice,fe8ecde9387b9ebf
 Santori,47e6cc8500a9642b
ni Build,297f3586206ee405
ing a la,1f18c8ac8f56b89f
rge anno,f95edd3c5d899d08
tated co,5145e08571c2f3bb
rpus of ,fff0481f25944d13
english ,6097af409a7b4393
The penn,7567833866bbf4a4
 treeban,2484f67962b96da4
k Comput,1f3ef3e440b4b80e
ational ,d6eb0ca0cf274cd8
linguist,138532a3f5eda2a0
ics  192,4abd89dc86c0bef1
313330 1,ec4a922147c7de41
993 26 D,27ad661b570d730f
avid McC,38aa9a56083651ef
losky Eu,92b5dd2b80c01ce8
gene Cha,8b62e2fb9ae63073
rniak an,66472536db2fb1a6
d Mark J,cabfd62d17055415
ohnson E,6d90b0714354268d
ffective,7e28e6e5b530b25e
 selftra,93ff55b4d5b8c2e2
ining fo,8850de163c1a9bc9
r parsin,2d215b5b65378c80
g In Pro,05b31ad4fd1fa4c3
ceedings,f6ebd1ee780981cd
 of the ,2493d3471e5a83fa
Human La,bf1e436df4c5b032
nguage T,b8e250906f113175
echnolog,2f6e1d30351e21d6
y Confer,3f95ca3de1d6a668
ence of ,bceaad0b7a9f2776
the NAAC,6d4743f1107e6ded
L Main C,42eef0a5ccb2a247
onferenc,81fcad88316a1515
e  pages,c63a8aa9140cef34
 152159 ,1e6017319781830c
ACL June,bedd1f8710dc6c35
 2006 27,68844706e0c82cd8
 Ankur P,63e7af15b92532fd
arikh Os,c367fe6b5662b0d1
car Tcks,2df0e153462d1038
trm Dipa,f22f5f3411b1cd73
njan Das,d3dd9812ec9a4f94
 and Jak,0d1a8c7fd1d5ca58
ob Uszko,39985cff54e1c957
reit A d,3249426660b6b870
ecomposa,8a71d7904efd78de
ble atte,b97c937251358200
ntion mo,6aa728079dbe59ae
del In E,cebee6ad468906ef
mpirical,fac4429fce9e9eb7
 Methods,2988756aeb379f71
 in Natu,6357530e1540496d
ral Lang,0eafccdbf284435f
uage Pro,93c2a9a82012c9a8
cessing ,8473c3bc753e95d1
 2016 28,e57c8894c7428fc6
 Romain ,6497183eba5a4d37
Paulus C,6f8f75d1ee6b2ead
aiming X,0d19363707460694
iong and,866e886fd18fd42a
 Richard,d2658c4e51f3426f
 Socher ,c0cc712977f3da11
A deep r,40b8e04f9b844976
einforce,d78d51e61f76ab2e
d model ,7c996b71430e68e9
for abst,c161b3cbd9ddaffd
ractive ,53546449da7e5e41
summariz,d8d5d5cf39bd46eb
ation ar,2b092cefe3cfd6a9
Xiv prep,5c48cab30ad208a1
rint arX,e784877fc114fa19
iv170504,850804e0cd1b656e
304  201,3ce77397113bbe77
7 29 Sla,764d11e3b6c71e2f
v Petrov,eda6294be2e5340e
 Leon Ba,462e6a784a92b718
rrett Ro,38b7285f9d834da4
main Thi,3946c19689f1318a
baux and,df17ed0aa1eea68e
 Dan Kle,432db980a52b2975
in Learn,1752686316578fc9
ing accu,72e5bd2079c025a7
rate com,8d2d39bb3de63304
pact and,56e73015c1140cbf
 interpr,871ebcd519cb7982
etable t,140a5052271f80cd
ree anno,238e5645cd544b88
tation I,f131047d59c23cc7
n Procee,5b3ec4110a175cbc
dings of,9711192a01dcfc7b
 the 21s,fd0e56d42afd9dca
t Intern,1ce33c7963f86e87
ational ,d6eb0ca0cf274cd8
Conferen,ca2e130e915f3631
ce on Co,f0392e47353ba83c
mputatio,d1389ec03d58913b
nal Ling,8ddd20f53f1139b9
uistics ,00f8c235ad1ffada
and 44th,8f852ac1de9ef08d
 Annual ,0d359080cdbec298
Meeting ,4085c846d83d8f1c
of the A,0774d6e1ae05b1ab
CL  page,6c4cf506f6ecf68a
s 433440,acb55b96d1cdcbb0
 ACL Jul,6159b4ae63dbddb8
y 2006 3,7d9d6fd6593a5435
0 Ofir P,2ff8953cce830de8
ress and,28dc8ce14809eb6f
 Lior Wo,2fff46bf4847e5ce
lf Using,fe0b293be260a603
 the out,d4a61c5824a9c1e1
put embe,806995d211d18989
dding to,5e28ccac32614f35
 improve,071710039b6e1cc6
 languag,2ac39d0de660d7cc
e models,47f49f2e3d40b550
 arXiv p,8331386d0518c7c1
reprint ,cc25572ef93ed22b
arXiv160,125b1466dbc8a751
805859  ,a19f87b0b99eab55
2016 31 ,d60736c86fb453e1
Rico Sen,05292390c5f21ff0
nrich Ba,8e89d1c4a7d402e2
rry Hadd,d658f66580f94ab2
ow and A,5e083c7783bd0696
lexandra,dac0057e05725aa6
 Birch N,c076046f89c24c8f
eural ma,e1fc429bb7f4e831
chine tr,d2875099f7fbfb4f
anslatio,81760ad445daf76f
n of rar,9b0b0207d2eea66b
e words ,219ece174f6fda0d
with sub,ccc1f3086c660521
word uni,461a54acd0d0323d
ts arXiv,857fecc068e4fc9d
 preprin,972f97dab85cd729
t arXiv1,6cf74185ddea91f0
50807909,6a66f835721c2024
  2015 3,61f4e53df0b1584d
2 Noam S,47ee2a2114e5790d
hazeer A,d7d155f8e9cb5191
zalia Mi,716c578f3b2dc8ca
rhoseini,0f1b4763d030302c
 Krzyszt,82d05bf7fa2157d9
of Mazia,fd5744b510443c8b
rz Andy ,15e7e06516be7340
Davis Qu,755c92f894761c34
oc Le Ge,eb25e7eb200cbe6e
offrey H,7f1eec3b7590cadb
inton an,e640c0783b439c9d
d Jeff D,5ae64207285b50e4
ean Outr,f154399649c1622a
ageously,980c0f431c833007
 large n,9ad6974644bc59a4
eural ne,efc57c53d6648fc3
tworks T,9c4816d45f9eb380
he spars,5a9f45a6ce715527
elygated,91d894e16b288f53
 mixture,ff00aea4821f54b9
ofexpert,f4aeacb48e30100d
s layer ,e0b0136ca31ff6b1
arXiv pr,9a240fd7da8ff95d
eprint a,7831f8499b13dc67
rXiv1701,a33e47f23cb5eb3c
06538  2,74926561309d0d6e
017 33 N,24d8fe33465be41e
itish Sr,21c689dd4f804ded
ivastava,8c1d69338f39b415
 Geoffre,55ab7556f3cd638c
y E Hint,a6ce188c2170eca8
on Alex ,9e35624c9b8412e2
Krizhevs,1d66907a3510f686
ky Ilya ,28f43dc5dfc0dda9
Sutskeve,cbe2157d9cc71cfa
r and Ru,88bfa04ffb462d9d
slan Sal,8d37e9e90e2da54d
akhutdi ,35bdf9ffc8baec1e
nov Drop,489c67e461a9c654
out a si,8244c68324ddf65b
mple way,424e84d5bb8b9bb2
 to prev,a7e448185f22ed41
ent neur,2cc341231eab20fd
al netwo,bfa6111c4b70a4e4
rks from,abaf8f49dfa39d06
 overfit,c25b854787bca09b
ting Jou,1e693350cc0be0ca
rnal of ,a878eb121d60775b
Machine ,f3df2b3d507ea7bd
Learning,52425b4dabd58cc7
 Researc,8681b4135775eee2
h  15119,1b4b8b6c1e83e2ce
291958 2,6eba3c00c05f338c
014 34 S,a5ae0f086610928a
ainbayar,81df2e8b1f820958
 Sukhbaa,25cfe263fbbb27b1
tar Arth,c879668f35720dcb
ur Szlam,13dfb6274e14b5b4
 Jason W,dfce181159481f36
eston an,6298614535caebc8
d Rob Fe,6dbf34772235c3c2
rgus End,eef46c09185ea144
toend me,726fdbc881c7ee51
mory net,87a514accdc501f4
works In,486f499fe041fb81
 C Corte,779865daf57e1c48
s N D La,8415480080f7447c
wrence D,1cbf7a8852a5ec29
 D Lee M,ce7d077c3e4f198a
 Sugiyam,3b3acc4eaad61053
a and R ,001c1d33726a9590
Garnett ,b288207e99658c5a
editors ,53f1a61527f3095b
Advances,ebf63169473c417e
 in Neur,95b94710fed9f1e9
al Infor,a96d9488a299f43b
mation P,a2d79c02efb09626
rocessin,9e46486ee3b3ea8a
g System,cd9fcf2c583fced9
s 28  pa,04d9d460196e0fbc
ges 2440,cf67100e740cb528
2448 Cur,898870c71db02f3d
ran Asso,6e93962d2c9c69c5
ciates I,3720f52968c09ace
nc 2015 ,eee20a6d18904284
35 Ilya ,fde08f3bc8fe06e0
Sutskeve,cbe2157d9cc71cfa
r Oriol ,bcd97f98148442e7
Vinyals ,1779a2094597dec4
and Quoc,925d31406b1e77fb
 VV Le S,53fa3db91180c301
equence ,5666e6948d2b79ec
to seque,fda211a3ee07d6f8
nce lear,cf99300afcf82bdb
ning wit,45e7433651756278
h neural,72ffc4cc793ba324
 network,d8a067cc5a6c600b
s In Adv,db7fa696e38d3bc8
ances in,1da3e0c55aa67006
 Neural ,d58cde2b5f9507cb
Informat,454f28427e5b4f0c
ion Proc,1a3fcd0c91028ab1
essing S,f84c38290d60f9be
ystems  ,3469dc49d4f246a6
pages 31,0bd0eec1c52e1e38
043112 2,c1a0468116274599
014 36 C,6b8be162d4cf8159
hristian,fea60d81a9b127f7
 Szegedy,1391b1efee42556e
 Vincent,10c7876bbea3722f
 Vanhouc,da075bdc18ab2c16
ke Serge,e86ccffda172c31e
y Ioffe ,cc7fffba174223a3
Jonathon,bbc9006e40d5eed0
 Shlens ,0bf6f1cc62c8410f
and Zbig,5f3d5d6d831b4987
niew Woj,6253b3d68d44c598
na Rethi,b062dd7fd79aae7d
nking th,09c466b298881e45
e incept,21c8e003531661e7
ion arch,70d507592b80805a
itecture,cc7a6f194292619d
 for com,946ed32f8cff2ee5
puter vi,7cfa38e3e9fbcf2b
sion CoR,3f8d59db2be69ecb
R  abs15,bcb129ff3278d089
1200567 ,e80ae9b52fc4b43f
2015 37 ,80c829009dc3ab39
Vinyals ,1779a2094597dec4
 Kaiser ,b83e4501fa2f7e41
Koo Petr,4530cb4fa5f332ff
ov Sutsk,bfe486ea28f69f99
ever and,4789283e5c295708
 Hinton ,f3ca4e7a2074a39c
Grammar ,c749e948f526009d
as a for,b50c617e42efb2a1
eign lan,e909c233a4488a9b
guage In,b0283cd3d5fe5e6c
 Advance,4f725edbe1323113
s in Neu,00bc4adad097b6b0
ral Info,2e2510e0c36df3a4
rmation ,8d939d9156c0c6b1
Processi,6abc316696fb6c54
ng Syste,9bd8dfc0e21ab732
ms  2015,1f76e1640b0b964f
 38 Yong,fd941f91a8770cc0
hui Wu M,a7875f9a641d2089
ike Schu,5c1c973472a94100
ster Zhi,a426e7988a42589f
feng Che,a6a19624d9f8dc0a
n Quoc V,ac931546d340691a
 Le Moha,1ff5237d1c8b3f5b
mmad Nor,7b36c19f869c7744
ouzi Wol,9912d2bf48535dd1
fgang Ma,afe1c0d3384051fb
cherey M,1ddf9e216276ecc3
axim Kri,9b0067cff6de097c
kun Yuan,a020371ef337e7a1
 Cao Qin,9d6183e48eb52927
 Gao Kla,477bcccc943e5c0d
us Mache,7aec2079ffeec10a
rey et a,5ee125aaf6d6ce17
l Google,2bdb9af5eaac2863
s neural,fa7db8b748d6904a
 machine,1f8d78762a044629
 transla,ec5558b1a7d3f23f
tion sys,091214b5e9f8da61
tem Brid,08e6afa3b6ae4f72
ging the,db852f0a9a589df8
 gap bet,6518d7194d5638a3
ween hum,4cab81412f8ddd99
an and m,adbea40ef4734841
achine t,4a6cf473d5337f5a
ranslati,37e02f17a4bda142
on arXiv,22729a7323096d8f
 preprin,972f97dab85cd729
t arXiv1,6cf74185ddea91f0
60908144,a42bdea4d8e0ca1d
  2016 3,59a55e5c1dfe2c4c
9 Jie Zh,2e175b92243ab9a3
ou Ying ,72fc368ff5ea3b2d
Cao Xugu,5a59aa6889b39889
ang Wang,9c61a6335a8abe32
 Peng Li,693e776fdd0b866e
 and Wei,673fc8e796381d3c
 Xu Deep,61d401a80aabaade
 recurre,821268a5251129c2
nt model,f5d00a70a7c462c8
s with f,7bfb202864f2f2be
astforwa,b6adafb5d64f33ae
rd conne,5c2f8f011e5b07ed
ctions f,75324dc2e21437f7
or neura,e83c8a5eddc0b4fd
l machin,db85703f7c8bd96f
e transl,6577b934a2c00c61
ation Co,6a4d9dd64a33aab4
RR  abs1,819e09633984ae11
60604199,c18ae62d4ce88a69
 2016 40,9a964850ad47b4fc
 Muhua Z,b3c962290bb72e8c
hu Yue Z,0935c38acdf08a55
hang Wen,4b82995da9ad9e58
liang Ch,ce1f1ebb707071b0
en Min Z,599d5f9c22ec35fb
hang and,5308476e75edb230
 Jingbo ,ef103f8b11a3760c
Zhu Fast,1bc5fea3473ba2de
 and acc,1244c4915b1dc1bc
urate sh,051e089fe6ca5d8c
iftreduc,174b2ffb49625399
e consti,a3aa8fe0e9ab0fc3
tuent pa,cc43f878c03de99a
rsing In,870e972fb53930df
 Proceed,4a9db92f4c2375ca
ings of ,e7581f798f3cdc79
the 51st,22a3e81f0b1831f9
 Annual ,0d359080cdbec298
Meeting ,4085c846d83d8f1c
of the A,0774d6e1ae05b1ab
CL Volum,d7a5133b94f864ed
e 1 Long,5b7425c50cd045fb
 Papers ,df677abc477d554d
 pages 4,b8863ae2d5e9e367
34443 AC,a774c43936b7aa36
L August,e210131b8a28c4b0
 2013 12,af748d437669bbba
Attentio,6237d930762b270d
n Visual,70f308549cd9bb6d
izations,ef39a0f42d537a47
 InputIn,1aaf3186e8871e0e
put Laye,70ae108fe195167b
r5 It is,64036908eb26129d
 in this,58ed9a9d812c2929
 spirit ,4fca3abe2fd22dd0
that a m,a2ba94bf96618739
ajority ,4a6702884eb180ce
of Ameri,a817608eaebb4fbf
can gove,76e3ba1281e3a090
rnments ,91071e04651fe5d4
have pas,a6117f01ac59c8e1
sed new ,68401a99bbeae423
laws sin,cce19f3c8d01d85e
ce 2009 ,7f7864451ddaa2b7
making t,eb286f7a3d8974f2
he regis,d34466ead254fa6f
tration ,53c9806478f4295f
or votin,06e86b2c1f5dce07
g proces,7539b4181953e546
s more d,5186d4c03d435e1f
ifficult,26ee204918df12e2
  EOS pa,5e2e53098d7aa005
d pad pa,d4ee394d0ca3ff94
d pad pa,d4ee394d0ca3ff94
d pad It,36358e2159d4c8ac
 is in t,9fcced3fcd4c1d31
his spir,c9b11cff15f4cb7f
it that ,267640e238a152c7
a majori,d57449e3e9252e22
ty of Am,6b5c2392ce1fcea2
erican g,70eadf52cff0d58c
overnmen,97522b96e1fb3bdf
ts have ,49b61525a10c9967
passed n,727d37f3c8023d25
ew laws ,962eb442ba6e0b73
since 20,d13c5498a51c6fb7
09 makin,feb8acb3bc59c853
g the re,9f4852f7306e53e1
gistrati,06343d4f1ef8f059
on or vo,080d455d8d6cb533
ting pro,b1e915a0135dfcaf
cess mor,bac45f812808e05c
e diffic,15517379ad8a0366
ult  EOS,2d9730e4e6ce3225
 pad pad,890b46c342eff324
 pad pad,890b46c342eff324
 pad pad,890b46c342eff324
 Figure ,6b3b7af365e07a91
3 An exa,16d8f321dc66bbf1
mple of ,48f695263d99109e
the atte,0d61387b71bd17b0
ntion me,b6ae7d2b8c9e7cc3
chanism ,6ea7bf29ffee2f6f
followin,2081aa1daab59597
g longdi,7cd5b36d8672501a
stance d,e5773b89bd16eb11
ependenc,dea0e88c30e1c63c
ies in t,e652938f7fca141d
he encod,e8c46dcdf4af4dc5
er selfa,5087383ef585d13a
ttention,81199274fe0fb445
 in laye,3d48a24d695a9bc1
r 5 of 6,63754ed61b3007cb
 Many of,0d333535d43df772
 the att,b310bba0f39a1489
ention h,b141c1fdfff905a9
eads att,d7cd717a38fc8af5
end to a,b0e83cc39aaf1f1b
 distant,7c4cc23b73c0b03e
 depende,647aa4dca3fb3ce0
ncy of t,2ec06b312266170e
he verb ,53e1cb832c188667
making c,c36e40d9962d411e
ompletin,337e0c6bcd4a3374
g the ph,08bbafd7d2687f0c
rase mak,f0de5b6bd67acd42
ingmore ,cdc8494a270c576f
difficul,d18a0b205e5edf2e
t Attent,5f0c1bfb9e105668
ions her,a8c29e3f71318f7d
e shown ,2f9f0036a7dd0cc4
only for,5fe7b6dce3de83db
 the wor,dbbc9eff884381d0
d making,3f127d783238672b
 Differe,e0325c41dd11bc92
nt color,54d8b680e2c49f1f
s repres,2ec0e99865598d50
ent diff,ec981d4140932e38
erent he,8c8200741a754150
ads Best,23fa8cec6435891f
 viewed ,2bc5262829f84af3
in color,b3f66492618b8ed9
 13Input,372642bac248a2b1
Input La,afe451bc99d7f582
yer5 The,e74ce273cbd4dacf
 Law wil,46e3c37d34c9b3f1
l never ,b5d0969e8bd286c1
be perfe,e5af1e3ec494ab52
ct  but ,f0e3f738fe9263fe
its appl,096a534b7112a034
ication ,c5dd748e850d0a95
should b,9de518354102d191
e just  ,fd96502ce535fce2
this is ,8fb4ba1cb4843b02
what we ,6169031d378b9045
are miss,07a97bcdab44e891
ing  in ,b0aed42b07dcb801
my opini,860fe2199e9ddbbc
on  EOS ,963481c1909734e6
pad The ,21e096f73afa966c
Law will,9e9925ed9d704335
 never b,bd95ba86a8da9982
e perfec,b06796ffe807d6ca
t  but i,ca6e1bfd6bfa90f1
ts appli,34c04113f354a5da
cation s,5068f88519cc8fe7
hould be,081bd4d86372b06d
 just  t,12378959ba5efa78
his is w,0aacffab7ac2b042
hat we a,d0bb5051dd4aec0f
re missi,a4efa953a7d4dc7e
ng  in m,ea60041d87140b20
y opinio,c72b22fd377dcec1
n  EOS p,c81f3c1efd716f1d
ad Input,1812cf663df21324
Input La,afe451bc99d7f582
yer5 The,e74ce273cbd4dacf
 Law wil,46e3c37d34c9b3f1
l never ,b5d0969e8bd286c1
be perfe,e5af1e3ec494ab52
ct  but ,f0e3f738fe9263fe
its appl,096a534b7112a034
ication ,c5dd748e850d0a95
should b,9de518354102d191
e just  ,fd96502ce535fce2
this is ,8fb4ba1cb4843b02
what we ,6169031d378b9045
are miss,07a97bcdab44e891
ing  in ,b0aed42b07dcb801
my opini,860fe2199e9ddbbc
on  EOS ,963481c1909734e6
pad The ,21e096f73afa966c
Law will,9e9925ed9d704335
 never b,bd95ba86a8da9982
e perfec,b06796ffe807d6ca
t  but i,ca6e1bfd6bfa90f1
ts appli,34c04113f354a5da
cation s,5068f88519cc8fe7
hould be,081bd4d86372b06d
 just  t,12378959ba5efa78
his is w,0aacffab7ac2b042
hat we a,d0bb5051dd4aec0f
re missi,a4efa953a7d4dc7e
ng  in m,ea60041d87140b20
y opinio,c72b22fd377dcec1
n  EOS p,c81f3c1efd716f1d
adFigure,0f6d0e68d52ddbcb
 4 Two a,03b27008388c4f62
ttention,81199274fe0fb445
 heads a,e8a7b98689bf23d0
lso in l,ac01b9ee9772db9b
ayer 5 o,cbe9d5818542c40b
f 6 appa,44f8075023327a30
rently i,37573ff98848a3df
nvolved ,45bcb5685b11a410
in anaph,7ee8524586351add
ora reso,78a236c1dc4080af
lution T,570d824e9d3c7be3
op Full ,092064fa816dac3c
attentio,b23483b49fb6ba17
ns for h,7ada96ec792362d2
ead 5 Bo,9c912112d612494d
ttom Iso,53e366278a3cbafc
lated at,0d7db8abfe99f239
tentions,dea17859688f1f6d
 from ju,ae3091c316e446ff
st the w,42306198c1e7fe02
ord its ,6da0cac93ac364d6
for atte,ea8631b09e267c4f
ntion he,2dc8cec28b93f84b
ads 5 an,62ae08528bc31bf0
d 6 Note,038eff1973d77527
 that th,1807be97d50e236c
e attent,53f74ef8e22dec34
ions are,e72abf998adc85a6
 very sh,260738b533f92c81
arp for ,c8d3a228b02e006b
this wor,71a2fe9eebd71b97
d 14Inpu,5082ec241f530672
tInput L,2d1922bf00cf9c64
ayer5 Th,f0e4d828b5fcb50b
e Law wi,032145427a07f3f6
ll never,e2fa1713bda5370f
 be perf,594192c1068af796
ect  but,ae10cb6a7f9cef4a
 its app,11de2471289d62aa
lication,098f0ecd1f83a0fa
 should ,c43c341dfbb095ef
be just ,f45a8550fe38c448
 this is,9a325de860296135
 what we,8e4072d9f486bb65
 are mis,7a72437edc9ad178
sing  in,4ef40fc84c0ae368
 my opin,25fef0875113a4f1
ion  EOS,658b5cfab43c2d37
 pad The,5bc2e7134b654894
 Law wil,46e3c37d34c9b3f1
l never ,b5d0969e8bd286c1
be perfe,e5af1e3ec494ab52
ct  but ,f0e3f738fe9263fe
its appl,096a534b7112a034
ication ,c5dd748e850d0a95
should b,9de518354102d191
e just  ,fd96502ce535fce2
this is ,8fb4ba1cb4843b02
what we ,6169031d378b9045
are miss,07a97bcdab44e891
ing  in ,b0aed42b07dcb801
my opini,860fe2199e9ddbbc
on  EOS ,963481c1909734e6
pad Inpu,72058ac2c60ac894
tInput L,2d1922bf00cf9c64
ayer5 Th,f0e4d828b5fcb50b
e Law wi,032145427a07f3f6
ll never,e2fa1713bda5370f
 be perf,594192c1068af796
ect  but,ae10cb6a7f9cef4a
 its app,11de2471289d62aa
lication,098f0ecd1f83a0fa
 should ,c43c341dfbb095ef
be just ,f45a8550fe38c448
 this is,9a325de860296135
 what we,8e4072d9f486bb65
 are mis,7a72437edc9ad178
sing  in,4ef40fc84c0ae368
 my opin,25fef0875113a4f1
ion  EOS,658b5cfab43c2d37
 pad The,5bc2e7134b654894
 Law wil,46e3c37d34c9b3f1
l never ,b5d0969e8bd286c1
be perfe,e5af1e3ec494ab52
ct  but ,f0e3f738fe9263fe
its appl,096a534b7112a034
ication ,c5dd748e850d0a95
should b,9de518354102d191
e just  ,fd96502ce535fce2
this is ,8fb4ba1cb4843b02
what we ,6169031d378b9045
are miss,07a97bcdab44e891
ing  in ,b0aed42b07dcb801
my opini,860fe2199e9ddbbc
on  EOS ,963481c1909734e6
padFigur,92bd75dc1a4ffbc4
e 5 Many,ce13d6bba9506d51
 of the ,2493d3471e5a83fa
attentio,b23483b49fb6ba17
n heads ,fb69bd87034e9385
exhibit ,be9a98907bc06ea9
behaviou,d1420250f913d192
r that s,d16da30a7420db1c
eems rel,97569dfd34a410a0
ated to ,f336ef526287cc98
the stru,1461bf8b5be218ec
cture of,b8ffbab4256e0404
 the sen,eb2f4fef1924f937
tence We,15cce48285e030d6
 give tw,7e3ba4f328b4fa74
o such e,dd1a958063d159a4
xamples ,de391e043b02f8a5
above fr,aecfc06aac628e13
om two d,c7b75fb5c61261f3
ifferent,8bf63f6cbe7a2cf7
 heads f,f92593b5892e4774
rom the ,57f4e5cf4422a996
encoder ,94405e1f52aecfe6
selfatte,fd258150251b1057
ntion at,030b112bcb30698f
 layer 5,2cd76d9d7472cc46
 of 6 Th,8cc3fe2ccfd8bfa0
e heads ,32443f39c4f14e85
clearly ,a2275b2ab80284f2
learned ,c0a01d098a16a3cb
to perfo,dff282030336b59a
rm diffe,9eea861dfe72fbc2
rent tas,80b2b874d7f280d5
ks 15   ,61bb0ac9edcc11e1
