Plaintext,Ciphertext
aaaaaaaa,de5b8ebc210c7d06
bbbbbbbb,4a732921e465e5f4
cccccccc,ea2eb2ca0e68d484
dddddddd,ac4ccf7eab84c6c5
eeeeeeee,2c512da16e4add31
ffffffff,884c6fd07e9c18e0
gggggggg,8dd6b8517e2130ce
hhhhhhhh,4d69cec60ff225fa
iiiiiiii,149cd214537ba966
jjjjjjjj,2353a7a811a64c28
kkkkkkkk,1b56e0ac16376aca
llllllll,95f493619c0344f1
mmmmmmmm,957502cd9d60ecf6
nnnnnnnn,06025b750cd21444
oooooooo,dd769f62ea336c3c
pppppppp,dec7bbdf053b6b12
qqqqqqqq,c0edf9f9cfed9aaa
rrrrrrrr,5c2d22c29ec9f3af
ssssssss,317e5453ea46e2bf
tttttttt,c7581ae56b171ae7
uuuuuuuu,e06d998a1186ea9c
vvvvvvvv,ac4b604bc6c41340
wwwwwwww,4dc2a0c3ce263bc9
xxxxxxxx,bae895563f62985b
yyyyyyyy,54a9dd17f9516a98
zzzzzzzz,642b34ded6b88723
00000000,c69d33c814949528
11111111,426609878d543d94
22222222,8fd5b3e64821ec39
33333333,a164e0e04e5b5739
44444444,7d73b9ea55f54c5f
55555555,e98654937bd22153
66666666,dff91c6a6ced0597
77777777,b2f93b1e514fe358
88888888,6adff12db1fb9ec8
99999999,d7899623ee0a1472
Provided,443cf0f809613d61
 proper ,6f9e8531e6bbe973
attribut,34f60c16e8e5894b
ion is p,afab41f4ef545336
rovided ,8c90aee91545b2f5
Google h,852fc7300f288058
ereby gr,e0bf133c4ef487ff
ants per,f2539644c708620f
mission ,334c8070468bfbd8
to repro,0949657e49bd3289
duce the,7f85c775f85def91
 tables ,cc43856d2afa60fa
and figu,2642acac7ba9ef9c
res in t,ad3aab697a22a6d4
his pape,f081ec5de69dda1c
r solely,a2ea4503e49fab26
 for use,b3d13a56c165ec4f
 in jour,0bfb0cebd973ddcb
nalistic,f5bfef44f906a85a
 or scho,46ddd5290fd1f2e9
larly wo,8873227fc1a65df1
rks Atte,fb65af047de260d2
ntion Is,2773fbde8b088068
 All You,22882f777a03671b
 Need As,a78970936fc3ca02
hish Vas,74d298719d9c7e58
wani Goo,583e8ef900fd25e6
gle Brai,cb198f61fe2ea7d1
n avaswa,602683e203120998
nigoogle,a691b881dde250ad
comNoam ,62c1e9aaf1829705
Shazeer ,cd2b142a5f44a5a9
Google B,864b876d8d25ed4a
rain noa,8f617c42cbf292f5
mgooglec,7d1738210a4a116b
omNiki P,6866fc4f9c2790af
armar Go,d628ec4a008caf08
ogle Res,d761925bcc6bf219
earch ni,fa5489fcb38e0e7e
kipgoogl,593137d23275eaad
ecomJako,0b78ab218fa2f98f
b Uszkor,5de743cd54259d5c
eit Goog,83f593bb7438a5c9
le Resea,1a8da94efb9d022a
rch uszg,2a9fafeadd89ffd8
ooglecom,fb6afc08a25549cf
 Llion J,5096b565de70139d
ones Goo,a6b98a79ab596487
gle Rese,ade37493910a5f16
arch lli,ab9180fcef5cd2cf
ongoogle,6b4924ea18d358d8
comAidan,38e790650bf9b78f
 N Gomez,877d283cb053eb5f
  Univer,0ada2b72f05a0d3c
sity of ,5216b14cdfa4f1f0
Toronto ,5266a1a1ec9d1cd1
aidancst,dcd6af65c01b60ed
orontoed,edc6edd1b689fff9
uukasz K,2b117b28074982f8
aiser Go,413c94705fe4414e
ogle Bra,590a83a45489112e
in lukas,9cd5455399b2478b
zkaiserg,79a449a961653e57
ooglecom,fb6afc08a25549cf
 Illia P,52a30c8e505fa4cc
olosukhi,47e06007d8d148d9
n  illia,f4683db1e64111aa
polosukh,5a92292a09c3903f
ingmailc,a0bfa0529bcb5db2
om Abstr,ffbda61c54068874
act The ,3f8fd38cc44130d9
dominant,cda13f3b0e2d84ec
 sequenc,1eaffe5fbec16ac0
e transd,f0a5c29d25f554e6
uction m,1e1d61d0fbe67f2f
odels ar,7eaa4d435eabf98c
e based ,9f7df68038ece20e
on compl,7885e8fd0fb6abda
ex recur,6ac5e5adcf987ca1
rent or ,89749b79307a46fe
convolut,5188cd3b9d85c9c9
ional ne,7e0214de424f4d56
ural net,0a2828ab43e8c267
works th,1b7cce644eda89b5
at inclu,b032f5204d0fdf7b
de an en,5eef462f67ec1892
coder an,f64f7e2956fd6192
d a deco,573e536001c7de78
der The ,fdc88aaadd6d5964
best per,32ff3c90511d407e
forming ,4402fe70963710a8
models a,817e831979286884
lso conn,fef83ba43c92e575
ect the ,a5b854ed5b3b6e0a
encoder ,6bf343abf05ad29c
and deco,9f7079a801518a94
der thro,95f5ad420f5b6e95
ugh an a,fd41d90173f4947d
ttention,e7297e22e69f1834
 mechani,1e833359cb2ec482
sm We pr,8ee409b04bd5f62d
opose a ,ca160ebbeab201a0
new simp,e1abc6ec053ee656
le netwo,65732b93ac9a0fea
rk archi,4e7cbb14906102eb
tecture ,2a2c113a42281d01
the Tran,4b61fb597d1cee7b
sformer ,5d7745c3b34d521e
based so,47f1fb2024269d54
lely on ,2d80dd384cefa47c
attentio,4016a87bc0155145
n mechan,a837f3ea42c7839e
isms dis,94ed405e3923977c
pensing ,ad72fbb6156652d5
with rec,5c28dcf51c2a09d8
urrence ,ab3d23d9873ca4f7
and conv,59fd56ec46afbb76
olutions,ce699e23d9b46160
 entirel,77d6048b7b7142ad
y Experi,f14f96826b1b3e9c
ments on,d4602a1751e9ff39
 two mac,5bc8d536a1cb879b
hine tra,e792b1c925a28805
nslation,9bb1d7111a6ffc8e
 tasks s,c7e0aac1311d1eaa
how thes,bae340921df7f287
e models,59a694be2535924a
 to be s,e012dcbe738a7683
uperior ,3ee639fb8a4d25ba
in quali,7915d0585dd2f44e
ty while,275c7c45bab7399d
 being m,7cec51b7819517a8
ore para,368a590c4d253284
llelizab,5251900ebbcc90eb
le and r,687d7a181e7a4fd0
equiring,38ee4ac74f0c96ef
 signifi,f4b05a137ae8e356
cantly l,84c4e4b904d2bf9e
ess time,f9381168479d6212
 to trai,2a7883b9dd1fd57f
n Our mo,118cf1aa7afab22a
del achi,6199ea4d658adcdb
eves 284,a091a9be3dc2f927
 BLEU on,b10d9199cb5f6c7d
 the WMT,d12df13cbf22add9
 2014 En,957ea0eec16f866a
glish to,b805c42826d6015a
German t,24fa32a08fa791d8
ranslati,1205525d9939be6b
on task ,24273118f5a86cb1
improvin,2096397d41e58478
g over t,542a58c13e241113
he exist,bc3381f955d71503
ing best,c5c263bfcee58957
 results,ed7d30f9f83d66c0
 includi,b0f27f71a395b20a
ng ensem,73b75120c1526c33
bles by ,3813251ffcb3d4ff
over 2 B,5a18f1ff462a8db9
LEU On t,89986e9256835986
he WMT 2,6983fa4b5dc8fdf7
014 Engl,e4d12b1deb31dfd8
ishtoFre,c0a7d01b7a7043fb
nch tran,28ec96b0c35bdb6a
slation ,17c9213c6655b175
task our,88df5deaa2a2427b
 model e,43be0bc44afdf313
stablish,0131db672bfc0570
es a new,02ff2262a5948fa6
 singlem,e730d82f1bfa0e2d
odel sta,42698735e6f36e23
teofthea,ced5dae9a9b7d341
rt BLEU ,88aa0e7f74448b45
score of,468106c4c9350a38
 418 aft,e1d326d0d47eb008
er train,d4e75203071c41cb
ing for ,e5a3e1dd2b2dfad3
35 days ,e9ca339de8d11ce2
on eight,dc4fa66c1a1d4112
 GPUs a ,5a5bdd11e87c8745
small fr,beb5c4222dc30fa4
action o,17edc203f9184f4b
f the tr,1490c1872d480c46
aining c,c62f953c26363a96
osts of ,b585c97344bd1d67
the best,571ae55b72c2d05f
 models ,30d6cb55f00456bf
from the,b29ed981fdeed96b
 literat,0f302bd9d346a20d
ure We s,d16635c4b6567af6
how that,75e5061d9261538d
 the Tra,5991e5fb7f8e0564
nsformer,04405506256559e8
 general,1778341464d28e61
izes wel,9142dc4250fa15ee
l to oth,eac8bf4dfb466d36
er tasks,c7276dad8478b183
 by appl,275aea4434f398cf
ying it ,21d1a6ca52525818
successf,e3cb9fa7448b2393
ully to ,dc8d4f3ffd7caad3
English ,fb1a2d49f985150e
constitu,6c84c524dc3a8119
ency par,4acd094118f32132
sing bot,b48a9cfc922c8584
h with l,993266c2282b0fc1
arge and,cdbabb4fa21b8efd
 limited,03affebd19cb63bc
 trainin,20b87bc9e91f18a2
g data E,ea4d61af0a0c9d46
qual con,443c894eaa531ea0
tributio,839feafea04562bb
n Listin,cbfb8e07e7eccf1e
g order ,38032fabf9cf0866
is rando,e844b5ccf3a1ddee
m Jakob ,36c824a8cf40dfdf
proposed,a05069b13932f36d
 replaci,63cb6530806dd7a8
ng RNNs ,68fa995b15244ddf
with sel,220e307a4a12332d
fattenti,b3a59351a443e65a
on and s,efb8e40028b3d652
tarted t,76e3b6767dcb8dd8
he effor,36dbecf137d1e227
t to eva,8c28fdb4699bf5a5
luate th,2d29fd8f00ce962b
is idea ,2c47dd2f5714a516
Ashish w,92b3b48b1a78881e
ith Illi,38e94e0fc8fc7026
a design,55360270b04e7789
ed and i,04f75f49263170b3
mplement,0198e2a530c1ba84
ed the f,24f3c64c78beb206
irst Tra,2cc300e88c30679c
nsformer,04405506256559e8
 models ,30d6cb55f00456bf
and has ,0e762e2060af1d91
been cru,804cc8db73993e85
cially i,a66d712324fe67ca
nvolved ,83c600e69cb008af
in every,20950350f47d3cd9
 aspect ,1c6b29d84e345d6e
of this ,697a9df3d8a7b9d6
work Noa,edfa5aac5a59763c
m propos,0f9695d0f515f310
ed scale,cf19a73152932b6f
d dotpro,ffe4efde37ef11e8
duct att,82a804365afdf57b
ention m,5c5013adc594b5e7
ultihead,d914f2bf5cc14844
 attenti,8cf42d5150381f75
on and t,2688e9607c510894
he param,826b956d58e5f371
eterfree,82640741ee30a2e2
 positio,60313604fe5ffd1c
n repres,191dd11ddf13bdb4
entation,4beaab5931745c72
 and bec,f8ca0ed8211e86b7
ame the ,e0fffa2a3d2dce79
other pe,e80ec6b59582394b
rson inv,de9bcdb19eda1484
olved in,01fdb10c660b8e03
 nearly ,c78dc70daec7291b
every de,2791b7919d9c467a
tail Nik,e424972b769b687b
i design,f9c2b55c18767968
ed imple,6e9e75c62a9b577c
mented t,128747bc20473f52
uned and,a757e40c124951ca
 evaluat,ec642342e2ee23fd
ed count,eb1f2188c056cd44
less mod,12b27e3ee6d95805
el varia,2a16406ca35ede9c
nts in o,77275cef8377c209
ur origi,fff114eab5885eb2
nal code,5f5c05aab89111d2
base and,da6d9de633934142
 tensor2,64acb644b6cad47a
tensor L,6f30bb97dbf1e210
lion als,25898d2f839756f2
o experi,445e7e5c98fe14c6
mented w,a7ac44ffb1be5a24
ith nove,02984472dc35076c
l model ,842dab1a0bad70c1
variants,5df9d2a9e229c36a
 was res,b46dc1ba13116db9
ponsible,a49f3250a631372a
 for our,e9375e86e637478c
 initial,37621dd9e3e27325
 codebas,136735677bd56333
e and ef,80e5f6197dc5c9b1
ficient ,e021ffed08806b29
inferenc,a29572eaacc25ab0
e and vi,08e908509da75960
sualizat,059bf0b79ef872bf
ions Luk,5cb27f22135c7e81
asz and ,21aacf9d82fb8e50
Aidan sp,23d8c9d9b3555376
ent coun,d33579ae685b3b0f
tless lo,72a7c02e390782b3
ng days ,877945a4bfb800ef
designin,ec70f1b6dd3ff2dd
g variou,6dbf38fd403eef98
s parts ,83dbde3b0866c092
of and i,eb6581167835b395
mplement,0198e2a530c1ba84
ing tens,cefd9e1ec4e1203c
or2tenso,1797bc8f82bf2b76
r replac,e95debb980ed5ac5
ing our ,32df777c55bd7ad9
earlier ,63afd93595325e6f
codebase,8798e6c9cd736092
 greatly,9c3a1406871a57d6
 improvi,52cf330c4eae59f5
ng resul,b6261b6a447f5584
ts and m,d1613a6512153c17
assively,54db757cd4b75eba
 acceler,b6c1757f4a2882fa
ating ou,d94aa149e63bc110
r resear,bb6cc656f89cfd42
ch Work ,b98e5cee0f46b869
performe,f586dd6d14eba279
d while ,84b64774c91f7af0
at Googl,ade039bcea66fb8b
e Brain ,8ff213f4436dec2e
Work per,afe27dc35b92c18c
formed w,fb192683f70ca345
hile at ,290193e4d70abd7b
Google R,3626f18fc9164c6f
esearch ,cb1cb9410c436765
31st Con,adb2a0e1c80d0bec
ference ,a5f81f81874e77e8
on Neura,f3759c76274d2e13
l Inform,b67b937351694b61
ation Pr,2e8e42683d22b48d
ocessing,b71d348d121d2403
 Systems,676f5a2773cc606e
 NIPS 20,5dd96e6f8511f20a
17 Long ,957f64d82ca25f44
Beach CA,9c41f5ec826e13b5
 USAarXi,6622663e9b6c5df1
v1706037,8d49f78a07105e38
62v7  cs,ba610a0475c315cb
CL  2 Au,bd5367ec9f5ed793
g 20231 ,45aefef26a2861e2
Introduc,dc63347c8736e8a9
tion Rec,fef9e7e02b53ca5f
urrent n,bd064d4d38c2a4fe
eural ne,fa3354e79dd01c2a
tworks l,e4db4fcc86a3f1ba
ong shor,c0304fe344dd22fb
tterm me,f778ed297f437278
mory  13,b611a83e8ef08440
 and gat,bfd9bfcd83a6c33d
ed recur,20d67376f9301e07
rent  7 ,f5feed36f7e5d78b
neural n,9ad9f6b189fbd56c
etworks ,a2e670eb5cf7b95f
in parti,3eb934b64a8b86bc
cular ha,59c7e222abd285ee
ve been ,d5c45caea8696df0
firmly e,3f00740795c86634
stablish,0131db672bfc0570
ed as st,165ee466372631b2
ate of t,38970f364c5f7363
he art a,74571a088160e4da
pproache,dc6b1f4b7fdcc2d8
s in seq,919f601080d305bd
uence mo,fb7260605bab8825
deling a,e56c399aa05e9468
nd trans,73332c1c5a23bb90
duction ,e4180d3b9f847b9e
problems,2b3c98afdbcee446
 such as,2e83f871a8435d15
 languag,315d1da3847d3c47
e modeli,1009d18061a63a26
ng and m,c5795dbbe0d9d43f
achine t,e89f450f7f10a091
ranslati,1205525d9939be6b
on  3525,188787250cf11b3e
 Numerou,0c2ca26f97bd97cb
s effort,135b155813cfa480
s have s,15d541017a70afb4
ince con,9a4cc3fbb06f6c62
tinued t,40cad222cfaac379
o push t,8ec1c77331f00c98
he bound,807d505d13cf53b6
aries of,f88f8bb6562e036d
 recurre,6a568ac81eb37689
nt langu,4d32baab4b8a86f3
age mode,c4b6167223236d32
ls and e,213d1ef8c58bdc63
ncoderde,2c4f73d92e5c4c10
coder ar,618ab869ccb65dd2
chitectu,78436bd031274f13
res 38 2,3ca6cbe17ea35c35
4 15 Rec,4b9248477d29acf2
urrent m,cfd4e947457a2a82
odels ty,b96da5ce4ad49cf8
pically ,eb2de233c564d569
factor c,81d19aecc42f517f
omputati,2992709387fd676c
on along,f2a57560c51e5441
 the sym,8780fdba43ab140f
bol posi,cd8365472a720475
tions of,0c78fe808c6bcf20
 the inp,1235e7d0e135527d
ut and o,c848bb21e02c565c
utput se,7d1b7e47b8eaaadf
quences ,db0d891131ff5d58
Aligning,3bf49fdd865154fc
 the pos,adff78f9a6636ce5
itions t,72b0f9cc7976331e
o steps ,d34c5ac46fb1f003
in compu,9fde6872bd758631
tation t,a49fe2da93588a6d
ime they,f317df92f052a783
 generat,8d3ff3a78f6e8eb4
e a sequ,41b96822a77b59c1
ence of ,25344fbb024587c3
hidden s,5e78552e95b35a45
tates ht,9d6fd44a9e96a966
 as a fu,42357f8585a28a3a
nction o,2b903020af2e450b
f the pr,b9384e250114aa48
evious h,fde999ea7947ab4a
idden st,71fb514b5821e4ff
ate ht1a,ae1a0d28a5e48014
nd the i,0f9d5eef99ed2dce
nput for,97cd0e90d96cb6fa
 positio,60313604fe5ffd1c
n t This,f93420b41618e491
 inheren,b5133ef772eca51b
tly sequ,2134bb9c8b142e72
ential n,2c66796f242e72fd
ature pr,ad5a0e1782510a39
ecludes ,e858ce7974debda3
parallel,e145f0fd949bab7a
ization ,cb414a291434a5cf
within t,f350383e3d753357
raining ,a4357984cf819807
examples,4e73141a43c6b802
 which b,ab51c4bd1cbf232f
ecomes c,86725ad03167b3ab
ritical ,0f3c728fa7138aad
at longe,b7c96e0e8a7b0c7f
r sequen,546bc47b6827f8a9
ce lengt,4f724ff386fdd30d
hs as me,647c12e97d3d0a6f
mory con,7d41167bc7d6e564
straints,5c8bbf16bc6f9f58
 limit b,b0b2658672307370
atching ,161394b1ee7000b7
across e,d4994a8b478662aa
xamples ,dfcf9283e3bb4450
Recent w,823ecd295c89ff97
ork has ,e4c2f48e5040742d
achieved,c8cdf7bab6eaf9a7
 signifi,f4b05a137ae8e356
cant imp,cd334005735e137e
rovement,d0e1ed394437b490
s in com,5bcade29c8555d1e
putation,0bb926282f323a9c
al effic,5bf2408adc216507
iency th,7cefcb7254f6147b
rough fa,7a6e9fe194c3a1ae
ctorizat,d80df485cd68e3b8
ion tric,4a4ca2049056bacd
ks  21 a,7e968b0d18ec7e3f
nd condi,0ef134efb5632d32
tional c,7ee605c769b5a16d
omputati,2992709387fd676c
on  32 w,ba03a862f0b5e076
hile als,93fa014cf0cb9b23
o improv,ef63b3d6fe3d38d4
ing mode,075534074bcb740d
l perfor,87118ba3e38c518d
mance in,94956eae9e273c66
 case of,92eac0160aeeb587
 the lat,fb67478754d92475
ter The ,5e44f91f27036f46
fundamen,19f2c55282480f32
tal cons,5a8fe537a8b62897
traint o,308b42da29eed70f
f sequen,fa4b03a923e25594
tial com,cba14a00685c8a5a
putation,0bb926282f323a9c
 however,a458283c86adcaeb
 remains,bdd9d7202251488d
 Attenti,b8ce387d0fa02e28
on mecha,2d41462564e7e682
nisms ha,75ffc3da70eebaf1
ve becom,a5cc2fc2135eda4b
e an int,d624e37d0394cf4e
egral pa,20d215d8aed1240e
rt of co,a1474e1a0126bc37
mpelling,615ce8e231ceb95e
 sequenc,1eaffe5fbec16ac0
e modeli,1009d18061a63a26
ng and t,9ea437a3f2892918
ransduc ,6bb843e90be23144
tion mod,320232d11cefb2f6
els in v,6e5e3734d2b6c4c3
arious t,7612b89e6bf4731c
asks all,482aacf8a4f53220
owing mo,cd25cd0f0178ee77
deling o,ad7e93a6c275011d
f depend,b4cb3acb4b7d0752
encies w,13f835c7b03c5720
ithout r,a42f70177ac1b876
egard to,258985bb30243d49
 their d,09eb973cf9e3796d
istance ,f78bc040b4a9b3e2
in the i,9b41695aaa4c2aed
nput or ,592e7dfeeacb97f9
output s,14cf8114a883cb19
equences,34ad85eff319cc8f
  219 In,efe24d154a043549
 all but,e7d5f1c6835fadb2
 a few c,7abb562ed3f27a8b
ases  27,ed2c7057db8d3f69
 however,a458283c86adcaeb
 such at,cfaa1e0b2e01f0b9
tention ,0a9bceaf3409ec04
mechanis,2fa290bcb53cad56
ms are u,36a7bbab64f745e8
sed in c,99843d7fd19c7747
onjuncti,f1638ac27ab6e69b
on with ,c0ff379a6928373b
a recurr,57cdc2b92073b4b2
ent netw,bb2cf8ed1601f208
ork In t,dce83e688ab82bf6
his work,89b2a1c561cef7ae
 we prop,898a31657f81e15e
ose the ,96033df6b61af3d8
Transfor,8ed6453ef3b0a6fe
mer a mo,45ab0b78b530b328
del arch,f5d607ee2f62bf8b
itecture,4ac28b24516f7687
 eschewi,ec930e985dacf767
ng recur,daca431f5bea0668
rence an,663cb1ff751ef464
d instea,e32b23837d6b3f4b
d relyin,117297bec4caa92c
g entire,326ee975da878053
ly on an,cf322bbbbf211bfa
 attenti,8cf42d5150381f75
on mecha,2d41462564e7e682
nism to ,92d181410353cc84
draw glo,af0ea5f73137bcba
bal depe,49554d5dce5064ea
ndencies,4258f74281d0bf8c
 between,5432a46e593e8512
 input a,badce9e9caa3cafd
nd outpu,2fb6fcc9865901fb
t The Tr,6dc2978d52285074
ansforme,1ec1031801267634
r allows,5bfe481eb5c7df7e
 for sig,5055a05a559c6003
nificant,0f413e3e23ffe867
ly more ,b5ce651cba493972
parallel,e145f0fd949bab7a
ization ,cb414a291434a5cf
and can ,015adfba2fc4449c
reach a ,1172973423845003
new stat,dc6bb3f22ab968bf
e of the,556d3877853b2454
 art in ,e20d4974f71defe2
translat,622ae254cf578369
ion qual,8adaef076c94eb31
ity afte,7952180afc397b23
r being ,86b2c1d178e0000c
trained ,ddd8858b03af042b
for as l,9e36188a05232ffd
ittle as,d310a9e6b1b1ca15
 twelve ,86ce5e74fa86962b
hours on,c253fc5845270bb0
 eight P,35d68844367cd552
100 GPUs,8616df6e07488d0d
 2 Backg,79a546cf62d6b725
round Th,9862aa9f28587838
e goal o,83abef602bfe594b
f reduci,4d7269f58da5a309
ng seque,79a1e8793029ed8b
ntial co,5679f92fb17eb8d7
mputatio,3491cb25cbe0bedd
n also f,2c13420908a61113
orms the,f67d7317c4a6de24
 foundat,5cdce951a72df2b9
ion of t,c6fb16daccd73993
he Exten,18ce4b097de0ea27
ded Neur,6e676c86ad29a61e
al GPU 1,b32c52ac3cf545ed
6 ByteNe,d962a1955af65b8a
t  18 an,adeb8dbb4786e448
d ConvS2,c64b9e800cfe2714
S  9 all,bcceb776aaec46d7
 of whic,9bd634480a57f401
h use co,a83a6b12a9f4cd81
nvolutio,f8b1f109d30ef799
nal neur,c3d50a4901d1c9ab
al netwo,7c2b92a86947d19f
rks as b,a3ec2529d161dce8
asic bui,056f38ef3b407b4a
lding bl,b274fff991edcf08
ock comp,24779c8908dcabc3
uting hi,df7dff5152498994
dden rep,08684d9c7d9c8858
resentat,583c288afd578706
ions in ,d65b9ad31a85552a
parallel,e145f0fd949bab7a
 for all,5a111e9373f0932a
 input a,badce9e9caa3cafd
nd outpu,2fb6fcc9865901fb
t positi,483864a74af41afe
ons In t,ab1f9d31cf928a63
hese mod,891efcc36a16aec8
els the ,04580eb480bd8f0a
number o,e44b55bbe4cbb31d
f operat,ffba251f743a12d3
ions req,12a8c237369c4e2c
uired to,a8998b2b35c055c7
 relate ,fcc85e6a542d1a0e
signals ,d091387a956bb21f
from two,34b6f7222fee98f0
 arbitra,c84c81bbd3b07f5a
ry input,5e108f2adf9b1058
 or outp,e6917efdb1b38175
ut posit,586eacc811be38b5
ions gro,77f96eb81d9df734
ws in th,6eec83dbe38a671e
e distan,0b0946b648c4851a
ce betwe,ba98fee70688530a
en posit,2020b34c47fa18bb
ions lin,6435092cd540956b
early fo,2494e9de4dfdeae1
r ConvS2,863dcbd950f2af89
S and lo,dbf023c84d459944
garithmi,fa18998d2729a798
cally fo,149b3b19d800258e
r ByteNe,3e5a5e7bd92ad8a1
t This m,26fb1165d848bbd3
akes it ,fe3049d2957d7462
more dif,d1dc56cc716a2cce
ficult t,385bfca331bd4b27
o learn ,0fc0289ef46dc752
dependen,389fdbea52779bc8
cies bet,7565ef2baedf6a09
ween dis,dcc0bef1ec51212d
tant pos,f7c7b2c5c6ea87d7
itions  ,8e749d4104ac0f73
12 In th,05b3550f120930cc
e Transf,708f2ff482e167db
ormer th,860923f4dc8786c0
is is re,c253e8ccacde6f5d
duced to,7028b068a9a0a90d
 a const,8f753db10ab63a55
ant numb,b40f1b14ce067275
er of op,f527a314aca43d3c
erations,f3292ad055ff5321
 albeit ,d4a8c7ecfd7cbcd8
at the c,fc91bd6f8d97ab9a
ost of r,53203d50c9ed9452
educed e,79fa9aa497140795
ffective,9368a438c75bfebc
 resolut,e17bf2e0a31386c6
ion due ,5bd269e14faa662f
to avera,c2c362870c1ab2b3
ging att,37f8c6f0bdd2c4b5
entionwe,6f00edaa3cd50cad
ighted p,d3ac19ee00522449
ositions,16ced5e913ed1a5b
 an effe,2f45c633c7326036
ct we co,d86ae968e19f13f0
unteract,3a2bc8842ad48c59
 with Mu,093577ee782deb71
ltiHead ,1bc46c08c2581528
Attentio,be45301f9816ccf5
n as des,84e81587e20692e2
cribed i,f7202fe121c0080f
n sectio,6cd0de5bc9e56c6f
n 32 Sel,877cecce1d69478e
fattenti,b3a59351a443e65a
on somet,c10af5769f84bcb4
imes cal,0d16c2000bea7cdb
led intr,3150349279093f65
aattenti,323f59674c79da3b
on is an,498c9f4d8b713b66
 attenti,8cf42d5150381f75
on mecha,2d41462564e7e682
nism rel,773c2ee0de578398
ating di,82fb7c9757f24115
fferent ,daa09fa49f07e380
position,6dd9f7facb52beb8
s of a s,f2eaced24f94eced
ingle se,bffb49811a4f021d
quence i,f61325cdef39f303
n order ,9a5fb83672c4d422
to compu,69ecc18ae70e75d4
te a rep,201771c1a84b3047
resentat,583c288afd578706
ion of t,c6fb16daccd73993
he seque,3fbec3f4e2fb6130
nce Self,28d7615458fb1ab0
attentio,4016a87bc0155145
n has be,e0a4fbac1c51d711
en used ,024bb9b23ff306f3
successf,e3cb9fa7448b2393
ully in ,5bfc7e6a8e4c735e
a variet,066e0480cd0cccf6
y of tas,bbc47eaf7c4d3652
ks inclu,1f0701f82eb8c42a
ding rea,0383a7400a091bc2
ding com,b2387dada7c363be
prehensi,39136b823a5c8430
on abstr,33026c7ba7e26f85
active s,4e100d8b5a145603
ummariza,c2fdd0a45947b3e8
tion tex,d5abc0a46fa7007f
tual ent,3a5398cf3ffea6a9
ailment ,e87855fe0b06c79b
and lear,d600158d66c4914d
ning tas,bcdbad9ffb77c6f7
kindepen,cc60395ec68d7fd7
dent sen,e230b31e10a41961
tence re,703981782a903b04
presenta,9a123d6da70072e8
tions 4 ,64512287ec309023
27 28 22,5914ada87fb476f6
 Endtoen,f344fe1cb7e9da4c
d memory,aac92e7f7a1be167
 network,acb920a625a29fc9
s are ba,5d5a520dd4a14cce
sed on a,47fba9a768200279
 recurre,6a568ac81eb37689
nt atten,9a9ab6641b336b36
tion mec,cb752abe30f15c18
hanism i,43abf53a0f047205
nstead o,27fc521326e91a34
f sequen,fa4b03a923e25594
ce align,515a925fce5a1d08
ed recur,20d67376f9301e07
rence an,663cb1ff751ef464
d have b,4fb835f39ddb49c4
een show,46c8cf03c9a77e5f
n to per,581b4bb325af73c4
form wel,19d968ec16b0821e
l on sim,8d2533aefff380ff
plelangu,e50be15050b97a79
age ques,35eb420553d0e8d5
tion ans,8696fecd782a90a5
wering a,6356c37b702e0fd1
nd langu,5eca94b18d0ccbb2
age mode,c4b6167223236d32
ling tas,bcd0c31fbcd5f977
ks 34 To,df36139d1b4c4773
 the bes,e57cf6eb9f8a463c
t of our,f60ddeb30235e456
 knowled,5bff4a89eb23aacd
ge howev,30931fb434f81d34
er the T,5f4ca0e7a14bdd0f
ransform,c519699c89d47962
er is th,bbfa53af977c6fb7
e first ,a36eafb7e6e89cf0
transduc,39bf1859f2c30d9c
tion mod,320232d11cefb2f6
el relyi,ad9fe22e916432ef
ng entir,7c867f02a0ffce3f
ely on s,aac65f06815e5930
elfatten,963defb514872b9c
tion to ,73c6318d40da2604
compute ,814b272f3089f2eb
represen,9a9494cf7359cfdf
tations ,058b4862dab31db2
of its i,3edbbd9e72ba8897
nput and,4abb93c7878fe64f
 output ,91fe0a8d5b9bef9e
without ,4a2174bc0b168efe
using se,2420f59bd1bfc33c
quence a,9c21a038233c6136
ligned R,70a3716d1de21f3c
NNs or c,9971852ac6a5a58b
onvoluti,5862843d3eb6de6c
on In th,50b24e4523f87a4c
e follow,71992e858bebff7d
ing sect,061b0df6c31528e4
ions we ,81b4a9781b1fda94
will des,33c5791a81b789a6
cribe th,50e605c28535cbc4
e Transf,708f2ff482e167db
ormer mo,f77dbd6d5f79736d
tivate s,2e55392a2686eff5
elfatten,963defb514872b9c
tion and,a4e02699ec033d02
 discuss,5dd9119af181a91f
 its adv,9930ce14d1824092
antages ,e8e2dc8f9df3d41b
over mod,089e3d47b36ec16c
els such,95552cc226076ceb
 as 17 1,fe99a763df0eb483
8 and 9 ,5225c28d12b9e9fe
3 Model ,524b1f0947f00e19
Architec,8e820953b6c4269a
ture Mos,edd48920663d714c
t compet,ced9d6efbb2cb6a7
itive ne,36888bfa5be71468
ural seq,541f0d223d31ae29
uence tr,9d98a26c0fd8b8c0
ansducti,84a213d863f96160
on model,fe4f179fd6178e2f
s have a,325639a0d3937af2
n encode,a6fa98fb9f8fea62
rdecoder,e6362ec3fa2570d7
 structu,d1ec50022a22ea36
re  5235,7cb35a355d9530f2
 Here th,ac37e93b9b7b6e1f
e encode,8a36a180352bdb94
r maps a,0a79d387e64d91fa
n input ,0597fe4ca2ff91b4
sequence,ef4a0793658fb9d2
 of symb,78558e21a501bf17
ol repre,6956817c17a4737b
sentatio,bab73e241c9bd953
ns x1  x,dddfa3dcd5b12856
 nto a s,24f3667a3044e0e3
equence ,786a77a8822b6068
of conti,110e7bb260c3c86e
nuous re,eee4cd26ddbecab9
presenta,9a123d6da70072e8
tions z ,ddf42f890d4cdea5
z1  z n ,4db6843889ed2f09
Given z ,4551d3be2e43a540
the deco,3b8a4469a3f70bae
der then,5a9583d1eabf88c7
 generat,8d3ff3a78f6e8eb4
es an ou,3e744c2e90ffec1c
tput seq,28f3d1712a3b13d3
uence y1,a314ba92eee53abe
  y mof ,5def13d94a4c86ad
symbols ,03816c36ee5d511e
one elem,7429cdf51728316b
ent at a,ed5045d436c01cd6
 time At,8780f82f782d419e
 each st,071a094334d2ce9f
ep the m,7a1bd2eb9a3c3893
odel is ,c5c512f01c5c2a06
autoregr,9e0fc5cfbfff6b0c
essive 1,d3d02680184ee162
0 consum,41f7791701ba8e15
ing the ,d125a981b9074cb3
previous,a112327aa28969fb
ly gener,10bce2e78abe9a25
ated sym,cc29a816d91ac3b4
bols as ,8a43bd290732f758
addition,002a49fe1e74c844
al input,cbb468c335c0296b
 when ge,cda0654742b81bb9
nerating,2160b6849f71831c
 the nex,d252d2759254cdf7
t 2Figur,72e655076939832f
e 1 The ,fab46685fc70353f
Transfor,8ed6453ef3b0a6fe
mer  mod,e5b628cc8a737329
el archi,4e05f01b70d9ae39
tecture ,2a2c113a42281d01
The Tran,d8cddfc6ea6009a1
sformer ,5d7745c3b34d521e
follows ,51bafef25973e672
this ove,8fa7ad8271a97ff6
rall arc,422cdc884944638c
hitectur,e2f09e52fd95002e
e using ,be6ff0a2f353f28a
stacked ,f43419a91a7870df
selfatte,30dd13011a451e80
ntion an,5e02ddcc4762e958
d pointw,e9b59a21dfe6aee2
ise full,6a50e9fc11411fb0
y connec,2e00b6e0bc21d4eb
ted laye,dccb1bc0790f35d7
rs for b,211722364e782511
oth the ,5907c773ed582ef0
encoder ,6bf343abf05ad29c
and deco,9f7079a801518a94
der show,440185fd5e06fc0a
n in the,ea7934432342ba04
 left an,6fdcf73ed4501037
d right ,fc80e1cb57967cf0
halves o,d6f0d9527edce41e
f Figure,d98cc94fb325c73e
 1 respe,f50f66bfd593e280
ctively ,6e6a2dc056e38ee7
31 Encod,22d2087a2e7f609e
er and D,1a48081280e8c5eb
ecoder S,792ca71313584dce
tacks En,d055bdb664dfa32f
coder Th,86ee4ce939eb2c3a
e encode,8a36a180352bdb94
r is com,56adbde89a384fcc
posed of,58b1e61e94b78d51
 a stack,fc7244c50851978f
 of N 6 ,160ff5c345f127f8
identica,53d818ea6bdbecb8
l layers,ccd2c8a1a1a38a7f
 Each la,33f69b203a6ffc71
yer has ,3398d7a1a70bb1e7
two subl,64d99271191ad8f4
ayers Th,cc71c2c8859e879e
e first ,a36eafb7e6e89cf0
is a mul,d485885687e75112
tihead s,a2c0e559c86a5f67
elfatten,963defb514872b9c
tion mec,cb752abe30f15c18
hanism a,3a13422c7b697b69
nd the s,001f36d3dc758700
econd is,ed4c6f44c31b5ced
 a simpl,0fba74019b392acb
e positi,243e666d2a3b3952
on wise ,359f381a853dd089
fully co,3955d0c68f382276
nnected ,867d2a84abb3aa8c
feedforw,2043d2f1bc137bf6
ard netw,9c58f7cfd2f18157
ork We e,622bd48677a00a18
mploy a ,2404c07a94ad34d7
residual,1e0c5404e5c9851c
 connect,fb8a45e7f0087b3e
ion  11 ,95adf982cb283ea7
around e,5337b8a0768e5bef
ach of t,229a4ebec3555121
he two s,7c8e909c73ec5ac8
ublayers,b055801b26186f22
 followe,97c1ac1073b9eab2
d by lay,6196fed708cd6c60
er norma,a7001535b0c2d493
lization,fcf73195595f86a4
  1 That,d48b1e43c6ceff65
 is the ,df11b89e7283f14a
output o,baaee24a4b232723
f each s,141ae4c94cc054ff
ublayer ,0af30c9faf449e11
is Layer,791fba24deff7200
Norm x S,a9973581700bcd73
ublayer ,0af30c9faf449e11
x where ,804ee16287bbcf44
Sublayer,37fb680835289b65
 xis the,e0ce43a75811f528
 functio,c0b2e27525c8d8e5
n implem,b9fdfa0003611197
ented by,bafcb1c15e07fc1e
 the sub,4dc24568beda2cf1
layer it,38d317719db08585
self To ,2c0fc1707469aac3
facilita,604998a433a95e1c
te these,e7d6d39cdba7bb9f
 residua,e2d6c13c63919524
l connec,34f51eb18d30aa82
tions al,c372efc37b914067
l sublay,d66c73c21dfc6ae4
ers in t,b64a45f1f7426060
he model,9ea564c3a11d776a
 as well,2fdcc265165fbe80
 as the ,d017f65da262d69c
embeddin,a0db2bdade0b1305
g layers,4777366caa7eec85
 produce,5669e91f331b610c
 outputs,90ba2a116b30c728
 of dime,e25c6b2ed2dca294
nsion dm,fce1253a33fb99c6
odel  51,65440795b19a344e
2  Decod,cf3f09c44056523b
er The d,20bccf61dd44383a
ecoder i,e59eaa251ce7c179
s also c,345f0b9a7a6bb330
omposed ,1f1b208dfa9e2db8
of a sta,1e79594a8588b723
ck of N ,26486a7e9a66445c
6identic,dc54d1b44ea7e4d7
al layer,6c5da7ecf394ec7d
s In add,a8bd2b008d7c94a9
ition to,65f528a0053ede7c
 the two,5d9a31f78054f47a
 sublaye,ee1b0f1fb071b262
rs in ea,1bf79796970e9234
ch encod,93b23687bd6179a5
er layer,39af32269abfa2fb
 the dec,cf8bdad303001af7
oder ins,81342b0e2a7c606d
erts a t,709c32deec90a093
hird sub,2cf65762857660dc
layer wh,a4b72cabe6244894
ich perf,8441551d089f3a28
orms mul,a6ad175e683e835e
tihead a,2e6ffc9a025beefa
ttention,e7297e22e69f1834
 over th,e13256e796169ba4
e output,b9061f583ef14df5
 of the ,9c103deac1dc216a
encoder ,6bf343abf05ad29c
stack Si,af018631d9140091
milar to,50dc6f8f56b0beb1
 the enc,0d305ca0c1f29580
oder we ,8480c4aa9b165eeb
employ r,2d01117f9366fdcb
esidual ,48fd8ca51b468221
connecti,d13cca2b5234f29b
ons arou,c9e593735693f3f5
nd each ,6d6c83f5ded8c3f1
of the s,cb0ff7087ade4d66
ublayers,b055801b26186f22
 followe,97c1ac1073b9eab2
d by lay,6196fed708cd6c60
er norma,a7001535b0c2d493
lization,fcf73195595f86a4
 We also,bea4e5d5eb921b8e
 modify ,76847a8da5a4b0bc
the self,66f38539750cbe33
attentio,4016a87bc0155145
n sublay,adac76f985231277
er in th,19240f053eab0c92
e decode,a1c7397b0997d20e
r stack ,770a2afcffeb7175
to preve,ddfd1fd75cae5905
nt posit,3fa80da37efb58ef
ions fro,7cf49e778dd0ac3a
m attend,f3763f8bd7c7e529
ing to s,e8c8f6677dbc1a86
ubsequen,4175647c6b6f7f50
t positi,483864a74af41afe
ons This,32ac3f1dee8dfc8b
 masking,3d3c8f31b0c7b97c
 combine,ad90bb5f83426d71
d with f,5e41ceeec62485ca
act that,73c41bd397d7f519
 the out,96146ab672dac102
put embe,2bd723b1942ad788
ddings a,86f441af7dc13f3f
re offse,fb5e3e97f3f8674b
t by one,ca035fbf824f3adf
 positio,60313604fe5ffd1c
n ensure,6da1a5569fd744c7
s that t,582d78e7c016a405
he predi,380a0816320e1584
ctions f,04751891eb252642
or posit,6c5afd4f53dfb5aa
ion ican,b42085fafe37a2fa
 depend ,fc1281289e0f2c06
only on ,26bcc42d452ca12f
the know,ee24030f2eca8a94
n output,d52df7941b23f848
s at pos,7b4b35a6d5742d12
itions l,5a128f50f33a42af
ess than,c8df9d02a8ac0fb2
 i 32 At,ab9594c9958aef11
tention ,0a9bceaf3409ec04
An atten,eb909c97d10201b9
tion fun,a6f64130bfab5be3
ction ca,46b6d399573fa966
n be des,26f0938b5148b780
cribed a,b7393e1a5a0ae22c
s mappin,d274215391a54bf7
g a quer,a5551874843e26cf
y and a ,086055ee49c5d164
set of k,99d12a1ab03d356f
eyvalue ,4fb33d38a1f68e94
pairs to,b9e5897704847e1e
 an outp,83cfd74c77c89601
ut where,0fa252a95c0fe46f
 the que,a36aa25aff500f2e
ry keys ,57b2cba27e6d2fa8
values a,8ce79679a06773be
nd outpu,2fb6fcc9865901fb
t are al,f044022597eddc9e
l vector,339417c0edd3f069
s The ou,095d56439a6f9f3b
tput is ,456d028a0334afe4
computed,cd2a88feb2965183
 as a we,1a73f8dc8f791b3d
ighted s,c9d5f7389e3d33dd
um 3Scal,9fe146081da92f7e
ed DotPr,bc65570c161e1a91
oduct At,fc28ec18bfc7cfa6
tention ,0a9bceaf3409ec04
 MultiHe,6135705f2fee1a4a
ad Atten,1f4be075a6002ea0
tion Fig,1c4b50abcff0c480
ure 2 le,64ee68e29a95fcd6
ft Scale,7bb148360db0bb36
d DotPro,ef736f49c2bfe3c0
duct Att,41043505911c6049
ention r,aece0ff903ad1b42
ight Mul,8ab3c735746e7784
tiHead A,ede34a8c7f903d2f
ttention,e7297e22e69f1834
 consist,ac451c9755664f66
s of sev,dbb517513cb2fb74
eral att,267afc9c234e76d1
ention l,0bab6dce54873670
ayers ru,75dbba0153ee4a95
nning in,7dd845457985d42d
 paralle,442e4d17b758422b
l of the,82f7da3265370f14
 values ,2dbfa4342f406b93
where th,809f0fc819fd296d
e weight,3fa5c11311f7615e
 assigne,45bae3ab5c33a781
d to eac,e52a37a5b3aa0aa0
h value ,55995b2c7272ca2a
is compu,1865aa76142e0cd0
ted by a,fbb59e11329aa335
 compati,0739e62df9a42562
bility f,035e15fc8ab6b828
unction ,2a7544ea02eba15f
of the q,1eb9c854ff33cb7e
uery wit,4c771002b85a0a9d
h the co,9815fe1f9a1a7086
rrespond,9dc79bb14a9f4b86
ing key ,ce6950d41d899a5a
321 Scal,3ade2a55046a0b7c
ed DotPr,bc65570c161e1a91
oduct At,fc28ec18bfc7cfa6
tention ,0a9bceaf3409ec04
We call ,c38abf0dbba77794
our part,6150c74a7374d5ed
icular a,7f580aaaf62f7b18
ttention,e7297e22e69f1834
 Scaled ,8db88eddc57ed1e4
DotProdu,09657d50425e7fc7
ct Atten,419cf09af3faa11b
tion Fig,1c4b50abcff0c480
ure 2 Th,3dd429f65439a1e4
e input ,a0a4e969bbe5e0ff
consists,f1ddd9c13e8a59d7
 of quer,662a47ba329c2008
ies and ,9ac2cbdb0d54e28e
keys of ,aad84f7a2ea21d7b
dimensio,e98c7c2606a63250
n dk and,a62d5e321359d8f9
 values ,2dbfa4342f406b93
of dimen,1d5f52ee1de03a71
sion dv ,5e35e240519e4e83
We compu,ea64464ddb0c7247
te the d,5b59742e55f91771
ot produ,7309e0a8a4c7f6f5
cts of t,26128520822f98c2
he query,54e173284ec3bd59
 with al,ab1f954ff19414ce
l keys d,96c01c79b3bec9da
ivide ea,65579ad545fa862b
ch bydk ,f9c926833297906a
and appl,ad6b86e6ad54b5e4
y a soft,09047b0e94e2830f
max func,acacba9cb88b19b6
tion to ,73c6318d40da2604
obtain t,172d1947a29f297e
he weigh,8151a8398aae36c1
ts on th,9af7b74f18fe2d96
e values,2f0ae6c10642de90
 In prac,45cee289f8686045
tice we ,92b24ca06544f3d8
compute ,814b272f3089f2eb
the atte,d656c0adda7ec2e3
ntion fu,3eea6a9089224dcc
nction o,2b903020af2e450b
n a set ,a75939a4ad13636a
of queri,cdb207a9d21ec1e0
es simul,d23bd6728949891a
taneousl,3602801364c6beca
y packed,d4951a54097489e9
 togethe,07d1047ad9ca5101
r into a,6283a9f2411b8e9b
 matrix ,9f9f825d9616948a
Q The ke,ad01c511b333e1b7
ys and v,45fa64cbcdf85a14
alues ar,4a12f3d93c11d724
e also p,9f4575394a2d7da8
acked to,e135ce18cfe06fb5
gether i,9a732a7b4cdc6515
nto matr,5cb449e564d2ba4d
ices Kan,08df6260f32ca324
dV We co,031b1684a8858b5e
mpute th,f3990f7f507fbe02
e matrix,ccc8587aa10a9df1
 of outp,f1708652ec242190
uts as A,c620b48a95199fac
ttention,e7297e22e69f1834
 Q K V  ,c5815c3bf6b60c69
 softmax,a14354fc9e04d787
QKT dkV ,37d996313b4b15bb
1 The tw,cd5d7b132aa406e1
o most c,cb9847d18b85c7ec
ommonly ,9f5b4c06a8dc04c2
used att,4169e5b6a0c1eb57
ention f,2e5fb147ffc8f228
unctions,3f15618c80e2a53d
 are add,d2b3c9fa2f3d5dac
itive at,68d01e066eaf3ea0
tention ,0a9bceaf3409ec04
 2 and d,d2f09b0170acbff9
otproduc,a809f94a75bc94df
t multi ,fa4baf7b7176b11b
plicativ,c524fe7a5e8f5354
e attent,4b86669a29997e42
ion Dotp,c2b866b85ab9762e
roduct a,86627bf7d84e8440
ttention,e7297e22e69f1834
 is iden,b610b6c132bb2fac
tical to,95e918b6689abf1f
 our alg,bb8c321feb44dd0a
orithm e,3b594a32a6ce8cdb
xcept fo,b37605ad6e5f8b18
r the sc,b20e34a45b154cfa
aling fa,c0f43df033c6b198
ctor of1,84319b726c2ccc7c
dk Addit,909946ddb602276c
ive atte,81636ca5d0f36579
ntion co,b81d039a2390ad62
mputes t,87a63b53062786bf
he compa,92ee4f92c726e88c
tibility,161fc145cc7fd4f4
 functio,c0b2e27525c8d8e5
n using ,71e8fcec9eb5fb59
a feedfo,9d3bad882b95af2f
rward ne,0e8ccc7d0e0c8b75
twork wi,e88c57f3327537cf
th a sin,bc5abbe6a30c3d9f
gle hidd,7601d3b344fce1ce
en layer,d89f434d55e97a65
 While t,e3f39d38a50c6cf7
he two a,8ed5cff003c8e42c
re simil,0dc5955250933396
ar in th,00d27e2ad9caa7a6
eoretica,c8bc7c7946d5e30c
l comple,518429292c901606
xity dot,5f51345009027311
product ,4d028dff1142f2c2
attentio,4016a87bc0155145
n is muc,3cd941d77621331f
h faster,cecee172d5d8319d
 and mor,a0f781f1cc65e0dc
e spacee,5dea445dffd25518
fficient,990a0f524b9b9ee6
 in prac,f1b80439919b0cfb
tice sin,8aecd5c20e038b57
ce it ca,73362e5f4ec4fadc
n be imp,63f555e529b94a27
lemented,af804e443775d57d
 using h,8bbb5d7500ed599c
ighly op,8d2bda417b1ae412
timized ,774d73d85bd28024
matrix m,86fb00c01a2db102
ultiplic,57756a90b3c0c1b1
ation co,dc720f0bd80db20b
de While,1d043a38b783f8f5
 for sma,781fffe87ad7a5dd
ll value,6cbe875f530c4c50
s of dkt,e9f1292f32376a1c
he two m,eb591ec1f4616799
echanism,04cca032d23f9681
s perfor,5eedfb96906c3094
m simila,800b1b93e1bc72ff
rly addi,96bc3c372989c7f3
tive att,3a4428a00ae50cbf
ention o,105c84588bbafbd7
utperfor,23954874b2383fb2
ms dot p,67cbd6121924eb24
roduct a,86627bf7d84e8440
ttention,e7297e22e69f1834
 without,05c40c8c549e5506
 scaling,d75678cce2d65793
 for lar,9b0c1fa8e5c96055
ger valu,a007a485f11828e8
es of dk,ac26385cd32c5984
3 We sus,77efcbc2a936765d
pect tha,1dc67131fc1acf0e
t for la,bc1e188fa0848eb2
rge valu,96ea7971d617d662
es of dk,ac26385cd32c5984
 the dot,a101c2159508584a
 product,ed38e471b60aaefc
s grow l,c30c23c5858a82bd
arge in ,3cc74c0adc88dac0
magnitud,242b8e2e0169236e
e pushin,6fbcceb5866019b7
g the so,fded883048bad82e
ftmax fu,c0f7b5a79ee9d093
nction i,64f04bf5f8f5235a
nto regi,3d04709120efba05
ons wher,88250b334371a7be
e it has,ba14072298ede4f2
 extreme,1f46158e5b597f63
ly small,21f27156ebbe44e3
 gradien,582bec60127618b2
ts4 To c,99699c80175d2b27
ounterac,8b5f9c302143b171
t this e,161d3a24e45aa5b5
ffect we,0d499ea50a90d42e
 scale t,07136692a2e9a30e
he dot p,adcbf4cc28c3e774
roducts ,e50fd57dec54f4f1
by1dk 32,eeeaece908030b97
2 MultiH,35e60f24d9a20028
ead Atte,eec19dc9b9f0ec80
ntion In,10e63ec051fed6e8
stead of,82a56ac021027905
 perform,12630c629ccfbbb4
ing a si,377b927eadb66493
ngle att,7d708932d30eb752
ention f,2e5fb147ffc8f228
unction ,2a7544ea02eba15f
with dmo,f8453dad898dc052
deldimen,510a61c3b8208a6c
sional k,5505ce6dbf240742
eys valu,d1579299b200d434
es and q,f2fb309654076c1c
ueries w,a65b0b427150c790
e found ,414ed8644a3cd2bc
it benef,1a7e9ee39a674bce
icial to,03af4adfae5c3072
 linearl,e25c863fc805b961
y projec,25f4debb78069f88
t the qu,d7c502718240bb09
eries ke,4aac010909b67c24
ys and v,45fa64cbcdf85a14
alues ht,0e7e90238245bab1
imes wit,0445c0572a75fbae
h differ,2123f84e31a1c9d8
ent lear,871cc0918bccd135
ned line,804fbb8360de3b0b
ar proje,953c30c6c27b215d
ctions t,b8b15a40e47ec5de
o dkdkan,1c0ae83383c36a96
ddvdimen,da84996bf270fb9a
sions re,98ff7ddfe9963692
spective,bff66406cf9a22b2
ly On ea,18605628f9b98dc3
ch of th,b17a8c57e3033bc0
ese proj,87b734650c2910bd
ected ve,cd5e2f54c3d03b2c
rsions o,c595a9d143da71ac
f querie,69856df5026dff9c
s keys a,bde5c5bb65f0c1a7
nd value,254771c68bd062d4
s we the,3564622c50021181
n perfor,e2c6f402423b800f
m the at,6bee9030d3e6795c
tention ,0a9bceaf3409ec04
function,77bb99ff24602f16
 in para,127b11be44be14bf
llel yie,97602d66af75d267
lding dv,1ae767d9cd21184d
dimensio,e98c7c2606a63250
nal 4To ,c6f850e9759d91a6
illustra,7e1fd4bd5cb009c4
te why t,41517b7a56db1a32
he dot p,adcbf4cc28c3e774
roducts ,e50fd57dec54f4f1
get larg,09b9ec24022edce9
e assume,d12d639a5eee23e4
 that th,62d33c2344818c32
e compon,91c61a0047f09c05
ents of ,c7c738a2debcfc32
qandkare,0d67449f67da696c
 indepen,c77ebdfffe8f8ef8
dent ran,3bf8250ae720bb97
dom vari,e95112c8200d9653
ables wi,1d71f1e57911e9ab
th mean ,85016acf5f6a8c07
0and var,47faaf15700a3b48
iance 1 ,ffdcbf07f9a16adc
Then the,bfa5cb468e219803
ir dot p,ebb78b06c02cab29
roduct q,11c79b012bffde59
kPdk i1q,f40241bdf1359d94
iki has ,b022091ca8cf8416
mean 0an,5812cb1b2669ee0b
d varian,e96bb0db6bd364d6
ce dk 4o,3eefb8df862793de
utput va,bd1a3547ddd94ca8
lues The,51475c5406f05eb2
se are c,28f89dc306cee581
oncatena,979b1ad4a81d4b67
ted and ,134aad759091d618
once aga,fa9b42de1ec50eab
in proje,6e1be1f5505271c5
cted res,f3a6f628e034d608
ulting i,3bb359145e9bb78b
n the fi,48f45009887ef318
nal valu,3b8e611e7f9b598c
es as de,857d741d48104511
picted i,70baa84046c4c507
n Figure,8372f5ee3cd58b34
 2 Multi,c5554c159ecb0e48
head att,6454106c738bf4a4
ention a,1e0e4cb3fd17f318
llows th,0d324a624cdb6dd4
e model ,203846fd32a69f24
to joint,06573651f4be4ca4
ly atten,d43c57a892c91651
d to inf,cf807f774e81140b
ormation,0d049f45a4a4f205
 from di,e5d2dea66792732d
fferent ,daa09fa49f07e380
represen,9a9494cf7359cfdf
tation s,03bd8e66c18c6077
ubspaces,09c22f9d2a868347
 at diff,0ce409eae38b6b7a
erent po,db4dd6c2600172ee
sitions ,006818935bcdab0d
With a s,2049456302bc3e82
ingle at,5917bb84fc6f86e3
tention ,0a9bceaf3409ec04
head ave,e767220ce3c68189
raging i,c2681a7c0ec8344b
nhibits ,a63d0f68c818ee78
this Mul,28ac4b98e0965460
tiHead Q,7bc2b624fa3c6a2f
 K V   C,1b9ee14bd09c845f
oncathea,7aec47a1be798967
d 1 head,582320ab78247467
 hWO whe,782d4aed2a19d029
re head ,3f39f0dde13c67e3
i Attent,16b8827655f4ba1d
ion QWQ ,8306bc1ab186c0db
i KWK i ,2fd82a0c91eda586
V WV i W,b45dc6bd72722f41
here the,d1384acc4c442e23
 project,ba3e7fc8d8856fb8
ions are,7d70b01eddf15d14
 paramet,9e5492c4e3d79ae5
er matri,45606426581616e1
ces WQ i,f66ede10a0ffec87
Rdmodeld,e962a768a0931259
kWK iRdm,f0ae83548638cdc3
odeldkWV,ebe7271c825fbfc5
 iRdmode,a7d6bea6e2ca7dfe
ldv andW,78ef5567c13ff42e
ORhdvdmo,d5b28868212c471e
del In t,6d5cd1966c94f78c
his work,89b2a1c561cef7ae
 we empl,c271161e24728511
oy h 8 p,b70de5181b8ee50b
arallel ,952e7ab0e08a68c7
attentio,4016a87bc0155145
n layers,b8cd75f3584ab017
 or head,8ffaedc5e9515f30
s For ea,fc98347195a10f6d
ch of th,b17a8c57e3033bc0
ese we u,ca9ad48903e3b2e0
se dkdvd,b1a465480b3fa408
modelh 6,782e55c695e9632f
4  Due t,d6ed2a9d9bb8eebf
o the re,0a2e77376c9f990e
duced di,9b03fa982217a012
mension ,7eb3fb60f2d059a5
of each ,c06e25f7d0c067d7
head the,dedd2ebfa47bf44e
 total c,ef37c712e605b8cf
omputati,2992709387fd676c
onal cos,c58ee4c3240ef222
t is sim,313c79bf29a23eb8
ilar to ,f5cd968bdb0530a8
that of ,9773472cdede8807
singlehe,574c35e331f996cd
ad atten,dd9cbe7dd3b55623
tion wit,53e1f7e2e3718a77
h full d,8e9e2747e316ba27
imension,3c3735a37af99f7f
ality 32,d1a947ec79b4ebeb
3 Applic,ba9f3127e4c0a74a
ations o,2cb0ab9c09438108
f Attent,abe605bbb639c732
ion in o,354b10a9435f0edf
ur Model,ec7b018c0db57442
 The Tra,99c47b8b68913a91
nsformer,04405506256559e8
 uses mu,564386c705a841b8
ltihead ,d584847066920a10
attentio,4016a87bc0155145
n in thr,f90b391203628f06
ee diffe,30687c4519a494cc
rent way,c4e434745c207c10
s In enc,92c1823b576ab211
oderdeco,0db2d793aa74e488
der atte,982e27b95668195e
ntion la,1e4dab70d049714c
yers the,ba75e8666a413ab9
 queries,f285b6e1c742143e
 come fr,33262bd89ead423e
om the p,04434c0ca4b41138
revious ,0f00cc1993b0b9ba
decoder ,e9f797b61fa547f6
layer an,8891105af502f37d
d the me,508e7f5493ce2a92
mory key,a383a1e6baaf10e8
s and va,d678ba6d5f14b790
lues com,a7832b5f700c7bfc
e from t,629eb40764a40d25
he outpu,5a6f01a8d261d071
t of the,83a42691659a0e80
 encoder,1d91c65551b162dd
 This al,e7927240a7973592
lows eve,dc503c903ec5a250
ry posit,85595839f2c5389e
ion in t,7b9b98fae7b989bb
he decod,f6d6d235fe7a8895
er to at,ee012b8d2b48f607
tend ove,4d60c850627cc4eb
r all po,2c94a65adf6bc59b
sitions ,006818935bcdab0d
in the i,9b41695aaa4c2aed
nput seq,1d326014096b2bfd
uence Th,bd29b20be3f8f26b
is mimic,db966fdf3c0693c3
s the ty,dd7f60b2284a1a80
pical en,d658f74243e36a5e
coderdec,55e39b6d5876c021
oder att,0c1f7c22f40320de
ention m,5c5013adc594b5e7
echanism,04cca032d23f9681
s in seq,919f601080d305bd
uencetos,167cc912ea3f3a0c
equence ,786a77a8822b6068
models s,e55df0b430555a35
uch as 3,cf5997cabac62d03
8 2 9 Th,a1d2b04f0c7dc2f8
e encode,8a36a180352bdb94
r contai,a438b869639b7e6d
ns selfa,7a6bf5f2dec199b2
ttention,e7297e22e69f1834
 layers ,fdf3c95be7d149b1
In a sel,8b2290c96d92b16c
fattenti,b3a59351a443e65a
on layer,1eab5edfd1cca747
 all of ,05751c91b9cf7a50
the keys,88ef3af04f903b8c
 values ,2dbfa4342f406b93
and quer,cb13f3c186ae082c
ies come,e340ec5f9b08cd0d
 from th,8c5735bbbde3ce82
e same p,b77131535ea592fc
lace in ,2a5d7a74fd5ada93
this cas,45b62e103b40add7
e the ou,55707ace8415c467
tput of ,16bb5296e270d0f8
the prev,b6488a2d00793d27
ious lay,cec3ea3fee719bff
er in th,19240f053eab0c92
e encode,8a36a180352bdb94
r Each p,f15d9122bb450a62
osition ,31d8686abe135c59
in the e,6574b7469bebd357
ncoder c,51b3958b3b025abc
an atten,89b783448fc4eccc
d to all,0f737936815ac463
 positio,60313604fe5ffd1c
ns in th,56835e24836d4f26
e previo,e50105e9c4a0522e
us layer,eafd89a81578f98d
 of the ,9c103deac1dc216a
encoder ,6bf343abf05ad29c
Similarl,477843bb17e54a60
y selfat,98a9c0ea12c18c1f
tention ,0a9bceaf3409ec04
layers i,84a45d8fbc90130c
n the de,82ba83dfc654b727
coder al,91c0c5b6c56c2940
low each,2b5435b4b8fcde14
 positio,60313604fe5ffd1c
n in the,ea7934432342ba04
 decoder,dab05100d17c23eb
 to atte,cf6f313065f13940
nd to al,8eecc66d520b572a
l positi,216230f15c3f359a
ons in t,8308acc168786360
he decod,f6d6d235fe7a8895
er up to,5dbc362b5a7b11cc
 and inc,040d9a5e4412d606
luding t,d5cc43ff11385dc1
hat posi,eef3cdd002991767
tion We ,9529da1e6f1ad3bd
need to ,6a9c699971735844
prevent ,18345f393b97750d
leftward,7ea5e615b7337af3
 informa,8b2a3efc37d753ac
tion flo,3eb22aaf0538d502
w in the,573cacb0737e3ab9
 decoder,dab05100d17c23eb
 to pres,a5c64628c8a09ed2
erve the,1bee6d8201198e2d
 autoreg,6c11f4217f25cdcf
ressive ,e36c5c1b2816790a
property,cd74b2a0b8b8fe4e
 We impl,a0a8fbf08687d4ef
ement th,889c089415ff6607
is insid,0a7a60eec70f024b
e of sca,e38c18e91a9ab195
led dotp,be63039154832214
roduct a,86627bf7d84e8440
ttention,e7297e22e69f1834
 by mask,8a3a4cbd660e28fa
ing out ,74e39ed9b2ae9ed0
setting ,57bfc872970ca99f
to  all ,542870e7345a1007
values i,74757aba60228b8c
n the in,99b8d10b645a2d8b
put of t,b8157651dafaca4b
he softm,f35ceda574720b46
ax which,72075b97bfc57d93
 corresp,d46b2a6554b73766
ond to i,8426b5d8ee18bd78
llegal c,3e8c248ba548cfc8
onnectio,5e899f5223b04a15
ns See F,9421a276e2753080
igure 2 ,6f385d277de058f4
33 Posit,7013582e99dc2f8c
ionwise ,218c18a37cfe9085
FeedForw,a03e802e807db7b9
ard Netw,ce617a5c3a92450d
orks In ,dcf1c7b9b5c96960
addition,002a49fe1e74c844
 to atte,cf6f313065f13940
ntion su,28d003845d0968ff
blayers ,0ab3383dd9440338
each of ,641ed60424829543
the laye,1a264582ec3e6e8d
rs in ou,a7d1c8a2ade3521f
r encode,277673141a485127
r and de,4c5fa1e6600b53b4
coder co,eea43ef91ab975f6
ntains a,e63b4892a695efd0
 fully c,88032465787d9e38
onnected,9660f413a5b3333f
 feedfor,1e239b59934a208f
ward net,4b45e707d4729e2d
work whi,c5654f05413c5518
ch is ap,4b2344dea30aa5e2
plied to,44765d8a0ec91890
 each po,d284bfec2992c09e
sition s,21f16aee1461db22
eparatel,776ea74be88f18f8
y and id,c0078ddd1255157b
enticall,f7a5e5bc651430ac
y This c,535924a68a06e1c5
onsists ,b9ce56f6c2603583
of two l,e15afd65e1259b4c
inear tr,4f137dd0bcb47b19
ansforma,10449e704dc776cb
tions wi,7666625478821706
th a ReL,d2c07049926a95ac
U activa,1e20a9f8b05a8094
tion in ,62360071327b7dc9
between ,b926fb95cac1145d
FFN x  m,8b5161140c0ec7a9
ax0  xW ,ae2516aef7a586f0
1b1W2b2 ,0dad9268d55c3eb0
2 While ,3d1e9894a47c687b
the line,00594bea6cb10810
ar trans,d3fcbacec39b1013
formatio,82b96701798a62f6
ns are t,99c3f709aec806d9
he same ,dc5d4370e4e8a55d
across d,6af7d94d727cb742
ifferent,49de2b1467735b92
 positio,60313604fe5ffd1c
ns they ,71ea66f1b43435d6
use diff,1309c3b48136bb14
erent pa,d869678a2aa16128
rameters,ba08a79fa9fe594c
 from la,d52c4f6e2fd318c7
yer to l,fb44425e56f303cd
ayer Ano,01dcdbc61111c9ba
ther way,d76d8976e1168aa9
 of desc,2c0e8c912394757a
ribing t,b7e8834c3181a7f0
his is a,399bec09bbe83ab4
s two co,5d0239ddb8a5cf5a
nvolutio,f8b1f109d30ef799
ns with ,a668645df5894ff0
kernel s,88db90fca4a34d85
ize 1 Th,dd26579e9fee3b3e
e dimens,aef6ad535b786ef6
ionality,0158135b0e46337d
 of inpu,cc1fe0516d188936
t and ou,ce8b2eb941d06ce4
tput is ,456d028a0334afe4
dmodel  ,5deb0024665c065d
512  and,e2fb3c470856d5c5
 the inn,c160d830c2d87b38
erlayer ,05d1c7401efbd5a5
has dime,e3c177f64f9fb878
nsionali,b28c5f4065473e4a
ty dff 2,1b2946dae73b2b7c
048  34 ,90673208d21d4d95
Embeddin,f8fcd72c667ab54c
gs and S,75fbba3a6bd2a692
oftmax S,4ed91358159089ab
imilarly,8593681275aa669d
 to othe,2aa34f5d7c528aef
r sequen,546bc47b6827f8a9
ce trans,afe9658f3b5eab9a
duction ,e4180d3b9f847b9e
models w,4d7e78779460ef92
e use le,2160239f6883300a
arned em,029d6d9881344cfd
beddings,60ccfe7e85294c00
 to conv,fa66145e68dea679
ert the ,8d142dc032ca00d2
input to,98181ac4d7f6c0fd
kens and,87eded5e2a9c967d
 output ,91fe0a8d5b9bef9e
tokens t,62f110074887de1a
o vector,995b8f965e65ea74
s of dim,7f550fd2a9d73589
ension d,7d5a5585bca1a813
model We,91221f43efb07031
 also us,5772ccab94797320
e the us,b8abbaa34b611520
ual lear,71430d7de3528db3
ned line,804fbb8360de3b0b
ar trans,d3fcbacec39b1013
for mati,da8f0581a76a8eb1
on and s,efb8e40028b3d652
oftmax f,bfdcd5028366a7f0
unction ,2a7544ea02eba15f
to conve,dc4754c48bf71fdb
rt the d,c6510aadb2b937ca
ecoder o,e7bcbc14ca06d81f
utput to,4a74cd4f5a0e3470
 predict,834dffd7d96a9172
ed nextt,9711b21512bda6ae
oken pro,f0397043b73980e6
babiliti,78f118cae304c0c1
es In ou,9b437b71ce39673c
r model ,43202932b9a4f2a2
we share,358fc240d36fe97e
 the sam,36476f935adba5d0
e weight,3fa5c11311f7615e
 matrix ,9f9f825d9616948a
between ,b926fb95cac1145d
the two ,6a9beb767f813dd7
embeddin,a0db2bdade0b1305
g layers,4777366caa7eec85
 and the,8f08d045902f2eda
 presoft,0d02f109d6145df1
max line,a7439f1e1256e574
ar trans,d3fcbacec39b1013
formatio,82b96701798a62f6
n simila,a330b8f119643c14
r to  30,5f522344054b2a95
 In the ,28732c129f1431e0
embeddin,a0db2bdade0b1305
g layers,4777366caa7eec85
 we mult,33f2ac18753a0b9b
iply tho,b9e0a3cf878890f7
se weigh,b0aea2e329a8c12f
ts bydmo,c045044e588f4988
del 5Tab,b3b5e380626d0077
le 1 Max,9de4b50d0f16826a
imum pat,694ead2e50c6e311
h length,5739a127eb42448d
s perlay,1d046203321e8cda
er compl,870a11b640afb461
exity an,58f815c60597deec
d minimu,d9cffb229031db37
m number,3b2e3875fc985bcb
 of sequ,c412b1e7534c6199
ential o,749423bff5bd45f1
peration,2b2daeb4713c6dbd
s for di,8b5bdc144c1d0901
fferent ,daa09fa49f07e380
layer ty,e8be719799786ba5
pes nis ,f638ca25ada6288b
the sequ,d1be712523885329
ence len,2ab21fca58460315
gth dis ,7f4b221a639f4aee
the repr,c293b012ad03fdfe
esentati,48481c64a3c59aaf
on dimen,1d897d1a80bf7077
sion kis,4cf85196ebd6ab85
 the ker,fd67b9b6c5c507af
nel size,1e992948e243ce16
 of conv,342345b5be033325
olutions,ce699e23d9b46160
 and rth,6a805b146008e41f
e size o,2751a660121b5bc0
f the ne,a74481859f176d33
ighborho,fcd1683ff368680b
od in re,4772efa313db301b
stricted,47205a9350955702
 selfatt,ebe81504aec59a1e
ention L,c93413bddc63d4ee
ayer Typ,f55d256ea378e474
e Comple,eaeef01691627f6f
xity per,aad4ba279e2951fb
 Layer S,7c09c4bb3a513ee1
equentia,98d1fff78be4d7e2
l Maximu,173fb033f78d7bad
m Path L,9188641563a28210
ength Op,202b700f7346bdb1
erations,f3292ad055ff5321
 SelfAtt,0896580b732084a6
ention O,acad0566275599ea
n2d O1 O,43332914bb1c9e72
1 Recurr,2822971ac02def12
ent Ond2,d43dbd3a36461b40
 On On C,36d5b0976945753c
onvoluti,5862843d3eb6de6c
onal Okn,905269508356dcf7
d2 O1 Ol,4742e933451b31fe
ogkn Sel,3fa79d47fccbfb88
fAttenti,6a6d92ea859a652a
on restr,8f80a6e3fd8f6a37
icted Or,b5a36a7a62849bee
nd O1 On,4b0f54f88bdec414
r 35 Pos,176b5989448f202e
itional ,2544469b70e524b6
Encoding,848f5477e4952814
 Since o,1acd0b02d73a23b7
ur model,91152c9dffd9fe85
 contain,0cf9a1831449f54d
s no rec,4e40dc6bf5b52145
urrence ,ab3d23d9873ca4f7
and no c,1a7443f2f15f4800
onvoluti,5862843d3eb6de6c
on in or,d5d7fd0c5ab13bed
der for ,c69f79fdcfad9e9b
the mode,b7b7ce6e7d25de53
l to mak,9fa6cf7884c6d003
e use of,4b0839aa7fa686f2
 the ord,089ef6994b044258
er of th,8e9211c4772364d0
e sequen,c92a6595b7d1de69
ce we mu,1194a1c5663d734d
st injec,d37b62b0ca77942f
t some i,0016a4d1281bb33f
nformati,baef6f8b06248e7c
on about,cbdeee173c319312
 the rel,6c7f0d8232c153ab
ative or,6bc37c1dab26c43c
 absolut,6869c60cc9854e66
e positi,243e666d2a3b3952
on of th,a04e09e463c7d9cf
e tokens,cc57cc911f595a27
 in the ,f95c297d98b0f46d
sequence,ef4a0793658fb9d2
 To this,33939ce185af44db
 end we ,c9b8374bfd595e3b
add posi,792fe90547220dc8
tional e,fbc73a57e9cdd3d8
ncodings,68860da6bf4d0a19
 to the ,31050f643bc3c92f
input em,acd9d09f319efc38
beddings,60ccfe7e85294c00
 at the ,ff491f32a894a4da
bottoms ,d876916cd3a1ad80
of the e,e7d2c252262308bc
ncoder a,cbb8d2b41bf73e4f
nd decod,2ba67c355d84d7b1
er stack,9cefa53f464118dd
s The po,7de13308fde2b180
sitional,5e7dc8c97387c563
 encodin,7122af49142aa00e
gs have ,5bf97b4257540054
the same,00bffc17b4d1c1dc
 dimensi,fcd3b6ce6df179dd
on dmode,8a12c815a9ae20b8
l as the,f4200950bd4f4ed4
 embeddi,ff9a4fdbaa39a0e5
ngs so t,f8728931777ca129
hat the ,b4d640286964ebed
two can ,73001bd2be203ec5
be summe,13853031e1f1db30
d There ,27de1030f1507ef9
are many,722a9a4986442bcc
 choices,855d167c7264bf74
 of posi,11afbb0e7be14696
tional e,fbc73a57e9cdd3d8
ncodings,68860da6bf4d0a19
 learned,a218fe4694dc63bc
 and fix,177176d44718a0e3
ed 9 In ,c08cd6c3031f68a9
this wor,7b3bc7320c5b21ad
k we use,453a6a3467f883e2
 sine an,dfbedd4783caf6ca
d cosine,8a39184a735189c5
 functio,c0b2e27525c8d8e5
ns of di,197f2e2636af2edd
fferent ,daa09fa49f07e380
frequenc,fe208967ec7129b1
ies PEpo,97143327748c01ef
s2isinpo,ad51fce4e7d2aa51
s100002i,471b519d1088ff5f
d model ,b2eed40a633b693c
PEpos2i1,c337a20657d512fb
cospos10,a28ff5c1250e0c90
0002id m,786f557a457f72e4
odel whe,a535db20b8fbc6ad
re posis,8457b14352fa2156
 the pos,adff78f9a6636ce5
ition an,f32fe59efbde3e06
d iis th,e6c8d24c347cb81e
e dimens,aef6ad535b786ef6
ion That,0f1477404a1e33dd
 is each,fece371de0bd6ad1
 dimensi,fcd3b6ce6df179dd
on of th,a04e09e463c7d9cf
e positi,243e666d2a3b3952
onal enc,6db8bd701cbb5380
oding co,adef96d85146a945
rrespond,9dc79bb14a9f4b86
s to a s,ae03c2d6a8f42d96
inusoid ,76aefa87576d434a
The wave,4b6494a47fe20778
lengths ,d31dec988914f59e
form a g,733c8a6ca0c4f35b
eometric,2c993b9977114a4a
 progres,9bb0d57a490b1697
sion fro,aa7ecb2902e252c0
m 2to100,6595b7b3d2c17d48
00 2 We ,eeac204c19bead34
chose th,1415f6bcbdc9f9bc
is funct,5358f8ad773d7fee
ion beca,935f8e07ec0eb564
use we h,702c5f4971dc9402
ypothesi,0b02ca280781e139
zed it w,edcdf036cc993090
ould all,34100efee3cfa493
ow the m,f99da92ccfd9361a
odel to ,d7153380c06d41d5
easily l,a7e365b88b60bc74
earn to ,c62e13a9595bf7e9
attend b,522deca38cb938f1
y relati,19eb68f4a27bc885
ve posit,e0d0cb0c845d8cf8
ions sin,58aecb5435def12a
ce for a,42fab490f31881fc
ny fixed,7a168f14f6e0676d
 offset ,48186d7674460569
kPEposkc,5f39646f071efd10
an be re,eccd8c6885d22564
presente,54cbbefcfe3e600f
d as a l,b83e4e59dfe00bc3
inear fu,71fe0519c7ba4e21
nction o,2b903020af2e450b
f PEpos ,4e8763c550ba0c4b
We also ,3a554ded574f0d54
experime,bfa357f7c1bc3747
nted wit,add0238fc57ad7d9
h using ,fa57cdf8fd8334e5
learned ,705f7e0607b39b64
position,6dd9f7facb52beb8
al embed,53f3fb79b4649676
dings  9,0f4ad8bd09654a3b
 instead,feef56cc713cd007
 and fou,62f430fda1d97e05
nd that ,400e5a661d55c10a
the two ,6a9beb767f813dd7
versions,d835d30717657c4f
 produce,5669e91f331b610c
d nearly,2feb5881dadf048c
 identic,dbecc350dad5ba34
al resul,4d9bc1093205c1c8
ts see T,27c7f750bf403231
able 3 r,00153c66a79475f8
ow E We ,218e66188f47244f
chose th,1415f6bcbdc9f9bc
e sinuso,044328a04c104b05
idal ver,fb78d4bdddbb06f2
sion bec,6bb2dc44d1db1d67
ause it ,ef9f6799f59b4ce7
may allo,76054c9f7be653a7
w the mo,0bf4cf299be74839
del to e,96f69f8de5737c76
xtrapola,6aaa952453834182
te to se,38249715e373e20f
quence l,fdac445a901bd6eb
engths l,cc253ea44c114caf
onger th,bc41f350d6989fda
an the o,4096deb086427869
nes enco,e16f96a7136577e3
untered ,2c152cbfafc00420
during t,c668a61749155a03
raining ,a4357984cf819807
4 Why Se,c36e462e5b75f752
lfAttent,7aa81dea191b8522
ion In t,a1b2336eef294ba5
his sect,ab4de2252af80de4
ion we c,9459e32034bf6382
ompare v,8df41370cc907939
arious a,ab5793af0a3e6bba
spects o,49b4695b08a0f179
f selfat,3de3452aaaaa260f
tention ,0a9bceaf3409ec04
layers t,a34a3ec4c232734a
o the re,0a2e77376c9f990e
current ,e2dbf62d40b70737
and conv,59fd56ec46afbb76
olu tion,aece6b5e22f1898c
al layer,6c5da7ecf394ec7d
s common,5981e8b00b61cae0
ly used ,29a73a00cae85013
for mapp,4e43e5706ffabb16
ing one ,fff199e421fc6449
variable,cc03f6dafb9cf30b
length s,a87f039460af17d9
equence ,786a77a8822b6068
of symbo,94c485f9ac11f661
l repres,3a1af49c48eaac91
entation,4beaab5931745c72
s x1  x ,bd3b22e38453afac
nto anot,1da3317ef20ef107
her sequ,cf3a55a3a3fec363
ence of ,25344fbb024587c3
equal le,6c7114475371b171
ngth z1 ,30618b27bb86a5dc
 z n wit,16da675338142117
h xi ziR,78f855431e67db39
d such a,0e8c2acce2bcd58d
s a hidd,bb6dbec6516a63b0
en layer,d89f434d55e97a65
 in a ty,632d11eeee207ca1
pical se,1cccb0f5e2295470
quence t,9cf0b31e98a930ef
ransduct,a9a50d629edb19bd
ion enco,7827435f5ae1596c
der or d,d73ce46e2debfe62
ecoder M,9165f342c488f036
otivatin,a43857eafb6dd265
g our us,533da3d76218656a
e of sel,3a2e4faa477f32d3
fattenti,b3a59351a443e65a
on we co,0ca4864a6a35738f
nsider t,5281f4938439d3d7
hree des,47795ea20b413918
iderata ,031c9f729bf5eef0
One is t,24327f8e2faa8636
he total,9811597d20d53c93
 computa,8688bdacd1a8372a
tional c,7ee605c769b5a16d
omplexit,2f1d4501a6a0e498
y per la,e10a9cece2c04f75
yer Anot,f26e892f98a0999a
her is t,252268b0e9c7ddca
he amoun,cd4dbab0018c6505
t of com,033603e301320e41
putation,0bb926282f323a9c
 that ca,e3de3575bb559c16
n be par,ef6f49d5401454a0
allelize,75cb97718436b4f3
d as mea,b98ef2e22e40c5fb
sured by,29a1df8c6d252eb6
 the min,2671730a1d8366d1
imum num,75defd56de6eef2c
ber of s,9f3ae7a7c96f8bee
equentia,98d1fff78be4d7e2
l operat,2a1bc207ca004d24
ions req,12a8c237369c4e2c
uired Th,4216d4fbda03e46e
e third ,83c0cd7afd22f773
is the p,c301e646cbbeded0
ath leng,dae33ea93e261a4e
th betwe,3d8dd430245cf73a
en longr,0869ce754cf3d78b
ange dep,04bbad8e385170e1
endencie,b83f19eb310017ec
s in the,522956d15a21ac34
 network,acb920a625a29fc9
 Learnin,32e105ac0f1c6cfb
g longra,41dc22481805152f
nge depe,c4147b9bc5a17b22
ndencies,4258f74281d0bf8c
 is a ke,c96c0d7f62fc701b
y challe,0f00cb72d6db31fe
nge in m,1c2a0f7c25e3b65b
any sequ,5b617638aaf4fec5
ence tra,28f9e9b2f0ebe697
nsductio,40813c487f238324
n tasks ,e1c05296ee665209
One key ,676f31e60ee41506
factor a,6c3a3c090dabff73
ffecting,baf3499e7f59726f
 the abi,e6cf757667999dbd
lity to ,9a29fa9b855879d6
learn su,ffc14a841f262a6d
ch depen,44866a17185fc5c9
dencies ,e5ce4255ca3ee9c3
is the l,2d2589b9291624dd
ength of,7b67dc02c4e7997c
 the pat,3da846b45389270c
hs forwa,24d112bc6bc0dd8f
rd and b,773672545df2f7e4
ackward ,78e5de8435298148
signals ,d091387a956bb21f
have to ,a5090d66709cfde2
traverse,1d3ef944ab835436
 in the ,f95c297d98b0f46d
network ,e2ce681cf9445ecf
The shor,600f44beecaf91fd
ter thes,2eebf055271ce303
e paths ,665068e44cd8db52
between ,b926fb95cac1145d
any comb,46e0e98e128066f0
ination ,5012d425a55d09c4
of posit,df18514c5ee8131f
ions in ,d65b9ad31a85552a
the inpu,94a4fbe28c5073a5
t and ou,ce8b2eb941d06ce4
tput seq,28f3d1712a3b13d3
uences t,a1a1837a0c9bd478
he easie,5648d01ce18d2e21
r it is ,075426a70c680420
to learn,48fe97bb75fc3d9f
 longran,8ffbce44c9b6ad86
ge depen,623a8f89e463a59e
dencies ,e5ce4255ca3ee9c3
 12 Henc,31bad7b35ca7e25b
e we als,94f8f79fc0051cb3
o compar,73df3eb5f6b464d2
e the ma,2bdade50830a92c5
ximum pa,c9597e839585e681
th lengt,dd7ace8cfcade1ff
h betwee,249fe1396b63777b
n any tw,f513796d9785ccd4
o input ,e93f9893155bb724
and outp,b4c61e6d0cb1da77
ut posit,586eacc811be38b5
ions in ,d65b9ad31a85552a
networks,c09bfbc90edaf867
 compose,72e297150bb643f9
d of the,cfc4b5267e9e8b02
 differe,62985cb78964bd44
nt layer,142396c9c9665bfa
 types A,d8dfaf36b31f6a3a
s noted ,522fd7c6f9991389
in Table,0c3b6711f42203c7
 1 a sel,09885cd0f9b9687a
fattenti,b3a59351a443e65a
on layer,1eab5edfd1cca747
 connect,fb8a45e7f0087b3e
s all po,1ca67314d71d70d5
sitions ,006818935bcdab0d
with a c,af470d435f02a2e6
onstant ,a1db56305e20f862
number o,e44b55bbe4cbb31d
f sequen,fa4b03a923e25594
tially e,85e370c8dc69d6e3
xecuted ,194a708aa872064f
operatio,6e98ca14b87d5d60
ns where,afe947584663ede0
as a rec,7278563256008cc2
urrent l,723cb102049f6686
ayer req,6eef9c007f5aee94
uires On,4691ec41d85f94ff
sequenti,93dd3d0b365fb4ed
al opera,8e0352fdb1e0601c
tions In,950e4624d2c85cd2
 terms o,28af8b6fe83ecaaa
f comput,f15353fb9777cbc2
ational ,92fcbaba0b02910f
complexi,44b1470992cdb8fc
ty selfa,7e7aafce91732ae4
ttention,e7297e22e69f1834
 layers ,fdf3c95be7d149b1
are fast,a4c798cbf207b998
er than ,21a4e21979755f5f
recurren,ecd5f65f96313656
t layers,0baeb1d010f46dc4
 when th,cdcb68ba692779f8
e sequen,c92a6595b7d1de69
ce 6leng,10461cf3f7327b7b
th nis s,9e9882cec5614452
maller t,1f27fefa82f4feeb
han the ,a6a674cca6411ddb
represen,9a9494cf7359cfdf
tation d,d588fb54a0d45a49
imension,3c3735a37af99f7f
ality d ,b033f414dc0974d5
which is,ec0cb40d2aea35f5
 most of,76987e7e28bebe69
ten the ,11c7fbd86e9ce54a
case wit,4901b30838022af8
h senten,306f5244df4bb19f
ce repre,c5640f457a34962c
sentatio,bab73e241c9bd953
ns used ,9016114fed5f942e
by state,4223afad2b7f147a
oftheart,ee50310ff27172b6
 models ,30d6cb55f00456bf
in machi,5386bb74597f7d4a
ne trans,e2d006e26f3ffe0e
lations ,259f2eaf0ce8a04a
such as ,f6155170b7216322
wordpiec,94dbd9194c2d57d4
e 38 and,aebd87c75032606c
 bytepai,df734bbd11282796
r  31 re,507a9c46feb064a9
presenta,9a123d6da70072e8
tions To,beb0c9b52d183bf8
 improve,471a67f356caa7b0
 computa,8688bdacd1a8372a
tional p,6b2bd3adc159f54b
erforman,91d393b0b7234fd7
ce for t,5ea9fb0f01d4fa24
asks inv,5759deb43bc57617
olving v,fa6982dab9f0e357
ery long,34ef0a85d7a077dc
 sequenc,1eaffe5fbec16ac0
es selfa,1f31156507f9af9d
ttention,e7297e22e69f1834
 could b,2f7840df19479d10
e restri,57d676b705feb58d
cted to ,aabcdfa78ba80198
consider,96f24ce9a151c42d
ing only,ee45653dd2151a0b
 a neigh,01f9bd22778533c2
borhood ,9ad2aba460fefa1a
of size ,ce1d6d4229065e99
rin the ,c2da0d714319740e
input se,0428cdbd358ba72b
quence c,90da74444cce74b3
entered ,776e32b46dec4483
around t,e4be499230dbcc2a
he respe,3f791c7afa1516f6
ctive ou,b175f91ede0507c3
tput pos,33c9714a6bf3586d
ition Th,4d2364fa7a4e7a9e
is would,2290e0a349187615
 increas,a00107bb4733ddfd
e the ma,2bdade50830a92c5
ximum pa,c9597e839585e681
th lengt,dd7ace8cfcade1ff
h to Onr,1de2951daae5f0ec
 We plan,02a8600750eedd4f
 to inve,c02799a18c91eff2
stigate ,39cd924af73c35f0
this app,f630f3bf34f02450
roach fu,de58ef8caff34164
rther in,307247542878f08a
 future ,801d922d57596584
work A s,6f1da2c3a056de0f
ingle co,99a8ab7e56d56a22
nvolutio,f8b1f109d30ef799
nal laye,d04bb80e7c2aa90a
r with k,9a62d94ac8176297
ernel wi,7612942889b76f27
dth k  n,f64483c7e75d1039
 does no,a97d9e7be21c06d1
t connec,d0b30897a9cf45e5
t all pa,3bf6adcc11276c47
irs of i,4c83bf54430558b6
nput and,4abb93c7878fe64f
 output ,91fe0a8d5b9bef9e
position,6dd9f7facb52beb8
s Doing ,6441e2b5784a7c84
so requi,fc4319aca360981d
res a st,685dd1e163aa9514
ack of O,a82933e5726e5c92
nkconvol,e5af83dc29dc2964
utional ,d93464f9cfcd1761
layers i,84a45d8fbc90130c
n the ca,f4e17f512f13aaaf
se of co,8776fb7294d826ef
ntiguous,b3e6470035b7c6da
 kernels,b342a97c0dd5c133
 orOlogk,84577e523635880a
nin the ,943ebb0a5b98e98b
case of ,2344bab26cf5eadd
dilated ,e1809d50bb954533
convolut,5188cd3b9d85c9c9
ions  18,42caba93b212528c
 increas,a00107bb4733ddfd
ing the ,d125a981b9074cb3
length o,8f6cd6bf0b6ac553
f the lo,129a808540bd79b9
ngest pa,5cc1a8c362ee671b
ths betw,15e83deeb96fd210
een any ,2e5fd96dfc4ed095
two posi,9a8f16b9ab417522
tions in,8c38c6bc64d9bfb8
 the net,87348999e42029d8
work Con,c384156d4ba22874
volution,1a1b34b8ba310093
al layer,6c5da7ecf394ec7d
s are ge,0e7cb5bbe109db2b
nerally ,68110ac14ba99554
more exp,c5129ab6ec105efa
ensive t,049fff9ca0b10542
han recu,2cd9deaa3332036e
rrent la,63a8340c4e52b35f
yers by ,61703ba6ca1f0875
a factor,d883709d962695b9
 of k Se,c8a2010a88253774
parable ,48ea745991c49bf4
convolut,5188cd3b9d85c9c9
ions  6 ,f57d1f14d1a484df
however ,b688d7e29fb52fab
decrease,d4dc3f098f9d19e7
 the com,e9296cd433617ba3
plexity ,144d506da0c894f4
consider,96f24ce9a151c42d
ably to ,564cab386f863358
Okndnd2 ,c7209fa224ec9346
Even wit,1e1e3424d8ac8e02
h kn how,a4c62605041b2052
ever the,b77c61bbf04ce089
 complex,cbe4d5b6c7e0efcd
ity of a,f81bff9153a08d46
 separab,16906d685009f091
le convo,830c7ae640a55e3e
lution i,54a136ed10902dd6
s equal ,b4a3fb29293aee9c
to the c,b5b13326c2b184d0
ombinati,73344e732a143b60
on of a ,4f8e6d11e635a2d0
selfatte,30dd13011a451e80
ntion la,1e4dab70d049714c
yer and ,0d6f42601d923039
a pointw,f4aee090c0a93437
ise feed,01c136f8453ee754
forward ,4727442499d976bf
layer th,e44942b182b12d52
e approa,b9a4aec5849cb005
ch we ta,2bbae2bdb9d3caf4
ke in ou,d03e99fd6fa76a6e
r model ,43202932b9a4f2a2
As side ,4f60b2ebc798724a
benefit ,00be9040856edac0
selfatte,30dd13011a451e80
ntion co,b81d039a2390ad62
uld yiel,92357a32f51ccfd4
d more i,483372123857b74e
nterpret,24da8eef32fc6d9d
able mod,a5aa9da731882c63
els We i,38379bb41b8d39a1
nspect a,2b1cc7fa4fde2798
ttention,e7297e22e69f1834
 distrib,78e8a639e75baa31
utions f,a7ded00c95893682
rom our ,c9a69f9fe3a77a68
models a,817e831979286884
nd prese,631ce9ba2640e024
nt and d,35f3a11a9cd2ec3e
iscuss e,fdfd48fd3df5284a
xamples ,dfcf9283e3bb4450
in the a,5fb55761b5754e0d
ppendix ,7aa5d050a9a43b5d
Not only,b2113a6b3d519e78
 do indi,926161da4665ca77
vidual a,5baebe660311de7b
ttention,e7297e22e69f1834
 heads c,347a405141627bcf
learly l,36ee48d66c3026f9
earn to ,c62e13a9595bf7e9
perform ,32f267636c68c398
differen,7eb4904ceb60e003
t tasks ,afa82e0858b4f257
many app,36c40e1aa88d6a9b
ear to e,2047d64391420518
xhibit b,922cf736d6de047f
ehavior ,cc8c0e074c71f834
related ,c5aeeb89d43e9aa4
to the s,4c9d3cba1cd67dca
yntactic,7a6077b35eb66a0b
 and sem,1fd39e251499d7cd
antic st,d091575e5f890bf7
ructure ,3e9ab7483d9e6caf
of the s,cb0ff7087ade4d66
entences,9a3413fc6d25fd14
 5 Train,b8978c52b1251989
ing This,5c6a252bb1a9ca62
 section,b34308e0dc6b666a
 describ,295f2583a957067c
es the t,5fd0515efc357d30
raining ,a4357984cf819807
regime f,ceea5e18fa2e880f
or our m,15ceb1de326b52b5
odels 51,9d26e11b5a05ce93
 Trainin,5ade760ed81f7ce0
g Data a,d9d6ede6a2c585cd
nd Batch,1be2585c93b45559
ing We t,6f7764c80677d5b7
rained o,b2ecbbcb2b1a04b2
n the st,11f419996e591736
andard W,aca05d6c9d75e4fd
MT 2014 ,060ae8ba3259dad5
EnglishG,7f0254c07b2bd712
erman da,7286a65c6b2c9413
taset co,9e6396d9a047d5c9
nsisting,115bf645174f10db
 of abou,4fd23f9a9758539f
t 45 mil,1be610750a20f919
lion sen,a18fb1cd3b9e6a25
tence pa,65431b2becb46434
irs Sent,ea5d748a8d17b499
ences we,bef5534b2b8dfc19
re encod,03903a9f40d1e3c8
ed using,067f740b664db80b
 bytepai,df734bbd11282796
r encodi,ddacfa92506b589b
ng  3 wh,ca9a7cc382570339
ich has ,d22776090326b5ea
a shared,0c04bc9ab6ed451a
 source ,41878be01d5b17c7
target v,74144061ef446d02
ocabular,81d21dfe1392dbdc
y of abo,98320ca0f26fe9b3
ut 37000,0d0d18c42fcd0493
 tokens ,a650e41c623fa774
For Engl,3ee0289234f444c7
ishFrenc,cfe27530b0d03a74
h we use,995c3a01e82e2ef4
d the si,34256cda0bec8f06
gnifican,70ac4b2d11d2221c
tly larg,a47bc8b7d8d625a8
er WMT 2,06e47cda6ba0ab90
014 Engl,e4d12b1deb31dfd8
ishFrenc,cfe27530b0d03a74
h datase,93475121d0dfc890
t consis,7eaa28a30607faac
ting of ,a5407129ea78ccef
36M sent,095fde003be0fede
ences an,e3c15147a9aa96e2
d split ,5b8b1447d15214ae
tokens i,b5d979e62a203dd7
nto a 32,ed98ae30ca22e019
000 word,7004ce29ebdaf5fe
piece vo,de9061c2ff33103e
cabulary,38d1e071cae73d0b
  38 Sen,fc0e3186166f114e
tence pa,65431b2becb46434
irs were,e4c78108aca5703a
 batched,b127c15ecbf6baf4
 togethe,07d1047ad9ca5101
r by app,daf97dc2bf89ce8b
roximate,9eeca48d52e6734a
 sequenc,1eaffe5fbec16ac0
e length,d393b52de58e6776
 Each tr,cef9f55bb5f26284
aining b,082c246b1c6cbbe4
atch con,5e736290ba96311e
tained a,c5dedc029c794038
 set of ,bfea2b7b454ba3a4
sentence,1e9940342245356e
 pairs c,016a18ffff594555
ontainin,cd80a11f455cdc02
g approx,7a85f3fd2bb0eaac
imately ,f469c00eed6922d3
25000 so,bd673906dd0bcfb5
urce tok,dd1140332e387064
ens and ,942b6fe59c6b5504
25000 ta,bd6737692fbf553f
rget tok,2f4661c5771238a7
ens 52 H,1212db467a65fa1d
ardware ,bb5d719d0be54fc5
and Sche,80d09202ccd03a10
dule We ,db46084c40970906
trained ,ddd8858b03af042b
our mode,c706847d4bdec07a
ls on on,a393e52be21a5e92
e machin,ff83c3cea90df706
e with 8,69215bf1c57d4d60
 NVIDIA ,99898685a94ba473
P100 GPU,af9477fb62876ed0
s For ou,883f2b2141a947e3
r base m,ace935940044de6d
odels us,2e6767793d0dc8a3
ing the ,d125a981b9074cb3
hyperpar,eaf92e8270526c1b
ameters ,9027ecce6c3ab100
describe,3e11520a6d6ab6c5
d throug,43d8b201b7e445d0
hout the,439fe906667a2917
 paper e,d853dcb86e319bea
ach trai,be6c6aebdd19324b
ning ste,3737fa3a7147b602
p took a,28ef47f48d4215f3
bout 04 ,f5a1620fe59c11b4
seconds ,580cc99de232ad35
We train,651381a25d6d3189
ed the b,bb3287ef5e3b5ac8
ase mode,1e8c3c99e30cef29
ls for a,28e6164455e71d70
 total o,c6b7537fe13259ed
f 100000,3cb757e3efce7999
 steps o,b74ce11006cc99d4
r 12 hou,e90e458b7d59ed26
rs For o,a625d8672688c49a
ur big m,71684fb511342ba4
odelsdes,cbd6ba3429c49a9f
cribed o,51eda21315b3d68f
n the bo,a9f419918d2fc402
ttom lin,7f539c70ddf0fb51
e of tab,9ce367458b4d61a8
le 3 ste,c3af11e86a3cff1c
p time w,686a5a5df6de536e
as 10 se,514c3609550a768d
conds Th,bddf6ecf6ba34bcd
e big mo,9053b9ec98e89429
dels wer,aebbc738c63ace23
e traine,ab0b0cab489dfe41
d for 30,daed3a66b0140005
0000 ste,ea0f91b57a80a308
ps 35 da,6890f3f1596bb168
ys 53 Op,dc844b187de664f4
timizer ,a55f2ad89768eccb
We used ,5f93860d6c152ab4
the Adam,3e114257e78c6453
 optimiz,5e972491f7d5612b
er  20 w,d7937b6721af37c3
ith 1 09,5eeb019753003699
2 098and,6878d9b2a0ab295c
 109 We ,d5009e2b8400c288
varied t,a07e53178d8a1c59
he learn,a402ca66e9d9a909
ing rate,938dac8360b2fad9
 over th,e13256e796169ba4
e course,a1452ba5e6b41c2b
 of trai,e7a8d0f77474801f
ning acc,e024fb97831f8e97
ording t,0e54513d632ab350
o the fo,904b994b5b93ec47
rmula lr,c3208f8e942f20e0
ate d05 ,de742132ada40c9b
modelmin,b9ed5ed97d167f6b
stepnum0,defa9bbe5c8e4927
5 step n,7974d3c2b4e3a905
umwarmup,2f92f095825ee8a1
 steps15,aecd343426c4979e
 3 This ,bfc91f1199436331
correspo,0be1fae0da9acd4a
nds to i,a7c76705f332aa8c
ncreasin,6d71c17b48546531
g the le,c293277b008c9c17
arning r,aca1c1ea044952c2
ate line,a492dd0514e1c331
arly for,02fb35e5755b4d5a
 the fir,2fddd85db89c8b7a
st warmu,3bb90b41ad1563e3
p steps ,6001cf2135d11f71
training,0159c7b22044e7ea
 steps a,025779e260891ba1
nd decre,48fc0767beca51e1
asing it,946fe57c8ed889d4
 thereaf,75d6bd9176d9d28e
ter prop,30cf4764b98aebc1
ortional,969b0a44c19fb1fe
ly to th,3cad3a4f63ad307f
e invers,eb6b025fbf0890ef
e square,f645e1aaa582c993
 root of,ce82267c85a130ec
 the ste,d8802e74b26b4282
p number,34892307b9907cab
 We used,c5aab98b8f8d916e
 warmup ,6503f4163fad8977
steps  4,f9bc9f927dd88360
000  54 ,244c104a78d6cdca
Regulari,9db86770e54987ed
zation W,107371eed5373283
e employ,2993d6d88ec635a1
 three t,999a5922d335fb5b
ypes of ,3182c1f897e061f5
regulari,55f937aff1644be5
zation d,ac31b0aa12fe587b
uring tr,91f722241ca209a2
aining 7,cb0863b79cd4cf88
Table 2 ,9c9bbb4f00cdd3a0
The Tran,d8cddfc6ea6009a1
sformer ,5d7745c3b34d521e
achieves,8f03a2c9679b598b
 better ,6138331652c705e2
BLEU sco,5a7dce44c760f1c9
res than,b357d5e84f2949f3
 previou,120a5e86a47b1e23
s stateo,52e4d0033efe7f66
ftheart ,3e248ab37768cbf3
models o,a69f6d952b95f879
n the En,202b3d255508064d
glishtoG,38f9f1071abf92c4
erman an,48fc637c83bb0fc9
d Englis,1e272e225235af19
htoFrenc,b1b8db64bc491c6e
h newste,27d23b1d971f06bd
st2014 t,e716ba3dd3af2fc8
ests at ,0e39d4397da9eab8
a fracti,77c35f8b764d0560
on of th,a04e09e463c7d9cf
e traini,c976da00520fcd48
ng cost ,d57d8edb18de2677
ModelBLE,ae2b6a965562aaf6
U Traini,6c09c05499db786f
ng Cost ,5a1b563af5e31882
FLOPs EN,6a4286b5320ec585
DE ENFR ,bafb77db80ac2ad4
ENDE ENF,24ddb54bf088bfef
R ByteNe,df69fcc46a5365a9
t 18 237,0765bbdc4a3563df
5 DeepAt,713ef1c41b74408d
t  PosUn,d9a8637e7c208b4b
k 39 392,31211512be24f524
 101020 ,1e6ed566a052ebac
GNMT  RL,95cf6aacc2144c47
 38 246 ,346efb7b6cddd612
3992 231,6a5e5f88c852f512
01914102,73be80b1b1213070
0 ConvS2,dc3f6acdd0f44d50
S 9 2516,e8054cab8e7d84ae
 4046 96,7bd4daacd12f9a87
10181510,54b42f1654a72662
20 MoE 3,587196da8b43e807
2 2603 4,0d16d1e8a214f90c
056 2010,73ba04026fbf1ee7
19121020,5e6741ca616515b1
 DeepAtt,f02d8a07e87ab1c4
  PosUnk,50c4a2015aa94873
 Ensembl,df87ac252ca8fe0a
e 39 404,ae773d30a1b20f33
 801020 ,6eff5c058607246e
GNMT  RL,95cf6aacc2144c47
 Ensembl,df87ac252ca8fe0a
e 38 263,e139c5854f59651d
0 4116 1,3c7435b055491798
81020111,8cafd4ed5f0e83e4
021 Conv,ac0ef7196055601c
S2S Ense,433ced8f97fd2e85
mble 9 2,b0a4bbfffafc5227
636 4129,72ed18753c2821da
 7710191,d964699e4efc4b91
21021 Tr,afa316f19b182542
ansforme,1ec1031801267634
r base m,ace935940044de6d
odel 273,8af7649e9acad216
 381 331,c9246efd7070433e
018 Tran,24f871ad79e64de0
sformer ,5d7745c3b34d521e
big 284 ,a3b84638476b3985
418 2310,ce157b09ec74576e
19 Resid,1a86c04d2b4b477f
ual Drop,79d9a0fd023b1e70
out We a,5fd42467654a2f04
pply dro,2ba67ccfb0c7ad99
pout  33,6665b8d3e3cfd42d
 to the ,31050f643bc3c92f
output o,baaee24a4b232723
f each s,141ae4c94cc054ff
ublayer ,0af30c9faf449e11
before i,ee97915103fa1f1e
t is add,90871aeeac19081f
ed to th,a767c93f3ad92e0f
e sublay,c4c6a30f9980881a
er input,4c130729febda39b
 and nor,75ffc22a47585d38
malized ,fee94708c0637d9f
In addit,8587aa8f488a4b71
ion we a,f11d9ae0617b1b71
pply dro,2ba67ccfb0c7ad99
pout to ,a65788003681ddef
the sums,90f991c35da0da94
 of the ,9c103deac1dc216a
embeddin,a0db2bdade0b1305
gs and t,9febaa217da01d02
he posit,53bfc9d648af243d
ional en,56edf4bdd2d5a227
codings ,c26ef2a7824547c8
in both ,34475ab7f4621c31
the enco,59df9f260d296e82
der and ,f4b9623eeea99eca
decoder ,e9f797b61fa547f6
stacks F,133c4ad271f06dd9
or the b,d4297de1e64f67b0
ase mode,1e8c3c99e30cef29
l we use,41f0e8630da52e62
 a rate ,756862d55a23e079
of Pdrop,579e9e2b486d96bc
 01 Labe,04bbd756306f2bf4
l Smooth,5542fa5b8cc9d8a8
ing Duri,db5f4ca175e40bb9
ng train,33064ca5e65ef845
ing we e,49a28181c851b45b
mployed ,76151026a2fee0a3
label sm,97c63ea1ef404867
oothing ,4878979217448c83
of value,6512069704b3a350
 ls 0136,25250f25bf7029fe
 This hu,2b9d5068478d3d02
rts perp,b0f8613d9251fdb2
lexity a,359cc8708430fe79
s the mo,2b39d3a7e90c7ab8
del lear,7d27a870ff6b533b
ns to be,710609ddab0c38b8
 more un,b10a0365a6982b2b
sure but,69acfebe70214122
 improve,471a67f356caa7b0
s accura,ee53f5a4504ee2a1
cy and B,06296ae6dbe8d577
LEU scor,f71c56eb84651037
e 6 Resu,f419a2082baa4f3c
lts 61 M,8caf5214ce2030db
achine T,a2afa97684a56bb7
ranslati,1205525d9939be6b
on On th,d886c55b0bd3b6cb
e WMT 20,fe47de053df3fdf3
14 Engli,6b395a6d9bc74690
shtoGerm,eafcfa1d00eadae6
an trans,ae6bf5b862a2235a
lation t,9fcc355588fdb528
ask the ,d36535168a119488
big tran,ba2e3261b71c5da5
sformer ,5d7745c3b34d521e
model Tr,59885cb0797a5965
ansforme,1ec1031801267634
r big in,7a19c51535e31c7f
 Table 2,2a273eb5416ccbe8
 outperf,cb41b8fc28d5d569
orms the,f67d7317c4a6de24
 best pr,d33a316b7cee9d71
eviously,ef79adb94e51d3f5
 reporte,6bb50a3819ea4646
d models,7bc4357056a59658
 includi,b0f27f71a395b20a
ng ensem,73b75120c1526c33
bles by ,3813251ffcb3d4ff
more tha,250e35e7b9368a0e
n 20 BLE,cfdddee3d7d25d28
U establ,9595d2908b634c42
ishing a,fd22bb00e95cadf2
 new sta,921e9e69b6dc2113
teofthea,ced5dae9a9b7d341
rt BLEU ,88aa0e7f74448b45
score of,468106c4c9350a38
 284 The,73fabb1fac8b25da
 configu,81ff8cff1a458aca
ration o,85b81f908977e404
f this m,308777e8c88a577a
odel is ,c5c512f01c5c2a06
listed i,3cbccc188c4ef702
n the bo,a9f419918d2fc402
ttom lin,7f539c70ddf0fb51
e of Tab,df401435d1d927cb
le 3 Tra,83782da274b67962
ining to,d6c0e7385e3ebe9d
ok 35day,b34df9f0aca8e1b0
s on 8P1,9ec0c1e541ba859c
00 GPUs ,2b77faf2119601e2
Even our,91eab542b8c67cdb
 base mo,408bcb7505a9eb93
del surp,aa93c9ced25c1331
asses al,2e73b14bd0676738
l previo,f5e0442db3a90bc0
usly pub,291a202d16841491
lished m,c3801c242b49d292
odels an,825bf1a930649987
d ensemb,703ec9bc1ee31081
les at a,7efe25e40d4d68bb
 fractio,0ef72d1e8e983fa0
n of the,a72cbf9fba2933d6
 trainin,20b87bc9e91f18a2
g cost o,f5d5350cfcf4a4e0
f any of,995a889bd08b71e0
 the com,e9296cd433617ba3
petitive,24944116614bd226
 models ,30d6cb55f00456bf
On the W,3e84eec85cf50b96
MT 2014 ,060ae8ba3259dad5
Englisht,feecfa3a4715befe
oFrench ,432a8aa18eabb2f8
translat,622ae254cf578369
ion task,25efc036e1d73ba0
 our big,4654f45859419c0c
 model a,8f104a1b9b4a7153
chieves ,8acf5db9c19e9cad
a BLEU s,20665a67ac83bb03
core of ,0b5cae7d10c18639
410 outp,390f1b8913e49cf7
erformin,75150115aa3876ac
g all of,a944320bdca70427
 the pre,69a4eb4f1c075445
viously ,2b2dd0bcf507b36c
publishe,9a8d28b12c0fd242
d single,ab0d3fde8ed5201c
 models ,30d6cb55f00456bf
at less ,be4af20b0d5722e3
than 14t,99302782805aa551
he train,2073ce5782560df7
ing cost,cda9784513d6a78b
 of the ,9c103deac1dc216a
previous,a112327aa28969fb
 stateof,7822b7010d61d284
theart m,47655861e3ea9b68
odel The,325b42565e2931ba
 Transfo,f4084c904b4595fa
rmer big,de2eff60e1cbd6e7
 model t,811c26556d2f544f
rained f,c4253e368e4243ac
or Engli,b4d9799246851249
shtoFren,bd9274dc3469c26b
ch used ,0e40a756ad169382
dropout ,eff903dbf0dd0a24
rate Pdr,583aaf834e6def8b
op 01 in,6c52dfb598f20bdf
stead of,82a56ac021027905
 03 For ,138d533e64d8047c
the base,ada10e71758f45cf
 models ,30d6cb55f00456bf
we used ,b7a581bb75117328
a single,f64bfa68b8e99218
 model o,2743a2317b366350
btained ,0a6d4ba03b46415a
by avera,f89dfda7ab64edc3
ging the,9a4c1a3faabd2831
 last 5 ,e5bc19cae38c26e1
checkpoi,81040ec20156182e
nts whic,1f703960619b5a6a
h were w,42ddcf2c2a347f8f
ritten a,400a015184e5d0b5
t 10minu,2e92386cfa6c5e53
te inter,84f3d5ea8ccfe8a0
vals For,9fb6f33d9a6be20f
 the big,bccdabb54a90b06e
 models ,30d6cb55f00456bf
we avera,a5ca099a58035693
ged the ,f648fe809c4b55a2
last 20 ,276c1c3108047b2a
checkpoi,81040ec20156182e
nts We u,e37f0d4e12bda691
sed beam,69e8be26ff02bc1e
 search ,df414808edbbb413
with a b,209209bda218f963
eam size,f03b82ad0f499e27
 of 4and,51138dd4a6a87d50
 length ,220e89e5917ef3f5
penalty ,10a59092286189b7
 0638 Th,caf345c22054fe8e
ese hype,34d270a9e58b36ac
rparamet,31aa043bb738ef39
ers were,28e3251dcd261c1a
 chosen ,9e7edeb3ae3bb63c
after ex,5451c626121ebc73
periment,037f88d3f9b45c2b
ation on,e3ed69a2b19ecca1
 the dev,1412ea6e9f9484f9
elopment,6df573b4846fa28a
 set We ,a157c8ecc14802bb
set the ,6eed61a4b094e852
maximum ,0eef6f047b0ee32e
output l,56ac9dc1088fa892
ength du,7bdfa4e4c6ebb018
ring inf,d0b02001c5ea1b37
erence t,8e6af0a088ebc4d5
o input ,e93f9893155bb724
length  ,704ff9c72a7f7804
50 but t,30673f99148111b2
erminate,df315a256ae2251e
 early w,f5297b9ccbc6d362
hen poss,3bf9183259e256ec
ible 38 ,1d38d51c697e3f42
Table 2 ,9c9bbb4f00cdd3a0
summariz,df557b6e94c3520d
es our r,3517a6f94233de01
esults a,5120e6cabecc4b07
nd compa,8e824ee71702f2ae
res our ,443b7c979b0dc56f
translat,622ae254cf578369
ion qual,8adaef076c94eb31
ity and ,108068156ae449a8
training,0159c7b22044e7ea
 costs t,37c3d9e6417b5ed8
o other ,0e36a125c4a2bfaf
model ar,890bcf851333d23a
chitectu,78436bd031274f13
res from,2f573f8e9a7768c7
 the lit,aece28df099e5a79
erature ,23e0a0d5c695d57d
We estim,98c77b2837563520
ate the ,cf1194f55c7ca2a4
number o,e44b55bbe4cbb31d
f floati,70cbd194f8c03d1d
ng point,cfd6b4c50021ca15
 operati,50c21c0a67287abf
ons used,6fa92f752d7c17fa
 to trai,2a7883b9dd1fd57f
n a mode,1569bea53ce062f3
l by mul,9e7fe111fe08817a
tiplying,aa67af37a322d425
 the tra,051b11585971c8f1
ining ti,7f270db3857015a1
me the n,7f6839f02927d682
umber of,e417f736e4e8a598
 GPUs us,d83d05fc1c51c81d
ed and a,ccdd66df3b05d783
n estima,2177ed34c58ea62e
te of th,ed5a724158efc72a
e sustai,80361e62176e4979
ned sing,c3d9ea9dacd0c762
leprecis,068006441d14950c
ion floa,fe59ca5905bd2368
tingpoin,991786fb0765293a
t capaci,3a7a59f9f6b1f3e2
ty of ea,b1bc48ea53dcf8c7
ch GPU5 ,1578d6d30b3b5456
62 Model,bd2bc15fec6c3f58
 Variati,d52acce1ff22e961
ons To e,60ac4858463ed0e8
valuate ,d65b85fa5f6058ea
the impo,665ca0994ebb208d
rtance o,3cc302f63f40c83f
f differ,40c1c803dea9c8bc
ent comp,09a3664b1b23cb11
onents o,ae8dba8b85be5d0a
f the Tr,6b40d2b440eb5f3f
ansforme,1ec1031801267634
r we var,970333b3d0c2b5a2
ied our ,c8bcec0ff46e6319
base mod,835e358711d419de
el in di,6680036dd35c4b58
fferent ,daa09fa49f07e380
ways mea,340d0def12f42674
suring t,d469503b55b4f557
he chang,c4b31606fe6bef32
e in per,57aa4b76f42e420a
formance,ecbf596f2a0cba9e
 on Engl,857cee52a3f3798b
ishtoGer,4677a63461413449
man tran,015bad5181791543
slation ,17c9213c6655b175
on the 5,00689f9a3fd47a8f
We used ,5f93860d6c152ab4
values o,8590ce188cd2b76b
f 28 37 ,a28ff2bd9c586b67
60 and 9,bc96434318ff9d06
5 TFLOPS,8f4b5a85355f686b
 for K80,245460dc8d299ab2
 K40 M40,f5950918d5cfb7df
 and P10,af451e8dc5b6a2d9
0 respec,4aa965800c420672
tively 8,f809b91f8bdd6456
Table 3 ,be3676a8945edec1
Variatio,92dabb7b5e1b4bc6
ns on th,f345d8c5cc0668b9
e Transf,708f2ff482e167db
ormer ar,f26ffdc211b34fd4
chitectu,78436bd031274f13
re Unlis,d901886d7e292c9c
ted valu,36e8c280d757dfdc
es are i,e52c04f1d7fae56e
dentical,a961eb0eb927aac5
 to thos,d189267d59409b77
e of the,556d3877853b2454
 base mo,408bcb7505a9eb93
del All ,21c4b242445c6799
metrics ,5c4b688cdda40970
are on t,adb72c12d67d57d2
he Engli,82f290e25ecfaaa9
shtoGerm,eafcfa1d00eadae6
an trans,ae6bf5b862a2235a
lation d,dec810fdff34c7b9
evelopme,07f28145ef0b8564
nt set n,f224517b927f7ac3
ewstest2,81ef48614467f647
013 List,377355ac864f8954
ed perpl,26a975ef63b5bc58
exities ,b40061882eed60d2
are perw,24210eb8bae67112
ordpiece,5fb2875845112c8f
 accordi,690f60e07e06a801
ng to ou,1d121beb86649119
r bytepa,e33226bcb4443160
ir encod,5de9c76ed27a7263
ing and ,edc2f78dd282de1c
should n,88d0e79aef99037f
ot be co,c7c47507866ca257
mpared t,9783b670d7e04543
o perwor,24101baf80b9f482
d perple,ff5f6e20dcb55984
xities N,3262b98c891771e4
 d model,d3cad6fe48c9c41b
 dff h d,f9266eb87ed10c8e
 k dvPdr,398dd3891873ee6f
op lstra,1a364c2f73ae5a37
in PPL B,44ea6ff3227c6b4e
LEU para,38a19285da449a2a
ms steps,52f3feb59fe9a78b
 dev dev,c2590af89bab480c
 106 bas,5f48dfd1754ed1ed
e 6 512 ,906c0edd4e1067d1
2048 8 6,ced51ebc7ebefb92
4 64 01 ,151a8a86bc46d6d8
01 100K ,b5f451bbb0092ebd
492 258 ,913f876fbe605fee
65 A1 51,a332e323b7b16266
2 512 52,ee0c8d844eaed21e
9 249 4 ,c61ec8320f188af3
128 128 ,161fca6b6cbe6695
500 255 ,40d82c865028aa0c
16 32 32,aebdca117d570584
 491 258,676e7e1dcaa9729c
 32 16 1,5b8c540a50cb8795
6 501 25,64f9a9aa5c314eac
4 B16 51,eefa6a899621c76f
6 251 58,3a63a5b7069d4d7e
 32 501 ,7d19dd09cc3c2cb8
254 60 C,7c9b08cfc6be328e
2 611 23,2effa08792f96137
7 36 4 5,ffc74d38c54054f7
19 253 5,260878ff7dc68dc9
0 8 488 ,c6386830d211ffa6
255 80 2,e88c5192d8218a40
56 32 32,d7864ddfc1166f21
 575 245,47a36884ccbe2ab6
 28 1024,ae217a4a5d07d49e
 128 128,cb3523e634b5fb02
 466 260,d896f23eb933a968
 168 102,0c467324595cc495
4 512 25,c7ec7e2c35b76315
4 53 409,d577fc4b63fba7cd
6 475 26,7daa78bad7aec88e
2 90 D00,6f4b887da1b01ada
 577 246,e573c5f96225838c
 02 495 ,d139eefa5eba0a4b
255 00 4,17ff7138709d1533
67 253 0,1d71334c031f81fb
2 547 25,037e467d3763129b
7 E posi,d6d34e40581d239a
tional e,fbc73a57e9cdd3d8
mbedding,a3fb550fdf39a968
 instead,feef56cc713cd007
 of sinu,5153c4ff3a543c17
soids 49,560aaf824ac42e3a
2 257 bi,c7f11ad62b0cb300
g 6 1024,375df65e357ee36e
 4096 16,894cd64ea8df4583
 03 300K,0ef510856e788e40
 433 264,3a0d137cf58bd4dc
 213 dev,708a368e5fb1ba45
elopment,6df573b4846fa28a
 set new,85e73e931ba04bc8
stest201,27937e0d352dbbef
3 We use,0201af21dcbfb776
d beam s,8bdf14b096de01b8
earch as,0dab121ea1419f75
 describ,295f2583a957067c
ed in th,ade8febb1f48762c
e previo,e50105e9c4a0522e
us secti,8fa09fb9b1a1c4fd
on but n,6503c8702d194a0f
o checkp,59a8fabe3175528f
oint ave,847736c10c48574a
raging W,83a0fe73388ff88f
e presen,2809ff0ce330da98
t these ,7e4bacdc8d4df1e0
results ,4529ac326ffd4ea5
in Table,0c3b6711f42203c7
 3 In Ta,ffd0734b902c1211
ble 3 ro,79b08e36aba3cefc
ws A we ,279b1f6ad6bf2fbd
vary the,bf098578e0f4698d
 number ,c7e398facc03ee7b
of atten,0d625039f9f4362c
tion hea,ff29062d682ef37c
ds and t,13434731e2dcf7ea
he atten,493e7c4bdd309c81
tion key,33cf781817ee05aa
 and val,298cc3f17ea75361
ue dimen,9613d7a6c34ab5bd
sions ke,c4b753beb4a34190
eping th,feac956fad0b7b7d
e amount,b20af9778ff5a2d7
 of comp,29898cf50b6bfb93
utation ,ae24b43ec18acbb8
constant,d88293040ec9ff98
 as desc,c5d0ffb235754a2f
ribed in,551350abfd9385ed
 Section,e13bf732b98a6333
 322 Whi,ecb9c9376238b310
le singl,f5e8dfecfd1a4968
ehead at,8e7dd70beaf38ed1
tention ,0a9bceaf3409ec04
is 09 BL,529b63d0298fe070
EU worse,5e041df4839f1432
 than th,0a134e0669eeaa1d
e best s,09720666d45e6a98
etting q,c94b6f8d60a3caab
uality a,0e292d4155d86a66
lso drop,e4d5417f192a47c5
s off wi,4797bdabf268b7b7
th too m,2a19bc957017ca8e
any head,9c144ad2244a7c23
s In Tab,be9bed3e4d97c6b3
le 3 row,ae0fb166aac80e30
s B we o,735c8989afcd6008
bserve t,8e8c2afb557bfe1b
hat redu,6b7daeee58c25c92
cing the,0e38d39010593b7c
 attenti,8cf42d5150381f75
on key s,3aa61e89003e668a
ize dkhu,37f4b31bc4b432e9
rts mode,6d10e41ca7e8e114
l qualit,d41e6c0efca333d5
y This s,af91549ef4d792bd
uggests ,442bb43df4f401d6
that det,2d917e8f3d341fec
ermining,9ca3c6a0bd2510a8
 compati,0739e62df9a42562
bility i,984bae82023acce2
s not ea,30283e16efeb10e6
sy and t,79ae1be0b727e9aa
hat a mo,6c3f00cd0fb7b7e2
re sophi,db6249e5ed0e0652
sticated,70a6f5dcfe5ba90b
 compati,0739e62df9a42562
bility f,035e15fc8ab6b828
unction ,2a7544ea02eba15f
than dot,8520355960cacc07
 product,ed38e471b60aaefc
 may be ,40acd81f9a22dc1b
benefici,9b023f4bcb1d8857
al We fu,321a5dbf68202f5b
rther ob,9ce568666c0b9dca
serve in,78614a2ba7d19e31
 rows C ,49c263549b288884
and D th,0a2ffe583fb29e02
at as ex,dbdef1e3ca6bc76e
pected b,8d80fa19f8e7ff14
igger mo,43733092a83f0355
dels are,5d4b76f510e546e6
 better ,6138331652c705e2
and drop,7e6943e874af02e9
out is v,eafe4eab37c6bbe2
ery help,49530c82eb168459
ful in a,97b2b077b836a0bb
voiding ,9084040ae1d3c620
overfitt,953ece60fb07a23b
ing In r,86bba77e9e930515
ow E we ,3017bfbff52a194f
replace ,60d58caf7e672586
our sinu,7403eb38b2b3c031
soidal p,bc8d51add02a2424
ositiona,c420fc74edd83bc7
l encodi,daa2e0815b767996
ng with ,fb3e16c9b800c36e
learned ,705f7e0607b39b64
position,6dd9f7facb52beb8
al embed,53f3fb79b4649676
dings  9,0f4ad8bd09654a3b
 and obs,1f558c9b73a834a1
erve nea,f64795739f5ce5dc
rly iden,5a7e3c1618541965
tical re,7eb727b1673e8c0f
sults to,3d0792237fa346da
 the bas,44b4fbd22e3cb4c9
e model ,203846fd32a69f24
63 Engli,0cd8cd0e2c3a45b9
sh Const,fb8a768d0eddba0a
ituency ,95b541b61edf738f
Parsing ,97040ad5cd360ee4
To evalu,1958df4fa7933de9
ate if t,1085d86fd43f1394
he Trans,3bdbe424f81fbf6a
former c,b8c5667795f314a2
an gener,fb148c1abd5fde4a
alize to,6048413bf742adf6
 other t,0fe89f0b145a1286
asks we ,e4ea1a52595ce12e
performe,f586dd6d14eba279
d experi,27d5a3177b86e2c6
ments on,d4602a1751e9ff39
 English,73e9277ac98dded8
 constit,f359586da3c5368a
uency pa,2b65125e309013cb
rsing Th,7ff7fced2c56a97e
is task ,0c896aebce8c750f
presents,4ad0a5f3f5806202
 specifi,b10ef5dce00e7c2e
c challe,f8c10a9412ee1452
nges the,4df7006d221df799
 output ,91fe0a8d5b9bef9e
is subje,f0f4d338f79c9eb5
ct to st,53b22402f972a20c
rong str,0f032f61dc6b6ac5
uctural ,92bb3502266af080
constrai,2d7ba3134fde8f19
nts and ,416b7c309813d965
is signi,0eeaf1ffd6e7311a
ficantly,eb8d664db04409ac
 longer ,f0422d328341b8b3
than the,359b7eaa5238ab29
 input F,fa9cf79123e7e1d1
urthermo,f529f3192b96a903
re RNN s,5e5655f0c6e8f707
equencet,38e38cd7082790a0
osequenc,fc80b8a6ad854de6
e models,59a694be2535924a
 have no,25da92c7cfac2e10
t been a,3a4ea1bce7c96908
ble to a,ba4ec0741b9e34c4
ttain st,d86d194c206f185f
ateofthe,6e1891bb1a63ebf6
art resu,4ef1f794a9373c91
lts in s,d9de5f4c7f53fe27
malldata,748db634e49cb9f9
 regimes,9a57228f5aa2136c
 37 We t,0b20ee5309a41782
rained a,f82693b1ab80bafa
 4layer ,7bf519209208a397
transfor,8740c88670922342
mer with,b6c4181f59e41378
 dmodel ,bb4c3848f2eb5fc7
 1024 on,26c75d704184a99e
 the Wal,85f55057c55fd086
l Street,06c2cfc0dcbc39e6
 Journal,03d80adce52fb614
 WSJ por,9b304a8a4b7ea4cc
tion of ,678c372f763bc66e
the Penn,07e1d1d53343e7f2
 Treeban,f1708f968f2f4822
k  25 ab,88f6146680d7bf6b
out 40K ,d89098e6eb06b867
training,0159c7b22044e7ea
 sentenc,0e6f6e6267390661
es We al,f6226bf973a50b4b
so train,dd14a3dbb430be6d
ed it in,e3d4cbad59693b48
 a semis,1d699a051e5db561
upervise,10d76ddd67afd936
d settin,178320fd20289af2
g using ,0bd69f4b53603200
the larg,ee907c7de83be973
er highc,54b26ea4066b8930
onfidenc,546a83b1084e60e5
e and Be,1ae238206d310ae7
rkleyPar,d4286117f985267c
ser corp,fcfae542bd5f7af5
ora from,f0c033b7a7db4b4d
 with ap,be6060a273b5637c
proximat,e245b46ba497a0ae
ely 17M ,0460509879ff2e05
sentence,1e9940342245356e
s 37 We ,23e53a296bb023ce
used a v,5cbdd397a5c13218
ocabular,81d21dfe1392dbdc
y of 16K,e8748bdf080403f9
 tokens ,a650e41c623fa774
for the ,e1a60ceeb65846d2
WSJ only,5a46bc6f3347d181
 setting,5344115e09c03476
 and a v,25a1055b7c19f99d
ocabular,81d21dfe1392dbdc
y of 32K,84d161f6e73750c8
 tokens ,a650e41c623fa774
for the ,e1a60ceeb65846d2
semisupe,d4286ae1ed8aa3fc
rvised s,ac78939e348a2a1f
etting W,7ca94f71aa4dabba
e perfor,95e1743d2c70dce2
med only,e7e99b68b69036a6
 a small,f01d020d250d8cbe
 number ,c7e398facc03ee7b
of exper,76b4c3eecd5e1995
iments t,3aab4d983899b9cc
o select,812fe504882a8d4f
 the dro,f57887f7573bb6b4
pout bot,a89f515cbc7a4d49
h attent,19dbaf58d12dd4a8
ion and ,beaccf33b260db96
residual,1e0c5404e5c9851c
 section,b34308e0dc6b666a
 54 lear,167fe398b149b488
ning rat,89843bb5487d712a
es and b,4e9cac286b3392ca
eam size,f03b82ad0f499e27
 on the ,5b400badc1d5a4de
Section ,82281daebe56f6e6
22 devel,bd945b84c0ab8b4e
opment s,f5b2d44e8c101278
et all o,23688bd0eea1b6c2
ther par,4417bbd8b1036f8b
ameters ,9027ecce6c3ab100
remained,c9240a50963ded5d
 unchang,c5a17faae8ffa968
ed from ,36afc9139ca29b9f
the Engl,df62033a142d60b7
ishtoGer,4677a63461413449
man base,86d964ec4f6d56ca
 transla,e655fd98a175b4c2
tion mod,320232d11cefb2f6
el Durin,7222801a74786cb7
g infere,e1ee54b533b83f9c
nce we 9,6edb418c81f458d2
Table 4 ,4b7271232389e095
The Tran,d8cddfc6ea6009a1
sformer ,5d7745c3b34d521e
generali,b288fe7612c64010
zes well,71d0fbe6e6515da4
 to Engl,36cc22bf1e8eec56
ish cons,426642c8cdd315aa
tituency,a4ce352bf3dc5fae
 parsing,ee71e979a0244846
 Results,6b441b2056df3dd0
 are on ,1faffe975d289118
Section ,82281daebe56f6e6
23 of WS,858e94c2387d5aef
J Parser,fec3a3d0855a7d05
 Trainin,5ade760ed81f7ce0
g WSJ 23,f04ad1d71a2b74b7
 F1 Viny,1ae66a734503598c
als  Kai,3faf33610ec242a4
ser el a,08c5fafd2679b00e
l 2014 3,fafd6c217e2b436b
7 WSJ on,ccb1686b40331490
ly discr,47cb2afe1fa00678
iminativ,101b997ce9b9cf06
e 883 Pe,54549fad4e0a8031
trov et ,31e0a6dfeb749d7d
al 2006 ,7ce414e6b39e8091
29 WSJ o,276bb15626c6cc5b
nly disc,f6b4f4049ea2813e
riminati,20389af72d7f1e7c
ve 904 Z,0e220b15fb17e85d
hu et al,9d0e26ae8a40ba1b
 2013 40,b853b350bc00c3b6
 WSJ onl,502e1d54a07c5f5f
y discri,0f165df22b43e14c
minative,93b644fbea068e12
 904 Dye,e99d4682fc3e4039
r et al ,e58ce7a07d59bf72
2016 8 W,ab79bdd46cdda2ac
SJ only ,129e96dfb813cff3
discrimi,153294d3562a5ac1
native 9,dda2303a33d0fed6
17 Trans,57f51f9d309e9b8c
former 4,a9446ffa25ca3955
 layers ,fdf3c95be7d149b1
WSJ only,5a46bc6f3347d181
 discrim,447688f73131be9b
inative ,9e3e0a77e5fa2610
913 Zhu ,bed611ac7fe7543f
et al 20,ca4176b25a46dcf3
13 40 se,07f3cba20003219d
misuperv,1b2a4a2819118292
ised 913,e89e4d139fa08c9b
 Huang  ,1ee5f1d8559c7e0b
Harper 2,c3a2c6c95cecb225
009 14 s,7d3f57d2c68f89a9
emisuper,a9ddc4965e4d2072
vised 91,31661320ef7224e2
3 McClos,c38f32af4699ce58
ky et al,a7bb8a6835f3f25f
 2006 26,c623d4d29379a525
 semisup,ff171bfcab4fe503
ervised ,cdb05e6a1abeb59f
921 Viny,3697cb7595391e85
als  Kai,3faf33610ec242a4
ser el a,08c5fafd2679b00e
l 2014 3,fafd6c217e2b436b
7 semisu,11f83bcb63737c6f
pervised,de218a1423af6aba
 921 Tra,614eae261bace16d
nsformer,04405506256559e8
 4 layer,4ada3875b92ffe6c
s semisu,e05c6b4ada5fa745
pervised,de218a1423af6aba
 927 Luo,e66292c296d54168
ng et al,9d35b151757888e3
 2015 23,ec796b095d3f976c
 multita,1b52d56c7cf5dcfd
sk 930 D,984d61d0e97b9c97
yer et a,a350dffc1fab6df9
l 2016 8,7c3df1e1b708dd5e
 generat,8d3ff3a78f6e8eb4
ive 933 ,0ccb2f38e7e0c341
increase,940c1e912c0ccf1d
d the ma,f92d15fe24ae11a5
ximum ou,d2494b77facae45f
tput len,82fc3efdedf299db
gth to i,8f3f03bfc0cd2947
nput len,a53f63bd5571f8dd
gth  300,911b71186b9bacbe
 We used,c5aab98b8f8d916e
 a beam ,9364bb468329ce4c
size of ,94e0fb3845ef4b4b
21and 03,8ce25786b746cdb5
 for bot,95955b170bc6f932
h WSJ on,f9b03d9d9743d482
ly and t,1cd35e5af57155ab
he semis,f7a03954368d2fa4
upervise,10d76ddd67afd936
d settin,178320fd20289af2
g Our re,8228cdd8491ed0f4
sults in,8dc985938a6a7998
 Table 4,6405f6f4ecffb2d9
 show th,c4770b724171473a
at despi,836662e492ae1b01
te the l,04b5a29b63b93f8a
ack of t,fc65224046dd3002
askspeci,41086dec0b209e43
fic tuni,c9cc37a66404c1a5
ng our m,d0c03735ec2d2b0f
odel per,dfdae0e0f8e936ad
forms su,16a7a1b48ae22dbf
r prisin,4a57cf81a4f97b9c
gly well,cab4a5071ca1e9db
 yieldin,7ba8cfdb76fa93af
g better,002fba4a2dd974e5
 results,ed7d30f9f83d66c0
 than al,e1e33bc570859105
l previo,f5e0442db3a90bc0
usly rep,63bc64d8961fea5f
orted mo,a6d373618b101127
dels wit,afc4127a12db4a7e
h the ex,70316e9ce12203a3
ception ,310132e85a2a62e4
of the R,51b2931a10255b90
ecurrent,8bb490fab9b511ed
 Neural ,533c9c72deece885
Network ,c021bf0a5a9df978
Grammar ,d3b337c851bc4979
8 In con,debc0cb7d4303d3e
trast to,eefb459c56a59758
 RNN seq,72b9417ededc54ed
uencetos,167cc912ea3f3a0c
equence ,786a77a8822b6068
models  ,103f4776f26f8aa4
37 the T,4e875b09f282ffde
ransform,c519699c89d47962
er outpe,43caf02fec8157f9
rforms t,07289254d55ee553
he Berke,65a4a7dc99e6af74
ley Pars,4f77e8a2bd21791e
er 29 ev,d5241c5301b69fb6
en when ,1857b1ce9fb0ced1
training,0159c7b22044e7ea
 only on,ef9c14551c4046b7
 the WSJ,bfad8abb7adc072f
 trainin,20b87bc9e91f18a2
g set of,e90f7c8c42c8287b
 40K sen,ea7606adc255f7e0
tences 7,b874be729857d356
 Conclus,6e0d65e7beb8ee02
ion In t,a1b2336eef294ba5
his work,89b2a1c561cef7ae
 we pres,981c148b6f8c187d
ented th,87ccb445c2609dda
e Transf,708f2ff482e167db
ormer th,860923f4dc8786c0
e first ,a36eafb7e6e89cf0
sequence,ef4a0793658fb9d2
 transdu,0eea50bfd2ce4a63
ction mo,b401363475614ea0
del base,79b915ef4c5919b5
d entire,248439e3fd0f4365
ly on at,475c85c723e90f55
tention ,0a9bceaf3409ec04
replacin,77a59309ef9f4e26
g the re,6139938e535add35
current ,e2dbf62d40b70737
layers m,800513bb41f638b7
ost comm,6295449ba44a5e29
only use,da8c392dbe991ec3
d in enc,4abe61488c754155
oderdeco,0db2d793aa74e488
der arch,1123042e5dc6bb3d
itecture,4ac28b24516f7687
s with m,2d3485c9d96286cd
ultihead,d914f2bf5cc14844
ed selfa,75f17d137e22238f
ttention,e7297e22e69f1834
 For tra,1d35e207dda482d8
nslation,9bb1d7111a6ffc8e
 tasks t,ca25af53bd95bc6b
he Trans,3bdbe424f81fbf6a
former c,b8c5667795f314a2
an be tr,223b8e89c5d0c255
ained si,7130d558fc08f580
gnifican,70ac4b2d11d2221c
tly fast,cd831dee64068e55
er than ,21a4e21979755f5f
architec,580de6289d31f0c2
tures ba,1d6cb5284618195d
sed on r,afa35d8c0df26c36
ecurrent,8bb490fab9b511ed
 or conv,1f7c2570a40d5d08
olutiona,038a909095a632c9
l layers,ccd2c8a1a1a38a7f
 On both,f119debf2fcc3d23
 WMT 201,8ac12c942112db57
4 Englis,5a7739bd24829a72
htoGerma,e236c2f4a4833bd6
n and WM,51107ffb42c85fea
T 2014 E,2ad15c5f3edd2546
nglishto,79a8af52f4047236
French t,849d60ccc3784369
ranslati,1205525d9939be6b
on tasks,8100ce30aa8b4a36
 we achi,ea96c36fc9ef7eb5
eve a ne,cc9ea00a508d3a55
w state ,896844ea5a84178b
of the a,4185f8e094b8b4d8
rt In th,747b4614fddfdd96
e former,ff9fdd7a902ac404
 task ou,ce87b9337b61fb2b
r best m,e229c3e404c25baf
odel out,e76baa3f79041953
performs,65ae0d9d568617c8
 even al,056af20d5d8c99c3
l previo,f5e0442db3a90bc0
usly rep,63bc64d8961fea5f
orted en,b0f3afa8d3c5d386
sembles ,1de6d0d7b41c7391
We are e,876db5a6f33bdbc1
xcited a,294a1b5c0dd70b5a
bout the,5af28f92166747ac
 future ,801d922d57596584
of atten,0d625039f9f4362c
tionbase,6f04a2d07adb4138
d models,7bc4357056a59658
 and pla,2af524150ce5a1f4
n to app,3422474e30ac083d
ly them ,c287ad6b59759ed9
to other,4f602e6f90324326
 tasks W,ed991508654c9abc
e plan t,88636908ed814044
o extend,b550e07f9e274ea7
 the Tra,5991e5fb7f8e0564
nsformer,04405506256559e8
 to prob,138e9ccbc2f3dc98
lems inv,d7913ed76568256b
olving i,7e47783b41b929f8
nput and,4abb93c7878fe64f
 output ,91fe0a8d5b9bef9e
modaliti,03c5f1658bdf7d8b
es other,0e450b5d448e4f68
 than te,02edcfd7de1e5b0b
xt and t,9de191885a1b471d
o invest,cc8b78b7b3388007
igate lo,091f63e85c41a289
cal rest,f373ba915c90aefd
ricted a,6752a0825c3072c3
ttention,e7297e22e69f1834
 mechani,1e833359cb2ec482
sms to e,ac152a773206558b
fficient,990a0f524b9b9ee6
ly handl,f216c962db09f050
e large ,02625fb7723873e2
inputs a,2055b610d9dae155
nd outpu,2fb6fcc9865901fb
ts such ,049857dcd11ad2e4
as image,3639d981ae3c9d5c
s audio ,153e77a53ada19d8
and vide,546081bd8cac84ec
o Making,58ba50504a97b0ff
 generat,8d3ff3a78f6e8eb4
ion less,df3b35f526f4faab
 sequent,d0c736b571e14c02
ial is a,ffb9cb2319dc4ce9
nother r,ab9551d02506fd16
esearch ,cb1cb9410c436765
goals of,a7ffbb0b60f4e952
 ours Th,29ae4ffe1e67b321
e code w,f829078eed7cd26c
e used t,400dd1cf93064725
o train ,5e5fc6f67fd495dc
and eval,c027a675f5d96264
uate our,a52344f34848532d
 models ,30d6cb55f00456bf
is avail,a7ace38e9f39d9b0
able at ,672d5d997bb14a9b
httpsgit,aaeb0b94e978a1b4
hubcom t,5a5fae581cb81536
ensorflo,a92dc0010deefc70
wtensor2,d289c18b74d97ef6
tensor  ,13362cebca5ffa45
Acknowle,15227487f8fbb225
dgements,7b92e33101283c70
 We are ,ed24f9e20b16e9ea
grateful,4de1c4dda499539f
 to Nal ,e4e08853e7f46530
Kalchbre,a60db6b2677a17e5
nner and,dc89bdf47e15231b
 Stephan,952b430008fc1ecd
 Gouws f,361674224e95dd60
or their,2acc8f5bf695ad67
 fruitfu,8bc61218c930e00d
l commen,6c0d4cd568fae268
ts corre,60e13ce3ff1e2c05
ctions a,58b34d03141d10fa
nd inspi,6e85fa34c2a4eef4
ration R,493333156e2dd73f
eference,da78f5aae80db6c9
s 1Jimmy,56abab09c580c203
 Lei Ba ,4975b9cc00f6a0c8
Jamie Ry,eb91f1923e5d09a0
an Kiros,659c12a69e26bd64
 and Geo,1f11e0489410eb66
ffrey E ,8eb8498a39ce7b35
Hinton L,25ddefae34406910
ayer nor,f8f025d87ade1a2c
malizati,3f5ade4af9ee206c
on arXiv,2a82f5003d2fa73e
 preprin,2beeff58202789ad
t arXiv1,1432b52d23dd33db
60706450,dc1e9c1f7f2af721
  2016 2,d18100a79e474e80
Dzmitry ,244e8f5e78e9a309
Bahdanau,a422415c352b44c4
 Kyunghy,ace61b413884b10d
un Cho a,eaa9c885cb525495
nd Yoshu,52544845f826075b
a Bengio,9ffb77307d4fc912
 Neural ,533c9c72deece885
machine ,7e61e1bf48f5a7bd
translat,622ae254cf578369
ion by j,701bec87f4ee68ff
ointly l,6c6a926adf2cee75
earning ,c2c4afc6639f296c
to align,12df230020ea6f15
 and tra,f6bd4c64482f810c
nslate C,10c4715c0e9bff39
oRR  abs,ecfcb0ef733346b1
14090473,eef021cd78f13a25
 2014 3D,17dcdd1641795fdd
enny Bri,fbbfc53cd2416e48
tz Anna ,592d896d5891a8f0
Goldie M,df2fa7d1f9e1c160
inhThang,552e6706d6af34e0
 Luong a,1734c0b5b71f6e89
nd Quoc ,bb7b3c72c5459a54
V  Le Ma,d049626667cec07e
ssive ex,b32fc2b56a157b3f
ploratio,09fdc411bd958c8f
n of neu,981f0c3aadaa2b28
ral mach,dbc43745de029fdf
ine tran,ef0f8fed9b4aa9a2
slation ,17c9213c6655b175
architec,580de6289d31f0c2
tures Co,71765c3df7042185
RR  abs1,0220ca0cd51110be
70303906,abbec343f678f43f
 2017 4J,6867ec8817310301
ianpeng ,7b6a050a393a36ab
Cheng Li,6020067e20ec540f
 Dong an,db058c2e5a018615
d Mirell,819f9a42d07b3d24
a Lapata,cbbbe808de178e0f
 Long sh,ed021922b88f2387
ortterm ,70d20cb28a8ac737
memoryne,f121bbbee7a5e94e
tworks f,56ca38aa780cd6f3
or machi,4c4f02d76f8a10b9
ne readi,6cc7753e0b4e4591
ng arXiv,2cc4f16a05262959
 preprin,2beeff58202789ad
t arXiv1,1432b52d23dd33db
60106733,a2b02ce1a5cd3c0e
  2016 1,53a0dba812a74dbd
05Kyungh,f19dc7314ba9b581
yun Cho ,a769f18ae5f5f51f
Bart van,6c2d0e8da9b1692f
 Merrien,1b3f0f91f5fd28e4
boer Cag,cd16ab9f7cc10897
lar Gulc,1b1b1540724fbde1
ehre Fet,9e7d9d30260fc618
hi Bouga,20d0c9f86edef480
res Holg,6dfe04ba7dd16968
er Schwe,66bc208e6414e91d
nk and Y,2ae10144a4fd2530
oshua Be,a6a338b601dc06f3
ngio Lea,2404d67e4025b2cf
rning ph,e56ba15d130a5f35
rase rep,3f1350e0597ab823
resentat,583c288afd578706
ions usi,d969223932a91ab5
ng rnn e,74f5c5559dd15c1c
ncoderde,2c4f73d92e5c4c10
coder fo,69b4688470129e74
r statis,3d4693c944eeacbf
tical ma,a51c5b4e8c6687c8
chine tr,a880acd9ae51107e
anslatio,d789379956138a05
n CoRR  ,5415372ffd712e9b
abs14061,c4d461a69e3c2917
078 2014,ab2e231820abf984
 6Franco,4a30b2cef560174f
is Choll,6a038f1809421cce
et Xcept,8e2c9231fda6f702
ion Deep,4e565acb7365e2dd
 learnin,a33676e005cf0415
g with d,62a4a955f283ebfe
epthwise,830e13595e337f55
 separab,16906d685009f091
le convo,830c7ae640a55e3e
lutions ,bdccccb6d4168275
arXiv pr,445aa5672d8b1430
eprint a,fac42fc7d7a5c645
rXiv1610,2d2cb0dd662f8594
02357  2,dd8848b1905411b2
016 7Jun,7f8bf6027fbdcbec
young Ch,ab60e8e4424ee449
ung agla,e411e903ad759a9d
r Glehre,ec5e08f8d00f50e9
 Kyunghy,ace61b413884b10d
un Cho a,eaa9c885cb525495
nd Yoshu,52544845f826075b
a Bengio,9ffb77307d4fc912
 Empiric,3993b2f31aa57f91
al evalu,621717f7c07604a1
ation of,6e75a1daf7cf2f8a
 gated r,0ef315304e0df52c
ecurrent,8bb490fab9b511ed
 neural ,82a4c1bd50bba818
networks,c09bfbc90edaf867
 on sequ,8de673906cdbbe25
ence mod,250d570472617717
eling Co,2e5c6491b7aafaf7
RR  abs1,0220ca0cd51110be
4123555 ,f962822497c8eaf2
2014 8Ch,09d43cc88ca4756f
ris Dyer,5e0bc369e88df312
 Adhigun,5faee9b63c2a3981
a Kuncor,12534fa68d563122
o Miguel,ff3fd1fea363d0f7
 Ballest,7c37e9d94262f55d
eros and,9f3168ac05cee246
 Noah A ,8bf4e5003070710b
Smith Re,5ba5a6d6a365ee70
current ,e2dbf62d40b70737
neural n,9ad9f6b189fbd56c
etwork g,b36e174f02278971
rammars ,8fa3717f7f9c8daa
In Proc ,ed55392f0f1d5d27
of NAACL,d1b90a3e534e041c
  2016 9,5fddec41bc735264
Jonas Ge,4cdf7064d60f17d6
hring Mi,01be8912871a0842
chael Au,4d8ad5006750b165
li David,27cd2e4f914bdc7d
 Grangie,4436dfd7f7b23ec8
r Denis ,3d5b1b172164075a
Yarats a,f571971086503200
nd Yann ,96c008db52c7524e
N Dauphi,e916229b0d78acc0
n Convol,175f87147dca0572
u tional,e7f4fb8d6ef4d390
 sequenc,1eaffe5fbec16ac0
e to seq,2bd81781571e1ad9
uence le,667112677a8a64de
arning a,9fb98c427f493aff
rXiv pre,490bd7dcc5068c33
print ar,d20204315c04076b
Xiv17050,899bce54aa2c5df0
3122v2  ,c3eaa5e2ceeaf663
2017 10 ,4f4e8dbf63c74122
Alex Gra,626556c78d71df8e
ves Gene,9ba2740191b15f64
rating s,9620f96857147557
equences,34ad85eff319cc8f
 with re,8aec96c73af5925d
current ,e2dbf62d40b70737
neural n,9ad9f6b189fbd56c
etworks ,a2e670eb5cf7b95f
arXiv pr,445aa5672d8b1430
eprint a,fac42fc7d7a5c645
rXiv1308,63f4e824cc193bdf
0850  20,45f3e0bcd894467a
13 11 Ka,ab4797311f9384bd
iming He,24b712d5a329f52f
 Xiangyu,740f48f278591c1e
 Zhang S,a7ea54aad9c162ca
haoqing ,bbe1abf8ca18656d
Ren and ,587d2281287e9dff
Jian Sun,9cf4a67337c6603d
 Deep re,018d14a5ac855044
sidual l,3e9cd4ae6a0601b9
earning ,c2c4afc6639f296c
for im a,8613f97aafdb2361
ge recog,b08e988fe848318b
nition I,f8601a16eabeb176
n Procee,724c20e8056864bd
dings of,dc428e12e68beb2e
 the IEE,aae3e2f508956dad
E Confer,cfea6c0a1a852cce
ence on ,ea5c5886ead11cb9
Computer,062fdc80f7c9d3cd
 Vision ,321f7e540229f136
and Patt,f0789c0fdee1fc18
ern Reco,26b66e9f589034fc
gnition ,96523e185568e789
 pages 7,151f1faa31fbac64
70778 20,2cd17ec1626c5d2f
16 12 Se,17448201b913684f
pp Hochr,ea6855abca89e715
eiter Yo,af631445b0a284a8
shua Ben,c13b9d6ad4a79059
gio Paol,8bd255ecef1015b0
o Frasco,451537645926bbba
ni and J,b972c77c281e5608
rgen Sch,6e4275274fd6e43b
midhuber,e0f001e084f19fa8
 Gradien,6810430b7c6e4f6f
t flow i,5a760c5e2ded5c60
n recurr,4d7cfbf6fe79e33c
ent nets,37291f0c5d21a623
 the dif,1a775e7198015a59
ficulty ,f8b2e8aaab6b4ed8
of learn,411d1e46d588baf4
ing long,d78e908243f8473b
term dep,6d0f3055b011c6a0
endencie,b83f19eb310017ec
s 2001 1,c29ae0e958a22251
3 Sepp H,ab9c8650172fb9f9
ochreite,e48e91aea13f8081
r and Jr,5da7598043a75f4c
gen Schm,c6a3555653e130de
idhuber ,9da8e8b24b527fa7
Long sho,e457995af8933e57
rtterm m,0581be4a42ca21e9
emory Ne,2d0b3a26ab230004
ural com,a4e6214103b8c5e9
putation,0bb926282f323a9c
  981735,3e87c472906ab8c2
1780 199,8700062d19849fa1
7 14 Zho,84357274a11e53b1
ngqiang ,db0f6bdbce0e9083
Huang an,5697a71c3a5987b2
d Mary H,6888e5326f5d1d1e
arper Se,dff0feca4085b259
lftraini,47951084331603bd
ng PCFG ,ffcb2a84c4427ecb
grammars,39246dcd1f49c20a
 with la,7250075ee894695a
tent ann,382bb6faf364ef8f
otations,64f06e307487ff03
 across ,76f03d97cb2805b2
language,8f699a0caecbcf7d
s In Pro,50621023d5fb9d03
ceedings,b58f82855fa7b5fc
 of the ,9c103deac1dc216a
2009 Con,a26714c10b988506
ference ,a5f81f81874e77e8
on Empir,6b3bf869d7b3d1a3
ical Met,34db5b811865c9ea
hods in ,3ffc242ec57c08f6
Natural ,e76ed9e4cd45efa4
Language,9600fa037c5e85cf
 Process,6827c86af1d538da
ing  pag,18dde46a1df86e90
es 83284,b4c35107e30a9560
1 ACL Au,43a0294ef20e4b8e
gust 200,36958773e21f8721
9 15 Raf,c9a5af801a52dcb0
al Jozef,5afb637f393ed47f
owicz Or,6d94a9ece495bfcf
iol Viny,c4bb40c241ee8dde
als Mike,aff13a3c54c26145
 Schuste,23df4d3050bc80ee
r Noam S,426e49da0a3e94f1
hazeer a,770f72db42687260
nd Yongh,ca8e5e4d97b7dca4
ui Wu Ex,a1b840de31852555
ploring ,a5b17f342f8e7202
the limi,0f5e46ec28cea583
ts of la,cc2824bb244339bd
nguage m,9d9d82f2082fa537
odeling ,819adfe84274c460
arXiv pr,445aa5672d8b1430
eprint a,fac42fc7d7a5c645
rXiv1602,f10ef69a42c904ee
02410  2,096fa90d4696a1c7
016 16 u,409e836683126574
kasz Kai,1ddebf05b775e817
ser and ,07a12ccdbfa3c86b
Samy Ben,de7cad749d3c7458
gio Can ,4472d27f1fecfc04
active m,ad2cb0f37a25259f
emory re,0f30fadf0aa8777a
place at,c222c7459644b773
tention ,0a9bceaf3409ec04
In Advan,01ba9e491177998e
ces in N,0984a6ff224b13fc
eural In,dcb91efff82270d5
formatio,82b96701798a62f6
n Proces,960f6d23b232dba1
sing Sys,bd96459fbdc3290a
tems NIP,9323154644f4b12a
S  2016 ,58cb0fbf0249f22f
17 ukasz,e370bb720feb57c1
 Kaiser ,c0da2cc957d7c31b
and Ilya,ec8b215bf2e6cfef
 Sutskev,eb0e257b117e336a
er Neura,b48f542ac2c5efdc
l GPUs l,a1d895ec60d86d31
earn alg,148354983ac7bd29
orithms ,fe6d3afbe03c7f6a
In Inter,dc62f866e5124b55
national,ab67d7660c0dd6e2
 Confere,e7ac6178699e72d7
nce on L,3cb912116d605e82
earning ,c2c4afc6639f296c
Represen,a000341dcfcee1c6
tations ,058b4862dab31db2
ICLR  20,961294b2ffafa0dc
16 18 Na,8c3377d927a81740
l Kalchb,133999b5fe08c7de
renner L,054a80597d6374e1
asse Esp,d80447798079fa08
eholt Ka,799b37e3b73bcbd8
ren Simo,449e5fa8b4ea35cb
nyan Aar,7d510ffcb92a63e0
on van d,4035233ca749f073
en Oord ,96109395f7c81c8d
Alex Gra,626556c78d71df8e
ves and ,7616052724538611
Ko ray K,4ecabaef63e981a2
avukcuog,9f3fc9bac1848ff2
lu Neura,1411b367f45d2220
l machin,a6d10e0d988ef577
e transl,691f03363c36832e
ation in,e7d4074d51a39454
 linear ,47c5fee3acc485ae
time arX,b1a1554c843e09b7
iv prepr,76e5ed59bd49d297
int arXi,7f291d16ab0b2105
v1610100,4a1d008baf4d3780
99v2  20,033963784228a37b
17 19 Yo,dc3c27b77e7cd25f
on Kim C,4c2a8e41d056a0e7
arl Dent,5e99eac34b6fb02d
on Luong,87d1d791035037e6
 Hoang a,9bac1becb02f8975
nd Alexa,559e0ca3ad95e109
nder M R,931b0334a7e4c839
ush Stru,f24ea24af6c89a90
ctured a,6af9df154d9ce6e8
ttention,e7297e22e69f1834
 network,acb920a625a29fc9
s InInte,06696c497e633781
rnationa,c63257cb6010042a
l Confer,67e4be505a6f3dc6
ence on ,ea5c5886ead11cb9
Learning,32122df99d401227
 Represe,ba461a1166c98aba
ntations,58adbe91c8be402e
  2017 2,2e78b7262867d340
0 Dieder,1beda50ffbaa79b2
ik Kingm,108dceabfb202a76
a and Ji,5189e2dffcbb347f
mmy Ba A,caa9b03b89c4c1a6
dam A me,5a768046705544e8
thod for,4617ae217475b572
 stochas,71d5c32c9da59506
tic opti,6b6f0c0e48c6a356
mization,77e0839b15a05b61
 In ICLR,60bf4effc64b71c4
  2015 2,963ad12f8aec003f
1 Oleksi,ff7da24d54391cdf
i Kuchai,adb0fbaba37d7149
ev and B,1357a26aca766280
oris Gin,ba817049da6cb73d
sburg Fa,6c0fb9c770b8cdf4
ctorizat,d80df485cd68e3b8
ion tric,4a4ca2049056bacd
ks for L,06abda8eb92a1811
STM netw,be2a957f1923af0d
orks arX,88efcb60ff7c0cbb
iv prepr,76e5ed59bd49d297
int arXi,7f291d16ab0b2105
v1703107,74e67cfc36d59df3
22  2017,47a80a944afbefde
 22 Zhou,8d5fa2a00c30fe24
han Lin ,8b9070377b7b0b49
Minwei F,df34b0dbfd89661e
eng Cice,da69e7b65674f594
ro Nogue,bec99cc4055b9339
ira dos ,ee9760d9d183e759
Santos M,6527eacedc6179f0
o Yu Bin,63e1fa0fc34187a0
g Xiang ,3393b566c8732655
Bowen Zh,d67be6afdf59d947
ou and Y,4b613607ac90e7ab
oshua Be,a6a338b601dc06f3
ngio A s,d44413e5a74557af
tructure,cade517a67530aab
d selfat,abff4b8539484af5
tentive ,7eba6c379c23fe7c
sentence,1e9940342245356e
 embeddi,ff9a4fdbaa39a0e5
ng arXiv,2cc4f16a05262959
 preprin,2beeff58202789ad
t arXiv1,1432b52d23dd33db
70303130,a9783cde9955a977
  2017 2,2e78b7262867d340
3 MinhTh,d855e3bfd9ed1967
ang Luon,af2a90dce0ab1350
g Quoc V,72ad30122c1ccad4
  Le Ily,175786ec1247d95d
a Sutske,5a5e395ea4f92d06
ver Orio,7cbab62ec9aeaa60
l Vinyal,83f97ec354dc0b43
s and Lu,f2d04042b318070c
kasz Kai,1ddebf05b775e817
ser Mult,a2e6766ecf9c072f
itask se,ee81ff29b867b521
quence t,9cf0b31e98a930ef
o sequen,6309a86d6cfda7c2
ce learn,ef8d368a93e9125f
ing arXi,cc8ec8eeccacad77
v prepri,3e06c276b3d5397f
nt arXiv,064de3258988d91b
15110611,84da5de8034b7b63
4  2015 ,618d8c54e31ee101
24 MinhT,52137a38fc2dc763
hang Luo,c4ee70f39bcd31ab
ng Hieu ,14b40a2ba18f69d2
Pham and,d4dce183b9da6eb7
 Christo,fe0d6794e4385b23
pher D M,a3169d84eac070d4
anning E,6159b7ac4b26a334
ffective,9368a438c75bfebc
 approac,311d05e77db3c17f
hes to a,766be496909eacf8
ttention,e7297e22e69f1834
 based n,fdb3da8a91a0b32f
eural ma,b4018f8f1aa057e0
chine tr,a880acd9ae51107e
anslatio,d789379956138a05
n arXiv ,c7f98c786ebd8512
preprint,af8cf8d682541e23
 arXiv15,d280873983bddbda
0804025 ,69377e99ff506b6c
 2015 11,52e64f69e8e36848
25 Mitch,042b4bd1a5369542
ell P Ma,362ea7ae2db37fd8
rcus Mar,9b6137c697629c42
y Ann Ma,18639e8359c2513e
rcinkiew,4d88295ab2d79cdb
icz and ,149141ed04fbe3ff
Beatrice,d384535e69818941
 Santori,79b32ac2a13c32a5
ni Build,086bd0750da61fb9
ing a la,79d381f6da87f990
rge anno,ac66c52459bd243d
tated co,d7bb6aed4d85e3d3
rpus of ,ec5acb67263e8884
english ,cc68d9eb7e465f38
The penn,89659593814f9bfa
 treeban,a33a1b3037ce7693
k Comput,7158eb1e6b182dba
ational ,92fcbaba0b02910f
linguist,2177b8adf02e53e4
ics  192,8c88eba55d8a710e
313330 1,290ac30a40b21401
993 26 D,fd40c64483721caa
avid McC,1c29df821940a959
losky Eu,638683bba9fb8c0a
gene Cha,1a42dd4b6b8f0f30
rniak an,41e693e2e9f2cadb
d Mark J,04a4881d45147515
ohnson E,2c109c1f40b28cad
ffective,9368a438c75bfebc
 selftra,6f54008d121c1f8d
ining fo,d124e2a16320def7
r parsin,7d085984e0f8cd08
g In Pro,bb8e10a0281a30ec
ceedings,b58f82855fa7b5fc
 of the ,9c103deac1dc216a
Human La,ddc83f3fbd543da2
nguage T,11a2411c5ac1bcc9
echnolog,d26c700680f45549
y Confer,08b67d92e53b99c3
ence of ,25344fbb024587c3
the NAAC,d794cdc699d365e0
L Main C,ef9dfd1e97a0e39b
onferenc,cc616ad714e72fdf
e  pages,e8a97cb139d9156b
 152159 ,9b1f568b92a181fe
ACL June,7df4b1403c593209
 2006 27,899aa04af2e908da
 Ankur P,05460e200a4056f8
arikh Os,a16bcda77b88319d
car Tcks,4b78ecfd48eb1f51
trm Dipa,9ea2f74d4136d9f7
njan Das,1774cd77698c0270
 and Jak,19abe307e4df9d87
ob Uszko,d310598dde3e28b7
reit A d,b41c811835345d5a
ecomposa,0d52c70b8b4636ef
ble atte,027fb3d3fbff0988
ntion mo,b3e33966187331d5
del In E,32bfec9e340a30fa
mpirical,0b274809c2472425
 Methods,4ac9398552c4ad1e
 in Natu,afa64e1ed48c9396
ral Lang,60cf1af985ea99eb
uage Pro,cea5f6eb01ab5367
cessing ,a174e65da88b2152
 2016 28,04d3c3390f2ae915
 Romain ,1db94537b0b1e952
Paulus C,38027ee753b3b1d1
aiming X,495c82217f186549
iong and,397180d809320365
 Richard,01d0297c1423de07
 Socher ,05bd8ae5491cf264
A deep r,285346013ab6d6c7
einforce,a4739b1ee30d270f
d model ,b2eed40a633b693c
for abst,56dae041d7a42c60
ractive ,be5d4cbedda0398f
summariz,df557b6e94c3520d
ation ar,357bfc3f08eb497a
Xiv prep,4f41f8a76a267ac8
rint arX,44b2b7a5690f50d9
iv170504,8bedc46de0175b46
304  201,18436e2d1335dc8c
7 29 Sla,cffbe05644d623cd
v Petrov,816f240e8dccc089
 Leon Ba,ddf049f3ee992a75
rrett Ro,255aee2322fa712c
main Thi,96c8d4405b5b68e2
baux and,c9b43b36946875e1
 Dan Kle,4870a1c432f21fd7
in Learn,762b8b4bc49c7429
ing accu,a6f1bae1834b2240
rate com,26b610275116bd02
pact and,90caa10817fac1b1
 interpr,4e44a3664996a503
etable t,888a926ffe3e7223
ree anno,ae0f621182965bf7
tation I,8900cc7bdf9b2bda
n Procee,724c20e8056864bd
dings of,dc428e12e68beb2e
 the 21s,73c8f815b6c4bdf0
t Intern,28ea79117485f857
ational ,92fcbaba0b02910f
Conferen,efd05788a7ce6c10
ce on Co,6f71765d6ef2ad91
mputatio,3491cb25cbe0bedd
nal Ling,e75d2127c6fa9042
uistics ,1cc2ea401ce29cf4
and 44th,b3a7ffaf01904ca5
 Annual ,b50c85ad64718607
Meeting ,a4fced414a8abf9e
of the A,676098b1240e8fb2
CL  page,44a37cda28a42905
s 433440,10b41a7b89348a40
 ACL Jul,de7c2397906d515e
y 2006 3,fb9b1b2f7b597e1e
0 Ofir P,863407b0b86a148d
ress and,c5662685c463cdcf
 Lior Wo,91cac6ccd2cdff14
lf Using,3131e770350c504f
 the out,96146ab672dac102
put embe,2bd723b1942ad788
dding to,2cae246a2388a789
 improve,471a67f356caa7b0
 languag,315d1da3847d3c47
e models,59a694be2535924a
 arXiv p,0885d93ea27c4dd1
reprint ,6b1d3ee89d41f7eb
arXiv160,bf04c2b04326d35c
805859  ,382015901efe5c1b
2016 31 ,8c538ebdb0f3fc16
Rico Sen,0c92951b0c58ec71
nrich Ba,b11f8a1bb5f96358
rry Hadd,f9d9209160a0a691
ow and A,b04b3b75a69b9d77
lexandra,94ac58f66724c06a
 Birch N,3d15261d1b01e356
eural ma,b4018f8f1aa057e0
chine tr,a880acd9ae51107e
anslatio,d789379956138a05
n of rar,72ea83e0eae7d05a
e words ,712acaa3c31472b8
with sub,4cde0ae6b8119560
word uni,ace19c99dd68e0e5
ts arXiv,c06a99ad513c5894
 preprin,2beeff58202789ad
t arXiv1,1432b52d23dd33db
50807909,2679f5b58d429006
  2015 3,0f25d966515f38af
2 Noam S,84b58004f452c350
hazeer A,e9bba14aa88a048e
zalia Mi,28f255d5784375ea
rhoseini,6c52e30a961e3ff6
 Krzyszt,14e7ba62631998e4
of Mazia,470b98417ba3eee0
rz Andy ,d4b9a14d8ef0205d
Davis Qu,1537a95f21522961
oc Le Ge,ac63b55003cbadb2
offrey H,62aec1c23c7abcb0
inton an,0283a468de16d121
d Jeff D,647df9bd6794931c
ean Outr,ab25535297e140ba
ageously,4f7e0e99722c06b3
 large n,a56c2527eb70472d
eural ne,fa3354e79dd01c2a
tworks T,8dc1329ad48adc7d
he spars,1d47be4ec398afc8
elygated,447d004b845f9e73
 mixture,1248b298a1de76e5
ofexpert,a61163bf18b919f6
s layer ,52834e440b0de756
arXiv pr,445aa5672d8b1430
eprint a,fac42fc7d7a5c645
rXiv1701,4d5f9b2783857a55
06538  2,8e1763b785d859de
017 33 N,a81e7b717a157221
itish Sr,df5eef633aecd828
ivastava,aedaffe626734f61
 Geoffre,1921d1d805e8fab5
y E Hint,7a18f1eaa5589219
on Alex ,e6cc7e48d475436f
Krizhevs,602276c7847904cf
ky Ilya ,2d869f742e467b5c
Sutskeve,488211b3060a2d17
r and Ru,9b2d5c8fb5fffd92
slan Sal,4f358e584035b6bc
akhutdi ,2a73e6db5b0350c0
nov Drop,9e1f9faf8895ebc4
out a si,4e45eb608b63a111
mple way,5d28c276cef784e0
 to prev,b1be0b11b8c82d93
ent neur,38f55a6da778096f
al netwo,7c2b92a86947d19f
rks from,48b807f74659fc15
 overfit,4b12f0ce7c5dd7f4
ting Jou,e401775c7fb60268
rnal of ,79249b046ef9707a
Machine ,fc1433705a4d2355
Learning,32122df99d401227
 Researc,34c873a3f5a736d5
h  15119,2aa40d9ce547da4f
291958 2,c7925ab7cb3fe7bc
014 34 S,28af447d6e1c182e
ainbayar,c7c2d2c57e7b1ae4
 Sukhbaa,ee8f96fb0cb081e4
tar Arth,5f5ee2d24f745d82
ur Szlam,c36ad339b44be3b6
 Jason W,64f71dbc143ef789
eston an,af014d6bef90df35
d Rob Fe,4417aa258f4d98ce
rgus End,bdf7d933d1350535
toend me,71462f9bcb0a9a22
mory net,f056a7c57d2654d2
works In,7caaf19952774d4e
 C Corte,ff717f37ab5068dc
s N D La,0ff5a55490ae7af2
wrence D,e0890631e9ebc3a2
 D Lee M,d1c8237da716a908
 Sugiyam,024277796d1ba329
a and R ,ac6c7033781ecfb7
Garnett ,bdd417390db68fd2
editors ,b356054d2271761b
Advances,2f395b41bd2c0e39
 in Neur,e1b75d2acba2b7df
al Infor,6eb60b20c128c286
mation P,d77f64870d259331
rocessin,cb223b3e53bf2f94
g System,55ec10d2efbeabfa
s 28  pa,5ce7232d8148c929
ges 2440,2c4bb23c9e613384
2448 Cur,21c1b8e33f58183a
ran Asso,70d1a1349327c6d4
ciates I,72a193b3e0d5c17b
nc 2015 ,23f86534dc5380fd
35 Ilya ,f684e928c2e4794d
Sutskeve,488211b3060a2d17
r Oriol ,e39baca9ee3a52cd
Vinyals ,c1dc85c76fa234a6
and Quoc,5b03723f6c0bfd86
 VV Le S,ecaf518f8e1e7108
equence ,786a77a8822b6068
to seque,7cf3e5dc2b175972
nce lear,e9e84b11ac4c74dd
ning wit,4cfa9adf6e2255be
h neural,042495745edf49d6
 network,acb920a625a29fc9
s In Adv,b9a86d72a7a38b56
ances in,b3cac33c2fa99265
 Neural ,533c9c72deece885
Informat,e03635ecbcd13f01
ion Proc,7c9465fd2689fe03
essing S,191c11da401e23cd
ystems  ,f6f598338fa4fd90
pages 31,84334b3de68bdf71
043112 2,72aba5a3c7618d54
014 36 C,1ceeb2b6af122403
hristian,76d25b63bbda5c18
 Szegedy,a8c5687a973c6f64
 Vincent,939bb0ce2148594f
 Vanhouc,5cff75d724bfad40
ke Serge,0e7e1f8d45fad92b
y Ioffe ,46b6bfdc1365efb8
Jonathon,c27ed7dd98706b98
 Shlens ,90c7b741991693a1
and Zbig,42d01bf35d89741c
niew Woj,e8804152782dd83d
na Rethi,df9892652522b939
nking th,ce07a2608c47f5f8
e incept,d84e416cd210060c
ion arch,bce0b2fe4924bb54
itecture,4ac28b24516f7687
 for com,725dce837a21e104
puter vi,40a84f36aa31cece
sion CoR,f99a2b475de9791c
R  abs15,8b657cf12a2c585e
1200567 ,639af825aaeb2081
2015 37 ,8dde9a52288ab01e
Vinyals ,c1dc85c76fa234a6
 Kaiser ,c0da2cc957d7c31b
Koo Petr,d35aed7cc529c6ce
ov Sutsk,04927e2f70706737
ever and,33a5cf15426ea0db
 Hinton ,6a2ccbd915d4f0aa
Grammar ,d3b337c851bc4979
as a for,f96ebd404c162715
eign lan,dfba0773950a5a1b
guage In,7f7cab909734fe9e
 Advance,1d8241f28b0833bb
s in Neu,550338d9b599ea6d
ral Info,a210ea02b8401d0c
rmation ,1de1623c6fd5f2fa
Processi,440596f9d3246dee
ng Syste,4d87c5da03920982
ms  2015,df9880ea6deb91fc
 38 Yong,567a692c6af148cf
hui Wu M,26236489d45ef435
ike Schu,ae8c80853dbec044
ster Zhi,61276806294576c5
feng Che,77906a755d0d8a5e
n Quoc V,9f08c4e0f71c8d66
 Le Moha,064f580306a9185d
mmad Nor,58f7477b566ccaae
ouzi Wol,c54cbd2ae493db4e
fgang Ma,f1a1556fa780dce4
cherey M,7b3501e91f33a2b6
axim Kri,4a39be18365410fd
kun Yuan,8d01266bab390993
 Cao Qin,919611b5f18e0f49
 Gao Kla,f27f941eee7dc572
us Mache,199379ee6230581c
rey et a,832b4d603f300f9d
l Google,05807cab93ae97b1
s neural,f566d8da954e04c4
 machine,b857fdd3c800ed46
 transla,e655fd98a175b4c2
tion sys,b6d03545628bc114
tem Brid,239eea457e0c8b5c
ging the,9a4c1a3faabd2831
 gap bet,c0649d57fdc3ba02
ween hum,f3f14b0b494eec8f
an and m,46ac79f5509653ec
achine t,e89f450f7f10a091
ranslati,1205525d9939be6b
on arXiv,2a82f5003d2fa73e
 preprin,2beeff58202789ad
t arXiv1,1432b52d23dd33db
60908144,f8d8e3e7fd4b6b5c
  2016 3,40acd64bf9021582
9 Jie Zh,bbfd67ddd62a24cd
ou Ying ,e2d8f0794ee66e0d
Cao Xugu,247577268d922c56
ang Wang,52aa47806b6c6f5d
 Peng Li,865564ebf8c60b1f
 and Wei,7a6351455d73c470
 Xu Deep,cb6ab4b3cbe6274b
 recurre,6a568ac81eb37689
nt model,cd6e35492a109abd
s with f,577432e88a4d9a94
astforwa,dc324faaef74d041
rd conne,bcd839b3d54d127f
ctions f,04751891eb252642
or neura,06edec4451fd5fc8
l machin,a6d10e0d988ef577
e transl,691f03363c36832e
ation Co,1d984d6d2d26d7c2
RR  abs1,0220ca0cd51110be
60604199,17c7b29b1108656c
 2016 40,53749ba48a9daf50
 Muhua Z,2b579a902290b105
hu Yue Z,f1a684bb48cd4490
hang Wen,57114021258ca398
liang Ch,5d43c306d8099119
en Min Z,a92f11d3a7ee712f
hang and,56ec6cb1d3acbaf0
 Jingbo ,6821c5e197366bb2
Zhu Fast,e7e5549dcb8bcbf7
 and acc,7b9583c995706776
urate sh,6d4e87d033293039
iftreduc,7e151a68a20ecb15
e consti,8710c34354fd59c9
tuent pa,228a34719616c1a9
rsing In,5480281dac397f2d
 Proceed,b62ef94405fd1d5d
ings of ,6d419b815a1c3373
the 51st,8abdab125fc83ff5
 Annual ,b50c85ad64718607
Meeting ,a4fced414a8abf9e
of the A,676098b1240e8fb2
CL Volum,bfa68856e951471f
e 1 Long,c11701c6589e00da
 Papers ,fdafa0aea776c7e1
 pages 4,35aa0e86bb3c6987
34443 AC,4af5a2b3b8255e1e
L August,84bb4828889fa910
 2013 12,81ca50b5899dc3dd
Attentio,be45301f9816ccf5
n Visual,22865d9566bebaab
izations,002258847e822d1b
 InputIn,9b492479fc7ceeb8
put Laye,245c435befe27c9f
r5 It is,ee7ed17c09ce8edd
 in this,78124ab2c348025b
 spirit ,758bb8342c8a1c25
that a m,358224f0475118b7
ajority ,bb1b8e6614c44c72
of Ameri,9a15f8c81f3732dd
can gove,08e1f0b009349cda
rnments ,c4781b49a066617c
have pas,1ba4df0a099839f5
sed new ,c3d6d9eb219feb5f
laws sin,aba5aed5798dbaa2
ce 2009 ,bb50c65eef6e541b
making t,3aba21a1fc0b09c6
he regis,48c6e68ad53a541f
tration ,03f5a2d2e129b91a
or votin,59aaa3fdf4bbcff8
g proces,ef71ea1e7f5692eb
s more d,d1a42d242bdd1443
ifficult,74bc03e779820915
  EOS pa,6c48f35c7e923494
d pad pa,ed6f258e874e8a1d
d pad pa,ed6f258e874e8a1d
d pad It,fe6bbb266a2a8781
 is in t,2c9e6ab23fda2005
his spir,b2581ec017876474
it that ,37fc0e26f2b41d26
a majori,b271095e70baf487
ty of Am,e87228c3f973db69
erican g,703b949c43d0e997
overnmen,d95566ce7ef0fd57
ts have ,c3bfe09779788516
passed n,e87553b0db810648
ew laws ,1460c329d280efc3
since 20,0a26e22fd5e96645
09 makin,b0f88ce222c9ba22
g the re,6139938e535add35
gistrati,535e10f05f245f63
on or vo,209afebe34f0bfce
ting pro,4f8d0ee553327610
cess mor,0a343e9e2903c999
e diffic,0e963194a39ad06c
ult  EOS,82f3da3fea034f72
 pad pad,2b68f96264da7177
 pad pad,2b68f96264da7177
 pad pad,2b68f96264da7177
 Figure ,0a24127c5b1ba594
3 An exa,ad21a0319d474f74
mple of ,b57b60c25cb678d5
the atte,d656c0adda7ec2e3
ntion me,07e03be87543cdf1
chanism ,a7a685b087bd81d2
followin,045b409c8ce9e69b
g longdi,dcc6c21c1ac2028b
stance d,d1bd2b94e3b60ac2
ependenc,c57131e90d64cd43
ies in t,a0e0c6d68ddc0fb9
he encod,d6b3e883c0bcedd4
er selfa,4e1d3d26ca0356bb
ttention,e7297e22e69f1834
 in laye,535077ee21ca248f
r 5 of 6,55fff2721dcc1a21
 Many of,ed6fe43476a9371f
 the att,5d61d393aeffea76
ention h,f4df2d8b9d3235df
eads att,7ce61a880153e829
end to a,369afeb1daf6ac83
 distant,2ece89f83a538a6c
 depende,50b908c80ca0522f
ncy of t,c5524926a86a1349
he verb ,c3211944d1c61b74
making c,f70f747373ee9020
ompletin,a13c24d3130784cb
g the ph,300989f378df2051
rase mak,5ba7793001ccdde3
ingmore ,616a28a828df3076
difficul,1ac9600ee70d8f77
t Attent,cff8efd8ded3bf6c
ions her,f6ea89d2deebb851
e shown ,a0c18efc2e399179
only for,aeac0137e393d6d2
 the wor,b59d3433ce7bff26
d making,a96b6d8658ffae9b
 Differe,a6d83cd503f4a020
nt color,49f4da1c80652342
s repres,9b5b9ac26fde557d
ent diff,4e625c5bcba79b05
erent he,050fa2eaed7c91cb
ads Best,e9b475fc48c8b8d9
 viewed ,aa96fc67fa16f211
in color,f1fe3583aa335e2b
 13Input,178d91cfdf24db28
Input La,e415874247c47242
yer5 The,59d6015ef4ffc885
 Law wil,24642d12a4cc55f2
l never ,e33d18a5fe403ea2
be perfe,f35db4d57b7f7b7c
ct  but ,a1695c0567f22136
its appl,5937a2c0ef01f2ab
ication ,4d2305e504fdca75
should b,2f5e77c57338fbe4
e just  ,272ea44fe1eca6a9
this is ,cba1449873bbd04e
what we ,c1919d4f79c94f2e
are miss,c025bde449a8134f
ing  in ,108d0585bcc68537
my opini,44869cc1187bd334
on  EOS ,14e068c60f79609a
pad The ,059e861db2981288
Law will,5c4866e930074f1b
 never b,0625d7900534f5bc
e perfec,8dc0f0a0c3208515
t  but i,f80f0b7e7fce086b
ts appli,1ba2c8e3caff7beb
cation s,5a2ec043a5895708
hould be,b86748472e8dfa5d
 just  t,800ae8d45b63bb5d
his is w,8c2672c41855b094
hat we a,cd1c39c12b13db1e
re missi,6f0214daa6d8e953
ng  in m,78b24b23e65320e8
y opinio,2395e8bfb8cdb977
n  EOS p,a11db4dedce5937b
ad Input,380b2ed2ee257df6
Input La,e415874247c47242
yer5 The,59d6015ef4ffc885
 Law wil,24642d12a4cc55f2
l never ,e33d18a5fe403ea2
be perfe,f35db4d57b7f7b7c
ct  but ,a1695c0567f22136
its appl,5937a2c0ef01f2ab
ication ,4d2305e504fdca75
should b,2f5e77c57338fbe4
e just  ,272ea44fe1eca6a9
this is ,cba1449873bbd04e
what we ,c1919d4f79c94f2e
are miss,c025bde449a8134f
ing  in ,108d0585bcc68537
my opini,44869cc1187bd334
on  EOS ,14e068c60f79609a
pad The ,059e861db2981288
Law will,5c4866e930074f1b
 never b,0625d7900534f5bc
e perfec,8dc0f0a0c3208515
t  but i,f80f0b7e7fce086b
ts appli,1ba2c8e3caff7beb
cation s,5a2ec043a5895708
hould be,b86748472e8dfa5d
 just  t,800ae8d45b63bb5d
his is w,8c2672c41855b094
hat we a,cd1c39c12b13db1e
re missi,6f0214daa6d8e953
ng  in m,78b24b23e65320e8
y opinio,2395e8bfb8cdb977
n  EOS p,a11db4dedce5937b
adFigure,ff79de7ca4c1460f
 4 Two a,83630ff3429761e3
ttention,e7297e22e69f1834
 heads a,f321cf4dd0fcc844
lso in l,5d26dd6a6ec8f433
ayer 5 o,e1dc293de82eb260
f 6 appa,2708f4f8d55715af
rently i,78185a29164881b0
nvolved ,83c600e69cb008af
in anaph,6dc39617d0842232
ora reso,c6d03da52f8c0ffe
lution T,16d0219f4042ef56
op Full ,457a99096f9b69c5
attentio,4016a87bc0155145
ns for h,fc668f1e064d2882
ead 5 Bo,3da8d1ea329a7655
ttom Iso,97840696a5a4bf70
lated at,231552ee089cb1a5
tentions,ef89440cde7827c9
 from ju,f8bef84536e37567
st the w,0f22568e1d55c182
ord its ,50188d6e797db6cb
for atte,771cc6c08167c87e
ntion he,a4463340c7798cd7
ads 5 an,fe234d32a169d5ef
d 6 Note,15edf3cde157fbf3
 that th,62d33c2344818c32
e attent,4b86669a29997e42
ions are,7d70b01eddf15d14
 very sh,22dccab5dcb807aa
arp for ,c4599fd21ae30f6a
this wor,7b3bc7320c5b21ad
d 14Inpu,5a562aa0a2f86e68
tInput L,707089278797d707
ayer5 Th,110c82fb964e46d2
e Law wi,20960e5ee7da456d
ll never,83a27aede63219d3
 be perf,1d5da93094414fa0
ect  but,f3110eeb85e28af8
 its app,91112483896983e2
lication,d4310da77f222f0e
 should ,e3cc7fa5e8814faf
be just ,013962c65eb19dbd
 this is,04cbcc820ea3e5b7
 what we,93c661d5b6e072d0
 are mis,751fd2e41195b766
sing  in,32d8aa60de517079
 my opin,5e3794e9b838cc51
ion  EOS,82761d77f3ddc079
 pad The,d10f1fafe81c7e16
 Law wil,24642d12a4cc55f2
l never ,e33d18a5fe403ea2
be perfe,f35db4d57b7f7b7c
ct  but ,a1695c0567f22136
its appl,5937a2c0ef01f2ab
ication ,4d2305e504fdca75
should b,2f5e77c57338fbe4
e just  ,272ea44fe1eca6a9
this is ,cba1449873bbd04e
what we ,c1919d4f79c94f2e
are miss,c025bde449a8134f
ing  in ,108d0585bcc68537
my opini,44869cc1187bd334
on  EOS ,14e068c60f79609a
pad Inpu,c4d78fec39a858cd
tInput L,707089278797d707
ayer5 Th,110c82fb964e46d2
e Law wi,20960e5ee7da456d
ll never,83a27aede63219d3
 be perf,1d5da93094414fa0
ect  but,f3110eeb85e28af8
 its app,91112483896983e2
lication,d4310da77f222f0e
 should ,e3cc7fa5e8814faf
be just ,013962c65eb19dbd
 this is,04cbcc820ea3e5b7
 what we,93c661d5b6e072d0
 are mis,751fd2e41195b766
sing  in,32d8aa60de517079
 my opin,5e3794e9b838cc51
ion  EOS,82761d77f3ddc079
 pad The,d10f1fafe81c7e16
 Law wil,24642d12a4cc55f2
l never ,e33d18a5fe403ea2
be perfe,f35db4d57b7f7b7c
ct  but ,a1695c0567f22136
its appl,5937a2c0ef01f2ab
ication ,4d2305e504fdca75
should b,2f5e77c57338fbe4
e just  ,272ea44fe1eca6a9
this is ,cba1449873bbd04e
what we ,c1919d4f79c94f2e
are miss,c025bde449a8134f
ing  in ,108d0585bcc68537
my opini,44869cc1187bd334
on  EOS ,14e068c60f79609a
padFigur,9feffb3361a7eca1
e 5 Many,45f807cfc91d9284
 of the ,9c103deac1dc216a
attentio,4016a87bc0155145
n heads ,013d25911c7f6ceb
exhibit ,ecf100c2e4ea793d
behaviou,9fdfb454c805cabd
r that s,44f6505466c0e208
eems rel,7b4a16ec4332def5
ated to ,64951e984f012589
the stru,cb7e3be8b7e8af21
cture of,ce015168f8d77acb
 the sen,f212d618fb7c9c87
tence We,435c7db7b2671eec
 give tw,f1508d8fa65b839d
o such e,d3a9b2bd5038e9e5
xamples ,dfcf9283e3bb4450
above fr,585d04a909c037d3
om two d,69644e5bd8ea4ed1
ifferent,49de2b1467735b92
 heads f,0f5e2872ef660027
rom the ,98c3e5a8f1b237a5
encoder ,6bf343abf05ad29c
selfatte,30dd13011a451e80
ntion at,838aaf1ceac0ac8a
 layer 5,9a169e91069e04d2
 of 6 Th,d904ac8ee548be6d
e heads ,9e947bf87148aaba
clearly ,4fb41527118eaceb
learned ,705f7e0607b39b64
to perfo,4f279049f45d592f
rm diffe,bd9d97366ab6f2dd
rent tas,bbd7e7b6d7e7dafe
ks 15   ,a14aa683cc05ad9a
