Plaintext,Ciphertext
aaaaaaaa,62254c86bcf35441
bbbbbbbb,a1daad8eefe0c7a4
cccccccc,561a3f1058409c4c
dddddddd,f8058a781c66cc6d
eeeeeeee,6ac183250cbb73c8
ffffffff,2b7a0a06ccc20de9
gggggggg,2ac12ecb45d6e04b
hhhhhhhh,157172eced82eafe
iiiiiiii,588709e9c1a2a21b
jjjjjjjj,f3c103f218839370
kkkkkkkk,7e90d86bb35f48c7
llllllll,554061eb981364e5
mmmmmmmm,01d074770e279516
nnnnnnnn,5f46ffeca46460c5
oooooooo,af8f5f847eddfcda
pppppppp,770e4ac700067ef0
qqqqqqqq,e8bb991f2b2c3162
rrrrrrrr,343ecd6771fb310d
ssssssss,e40feb9479ff7632
tttttttt,78de42a255232868
uuuuuuuu,823f67e576b3d776
vvvvvvvv,514376010b224861
wwwwwwww,75c456741cab4af5
xxxxxxxx,3ba660f9e6928609
yyyyyyyy,ffcfdf15c49d0e4b
zzzzzzzz,2054f1dabea823d2
00000000,2504825916cc3447
11111111,bbd635ce83566eca
22222222,f255d2c1b23e9d1c
33333333,a47e30311d3ee7e6
44444444,e8ce15c6d3280c58
55555555,35a4617aca17e08a
66666666,bcd9432ff3e8af1e
77777777,9773deddba2ab601
88888888,45d27e452916c261
99999999,f6cd91466af712b4
Provided,4acd062ee3cdf033
 proper ,1d7a7304a9c2929a
attribut,ef3b5cf89074dfda
ion is p,cc18dd65e3e4ae58
rovided ,e37d22997a8c7f52
Google h,7fa3bc802bdfd1ce
ereby gr,f22fb1ac8ecfb35f
ants per,a6f812e33c058e3a
mission ,f03beb6efe1310ec
to repro,3b85459619acfc01
duce the,dfb7f563976a1eae
 tables ,2a498bb422e0d2bc
and figu,a5e8cb9d4faa7f20
res in t,3b6be68bed5e209b
his pape,24368cec9805b20c
r solely,778bad91bb9e8eeb
 for use,eba47942b83ea06a
 in jour,0fbeb30f9cf7173c
nalistic,2018a567ea640c00
 or scho,f618c65edc24677f
larly wo,0d37e69ea1d1680a
rks Atte,90351c50e516f625
ntion Is,eddc7d79366d1308
 All You,e5e523e61f5d61e9
 Need As,5dc249a12579435f
hish Vas,1b3d73789f679a68
wani Goo,5c93dfad5e94851c
gle Brai,0921b019e0cc34ec
n avaswa,24f0ad0264cd74fc
nigoogle,82bab25ae89845bc
comNoam ,961a794716531659
Shazeer ,6d13ec97f6944b57
Google B,7b6209d153268570
rain noa,8ad46b777b29cda9
mgooglec,8354649c524f5d7d
omNiki P,52f8c425f381088c
armar Go,8500d437d0201f88
ogle Res,18003a27b2e19ca5
earch ni,eee22bf0a88d58fa
kipgoogl,b89efc30984b2c71
ecomJako,5692b2ca618c94ef
b Uszkor,f5d1df803dbe8aa0
eit Goog,9e802cb063c9d16c
le Resea,42b23c161c7a65d5
rch uszg,b7f3210894797825
ooglecom,49baa573f20f7cfe
 Llion J,285f4bd15634f46a
ones Goo,9a16e667828779a7
gle Rese,530a8ead806d307f
arch lli,2242176756e5ddb2
ongoogle,086f1347dd9f5130
comAidan,c4bf6a3fade2ff41
 N Gomez,cb337736b6758fbe
  Univer,a1b0319bf1d536fb
sity of ,61b96d7267fabcae
Toronto ,7a1cee091d3e78c6
aidancst,76885230ea8bb65d
orontoed,fd2f54aa68a5f27a
uukasz K,1c19d83f4fbd3f24
aiser Go,008a3cf221e44756
ogle Bra,0203c8308eaa4858
in lukas,00bba3d980f9532f
zkaiserg,2085bb185897cf0e
ooglecom,49baa573f20f7cfe
 Illia P,2ef7c6aa0aa87070
olosukhi,dbc0da679200283a
n  illia,2b8d29b8fd0700ff
polosukh,cc5e7b4856427362
ingmailc,7516b2250b08ba70
om Abstr,78e40f170981ee87
act The ,637b1059af21abc3
dominant,aacbacc5403ec606
 sequenc,607b7ed73d0f5d6d
e transd,8fe71c86712dac7c
uction m,e16f64b0b1654a8f
odels ar,8af089e3f246a20d
e based ,cb4799f558ec204f
on compl,28763b6d7a0643a2
ex recur,8d849b41d28009dc
rent or ,2656a2a2093299c9
convolut,3795eee47354bce1
ional ne,355ae7e6c1a94fb6
ural net,b68ec7862cc8f738
works th,39f70fc084a29f46
at inclu,ba5ce1387c4ee9ad
de an en,0efca119a73fc405
coder an,cf51f90161096dca
d a deco,108cfbf534a392c2
der The ,975718c1d3fd16a1
best per,363d42d48565d026
forming ,18c0ba7db7c80019
models a,bd46897507e3d3f5
lso conn,47e7c85036860419
ect the ,1ab6abe0c394939d
encoder ,fbb3f5105f6d3363
and deco,caebe20ec3cab7e8
der thro,aca669a5b575a4e8
ugh an a,044b2e4a1ecefe84
ttention,9c9185d4277dcdaf
 mechani,a8082febd8e7a125
sm We pr,5d12879b46d96f43
opose a ,8550ae4135194b0b
new simp,2df8a704b34e4b18
le netwo,ba9a32fcc74c9e7d
rk archi,97a6cd45de189ccc
tecture ,4085556c8d217060
the Tran,481cacac2cd43e82
sformer ,69cacb239bd208ef
based so,86f50cd6a94d29ff
lely on ,37c869b8305ce65c
attentio,18e6f80b9daa3b04
n mechan,ffa057c835df0621
isms dis,a71cd59b26d2ad9f
pensing ,b9929cdb60cc9b3f
with rec,ea5595145e869124
urrence ,bd3fb1d16e6f70e3
and conv,3d224170f70ad879
olutions,8aff6839b6c22866
 entirel,789718c936d4980b
y Experi,2a075ab3fc3f7f53
ments on,b381506ed9016e0b
 two mac,05083f8b865f4078
hine tra,9b0ba17d2c556e93
nslation,5f3add43ed75e032
 tasks s,e3bd4f06d41aed1b
how thes,3b007c135ef0ad5b
e models,a61bb147773548d0
 to be s,dc707528d47861a1
uperior ,336cdf4507e1e829
in quali,1a7c577bf7810ed1
ty while,7dbbfb3692f13669
 being m,0e3de079a5199cf6
ore para,ac3a8966782b2a30
llelizab,a9f687f1f9bcd82c
le and r,9b46f7da60df90dd
equiring,28e8eb14f28a534d
 signifi,da825c3740bd8e2a
cantly l,30b62188a538267f
ess time,39fe302c46ca6887
 to trai,60a46a6562793f34
n Our mo,95780054726f0bbc
del achi,17ba87d6e5bfaa64
eves 284,8f078db41ea73b06
 BLEU on,5680278ea1a2e8d7
 the WMT,31473ba8e573da56
 2014 En,480863eabc4fc886
glish to,e00ad3c603f82e8d
German t,af3e7013cdb1da4a
ranslati,dfae54576544e1db
on task ,235bf2cc3079baea
improvin,75d00acd008cefe9
g over t,532e59c5644afad5
he exist,003b36983ec12d88
ing best,829dc523cee56413
 results,ea00a0724b96a9a6
 includi,bc2c8e5e57827797
ng ensem,1dc4391ae3aee4a6
bles by ,491be7f0fbab30c0
over 2 B,3d26cabf21c6924f
LEU On t,97541281c6802067
he WMT 2,361d78208f4dba33
014 Engl,9c53f02532717033
ishtoFre,1a048fa1ce533ec1
nch tran,254ff13aa3c3cc9c
slation ,f3ffa1df8b03e13a
task our,b153594be3888530
 model e,455e417eb258ef40
stablish,b34fd34aab4b66d1
es a new,52d6a07639cd1bc2
 singlem,df0138bcf899121a
odel sta,37e775b6b68faaab
teofthea,668266a06da3393d
rt BLEU ,723f766ebb7080be
score of,6837c32848c2f0bf
 418 aft,48cbc4f93ce8fc59
er train,477fe673ff350800
ing for ,8829bb1a9515903b
35 days ,a9008533888fa160
on eight,efb472e4bc59b90c
 GPUs a ,d92562f48ec49a8d
small fr,2b5b486a983c0ea1
action o,54f8b987683b68dc
f the tr,40b7fc2a0882d04d
aining c,9602a1bc4756de5f
osts of ,081b6f4bf102ac09
the best,4da45d8f4bc97f8a
 models ,738c454087ea0055
from the,4f5adaeb74c36bde
 literat,fba8f92359cefc7f
ure We s,2826643d66837299
how that,df2e186f18e17737
 the Tra,558aaac0176d996e
nsformer,44f879c3affae37f
 general,94e2e33a0c052b82
izes wel,cce8c99b64a5c3f1
l to oth,4f1bf2283c3bbae5
er tasks,b17863962e821cde
 by appl,8fced04102f6c134
ying it ,7a627e628a3785dc
successf,412bed51b2fa0c48
ully to ,dde892e6973b720e
English ,18128076f0348e97
constitu,36a108e7870f07b4
ency par,ec77044e92a88a41
sing bot,74b0f545f024c083
h with l,21dbf3522fa1e7ad
arge and,6815d2154e1947a6
 limited,e355c7bcd37c61e9
 trainin,5b1c0d8b63c1797a
g data E,a2c3543fb8c58490
qual con,04e9dcd5ffd2ecef
tributio,cc6002cfcbd091d6
n Listin,cef52c5aade79591
g order ,fc73cadd279f287d
is rando,7ed5dc228ca81452
m Jakob ,0966e75427f56efd
proposed,2085cc0328d45ad7
 replaci,af37e99db47ee353
ng RNNs ,5e979bca5105dcc5
with sel,982febd4d1c1163d
fattenti,67b251ff482c21d4
on and s,700f273f13164bab
tarted t,ff98a3d0ad8348dd
he effor,491bff298150474a
t to eva,a7c6769c9f635c54
luate th,832771a3ebeaf63f
is idea ,5b55bcd88a5ed01f
Ashish w,3436239003962da8
ith Illi,a9f43081a290cfbf
a design,42abb9123f95287f
ed and i,1c142e561cb784e2
mplement,5f88ba79a5969ecb
ed the f,43404ccabc4cbda8
irst Tra,33179ef483c94359
nsformer,44f879c3affae37f
 models ,738c454087ea0055
and has ,00ecdf94dfba1cbd
been cru,11b6aa7d6557960f
cially i,cfc41323186b2e6e
nvolved ,c11ad5960051d331
in every,b51d250f86db6ea8
 aspect ,65552fddc6f3073f
of this ,57b310b752ebbac8
work Noa,9b061bc458c19226
m propos,13a9cd7fc1d3e098
ed scale,065dd7919c38d703
d dotpro,f37913ae127819ea
duct att,4ce94115f5135912
ention m,5998f317b13b1ff2
ultihead,33a7c31e6bfae097
 attenti,e69ddeeb4dbd63aa
on and t,145a08b19813332a
he param,967bfdb5531bab70
eterfree,27803ec6cdda0598
 positio,15294014d4277b1e
n repres,96e7db4695c4075e
entation,4b2a015f04bd73d2
 and bec,c6b0caeed2b6c12a
ame the ,1e3fed5e2e000c5d
other pe,2109a9017f77b058
rson inv,57b5c6eb2b468c2d
olved in,3113fdb037cbef13
 nearly ,5cec12bc112ce8db
every de,5a8c1d369f0d63d5
tail Nik,ac66ed38db9439d2
i design,1197ded6ece0c127
ed imple,27b874288b5bfc1c
mented t,0308deef3653686f
uned and,69dcba0084e0400b
 evaluat,3504e12ee9e56deb
ed count,727cf9089c4f4e03
less mod,4bcf27ec78d081fb
el varia,8b18ccaa2178b56c
nts in o,b681267c97fac7ab
ur origi,edd1e4b9e506bb0f
nal code,6a809f67b433b380
base and,2a7b9225b774bfcc
 tensor2,ff51187942488fe2
tensor L,a4f07ab0b033aa2f
lion als,2f553eebe6ebc749
o experi,0941dea704dec028
mented w,8dcd3ab752a2ffa6
ith nove,68f0f35e6fe28379
l model ,b6c8d06740c5eb79
variants,9b64a6e290872a81
 was res,dfdd12043129c1bc
ponsible,31ab78090de8e22a
 for our,2a852d99653226d8
 initial,908a3f598fb6e6c0
 codebas,ae62d144dffe14e8
e and ef,ff090017204ba4d7
ficient ,e0c14f2e5be6c577
inferenc,ae7995673dcbe5d6
e and vi,edeb78408e03990b
sualizat,25e7805503789dd7
ions Luk,d6b3578c39217ab4
asz and ,c56cfe51c88de903
Aidan sp,3e5cd4e366ec8f06
ent coun,76e2dcc7fd9b8671
tless lo,aec3876ac46e8caa
ng days ,f8d234d4f21901ed
designin,b03c176596cccc4c
g variou,c4b175ea67d05f02
s parts ,3c933fbf3391c9f8
of and i,5f38ef5215dca934
mplement,5f88ba79a5969ecb
ing tens,a98e3a211ecbb5b8
or2tenso,6ec32d7dbe4da427
r replac,b464d117b8305757
ing our ,df31141ba293c0b1
earlier ,d485945da6147656
codebase,0d0a809d97a9e7d7
 greatly,6ab6d50266124b40
 improvi,b4f20026e4fe3012
ng resul,98b39052b9c91ba1
ts and m,f14cf696eeab52e0
assively,f6fe4ee070234faf
 acceler,40eef61c79cdf7f2
ating ou,b174fef669f43700
r resear,51c3fd4752b399ab
ch Work ,d05a4a89046a0b40
performe,2c89e88807e0187f
d while ,0724b25fe5946a00
at Googl,900b3efb8398fb3a
e Brain ,1754615403c07431
Work per,97b26943c7d5ccde
formed w,2e2f2bfc6c670679
hile at ,fe85c71f3a6d91d8
Google R,1c4fc336ca965083
esearch ,674a720ed36bfad2
31st Con,32e99aea1ad6df65
ference ,0aa096fdbae212d0
on Neura,05712bb1a3750d3c
l Inform,ffda8542e92f893b
ation Pr,70f09c0688a839cd
ocessing,e96164efb2cab9dd
 Systems,8b53fd4c66121643
 NIPS 20,8fd8f7c19ff34c94
17 Long ,163212f42db63a0d
Beach CA,2343bb89cb31f91c
 USAarXi,2cfb520176c5bac7
v1706037,4f433a0c6597963f
62v7  cs,3722edf4d2bf1502
CL  2 Au,325ccb4c8249d257
g 20231 ,9a0ebace7c12a9dc
Introduc,d08eb9d0f75c4f7a
tion Rec,2dcc4d4cee6d2af9
urrent n,db4609b56ee727e0
eural ne,ef48d72756cd6a64
tworks l,f07ebb1dd29215ea
ong shor,d6fe0371152d93f8
tterm me,bf121ed90b86b091
mory  13,e7828d94d8bcddf4
 and gat,a8dbe6507b694265
ed recur,c090a376589bab13
rent  7 ,685e75e24a262c6d
neural n,c74b16c3a5b3afcb
etworks ,4a4104da8a4c1685
in parti,e0faeb38e7927c06
cular ha,563b80fa1d0cc5fe
ve been ,5db9a5c4b1e780ff
firmly e,d745862fc42ecf14
stablish,b34fd34aab4b66d1
ed as st,3de7fec559c38670
ate of t,e30c4b976c8b4742
he art a,7bd0bb73df7fea81
pproache,2286b3cc15f9c963
s in seq,4787e07a9c8fcd40
uence mo,49b93c4ef2365cb3
deling a,8537f8840cb3fdb2
nd trans,e3a9f2490d92ff79
duction ,265172b2d3aeb954
problems,22826b8b8d9ec6b7
 such as,888c5742b2e98de3
 languag,613d8107b6749465
e modeli,57c482aac2187b44
ng and m,46bed4b1c3f6d87d
achine t,5dc459521126502b
ranslati,dfae54576544e1db
on  3525,2ea9d31e836d89c9
 Numerou,40871ee310d06ae9
s effort,ed59d9dc89e69a8e
s have s,d9ce530215175128
ince con,43943aee5201cff4
tinued t,735b9d08d60ae70a
o push t,6be85ffa87d18125
he bound,76d8f21a77ef0e01
aries of,f0d08bf828d2e971
 recurre,b010a585e51c983a
nt langu,888c07129a8756f8
age mode,70e17d1e780372b1
ls and e,5d2e57d78e4eb0da
ncoderde,17303a65c1086a46
coder ar,0742a372bc3148fd
chitectu,a42a531f3a8b2572
res 38 2,0e8cbabc2e358093
4 15 Rec,4bc1630e47f6cfc8
urrent m,c1eeafce0e46898a
odels ty,d25946a23da697f1
pically ,5bcc87a76337f41f
factor c,1e81cb9aaf42de36
omputati,3a18406ea1677290
on along,0af59329dd23599a
 the sym,5a2a301178389935
bol posi,a85396d9b4847e66
tions of,7b1f73482399bd6b
 the inp,19fe233a8a026d91
ut and o,783372ab5656adce
utput se,703e25596aee14d1
quences ,90f82c07f4013a00
Aligning,20ebf36cbbb97c57
 the pos,42ad86e4f91454f0
itions t,73f6c7884738f099
o steps ,1250f177556f7ad3
in compu,af6a69a337d1abfa
tation t,7df61eccb3bd6c50
ime they,ba406f8771283537
 generat,896edd24ea119b69
e a sequ,cb21c8fd8176bd77
ence of ,7019c3d736e3692d
hidden s,5d2dd30fa87704fc
tates ht,2addd53ee8ecc925
 as a fu,08a46e8bbb23910f
nction o,93846416c6364ff4
f the pr,13f7a8416701e110
evious h,f77d8f616af3c65c
idden st,58d561e0b271db5d
ate ht1a,58fafcd6e2f40069
nd the i,77677eb2ec69587a
nput for,369d7831f32600f3
 positio,15294014d4277b1e
n t This,e5c79c82c4578bbe
 inheren,e98e5b5a69b68298
tly sequ,7f8430723b420502
ential n,c10b1d6f24b3f7ca
ature pr,78247d18c9c5f191
ecludes ,bdc544dcdf8cf503
parallel,42743ac4da120f59
ization ,04d7e15c0baa1bda
within t,68efd6bf43fd4998
raining ,ee13d60b2549c0f5
examples,acdc454a4456e268
 which b,01245c2d0c6e27cf
ecomes c,25ee18ebc1dc62b8
ritical ,c618c2996fad5bd3
at longe,d41181bcee307277
r sequen,5d0f477c097446bd
ce lengt,6eb2ff09ea368a49
hs as me,8fcd72ce1b3c2918
mory con,01198d7ff67d3c2f
straints,bb117c9ffab47304
 limit b,1e8abcbe0ce6104b
atching ,7cd2a965c86c8d93
across e,4190e53b3500e895
xamples ,d53f271a352b3352
Recent w,37f1c3eba9bc8503
ork has ,6cc4c63831e535b3
achieved,0af6016cb226c0a2
 signifi,da825c3740bd8e2a
cant imp,c87e7c2fe65d93c2
rovement,9dac9762b82b9abc
s in com,76b7613e89a8cb5d
putation,058482b6cb8308b1
al effic,a2e14490e9fe5bf0
iency th,5e116100ac704268
rough fa,ed62d7fecac7f2c4
ctorizat,978036395e380d55
ion tric,41d669d946812fad
ks  21 a,a1e688769b1dc6e9
nd condi,cc2a4aeea988d104
tional c,d016cc3ad974e972
omputati,3a18406ea1677290
on  32 w,ca35d0d032bf6e0e
hile als,6403242aa7212c34
o improv,b57f5caf1159d591
ing mode,aabb5795d67f2ff9
l perfor,b4a13d4b4cfa642e
mance in,647aa80ea2bdd3ae
 case of,041dcc4ad16934b6
 the lat,c8c8619a15666ee4
ter The ,6d0010afcd3dedd9
fundamen,46cc19601b5bf45a
tal cons,21bd0051e6121f7b
traint o,7bea53864e38c3af
f sequen,bb9276793ff74671
tial com,db23aaa118bd2444
putation,058482b6cb8308b1
 however,37ccd4ec2929fc99
 remains,fd97869c39ec9416
 Attenti,7f216500e76c3ec1
on mecha,13657bdec33745c2
nisms ha,a2969b6f82426a0e
ve becom,1b842b5cb9feddc9
e an int,5f8d1648822a3a5b
egral pa,aab53f1a0d5e3f14
rt of co,7d1f3025b22f7b44
mpelling,346b830422d38bec
 sequenc,607b7ed73d0f5d6d
e modeli,57c482aac2187b44
ng and t,96d51673f82687ec
ransduc ,f5339a1ad0122d78
tion mod,a60ffb3b956156e1
els in v,818982603c1031f1
arious t,7d20b7cac0b8f351
asks all,e65284831c894c7d
owing mo,f1463c08a3bfd144
deling o,b77d4e64dd08245f
f depend,10a713d17f746ce4
encies w,f457b62cc73dda59
ithout r,9e557bf7f91360b2
egard to,561ac5b356f84b3d
 their d,a8538e01729c3e33
istance ,9eb3a938b09acb04
in the i,be1812dec9488662
nput or ,e6b07484970e87d2
output s,68caad8b8cc6eb24
equences,5b3800113fa61436
  219 In,f50dbc4bdf46bb3a
 all but,5c46ef77036845d0
 a few c,e5a350230f9cf3ab
ases  27,5e39fb87b8cfa70a
 however,37ccd4ec2929fc99
 such at,53b16f8d0f5fe922
tention ,3e49f1f6e2bbb76f
mechanis,cf99871cabb4c406
ms are u,3b01d88ef8dec9e4
sed in c,3bd5f58c8ef10426
onjuncti,644b8a3bdda41b93
on with ,08d4c046596136c4
a recurr,3a605a5b60faf59d
ent netw,01bc13951a54a62e
ork In t,be93fb19ba20540f
his work,344c90db381f5d0a
 we prop,47f1a474c6018730
ose the ,e3f12b1ff2a1d8e6
Transfor,7c9b1301251b9125
mer a mo,eee9d2072f4b6544
del arch,8729ed502de298b1
itecture,beecbb01569f67ed
 eschewi,c88d9ae4a8f82efc
ng recur,a340bb5d01e365a5
rence an,00a3716d0c942851
d instea,3a28a7b444002f79
d relyin,3cd5100b37d10ed5
g entire,58ff368c452c6539
ly on an,a4c5d4b0b8112096
 attenti,e69ddeeb4dbd63aa
on mecha,13657bdec33745c2
nism to ,8dcfba11cb9fc210
draw glo,a73f9b49a075c11d
bal depe,8a7a8f4a46e129d6
ndencies,d5ff396e3166cbab
 between,ae97dc321897b2fa
 input a,b783e70db774167e
nd outpu,e0b042eeff3f8d57
t The Tr,6c1993bbfd0bbf32
ansforme,e11012f0ef2255f3
r allows,ce7609e1eb1f7dc3
 for sig,e25782014f1f5a0e
nificant,bb182008598a082a
ly more ,a67dca7c339b3778
parallel,42743ac4da120f59
ization ,04d7e15c0baa1bda
and can ,2b43cc5366089437
reach a ,b625c84f2364fcc7
new stat,dd76ce565dda292d
e of the,231b9d15e176649f
 art in ,f65f833dfd8ff9a3
translat,8c04e612c136a59d
ion qual,fff48760dd0daba5
ity afte,04d49fd92a4550cb
r being ,9587c094047a0a18
trained ,e379f1f83611a03b
for as l,07c05bba9616c865
ittle as,91c5b35626ac8a74
 twelve ,f850590048b09518
hours on,3f95d08476a3b33f
 eight P,569edcc57a6e2ade
100 GPUs,6101fe6fc7592949
 2 Backg,ddbd4511b4d73e81
round Th,5783767c3d4587f1
e goal o,50f4d798ba0d4ecd
f reduci,d71e66b397c25f36
ng seque,21fd27b20517bb1d
ntial co,2c776c3d2fbc6438
mputatio,772a4b8032e8d375
n also f,08fa285917ba64ae
orms the,925d5c1963210482
 foundat,890ac19940eec092
ion of t,2e3cf5a0b1f2410b
he Exten,b4c17ef5c662aa87
ded Neur,3fd680d1adedb8a2
al GPU 1,eba0e073c161c155
6 ByteNe,fb694713ce9c7acb
t  18 an,bde5cef5f4a1da01
d ConvS2,9ccdf33576fcb2ce
S  9 all,a7b02b1e2e17f5f5
 of whic,0da54cee74503a14
h use co,338bebdb6afa9d0c
nvolutio,956f239a7e75d6ea
nal neur,5f6fe5c433244db6
al netwo,3b51c63cc8f52027
rks as b,a0c552c59f9e1894
asic bui,c56da92b04bb76f5
lding bl,ad1e73d4985bff30
ock comp,d28268bcce56dd0e
uting hi,c882dd624f544492
dden rep,54c15b756c8d2d14
resentat,750bf636871c257a
ions in ,207a1a725390d36e
parallel,42743ac4da120f59
 for all,49b7cb4cccc503a4
 input a,b783e70db774167e
nd outpu,e0b042eeff3f8d57
t positi,29be6e0b359be756
ons In t,b2e211f6ca5bfd21
hese mod,2973111227463804
els the ,69981e0e231ef868
number o,1f436328ce054965
f operat,8fd107925a1ba96d
ions req,1e8be8a8a0ada9b4
uired to,b5a1b1780ae90c59
 relate ,6c17874044449239
signals ,ab488a6e93d0018b
from two,afa51c90584dea3f
 arbitra,8ff29e90d35ff334
ry input,6abd17f1d7dad366
 or outp,e804f7c3947696c1
ut posit,99517a94fec0ac27
ions gro,0abb84d359c9b4ea
ws in th,ade870ea1aee2fd2
e distan,cebe7b8851fb3f20
ce betwe,d32e1793c96f6773
en posit,4eb3c9c807afd865
ions lin,5006528d8c359364
early fo,d2d045a6e036d294
r ConvS2,a28cd41bbec47ee9
S and lo,3ece98f7005963f3
garithmi,f03dc11c724b8828
cally fo,15d22a43dc57d871
r ByteNe,0470498155937438
t This m,ba8284a56f73407f
akes it ,397f55e116456346
more dif,84f93b23d7a0d262
ficult t,0a7b1c741f92de91
o learn ,e8d4b5c8966971f9
dependen,e5d55f039110d239
cies bet,f2ebd286ca251687
ween dis,311aeace48fbafdd
tant pos,2491855cc63295f5
itions  ,a38f5dbc9f0d0d67
12 In th,b91071d04f26ba3d
e Transf,77e750409c25af71
ormer th,fb6afbdd371a266f
is is re,58782f630073fad2
duced to,2a6b9f4f417d8b2b
 a const,5df868717f7ad0bf
ant numb,171ac2df4ddd70fb
er of op,862dfe2d8a93fe71
erations,993855721bd042d8
 albeit ,cba27bd471892afc
at the c,099bde4fdc71a7b3
ost of r,30732dc23c4c69dc
educed e,9f43929aa30f2adf
ffective,dab8edf2ff8d2667
 resolut,02b3401c99d352a1
ion due ,30a65477e8dd424a
to avera,dff255eaafa22b0d
ging att,b7e931ba8d8c017e
entionwe,f5975593d962100f
ighted p,cc5c2950dea6c52c
ositions,ab2b7fbfa6f65a63
 an effe,5984c5bec9b75268
ct we co,b8ee320cdcc3bc49
unteract,c2c55c5d73a6287b
 with Mu,1749d4c35d3dcbbf
ltiHead ,ff6a6d4714ddfcca
Attentio,efdddff680e86608
n as des,7eaaf453a8188969
cribed i,20307e134f9db4d0
n sectio,c4111da51a8cadb3
n 32 Sel,ebe37e304debfffe
fattenti,67b251ff482c21d4
on somet,5cfeb02e96d521e8
imes cal,7426cf62be9ce809
led intr,94a0ef55d1b15285
aattenti,d590ae7ec7c80208
on is an,d95912a6fea6016a
 attenti,e69ddeeb4dbd63aa
on mecha,13657bdec33745c2
nism rel,4960e78cd57da042
ating di,7ac55bb21be6a1a9
fferent ,40ea6a48dd1ddc5d
position,b6bd7883056084c0
s of a s,5ff580a9a25962d1
ingle se,2bd3699ff8948ab0
quence i,6af00b099765dd1b
n order ,3a371002d32a1cf5
to compu,5725417dba722601
te a rep,a9254fa91605c394
resentat,750bf636871c257a
ion of t,2e3cf5a0b1f2410b
he seque,463098f45cec326f
nce Self,b1ce422d0350673f
attentio,18e6f80b9daa3b04
n has be,6e8958f423818e56
en used ,11144fb29921528b
successf,412bed51b2fa0c48
ully in ,90678331be6f3c2b
a variet,8a4acd1d6d16c681
y of tas,f6fa1d117996623c
ks inclu,717ab3d885612806
ding rea,3f0c6873fe308ffe
ding com,5dfad488df07966c
prehensi,e7039da8be9197f3
on abstr,b4da9858677da34d
active s,39227d48665af63c
ummariza,c6cdb3abd6516d4b
tion tex,6be4e5220aa0a2e1
tual ent,64161dedea218f95
ailment ,71c2199223365a68
and lear,19c2c7dc428bd289
ning tas,f56033426b46e11d
kindepen,8349514f500b35b8
dent sen,52e65c7339979d84
tence re,ad394d2405a2b4c3
presenta,e9e210eff0502cbf
tions 4 ,83f8c9d7d4ae57da
27 28 22,e6fad5c9c213d085
 Endtoen,bc62593f7145fed6
d memory,1e6ad6d1223dcb72
 network,10034ab8eac01e66
s are ba,de3dcb24401ed96a
sed on a,692e4037e2501b7d
 recurre,b010a585e51c983a
nt atten,6d12e585f794901e
tion mec,f007878bd836f35e
hanism i,3d42442c4a0a8ecf
nstead o,3cc75a198d4fc974
f sequen,bb9276793ff74671
ce align,e4340ab4ab7683d7
ed recur,c090a376589bab13
rence an,00a3716d0c942851
d have b,49c30e7fabbfdbcd
een show,3dd24aa349c8206e
n to per,742de95b8e977f8c
form wel,a1b31ae673d82510
l on sim,f5fc9c75f377c9ba
plelangu,8d1f653174b6dadc
age ques,54e6c380889b02b5
tion ans,e8e7538dafe7c734
wering a,7d26325f97f90da8
nd langu,d8b0f964dfeb3635
age mode,70e17d1e780372b1
ling tas,c88e98b5428dbe19
ks 34 To,bb37ef6594b53b92
 the bes,2921dfa5cf16dcee
t of our,1484b334dd049e3b
 knowled,0890c37ecaaadf8e
ge howev,b6c2094389bfa1c7
er the T,044cd5497db8570a
ransform,6e4cb692e6954ad9
er is th,ddf02d66e32b2b89
e first ,7ef82cf8910e8159
transduc,98672f0ae08782fd
tion mod,a60ffb3b956156e1
el relyi,221a954c9b7fb96a
ng entir,409dca91d6552dc6
ely on s,05da9b6d5032e06e
elfatten,6ea2c0975f8a4f16
tion to ,0a3e03337d3a7f96
compute ,05e349add6c4c564
represen,a24f69d9eeccd368
tations ,2470f6ee4aa8e653
of its i,e94fd1781597fbc4
nput and,d0150793730e048d
 output ,1e625f7548d521d9
without ,b9fcf81ca1d87871
using se,70d88c574d13c8c0
quence a,43ca13a38ba0eaf6
ligned R,96c9d89a94e62bb1
NNs or c,58b8362edd00c96f
onvoluti,e0b05d308705d7b5
on In th,bd560e761d1f74a5
e follow,375d6af05c60ac12
ing sect,df432abe2363a788
ions we ,dca95f45b3cbead7
will des,7b8172c9720fc282
cribe th,b34d15aeb663a316
e Transf,77e750409c25af71
ormer mo,4f85f5ccd95a237b
tivate s,739c03e7c54c48a8
elfatten,6ea2c0975f8a4f16
tion and,ffc4245d8cb419d9
 discuss,d754cac30694c3b7
 its adv,13e545cf045a7fe2
antages ,90e6ea1e85ff0183
over mod,0d86ce87133de956
els such,6a01ed50f0d8c3bb
 as 17 1,b17f6c52ec29f8a8
8 and 9 ,8a14156d19d9995b
3 Model ,8784c77d575016b9
Architec,506dedc9ac53a58d
ture Mos,5fe15d507b34b456
t compet,2c6d113c0cb177dd
itive ne,6d2084fbb7293232
ural seq,768d3f3b93219562
uence tr,53527970d88505fd
ansducti,aafafe8abef58926
on model,839a8f5a29550ab1
s have a,40a549e987759143
n encode,076cf08a8688822c
rdecoder,e65df519c4d8b8b7
 structu,deb8cd25a128b61e
re  5235,a688f583b38ae8dc
 Here th,4f8524a8734f2a13
e encode,b3ce7c13a0e27e36
r maps a,f624e154559b15fe
n input ,e73bf58daee09af1
sequence,b789dc4e6c72a9e3
 of symb,fd66b407488ad25e
ol repre,221f1a6faefcb35d
sentatio,01f38b4cd8ad2306
ns x1  x,60e4a73c3e0b84c1
 nto a s,06e1efa96db0c347
equence ,c978a9634976b90f
of conti,8e5e2f37a892641c
nuous re,0803f75609fdbf2f
presenta,e9e210eff0502cbf
tions z ,cb2d15324246e4d8
z1  z n ,858cab88d239fcac
Given z ,05e4fa2908717cd3
the deco,e0adc172227560b2
der then,a50912d8bbb47976
 generat,896edd24ea119b69
es an ou,9ae6084c5c8cea23
tput seq,c6ae259e5d37bde7
uence y1,af7cc869871c04b9
  y mof ,9caf0c207ea5ceb3
symbols ,34dfcd4f8ee8edef
one elem,1275b43a496d5cad
ent at a,50bc310b55390f1f
 time At,a06b5293f32ae7f7
 each st,da6800c6d354dbda
ep the m,53e6b4cc8b2f4ef8
odel is ,4e5150ba19884abe
autoregr,6e38513c5d28b6f4
essive 1,84c58d93b2f13767
0 consum,80dd84a7491ac9c3
ing the ,a3f39101a51d107f
previous,23dbb3f87bc7d2b0
ly gener,26f7f817de14ac40
ated sym,cc7fa30b05133d53
bols as ,d52df637d3634409
addition,a4c6353f3c4eb3d2
al input,34df2ed08e8b58fb
 when ge,47ff2c8951bf537e
nerating,17e16ab5dea8ca66
 the nex,4400a3edf28b30cf
t 2Figur,63c186b2630c1533
e 1 The ,9b775817b884598e
Transfor,7c9b1301251b9125
mer  mod,4fcf0804670a0260
el archi,812d168ad38f0c21
tecture ,4085556c8d217060
The Tran,df43accc0ebef3cb
sformer ,69cacb239bd208ef
follows ,7a19cd67bb2f0234
this ove,bb19dedc92336ab6
rall arc,072cd057ff9b6a25
hitectur,4a7d919f951f8b0a
e using ,54a0485cd7b41326
stacked ,02a9b5ee37602719
selfatte,8f607a3232cc2b23
ntion an,4ff5d869ce94b21d
d pointw,d58985b88b1a36dd
ise full,e99f6f32f383b6b5
y connec,3edbecb7657a3cd4
ted laye,c79cd7f14cfc8e5a
rs for b,d944fad627afe2d2
oth the ,34774a4882a603ef
encoder ,fbb3f5105f6d3363
and deco,caebe20ec3cab7e8
der show,ce7146f5212189de
n in the,12075a4118719dc6
 left an,6e61edfe33caed78
d right ,9114da8b1d5bf84d
halves o,24e061a528813fcd
f Figure,7b08ff99c80e2e7a
 1 respe,5c4d3414b515bc3a
ctively ,627628859b58cbb1
31 Encod,94c5b7c71e456d61
er and D,798763b397a4e88d
ecoder S,4560b9e72a6838ee
tacks En,74f1efb5a07e6fe5
coder Th,c055fa7d0255a106
e encode,b3ce7c13a0e27e36
r is com,28d1fef9c15728fd
posed of,9dca5df4e119708a
 a stack,556cfcf29ca093ce
 of N 6 ,5ad4530a377ce4df
identica,8e121006b7d0ed2d
l layers,40bc3bb88b13fee3
 Each la,279ff1918a2e6f24
yer has ,428d410a986b63b2
two subl,528ca23ab9ad078f
ayers Th,5822dc939f66ea76
e first ,7ef82cf8910e8159
is a mul,854304db843cae2c
tihead s,50881ebd8dd815f5
elfatten,6ea2c0975f8a4f16
tion mec,f007878bd836f35e
hanism a,8c0cf34fb15469df
nd the s,65bd426deb9960e1
econd is,d773d7b3e223828e
 a simpl,08d6e758baf5bbfa
e positi,4e36d72596306994
on wise ,64bd6c8e35a88d36
fully co,5e3db8c77ba5238c
nnected ,0766c95fa9824252
feedforw,445e3f3c54fcd6c0
ard netw,ddb00a6df7f118ff
ork We e,8eaded23307dc688
mploy a ,0f5dcad03393c44f
residual,068fa22ba8e92e0d
 connect,185c69b76fa35032
ion  11 ,40d90447734a4ff1
around e,9230c691584d16a5
ach of t,5c665b588349162a
he two s,0b3481de8d3172a6
ublayers,40700651a6944e4e
 followe,30f5ac7020ef2331
d by lay,e4028062e71821bd
er norma,aceed36024820c66
lization,6a79fb1557f755a3
  1 That,25d0976f78019a57
 is the ,8c08b374bed4a401
output o,bb2730ee5c6e866e
f each s,7f1dd9ae64cf5a62
ublayer ,0eda02c5fcb7d4b4
is Layer,53edc12ca63d6628
Norm x S,cba1a838985a29eb
ublayer ,0eda02c5fcb7d4b4
x where ,64015ec83dbb689e
Sublayer,2139e94de5ba69d1
 xis the,c7b8995e5fa240f5
 functio,1a6da6d234377644
n implem,d99bcb0d3c6bd50b
ented by,8b234efa99062bf1
 the sub,8e1f8b313a2e259a
layer it,a8a58e5bed796c0f
self To ,efdbd871f701eaff
facilita,43635cd8c6ccf563
te these,829077984751f149
 residua,e564487096c45198
l connec,e7d606fa9b6ea3b2
tions al,ba5984b29ad4dcaf
l sublay,21ff3d6fe98d330a
ers in t,e5a1b74b4e5bdc81
he model,b5081546f023e61d
 as well,98118f897c09b8c3
 as the ,4d99ff882f3aeb4b
embeddin,8ec724f99fd6af61
g layers,6ab304bef8d4fdca
 produce,f4bc50615e4b963c
 outputs,c11af4f60e763c81
 of dime,7b1f94f7e577dd51
nsion dm,da5e717e71036b2d
odel  51,d742390d3d30181b
2  Decod,7fdee1f8c9611199
er The d,375e843309f143f5
ecoder i,0c73a3f0d9c2f484
s also c,8c9eb4c4df4f34b4
omposed ,0ac1df08e7e6d7da
of a sta,cfa97237e5ce3b51
ck of N ,aba700f8810ae175
6identic,a2784c40a8a20e42
al layer,873e6d0a8713fae8
s In add,668ab36e3025edab
ition to,d09f6ea7f6aa53f3
 the two,f8a6186c4f14c871
 sublaye,8286a7a8eba564fc
rs in ea,a46df4acdbe2436a
ch encod,ec2e46298acf20b7
er layer,b79df92eec8abf1b
 the dec,cea47a154ae1f4b1
oder ins,a9d7c61a18ac6084
erts a t,1a3c31f1269ebd7f
hird sub,d91dc8e056ddf0ca
layer wh,683588311ae8dfe8
ich perf,76fb00dcd319544d
orms mul,627d01ef273212c6
tihead a,c5b4f2f53c6196ff
ttention,9c9185d4277dcdaf
 over th,d1d6f4c54e861f44
e output,e3ef496305fc8b16
 of the ,0da199b8dd8ad90f
encoder ,fbb3f5105f6d3363
stack Si,734243ee4a602939
milar to,dc4537df48b5fe75
 the enc,883f8fc7f50141e0
oder we ,6855caae14c9bfd9
employ r,2fbd33589a2b69a3
esidual ,b77ac27fbb28312e
connecti,7b1c423adad0fb5e
ons arou,5af0b288cd5d0af8
nd each ,15ab88408ffeb522
of the s,4f0a7dbe6b445e50
ublayers,40700651a6944e4e
 followe,30f5ac7020ef2331
d by lay,e4028062e71821bd
er norma,aceed36024820c66
lization,6a79fb1557f755a3
 We also,969e580afc50654a
 modify ,997f4075b5779ac2
the self,a11c4f4bd0254b02
attentio,18e6f80b9daa3b04
n sublay,8048d10e66c51475
er in th,31b5482c331cbb95
e decode,765fa83e1cedf945
r stack ,d5e8065b3149abb3
to preve,744bd5e1f98d88e4
nt posit,4a583b6bebf50f04
ions fro,cb5687ff7a785441
m attend,e8b254b6b52c4767
ing to s,524a2abb91fb0098
ubsequen,e619f6d0a73b0605
t positi,29be6e0b359be756
ons This,8dcc4150a1155862
 masking,dcedf57497a21f67
 combine,1a7078c5820a2971
d with f,85f409715dd62266
act that,f0c43c86c77721ca
 the out,85275b184a4e4de9
put embe,48f129eb6d383967
ddings a,85cfeabc295a40ac
re offse,861ab2c39fb3a009
t by one,fee7992875b26191
 positio,15294014d4277b1e
n ensure,3ff89c2ff1e33f11
s that t,eb7dfe0210b39cdb
he predi,50bb80b238a8ae5a
ctions f,9a3cf2cbf758bfe7
or posit,38d5377cb4e8a2a7
ion ican,743cb448bfdbeada
 depend ,c4a266f04c4909d2
only on ,2cf61ee0685533a9
the know,65116e2394bd99a8
n output,d99257fe5a00f643
s at pos,685cbd9ad3205c39
itions l,a283448b5c7f36b6
ess than,3b45f88c704dd062
 i 32 At,1175a32443f1fe29
tention ,3e49f1f6e2bbb76f
An atten,54ab92193faa49b8
tion fun,989f4e3976ff1b0e
ction ca,fb8c7f447355d788
n be des,76761cab4eedb37a
cribed a,c0d9af1d070011d1
s mappin,6f0547c638f7682f
g a quer,df11ecb415fee1d4
y and a ,1cb0a5d0a12c0785
set of k,d940db0a756cfcf0
eyvalue ,77667c34568886c2
pairs to,6a50eedc3ab8d9dd
 an outp,e8ed088b4c8564ec
ut where,82bfc85998744aa4
 the que,37c003a2baa2c1cb
ry keys ,c40785f3a78153fe
values a,d1d5981c20e6713c
nd outpu,e0b042eeff3f8d57
t are al,33cc2b28a042b124
l vector,e132882c6591aaf1
s The ou,3d0072678f019aa9
tput is ,37a1ad5d4aeb6105
computed,46a22e11a8b61170
 as a we,85dd09340ad29bff
ighted s,3d7d2e6a816c44ba
um 3Scal,be6323bc02399b2e
ed DotPr,2335da1128890623
oduct At,5810b8477f0d16bd
tention ,3e49f1f6e2bbb76f
 MultiHe,c5da81ad367b6756
ad Atten,c927e0f5d419880a
tion Fig,3d87710854684afa
ure 2 le,7067b42085e137cc
ft Scale,2675f395fcadab1d
d DotPro,757e2029cf89f381
duct Att,215f2122d81ff453
ention r,a4f600ad95a45181
ight Mul,e86c89e7f68dd0de
tiHead A,c85fb6448fa737d9
ttention,9c9185d4277dcdaf
 consist,d54c4492abe5daf6
s of sev,3420bba152646b3e
eral att,51fc4bf7c6c17fd6
ention l,3f8c18a4f999886e
ayers ru,1442abaf1b73fdc3
nning in,6d82228793ca9cc1
 paralle,0ce25d72f6ad047b
l of the,d1b19e4bdac6f128
 values ,35fc8fffeb8412be
where th,a3b8c6e363ca7f0d
e weight,18b465a66f423311
 assigne,eba620b17e3d5c41
d to eac,06ce18ac9d076fd5
h value ,032e0e0e4a1d0cf4
is compu,93953b1e24b4152a
ted by a,2df87f6225ae66db
 compati,8191b82f4b69c7ff
bility f,02859f8f9d6c891c
unction ,ed3536a89535dd9d
of the q,77603bd54e64ede3
uery wit,0391d1159cc909d0
h the co,61a1b0c6f4bd9faa
rrespond,841780192ddd22ae
ing key ,e12617f5c0bcab5c
321 Scal,aa8d64997ab74412
ed DotPr,2335da1128890623
oduct At,5810b8477f0d16bd
tention ,3e49f1f6e2bbb76f
We call ,9a7f96e057983cf1
our part,d7fa318454759ec7
icular a,cc87bb64135f62c2
ttention,9c9185d4277dcdaf
 Scaled ,947b6ea76ce80cbb
DotProdu,71ba837a18ba1eaa
ct Atten,eb511132125336c5
tion Fig,3d87710854684afa
ure 2 Th,a6a87b31171f8fcb
e input ,e7b9c2216e1eac47
consists,ec4bf44d93dd588f
 of quer,cb91cf2f5a232c3c
ies and ,a86bca7ceac220f4
keys of ,bf7619d850c70785
dimensio,cf948eb35bb5e887
n dk and,8143e7b2b475f15e
 values ,35fc8fffeb8412be
of dimen,9e3a365b009349b0
sion dv ,09637c4a449e909d
We compu,bedd7f66e0520fd8
te the d,f5a5421dbd37b602
ot produ,f29c4e59b2d8af2d
cts of t,ce6e21e5aa8b15ee
he query,aa5ba03b628c2331
 with al,749d602beddbc869
l keys d,e9dc509795575f8f
ivide ea,89170bf2d68175ca
ch bydk ,d63d76e8f3ed4fd8
and appl,662a8b23dfc38966
y a soft,3ff19034ea959b1d
max func,50c433c69fe8d2f4
tion to ,0a3e03337d3a7f96
obtain t,bcd9bc9c0135a13f
he weigh,a21cc96c4a7677ab
ts on th,989a9afac7381e93
e values,a52547abc6a903ef
 In prac,76f742632776e5f3
tice we ,358a1770f0e95f7e
compute ,05e349add6c4c564
the atte,d151233313a615f8
ntion fu,fbfeb999169e6e60
nction o,93846416c6364ff4
n a set ,e0bd5f480cfd8a82
of queri,fda494308bbabfd6
es simul,771a3e50990d7013
taneousl,59135dcfc8ae531e
y packed,b7c754a6ecdb9f98
 togethe,a96c83e3794466a6
r into a,c8bbd9993e73e20f
 matrix ,e1886fade78d771b
Q The ke,a7b8c088414577ae
ys and v,34f9ba10b2fb205f
alues ar,2e9f5fa4f14deae6
e also p,067076d1586f8c19
acked to,84b256de3357be0c
gether i,5b8b878a9d91bf21
nto matr,5192e68fbe25ed19
ices Kan,b8703367847b3d8b
dV We co,d1a7d3fc9487ea30
mpute th,e9c7ed659d2e1ab5
e matrix,998db680f01904f0
 of outp,4ad7bb691c1a5be4
uts as A,fd1aadb9c564e4af
ttention,9c9185d4277dcdaf
 Q K V  ,ee55cd0fdf7b4880
 softmax,abc8f655849a26e8
QKT dkV ,d8827df04bd77aef
1 The tw,8a65d7127695fe89
o most c,75d7a755c9137627
ommonly ,6ff08d2686ccc1ac
used att,7af72ad9c3955f09
ention f,8f8af922f3c243f7
unctions,df1b4c847f9e0bfe
 are add,8e697382788d728d
itive at,75eb2f5ae5220eec
tention ,3e49f1f6e2bbb76f
 2 and d,d65d8d9355b40607
otproduc,1e300f18dadec4d9
t multi ,0b0cba47724efcbb
plicativ,6f10179eb96cec15
e attent,16e3a62ad155b3d5
ion Dotp,a632afb0865c9c57
roduct a,79cd6a9178ad2ec5
ttention,9c9185d4277dcdaf
 is iden,a0d5381901dd63f8
tical to,ce4f15c9924c00c7
 our alg,b1c7229d486cf555
orithm e,0def618e28a7acef
xcept fo,e8b506b3c56c972d
r the sc,695aec4937dde39c
aling fa,193eef4a9541e1c1
ctor of1,02490a2a32409dcb
dk Addit,840956b5496ba558
ive atte,2aa6d80424b1a559
ntion co,ce2ed91413d06d75
mputes t,8dc2ce166412b702
he compa,2606d48578bf0017
tibility,4e9df77c79089723
 functio,1a6da6d234377644
n using ,f0f4d8a1160ace49
a feedfo,1f249898e047d0a7
rward ne,082066faa2c97dc6
twork wi,7cee77d7d51118ca
th a sin,0252088b590bfeae
gle hidd,32a8d0bde0508e93
en layer,86f5b8fbc34754ae
 While t,292ec2701fd1b3b2
he two a,2d2758c0bdc82103
re simil,6ad9fd028e367f0b
ar in th,66327251106f877a
eoretica,42c41b48c24451f5
l comple,6c73a759c353f64f
xity dot,68e2205367a9c3a0
product ,712f174265bb1c98
attentio,18e6f80b9daa3b04
n is muc,7e0bc3f05c5c2a89
h faster,95a148da31f6a21a
 and mor,d4261a9389d2d5fc
e spacee,8123db1670559fc7
fficient,72b85702d0f3a67e
 in prac,e5642b2e19f1aaef
tice sin,6110f205d323d84e
ce it ca,b0479a07946c58c0
n be imp,9357c20e2e932de0
lemented,3d1863d04e30e2c0
 using h,50ce714bc4aeaa72
ighly op,e43e69bacc2f2040
timized ,24418fee7b2954be
matrix m,299c37e1bda17443
ultiplic,34c2b20c9ef432e4
ation co,52246e77726c1d93
de While,98e6c60447d79b6d
 for sma,88e4379daf384440
ll value,e76c53025d679e73
s of dkt,c137b35c218b865f
he two m,cfa305bb9f6af0b6
echanism,8da9070dbc0d6d17
s perfor,4b2e682aaa1bfa32
m simila,f9d56b266212babb
rly addi,bcf157b39cdc326d
tive att,c3c5c6703f6111ce
ention o,90374562724e1cf5
utperfor,b4a9d06359376482
ms dot p,a0ede1a3f5f63584
roduct a,79cd6a9178ad2ec5
ttention,9c9185d4277dcdaf
 without,71d4416bcc770e33
 scaling,1bdcf086c271f54d
 for lar,263d5e0c2fde0c14
ger valu,eae19a9cfbe854e4
es of dk,9890bdd6448a6b1a
3 We sus,cc173f50f9311889
pect tha,91ae57d0394a55da
t for la,06907c068703cf5b
rge valu,50860c79c0a79b7e
es of dk,9890bdd6448a6b1a
 the dot,d25dc2fefaabc7e2
 product,17ace32d575a72e8
s grow l,96862430463c8137
arge in ,4f3d5441cfd6b08a
magnitud,8212555352db547e
e pushin,81a568a61e153504
g the so,734e8e1f357bf25b
ftmax fu,2925547b4da39cfa
nction i,7ed50d50365e6b9b
nto regi,5959939e23b9a0ca
ons wher,4c82ae946b99a1ef
e it has,77a2b6d63713c39b
 extreme,ac7747550e22ed77
ly small,26e05459d09d5c89
 gradien,62bba1a07300762a
ts4 To c,f2031cac228584a8
ounterac,984c8e6990773888
t this e,8bb51f0b55cf0be3
ffect we,a260e58a9ddfdee8
 scale t,4105ee94042a55ed
he dot p,d92443eff12dc34c
roducts ,f716813c1ef1e9de
by1dk 32,e83c4efb151bd8ed
2 MultiH,20438fac2fcea98c
ead Atte,71205d4115526a6b
ntion In,39017b0259dced6d
stead of,6234845f9558955b
 perform,c57f719daeb3a743
ing a si,47cd55c42c879e09
ngle att,ea689b2f73da7ab7
ention f,8f8af922f3c243f7
unction ,ed3536a89535dd9d
with dmo,4eb1353d77a185cb
deldimen,c4f276716e237e1d
sional k,7644b6d62049be24
eys valu,faa2e43e3bafa09a
es and q,875644128b9ff71e
ueries w,9848d2a89ebcde60
e found ,a33abd98af6eb2af
it benef,77d4407cd504986f
icial to,96f8a5d6efa8b945
 linearl,9755d0f3b9a6a30b
y projec,9565830b14e1ef08
t the qu,e2e791e90d31a29c
eries ke,9b652b0cd9fedf44
ys and v,34f9ba10b2fb205f
alues ht,bbb2a2f89f22f7f5
imes wit,580e649b6d8d3121
h differ,8b780922a0e04e2d
ent lear,778c4866c35d36b5
ned line,860a003878444b54
ar proje,15ebbb0a3160ea63
ctions t,4ee3075ec6aba595
o dkdkan,5a18bb7f68d4b09a
ddvdimen,1527e5ae1dae8d0f
sions re,6846eb9cff60c188
spective,3a2f9cd5e91be4e9
ly On ea,8852813170363311
ch of th,72da1002c90c406f
ese proj,96608f915ac8ae48
ected ve,2a66d77c16331d82
rsions o,2314ef29b8b060ab
f querie,5e8e9c0ba38a0c1a
s keys a,54ebc0035aec3c33
nd value,255254981582918f
s we the,0c5c7b17de26a9fe
n perfor,47d5e5b64b90b226
m the at,3c3313f9f8b2d343
tention ,3e49f1f6e2bbb76f
function,33877cb62618c91e
 in para,4b318e57e5c84b1b
llel yie,7af986cd4945a6c5
lding dv,2043075b3b054781
dimensio,cf948eb35bb5e887
nal 4To ,7a4a6800a527aa12
illustra,ad5dd1e2a1cfe36a
te why t,7d8d079f83c59b5a
he dot p,d92443eff12dc34c
roducts ,f716813c1ef1e9de
get larg,0673705d998e2145
e assume,8d0379656fb293b0
 that th,5d1e767fdf305a8e
e compon,e02e40b6596a5cb7
ents of ,c9761ce918fffd67
qandkare,a12208037dfd4608
 indepen,6f3f3bd1000a70e9
dent ran,dbcebc9395b2c568
dom vari,39e051636859a105
ables wi,c2d045f6327b1bef
th mean ,79196d8c1619f45a
0and var,f3524c49b2c552cd
iance 1 ,94c7331b1d1c906b
Then the,81bfa87c14022d6e
ir dot p,453443a3b94d0ab7
roduct q,fd43a7dba5618c82
kPdk i1q,256ca544e5575bf7
iki has ,32928dd540b574cc
mean 0an,f8f11157057c24df
d varian,4ec9649cebf5d474
ce dk 4o,98819720f6e28c4e
utput va,57f66e81581a2c7d
lues The,cdfd6ddf95ed89cf
se are c,6f12155fa1b85fbc
oncatena,25efd2a634bc7293
ted and ,df74c47981caf46c
once aga,960ef12d7000e1b9
in proje,baf68ba236e2fd5d
cted res,80b0e16d3272f7f8
ulting i,32e7addb5c2e0743
n the fi,f61690a757207fe6
nal valu,12acb4bbe5c32651
es as de,1330925311aab072
picted i,6360ab9ade2ddd0b
n Figure,238dd5fe91a5d0f6
 2 Multi,7003b5e9d498647e
head att,af280a9669a1c09c
ention a,eefbc28b0f758310
llows th,e1e701024cd0a640
e model ,d4b70969f7389461
to joint,7396bcca2be97a83
ly atten,edf2804608fb26b0
d to inf,a1e462a3f8fee3f7
ormation,583f0da065191650
 from di,cc0996f7a4b17233
fferent ,40ea6a48dd1ddc5d
represen,a24f69d9eeccd368
tation s,f9e1122a89a4031e
ubspaces,ec32df8b761ed7ad
 at diff,6b6d0deb54070712
erent po,11fef9335c48c5b5
sitions ,d6be2bd19cedfbfc
With a s,b6c8a18d895f2afd
ingle at,30ee1b34a2432f9e
tention ,3e49f1f6e2bbb76f
head ave,31c38f91e8eb84e0
raging i,086c482444f8e35f
nhibits ,d6cbabf29d09b5b4
this Mul,e62d3335d68960b3
tiHead Q,dbeff060e388f282
 K V   C,93acf185201fbec8
oncathea,665f179ac8b76265
d 1 head,e348b2a7d685da91
 hWO whe,3aea18ddb8c4da13
re head ,8906592a053acd65
i Attent,3e81f98d6854fe98
ion QWQ ,675fb3e5d90807d5
i KWK i ,27e1150b0a1c6dd4
V WV i W,f6f2dc3d7799de3e
here the,e41cc347128a3261
 project,11d94a1954315959
ions are,e0d424d5d259f0cd
 paramet,c4f0a10b16bd169d
er matri,876e62c8fa2debdc
ces WQ i,52a5002bcebcf15f
Rdmodeld,8cae0363964504db
kWK iRdm,5d8580f6e89927e9
odeldkWV,6d7edc37bd83a087
 iRdmode,e3530bf26424f30b
ldv andW,7b375b6c3c3990de
ORhdvdmo,c9bb7fdc84e7896c
del In t,9e8742b783bfa134
his work,344c90db381f5d0a
 we empl,42efe3dd7f526b48
oy h 8 p,62f702b418633b1c
arallel ,2a47b34b5255010a
attentio,18e6f80b9daa3b04
n layers,6dc8f6a808196161
 or head,35a97a4a9697a2b1
s For ea,ca3aa90dbff133ac
ch of th,72da1002c90c406f
ese we u,eab3343746f7086d
se dkdvd,fe19a51b7407a66e
modelh 6,6e220bf5e36d3c39
4  Due t,1e346e1d5ebc7495
o the re,d19f1d7121512701
duced di,8e41b6b7ed61733d
mension ,729c0e5ca886c910
of each ,30e13a9d3e54eb13
head the,808e3034e93763f1
 total c,e687c8d852709201
omputati,3a18406ea1677290
onal cos,b39b9ecb0e78296e
t is sim,675fab00d65b3466
ilar to ,87483cc2c6a48077
that of ,b899acd05b05eabe
singlehe,0a475ee2d52c06cc
ad atten,74ae53fc4fd6d206
tion wit,0994704b590ec8f7
h full d,b9856de24219a6e7
imension,e8b1d16e42928bb9
ality 32,32cb3bbe6c5176cc
3 Applic,619d896f59a69a2d
ations o,90fc27f28aeb962d
f Attent,ae6a3ed7d6e9a4dd
ion in o,0ecc32e5b72a25df
ur Model,ac4eaf8e6b9cf605
 The Tra,f739940db6ae10e9
nsformer,44f879c3affae37f
 uses mu,5f330457485ea713
ltihead ,f55b66f4378cb475
attentio,18e6f80b9daa3b04
n in thr,f955ac92f491747d
ee diffe,a870fb472f6b9503
rent way,12677747a65e6794
s In enc,90d0a267dfd9bd2f
oderdeco,6d88a4b17db56371
der atte,f6f57371137d0abc
ntion la,deb625d8ac1472f7
yers the,3931d165c368d5aa
 queries,de964ff790d3799f
 come fr,b43cbaca03a7c7bb
om the p,a658a952f48e755b
revious ,d6ca9308080708a1
decoder ,fc2ea670883aad7e
layer an,5386045539b430fe
d the me,3f03a75cc5b1734c
mory key,2903fd89d661fb6a
s and va,1bcfd1af396a3ad8
lues com,3e36afa2bf9230c4
e from t,882df7bc9a895b63
he outpu,3a8bfa52dec5aa97
t of the,64051e24f284e7d1
 encoder,910562691102692a
 This al,7275763843d08fd9
lows eve,2df16f266572c0dc
ry posit,d195a185bb335ffa
ion in t,b982c281ea386f28
he decod,d0aca1ff2855b88f
er to at,732c131e0cce5091
tend ove,dd73f9b38db65c06
r all po,c6f31a46ba7a8ef1
sitions ,d6be2bd19cedfbfc
in the i,be1812dec9488662
nput seq,8344a311a27aef45
uence Th,bb865b5a557d1349
is mimic,d4f65f3c8de6216f
s the ty,d41ff88b7a180d44
pical en,df00f67f47e2aa15
coderdec,35740171c5885f16
oder att,9a97d952596f883e
ention m,5998f317b13b1ff2
echanism,8da9070dbc0d6d17
s in seq,4787e07a9c8fcd40
uencetos,7852b2de4cc0d4e1
equence ,c978a9634976b90f
models s,39b73ef93c25124c
uch as 3,5a418e0beb1c3e67
8 2 9 Th,bfacd065776955a8
e encode,b3ce7c13a0e27e36
r contai,005a6460f199c411
ns selfa,a2ffbf26ebda5d93
ttention,9c9185d4277dcdaf
 layers ,1155c7007117d42e
In a sel,ab2010a6c4733596
fattenti,67b251ff482c21d4
on layer,9a677ab85cac1166
 all of ,054b67547bd9b9a3
the keys,ea336cf5b77dc5dd
 values ,35fc8fffeb8412be
and quer,502ee36615d71be9
ies come,0114ac43d413c1ce
 from th,d4b85153ceaebc1d
e same p,548721a7cf5c6e9e
lace in ,1ebbaeaa0e9b0c9b
this cas,6361de49d2b6af76
e the ou,15b720634606cd4e
tput of ,b451ccdeaf5958c4
the prev,0d1e96e297257a28
ious lay,221eecac9095643b
er in th,31b5482c331cbb95
e encode,b3ce7c13a0e27e36
r Each p,f0f6c34f10348188
osition ,fcd55ed19c6a7da6
in the e,3373268861196712
ncoder c,ae9fe2b6cab1221a
an atten,40eabdf2d97e235f
d to all,419326a4fa4c61ab
 positio,15294014d4277b1e
ns in th,9fe3e37d9ef414c0
e previo,ab1d22e6992b02ce
us layer,5ec98170de060886
 of the ,0da199b8dd8ad90f
encoder ,fbb3f5105f6d3363
Similarl,fa6570d15c2e4e29
y selfat,1254d44e95a4d512
tention ,3e49f1f6e2bbb76f
layers i,1390e748172b6a22
n the de,04270431798ffa01
coder al,1ca35221da519763
low each,69235f4d273caa92
 positio,15294014d4277b1e
n in the,12075a4118719dc6
 decoder,7d7c254d013276a2
 to atte,ca29d3a433de8070
nd to al,cb647614b2c7afc0
l positi,f37f4521fc7f8e50
ons in t,5803783d7034c845
he decod,d0aca1ff2855b88f
er up to,c954b7be39a61d2f
 and inc,17354e3ba78b7848
luding t,37cdb1a4bc512c60
hat posi,077d66ffe40938f0
tion We ,774700c4015e0fbd
need to ,3a89f47cb3b9b38a
prevent ,5ed987c1fadbf13e
leftward,8e20ad34142b3be4
 informa,1f9fa570efe1fc28
tion flo,a7e4567c5731a817
w in the,3459b5491ae1c3c4
 decoder,7d7c254d013276a2
 to pres,97e8bd963e13a614
erve the,071153b7e53df913
 autoreg,9aadb74b83bd764c
ressive ,d1f5cd11e574c65b
property,f664f27782835f26
 We impl,9681068da510c6b0
ement th,d04358b09a246051
is insid,7c348ab6dee26e4a
e of sca,f2752a67f05b408c
led dotp,6d69dce2873586d8
roduct a,79cd6a9178ad2ec5
ttention,9c9185d4277dcdaf
 by mask,1333f545cb9b6adc
ing out ,9ffb122ef99af1e3
setting ,b2e67eb508fc4ba3
to  all ,c1920f9deb957e06
values i,f5790d92be700f89
n the in,006bc46d3b82ed35
put of t,d09d5a20400b3df1
he softm,f4c86858195dc757
ax which,53bb7c91ddf7ca3d
 corresp,319214e2dd7ced7a
ond to i,d8494ae0f723147e
llegal c,ae9288a446970336
onnectio,1a96c1343e4ecd75
ns See F,c7510b3fd892da5d
igure 2 ,969053f984ce5169
33 Posit,111205e3e9a2c2a5
ionwise ,6ea291aa9826098b
FeedForw,81b8e7ce4595109b
ard Netw,b8987db4ae2ee9e9
orks In ,ce9f95a960996437
addition,a4c6353f3c4eb3d2
 to atte,ca29d3a433de8070
ntion su,2592af29b405054f
blayers ,677fd0ef77176fb7
each of ,07269211b8172c48
the laye,6cc37895e4d6244d
rs in ou,007e70809e370b6d
r encode,0ed9470587205578
r and de,94a5d41a01cc5797
coder co,2340f877c67fcacc
ntains a,ad45a9dfa97c1620
 fully c,415f2e992b2e28a9
onnected,ab2f03745504489b
 feedfor,ebd99fdd6a94c2db
ward net,7a37bb18559da71e
work whi,056730d6b5146e80
ch is ap,2689ea330445a5e4
plied to,5f6572e8f44f1a8d
 each po,a3380ea19b5b3fc3
sition s,dfcae6591a7103ea
eparatel,809c9e7f6b2c1aeb
y and id,f9fac2b7ff225e43
enticall,8e32ec0a5126bbc8
y This c,dc3629f49052c45d
onsists ,cc0e0ad20dc341bc
of two l,f1ce7337ba5a6842
inear tr,38752a24afafda89
ansforma,5ce6bc668dc70b96
tions wi,1722b5fcf2132e05
th a ReL,cdf1eacda469212e
U activa,85fdb75eeeba7fe1
tion in ,1baff6dd0f3122af
between ,b6b775e5bdfe73dd
FFN x  m,c576e9905fd75009
ax0  xW ,428e3caa2e5d166a
1b1W2b2 ,6ad39dc3aa4dffba
2 While ,8afbd2974df49c0f
the line,f981d9796678c776
ar trans,597f89fe0211b96c
formatio,3c7a6f587adeada0
ns are t,144bab4288e524b9
he same ,20460681ff3c3412
across d,d399ad9b80c7bd66
ifferent,93ef5314931966cc
 positio,15294014d4277b1e
ns they ,bc3c68dcd3a5716f
use diff,eb7b476f3aa12d30
erent pa,3e9c9ae5b9374d32
rameters,b04ca5f05ed7d6b5
 from la,ff1e5fd5d6c217af
yer to l,b6c2764cdfa64c11
ayer Ano,03562c53197c6b65
ther way,73a01769a3aa9892
 of desc,ab88c1e5d733f3d8
ribing t,e5848dc6bf542eb6
his is a,989e0a85bff00e5c
s two co,70944a66330bbb26
nvolutio,956f239a7e75d6ea
ns with ,160d2e345ffe4372
kernel s,51b1051cb12c81d6
ize 1 Th,03c2d397cfcfdf8f
e dimens,2b482a8e3cb925b4
ionality,dd5c4a68dac48290
 of inpu,213cd78b6473232c
t and ou,222292f4978cbfe2
tput is ,37a1ad5d4aeb6105
dmodel  ,c5dc4d7540e20896
512  and,4532bf0167e5f2d1
 the inn,0cf4ced24bf10883
erlayer ,79016d555d8ed1bd
has dime,e4b63e638e5f26ac
nsionali,5afd77e42932448e
ty dff 2,3cb0726c893e0cd3
048  34 ,a0e331c72a473926
Embeddin,a9e6a6c5b6cb5946
gs and S,518fd23d273ed681
oftmax S,b5a9f5dadc65373d
imilarly,c81178d6a3309ee7
 to othe,7afcbb094b39fccd
r sequen,5d0f477c097446bd
ce trans,2b5a7a0902794489
duction ,265172b2d3aeb954
models w,1c5ea79a64974814
e use le,66a24e784ca98ceb
arned em,5c27ed04cdcb080c
beddings,9910e95812abf6bc
 to conv,15d51d3107a0bbcd
ert the ,f7c2d50e87f78a35
input to,42f3a27cdbaebd9b
kens and,9c39692d01e1e8c0
 output ,1e625f7548d521d9
tokens t,b39e330b53b7936e
o vector,3cf9b4d946affe2c
s of dim,5501fd9a7a60d444
ension d,2fefe118190d62bf
model We,57506a73bd561b3e
 also us,fbf11d6e5fe4d5bf
e the us,5effb13cec511b23
ual lear,ca8b77faab57baff
ned line,860a003878444b54
ar trans,597f89fe0211b96c
for mati,f7cb5756fbb9141f
on and s,700f273f13164bab
oftmax f,853d1c8501f1c820
unction ,ed3536a89535dd9d
to conve,3641a62f96365855
rt the d,53ccd1104734089c
ecoder o,5fc6676c3c27de5f
utput to,95f61d3add8c7fa9
 predict,5ce91ed2562db3f2
ed nextt,cd018981d490da88
oken pro,40ccdf7af49813be
babiliti,606bce826e392a80
es In ou,174ac60827a78483
r model ,0a43238bc1f74d76
we share,46bd18d710e1f04a
 the sam,e9b879e5160d066f
e weight,18b465a66f423311
 matrix ,e1886fade78d771b
between ,b6b775e5bdfe73dd
the two ,fcd89e62c3b42d9d
embeddin,8ec724f99fd6af61
g layers,6ab304bef8d4fdca
 and the,24e525c8fb4c4e0a
 presoft,f8b4e1986502b817
max line,dee55a6beb8e0bfb
ar trans,597f89fe0211b96c
formatio,3c7a6f587adeada0
n simila,3acc535f407e351c
r to  30,25e7bc289f601844
 In the ,89885e76376787cc
embeddin,8ec724f99fd6af61
g layers,6ab304bef8d4fdca
 we mult,9cd1ded88ce2f718
iply tho,4de928971f551bac
se weigh,564b5f73273d4e25
ts bydmo,91b2bfbbfe68f851
del 5Tab,bcb2d13763b41a34
le 1 Max,d0020fcfa666984b
imum pat,6a7b018c5cd793a0
h length,d897bd7ebf9422b9
s perlay,5c75ca3b8533b04a
er compl,d1dd296ca8525cbd
exity an,b3982caf55d534b5
d minimu,d990eab0c5edd83b
m number,022f55ac08c2f4f9
 of sequ,69dc0d6611a43f14
ential o,44ddc8780fa24be4
peration,9eb6106e0b7967f4
s for di,d35439a806f0e46b
fferent ,40ea6a48dd1ddc5d
layer ty,56438415248b8b0e
pes nis ,e96c890f5db3bbe6
the sequ,e093cb6c115b2df7
ence len,54cfb681cf336aba
gth dis ,a61eb0429cbb8153
the repr,5a5422ca1a883cae
esentati,a263d465c9575873
on dimen,f1b541b1f126acd1
sion kis,03898804e5f10dfe
 the ker,c8d41693077577bf
nel size,198eec08ad77a780
 of conv,c31af8d7c85d9600
olutions,8aff6839b6c22866
 and rth,843705b58946f731
e size o,6c505c77f9b90560
f the ne,86dbc05bec09058f
ighborho,8e51db0d81b20c50
od in re,5227a7e7a21b1c93
stricted,b2395a0756ac5228
 selfatt,c4afa29ccbb6385a
ention L,bb42d3dcc78e89fc
ayer Typ,40965de1a2960329
e Comple,317a8d58f79bcc77
xity per,b0bbde79de1d5ddf
 Layer S,c816b32df92256f8
equentia,c5cca1483bc20f94
l Maximu,06156df3341bf54e
m Path L,0c45c863e4dcbc32
ength Op,9f72d34e08b66272
erations,993855721bd042d8
 SelfAtt,b917c46e6dec209b
ention O,d8d66f223049c582
n2d O1 O,18822fe561c106d6
1 Recurr,7fcae7937bb236ba
ent Ond2,870e0c89911e0b52
 On On C,50fd61c40ab895e9
onvoluti,e0b05d308705d7b5
onal Okn,80d93d26b5433a52
d2 O1 Ol,7a923c80bc25bb1c
ogkn Sel,e9ca3e78024585ab
fAttenti,507625f7e66c0de5
on restr,8145ca74e939a4f0
icted Or,d30bed358d3ac737
nd O1 On,52f303b13f0f1282
r 35 Pos,45cabb30e24aeef1
itional ,21b6bc14435ee4b5
Encoding,d7a60f8112c29f10
 Since o,e37b119d6052d6ef
ur model,d70627541a31b415
 contain,5a0f9f1c19570fdc
s no rec,fad2094537963d25
urrence ,bd3fb1d16e6f70e3
and no c,80704c29ce70921c
onvoluti,e0b05d308705d7b5
on in or,6a86d4284310a78e
der for ,607209ca1b4b02e6
the mode,ea22c7dc04cbbde4
l to mak,caab21c3dbad6217
e use of,da6c210ef13eb331
 the ord,75aa868bee850f24
er of th,9d0853012f2e31c1
e sequen,d02e13e520e87284
ce we mu,9811c094104a9911
st injec,896229b227d908d2
t some i,fb13676f90429534
nformati,8e14be4f02d2415c
on about,caa321010ccedac2
 the rel,672691a22b37cd7f
ative or,8e0e681c12dcfaad
 absolut,fd594a1d3014ffb2
e positi,4e36d72596306994
on of th,7e46b67407db2200
e tokens,d87184a778255939
 in the ,0d121cff9a8a728a
sequence,b789dc4e6c72a9e3
 To this,30de1604afad67a9
 end we ,ea4b9d7cdd601efe
add posi,c43d56a8917d7d56
tional e,e12ae12104909051
ncodings,9a0fb6b2f796b1f8
 to the ,1283c63f192c6ee9
input em,f682571ac9274cb8
beddings,9910e95812abf6bc
 at the ,3f59c844243a09a7
bottoms ,6d3181dc19d470da
of the e,b08f88b201d5cba1
ncoder a,cb87d5659ce651d8
nd decod,510d778d986e2b79
er stack,32d10507e9b88886
s The po,378df14d627832a3
sitional,ad775890fe01765d
 encodin,68a458c753d9015e
gs have ,4e80ec2ae9d38a16
the same,99ef8a4e545dbd9f
 dimensi,dcbb7457b4299668
on dmode,0cbda40baa3e6268
l as the,a671242acf50b726
 embeddi,d84619f224422cb1
ngs so t,e7b796dd36b9eebf
hat the ,15344ea1ab04a94c
two can ,09efa61b8a2b580d
be summe,e70228777037dd75
d There ,97e5f009e77c88de
are many,8666248b6bec19a3
 choices,741ea600d5228f66
 of posi,83242f3ef06d96b7
tional e,e12ae12104909051
ncodings,9a0fb6b2f796b1f8
 learned,d6560ed755a02d95
 and fix,65450371614c0675
ed 9 In ,0926e496af2ab67a
this wor,ea299456a4a7836d
k we use,06668b07f03b864c
 sine an,5c2a532491ab0615
d cosine,cacde964b30e26e6
 functio,1a6da6d234377644
ns of di,040734a18d916eaa
fferent ,40ea6a48dd1ddc5d
frequenc,91aad548910b22ff
ies PEpo,dc1d9b979773ada7
s2isinpo,96fba446c6e8905a
s100002i,a5314ce8a03e9fcb
d model ,f8a360b60b362b7e
PEpos2i1,0ae7712f9e895322
cospos10,2d5552cf530c9533
0002id m,28cf6ca549ebd893
odel whe,d45e8ea888640bf0
re posis,55630a6c38ec2bdf
 the pos,42ad86e4f91454f0
ition an,43f952f5400f9e54
d iis th,969e7eb563527bdf
e dimens,2b482a8e3cb925b4
ion That,4c4d57c9cf8de497
 is each,1175285fefd39c03
 dimensi,dcbb7457b4299668
on of th,7e46b67407db2200
e positi,4e36d72596306994
onal enc,23a6d6c7a506e09f
oding co,0e5102a55b4fa1ef
rrespond,841780192ddd22ae
s to a s,ae8fd77459fd7de1
inusoid ,0fea0f9cf9c0db14
The wave,698f40332009197c
lengths ,d04b946fd11e2717
form a g,14054a9adab77ffd
eometric,36d2e0454447f50b
 progres,d7d2b545a7561a2f
sion fro,47b535cce2960143
m 2to100,a956cc892248883b
00 2 We ,8b0f0b203da40a8c
chose th,c07411dba9b9a498
is funct,03aa3e8131429db7
ion beca,0d16898be37c5b22
use we h,6c0f3756593a25af
ypothesi,816873bfcd275fca
zed it w,29b0ab56ea70d6d6
ould all,3bb12438e29405c4
ow the m,488bc89b976c16f2
odel to ,d08cab98a0f12da7
easily l,3199a1786200c281
earn to ,0ac2d481df2062de
attend b,549c5662d6970266
y relati,91668cb25f294c03
ve posit,42b750478bc706f5
ions sin,60999c3f08a569ae
ce for a,5606a663011e9b8d
ny fixed,cdb7381c8eb9f69a
 offset ,58ebe9dba1943d78
kPEposkc,7cb0f4ab3ceabb39
an be re,f06056d4a355f4ce
presente,c6e824d38b36ccfd
d as a l,1d30815e873a782a
inear fu,27bba0e6d499828b
nction o,93846416c6364ff4
f PEpos ,924dfa0a9d1a674d
We also ,c5396fda78479986
experime,d737776addd25183
nted wit,38d3a1d72e200ee2
h using ,7b018fb6dab14efd
learned ,4ed38ada0d335e17
position,b6bd7883056084c0
al embed,ef8f2e79a1ae1212
dings  9,f49dfc9b7963ca6b
 instead,4cf1fe4c8b6c81ac
 and fou,b59398713283dcc5
nd that ,ba63803afdd6c1a9
the two ,fcd89e62c3b42d9d
versions,a9084895c53baa88
 produce,f4bc50615e4b963c
d nearly,bba0469c6eb22c5a
 identic,cc934d6c12c43da1
al resul,4fa5234eeff88ba0
ts see T,0cdb2e04b65aa07f
able 3 r,f0317179f03f3dfa
ow E We ,5b932d1586a6d33f
chose th,c07411dba9b9a498
e sinuso,8ca757df3d9e95db
idal ver,d644833df63e77c0
sion bec,d0220e740739394e
ause it ,b97aa6511b6fd8ca
may allo,1b3b2729b128e76c
w the mo,5bc692e69224b173
del to e,7a4b3329ceacb6b2
xtrapola,2ee6c7f0c1836967
te to se,839f3c0c452b8a85
quence l,42d48fec58921ef2
engths l,48e676b3b9db0d08
onger th,598d0214375877fe
an the o,831c43c2ab39ee95
nes enco,6fda3e31d8caecc3
untered ,19b94e8db71c4e02
during t,b4e72727c94c4de9
raining ,ee13d60b2549c0f5
4 Why Se,3f6c762412e8403a
lfAttent,b71a4b5909d78091
ion In t,9dcffcd592a4b5ed
his sect,b787bc969b5f3a8c
ion we c,cd364f0e16902433
ompare v,42227f6f13e7dbe0
arious a,d65554d644cd977a
spects o,64a644a4ebb0e6de
f selfat,32fc07ba946a0458
tention ,3e49f1f6e2bbb76f
layers t,f8f092defba6985b
o the re,d19f1d7121512701
current ,2dc259d26e5c17d8
and conv,3d224170f70ad879
olu tion,a334ad0942776798
al layer,873e6d0a8713fae8
s common,c194dba8ab45853e
ly used ,ea245c5c698b6f07
for mapp,8e27d6b79fc7c1d9
ing one ,8b549c9c8fa2ca3d
variable,e61639dacea38921
length s,38b34dab68a2a429
equence ,c978a9634976b90f
of symbo,9f020c639600bf77
l repres,2d7bb10ea3270960
entation,4b2a015f04bd73d2
s x1  x ,9de638b0a9f82447
nto anot,e724831ec259773c
her sequ,174dc80be9af2881
ence of ,7019c3d736e3692d
equal le,08aadf7b9b596544
ngth z1 ,8d2def7edbe9414b
 z n wit,0635d9f4639aacde
h xi ziR,d953b244079ce5af
d such a,5631692534295d4f
s a hidd,3ad13120375a4a04
en layer,86f5b8fbc34754ae
 in a ty,2af356ddf4b4fbf5
pical se,4644c32484e09b9a
quence t,8738db8fbf15c011
ransduct,121f7b1645beda23
ion enco,256fffcdbcd75c0f
der or d,2f73f34dbf4fb109
ecoder M,9524deaf0ca51a5a
otivatin,84544668646bb60c
g our us,8852901d81ac4e8b
e of sel,6d806a588eacdb40
fattenti,67b251ff482c21d4
on we co,59843727b567c4ac
nsider t,328c9464bf5ced74
hree des,6fca755d02a2cfc1
iderata ,94c3622ac8f02d34
One is t,714549d353c8c468
he total,456077b63eec70b2
 computa,1d185251ef87f8cb
tional c,d016cc3ad974e972
omplexit,3a3a5343a12bce1a
y per la,76c96d3077c3f6f6
yer Anot,63cd4e59c20b201f
her is t,4295d075ba0ad18b
he amoun,2a65b2ae3a7f3652
t of com,655dca217055481a
putation,058482b6cb8308b1
 that ca,173baca3f62543e8
n be par,0e521bf61206b54b
allelize,683bc79aeb924879
d as mea,6d13f6fc88e58b0e
sured by,bbc6aff5fa9748d6
 the min,b367b46bc91c143a
imum num,3f3e611cdc4c998f
ber of s,6d34af57cfd5336b
equentia,c5cca1483bc20f94
l operat,73ffbb99f30c06df
ions req,1e8be8a8a0ada9b4
uired Th,1c3d8fb5bfc077c4
e third ,cf09b5476c2c2365
is the p,dde0d04c990c7043
ath leng,f57ca7d48b92e01f
th betwe,0e6dd0e9892e5f5d
en longr,a265770c61f8ec01
ange dep,f0fba3218759b72d
endencie,6e775b8052eb88cb
s in the,90d8c3f0c167efbf
 network,10034ab8eac01e66
 Learnin,bad18bcf3e0f7419
g longra,e2f13c57cfdf778b
nge depe,2a8501e89d736104
ndencies,d5ff396e3166cbab
 is a ke,fb310088a82b4bd2
y challe,79eb0ad88c98f97f
nge in m,7fa8ccec654b1d14
any sequ,922c7f69431903f3
ence tra,418d7c66c5fc628c
nsductio,780620b4480298b3
n tasks ,982dda082217b0c0
One key ,e284b00309308296
factor a,e60388f3e31137f8
ffecting,9f3abb09da16c275
 the abi,b6c689ca7bd7c5a5
lity to ,e395a6b3b42b519b
learn su,efacd9a1915f9255
ch depen,39809183a8cf2861
dencies ,6b6d96553119d6c4
is the l,4944d50d75cd55f5
ength of,5526382fab8cc608
 the pat,b407e72754581389
hs forwa,cfb84de17c59a3e5
rd and b,3d9931c539792173
ackward ,c70af3b5e4d7af3e
signals ,ab488a6e93d0018b
have to ,4b7a28e25bcaf98f
traverse,2baed4a78e287bfa
 in the ,0d121cff9a8a728a
network ,2bae1b5707a995f6
The shor,9b7c0a4afc93108f
ter thes,70f3964a0ac3bfaf
e paths ,0ab6c04656425385
between ,b6b775e5bdfe73dd
any comb,1d7fa47c2f3cfc4a
ination ,4f8fb8de42a2994b
of posit,07ebe5216986a562
ions in ,207a1a725390d36e
the inpu,b0fb5b0b18b4c8af
t and ou,222292f4978cbfe2
tput seq,c6ae259e5d37bde7
uences t,817d09bd9337f75d
he easie,44bc0bad95b796c7
r it is ,37c360449072c683
to learn,1ad1c52de3d85830
 longran,b55d3c0a8b8d9397
ge depen,4fd971844dc7ba6c
dencies ,6b6d96553119d6c4
 12 Henc,9dbadd6e65941ad6
e we als,dfcf576075fd4e54
o compar,8e73c0ce1aeca484
e the ma,55ce9ac79679636f
ximum pa,cf2b9a82726c9ba0
th lengt,19cdefdfff53428e
h betwee,2c6e0a43b1fcd68a
n any tw,0aa64377438062d6
o input ,45ffe54c7c5ea0a0
and outp,a4358159a9d6a1bf
ut posit,99517a94fec0ac27
ions in ,207a1a725390d36e
networks,df3cca9f5449cfcb
 compose,8106b99a8965225f
d of the,f4e87cee1c4c7f38
 differe,2724b328ce1fa01f
nt layer,3cca0848955f16b5
 types A,baf2f5f45e73ca91
s noted ,29821388b6272a46
in Table,c8932227e050875d
 1 a sel,832ec1dc6dedbe14
fattenti,67b251ff482c21d4
on layer,9a677ab85cac1166
 connect,185c69b76fa35032
s all po,0398555c4c75d07d
sitions ,d6be2bd19cedfbfc
with a c,c2a837fbef436ac1
onstant ,cfd9064379bd1c07
number o,1f436328ce054965
f sequen,bb9276793ff74671
tially e,f9e0af0d041546a5
xecuted ,7f667270e100ae60
operatio,f2814c25651fcec7
ns where,4470587b23c07469
as a rec,5321b7bec121ad84
urrent l,f0415fc1dc8cc5ed
ayer req,752cb4c313ded7e0
uires On,be123bfc659cdb4d
sequenti,696a4aaec21acc59
al opera,0adcc389463571c4
tions In,e5677974a429e987
 terms o,9c5981b88dbe98b3
f comput,b5c8bb80f4e6419b
ational ,763f1c64303bee3b
complexi,35996047e6d68ef7
ty selfa,a822dcbeeaa1641b
ttention,9c9185d4277dcdaf
 layers ,1155c7007117d42e
are fast,5d4506c05bbbb7ea
er than ,6d6f4eeee6162ea3
recurren,b27132cc2349dea2
t layers,e86c6b00c7221054
 when th,932da6ee3c4c98d2
e sequen,d02e13e520e87284
ce 6leng,8284619b79dde6b8
th nis s,1aa96832e6fe45a5
maller t,991fe5b1e30527d3
han the ,1e65a24b72ab2742
represen,a24f69d9eeccd368
tation d,bb8afca58de851f7
imension,e8b1d16e42928bb9
ality d ,bac1571492db8f03
which is,63d5682cb2d3a4c5
 most of,30bc16f74ff7cb60
ten the ,5cfc9d33ceb31c7c
case wit,83f50ed49d0c8d70
h senten,56f6111bc1300a95
ce repre,18cfa478ed28e942
sentatio,01f38b4cd8ad2306
ns used ,bbefb4c42c4ac602
by state,50a7849dfb77b50e
oftheart,2a0172854c35d14d
 models ,738c454087ea0055
in machi,b84eb7cf612886e7
ne trans,0932d1ce46b6e2cc
lations ,3cc1f33e2c7db4d8
such as ,0537d98299ca586c
wordpiec,51db457d7c035a1e
e 38 and,b9b5de7dd4dfaa9c
 bytepai,68c9a21b9adb5d40
r  31 re,ede65f43c4c77bba
presenta,e9e210eff0502cbf
tions To,fcc00dadd6fa2c27
 improve,f527e575a7637dd6
 computa,1d185251ef87f8cb
tional p,31e001728eb53473
erforman,50417bcacb5781f2
ce for t,1598f8128ecafe13
asks inv,dc9ebd73a3f9ffcd
olving v,128e6be5bf9ed839
ery long,dbfafec68f2f8728
 sequenc,607b7ed73d0f5d6d
es selfa,ce64d4a101bbf536
ttention,9c9185d4277dcdaf
 could b,f00992a132ad32c0
e restri,ef8da9176ab5b566
cted to ,a8a72af56a6f7549
consider,379627e37e9b35f6
ing only,fbfa05e1e4562f76
 a neigh,2ef6b2d80b09012e
borhood ,b647af6600ffe05e
of size ,2a7062e09eb9c94f
rin the ,7013588994636ee5
input se,9c06e2150f59f519
quence c,ce72f7e6f7f0c2d2
entered ,803952c8f7398c56
around t,1b21282e346a5c0f
he respe,588d942322fbd2d9
ctive ou,d2aa15a01d54d0df
tput pos,0c6746254d7546b3
ition Th,d50b17ae03d2d39d
is would,97ea5055686dd09a
 increas,74b0f4d1bdea7e9e
e the ma,55ce9ac79679636f
ximum pa,cf2b9a82726c9ba0
th lengt,19cdefdfff53428e
h to Onr,e36678fc42158964
 We plan,2de53a9e65fa4147
 to inve,372681b351854a2b
stigate ,b473bdabd1e66485
this app,545987f592cc17c9
roach fu,cb2cc314922bee5f
rther in,924d396aa8a35fce
 future ,546360f7bc1f9d6b
work A s,97e2191f786d91a0
ingle co,c9bbe3fcb1e1de6c
nvolutio,956f239a7e75d6ea
nal laye,ebc5bc68c6d10b52
r with k,48ea225ac603ebe1
ernel wi,6aee198c474f34a4
dth k  n,7f3b252ed2a87bfb
 does no,714ba2019bb36031
t connec,d310c35775a5d617
t all pa,1782ed7d0da99bec
irs of i,36374aafee69a7d7
nput and,d0150793730e048d
 output ,1e625f7548d521d9
position,b6bd7883056084c0
s Doing ,b2bf08bbf265f349
so requi,87316c10ebfde65c
res a st,1b9bba66cebbdce2
ack of O,fe5e3f02bbc4d712
nkconvol,fe3c7e52ecf7f517
utional ,01d5ce51adf73fcd
layers i,1390e748172b6a22
n the ca,8819745199387394
se of co,4efba24abe1f1127
ntiguous,9272087d4171d470
 kernels,a8bad128f329a8a1
 orOlogk,db380ce561388933
nin the ,c406a6232b54619c
case of ,176c70b80e87e1b9
dilated ,dbd6c86499c59c5a
convolut,3795eee47354bce1
ions  18,5906aa20aa37d2bd
 increas,74b0f4d1bdea7e9e
ing the ,a3f39101a51d107f
length o,4dd68a6fb1e7b1dd
f the lo,8639a503672e2968
ngest pa,43076590ed52833d
ths betw,1ed2db6b1b0c5d88
een any ,3dfb8c81304f5cd5
two posi,3781b774e112f850
tions in,dcbbd7c582c26670
 the net,b54821a1ebb442fb
work Con,4c7eb5c1f73b3c5d
volution,7cf3b79fc197a062
al layer,873e6d0a8713fae8
s are ge,0a955041610103f0
nerally ,9bad720f7ab8323e
more exp,fd338d5a01ff5c23
ensive t,ec4777882be26406
han recu,01ba6a55f6f36e6e
rrent la,bf2fa38ba431f575
yers by ,b775ea6bc89120fd
a factor,d7db3898676feea4
 of k Se,c6cbddc188cfec0d
parable ,a29d952b6726e363
convolut,3795eee47354bce1
ions  6 ,858de6871675e6cf
however ,03c5f36c3ef9a70c
decrease,0c03241b4aa40f5a
 the com,e5a31e5c9ebf8624
plexity ,196d94638032dfb3
consider,379627e37e9b35f6
ably to ,90a626f75c5bba65
Okndnd2 ,592da6300d121435
Even wit,04dddb9bb6131f84
h kn how,e6435d06c0874b8d
ever the,6c5370c3140eed48
 complex,917fa07bef5582d9
ity of a,aac6cf509baa5861
 separab,15826178750e5366
le convo,b243378f758fd676
lution i,b633609d8fa7f818
s equal ,0548ed792a44ccfb
to the c,e77fc80feb802a56
ombinati,78cb896b5a58e297
on of a ,c29cebc55b4d13f9
selfatte,8f607a3232cc2b23
ntion la,deb625d8ac1472f7
yer and ,c7cba86bd490f928
a pointw,8541f09fdce75b2b
ise feed,696514bafb1402a2
forward ,cdfc99a14435db90
layer th,d48f986d1d8dacaf
e approa,431d04534b9021fb
ch we ta,09f44916cecb88f8
ke in ou,1ffbd31b8bdfe2a2
r model ,0a43238bc1f74d76
As side ,fa7c2fd649b1d05d
benefit ,3bcf65c08ae295fa
selfatte,8f607a3232cc2b23
ntion co,ce2ed91413d06d75
uld yiel,7d37f123c6285e8c
d more i,97f0a72d1bc1d2d3
nterpret,4bdabd61e121b6d9
able mod,cf553d8fef6a6d6e
els We i,b3e687124f2656f5
nspect a,aeca9aa20194d904
ttention,9c9185d4277dcdaf
 distrib,f0db97d77c2f07d0
utions f,a80ba7a2ed6f3626
rom our ,08f24d847801b9ad
models a,bd46897507e3d3f5
nd prese,8c299038e9dea295
nt and d,8e5e4e51180adcb5
iscuss e,3497c08d6f775280
xamples ,d53f271a352b3352
in the a,ac4e6e99df95b82d
ppendix ,e6900cb59a5c784e
Not only,6d26e4c9456deb63
 do indi,8197a97206225797
vidual a,f57da8191f7388c2
ttention,9c9185d4277dcdaf
 heads c,bd88b85de904b193
learly l,6f9ddcd2b679eea7
earn to ,0ac2d481df2062de
perform ,87ebdcb889a3a296
differen,e31b46d3e9a68b0a
t tasks ,48d8da2f77a1bad2
many app,e374a5b1d9e0782b
ear to e,4066cff4b8628137
xhibit b,c999d27488744ac2
ehavior ,67da4fc45ab6c37e
related ,11a70c406b7de5b5
to the s,69218736fe852963
yntactic,c618cd1aad5c9910
 and sem,c0a8a115a597cdf8
antic st,93355bcaf5623b95
ructure ,57ca54d0b57bd28f
of the s,4f0a7dbe6b445e50
entences,337da333f9b71b28
 5 Train,91b78a9d29a51669
ing This,49a45f1add9f02c2
 section,60c816cc7151c6df
 describ,b7c15e34f98814f6
es the t,24472232c8ab3a52
raining ,ee13d60b2549c0f5
regime f,063d6a345b95ebe2
or our m,faa315879575c9e5
odels 51,46022299a312a82c
 Trainin,2bcd29a7db862600
g Data a,e90d8a2bb98b97a6
nd Batch,34d1aa9c51418073
ing We t,f8fa506456df8a6b
rained o,97dc0063ba2b199b
n the st,a8d1b720265bb495
andard W,e7a6f5ec9b5eba60
MT 2014 ,79beb3664a4f121a
EnglishG,9906d8db2f1681fa
erman da,c8416f98291dc40a
taset co,00c7762ce52c15d5
nsisting,cf7a6b0e337facec
 of abou,3d4195104f8bdadf
t 45 mil,9ec1fda141b951d2
lion sen,7de63fd122d87e33
tence pa,a0f06691e5782216
irs Sent,b4acf4e8b1e18f5f
ences we,79a8629c64ae7af4
re encod,564c8a26908592d4
ed using,c8ae5c8deee63c44
 bytepai,68c9a21b9adb5d40
r encodi,a5d1faa373f357b1
ng  3 wh,1f0bd3752183822c
ich has ,e57cc0e4b32ac8b5
a shared,639078fce19cd24b
 source ,a5b23fca08f710ee
target v,94b987bdc1a23983
ocabular,b7795af38e2be915
y of abo,4aecd78d36aa00a3
ut 37000,f433b0a5b2c26e24
 tokens ,1bf17b0b618c5adf
For Engl,3aeec371286829a1
ishFrenc,219bbcded183c11d
h we use,0238e13f40b02c5b
d the si,bf68414c7997ccab
gnifican,7eb1b0f462145e7c
tly larg,5727f8016e6e9f52
er WMT 2,2a25ba7a7c957161
014 Engl,9c53f02532717033
ishFrenc,219bbcded183c11d
h datase,6c7a3468a6ef6b16
t consis,28437358e8db7d16
ting of ,07ae42df45fbdc26
36M sent,9e3f9a99aff413e8
ences an,f3c9e8ede0dfaed0
d split ,77d2a8489f502167
tokens i,d8d1e8e85e20f9e9
nto a 32,f59e13ce6f7546f2
000 word,b3461d962092c7f5
piece vo,d3f4c961d299f4dc
cabulary,0e284477cdc3554e
  38 Sen,e6366f8a10d363c7
tence pa,a0f06691e5782216
irs were,bb590b3d9cd11524
 batched,60389e1ad05ced05
 togethe,a96c83e3794466a6
r by app,722a04e4e95a9fd1
roximate,9007c60d16f2ce74
 sequenc,607b7ed73d0f5d6d
e length,00d03ad55d4d9412
 Each tr,0fd2e01ab0de6f8f
aining b,10539fb6e05702ae
atch con,3f9759712604bbfa
tained a,527e671be58359e4
 set of ,569508d26044a56d
sentence,ca0ab6caf09f9be7
 pairs c,f2b4974e70cb3bff
ontainin,f8790f150e6de8c2
g approx,8401e2c8032aaa21
imately ,fd4e8bdea2fd2e51
25000 so,395b7701fac6d71c
urce tok,965f2411a9a235c1
ens and ,c32a2d1297207594
25000 ta,9d05a070f656f056
rget tok,3ef036fa06176a4d
ens 52 H,0460906afef99780
ardware ,271bc2605520c3f5
and Sche,fe53f8b876ddc945
dule We ,42924210c9210939
trained ,e379f1f83611a03b
our mode,c6a13d3fc77a8db6
ls on on,4646569647d5486d
e machin,4642a87777a3d2e1
e with 8,995ae806724ffb92
 NVIDIA ,c096988f4b3b0967
P100 GPU,2c2bfcab2c080fb1
s For ou,a0f703b3e8becce4
r base m,8d31196b62a09392
odels us,40ddb130a09bec63
ing the ,a3f39101a51d107f
hyperpar,90fac9c631256bb8
ameters ,e9196d29f3651150
describe,d60b8680dadcf32a
d throug,6780d9e62ec5fbcb
hout the,8e0d50bc9ddd9e9a
 paper e,b8e9d6f82ec14af7
ach trai,b494922163507a21
ning ste,88509b7bf0336a6d
p took a,0162f39d29a5c02d
bout 04 ,79a818e56a907164
seconds ,65d79802f4a7309b
We train,5edc5d54c5b3ec06
ed the b,9e433805591d7140
ase mode,0af8a1a528790358
ls for a,f4ca49a5d8ea36a7
 total o,37c4e72493146dba
f 100000,221d684edeac95b4
 steps o,301599d21ade314c
r 12 hou,299d4e2ad2ae08bc
rs For o,e6116be079dcc95c
ur big m,b178fca0c5c52d2c
odelsdes,d5b4b9e0d9290462
cribed o,77c9800360c20a63
n the bo,d24224fa9d686c22
ttom lin,7e2621edb91fe9f7
e of tab,4e20f05ebe10eef1
le 3 ste,93c0e4e20bd5ffae
p time w,3d004df93730db58
as 10 se,f44a8a92ea38b6ac
conds Th,1907562a512eb9dc
e big mo,03360f327bb88fe3
dels wer,8a728bbf338e70f8
e traine,fef6d8a500a2f3bf
d for 30,48d4a3aafaeba0a2
0000 ste,6ab0bb3d1e87b234
ps 35 da,fd8763e1af58310d
ys 53 Op,c1b70504161d246d
timizer ,403a222d15ee1deb
We used ,1829fa75a3052456
the Adam,18547431c01c0ffe
 optimiz,fb530737f73c7a33
er  20 w,3bc469d2b30eada1
ith 1 09,b4a6321bba3a71d4
2 098and,01054ccb1a4a7cee
 109 We ,70e84484eb2367d1
varied t,cff3586cd7f77c1b
he learn,b4cbb482c9ece0c2
ing rate,a9a2b7e419993bd4
 over th,d1d6f4c54e861f44
e course,e32048798c81c59f
 of trai,c016a1a5bfbf3ef9
ning acc,80a177788483631f
ording t,4c919f857e027e8a
o the fo,52aed5d2d187a6a1
rmula lr,0876526e9af6efcc
ate d05 ,53261483953ee291
modelmin,23a8d932bab960b6
stepnum0,c7809b9e2d60a865
5 step n,3338d2ee4bbd9f89
umwarmup,a5c7818214d232e2
 steps15,c26db5c8135e007c
 3 This ,c2f8ef1c8fb41f22
correspo,57db07f8ac19d727
nds to i,0bcfc5e41e2d4116
ncreasin,1796d6fdd894b3f9
g the le,980db658d621645f
arning r,0df7484efef6fce4
ate line,ae676502130d9446
arly for,ba3ee9fcdf99e939
 the fir,010d8a608813553c
st warmu,6ff134b7c9f4bed4
p steps ,bc05f5cbd4e36d3a
training,116ee8456a7574be
 steps a,0b4a3add73d09251
nd decre,a3495f949c6fc075
asing it,f0946523824f2d64
 thereaf,3a680b9a14a04384
ter prop,0b2ad46f67c0fe86
ortional,19f9f8381cc1693f
ly to th,0557d2d4f045910b
e invers,5abb96ea4baf1e93
e square,6e55a872c632ffaa
 root of,88a0189653b9163f
 the ste,6db67400b10c6c02
p number,d959171351e9eb08
 We used,0f6d2e29e9a53643
 warmup ,80d6c7bef50f85aa
steps  4,25eae390c862e7e0
000  54 ,464c7b0730f50a18
Regulari,8d01151d4274ea72
zation W,551cff9c174f4fb5
e employ,829d96314e3d6baf
 three t,3bfee08c331ce7d2
ypes of ,61a696582af5b90f
regulari,6ccaa4199928b788
zation d,c3772e89ecc114d3
uring tr,a10ab9817fd69f60
aining 7,7f6467e8f4bac8d0
Table 2 ,20238b472439dfcd
The Tran,df43accc0ebef3cb
sformer ,69cacb239bd208ef
achieves,09ea109854532354
 better ,67462a1b3cc69860
BLEU sco,0ede6a5d0f6a5174
res than,3f976953eb6790c0
 previou,33933122234dc172
s stateo,c4e5f5f768f226a7
ftheart ,01ae9f648e02037f
models o,f5d5a16abfe762e4
n the En,c6c464b4c15b89c0
glishtoG,d67b505d4058a74f
erman an,d0b4ff28128d27ab
d Englis,eea3a2f0cc490f5d
htoFrenc,e47938e8f67617ea
h newste,869c118448beb81f
st2014 t,cc793f8b49b1590b
ests at ,2fd5ddc5f4c6ce5c
a fracti,4e3f97ab116024bd
on of th,7e46b67407db2200
e traini,3684a11688f50581
ng cost ,2e754e7f8b23ecb8
ModelBLE,9b60629a0c57bdd7
U Traini,168a2376c6c78c93
ng Cost ,c1bb9cb2a2b421ff
FLOPs EN,a926d5cd84e7af5e
DE ENFR ,405e2f2df4e195c2
ENDE ENF,7a10555073af31cc
R ByteNe,0ae04de607043d24
t 18 237,32663680fd2f06fc
5 DeepAt,dfaa14fc5d90db04
t  PosUn,af76998f547235b5
k 39 392,f8b1d27d43c55d90
 101020 ,b08d156e8d065050
GNMT  RL,6406158bf514bfe5
 38 246 ,083b9f075ddeaa69
3992 231,374fe0040e7e00fe
01914102,bdc9538185c53b4e
0 ConvS2,ea2df3dd890a4dd8
S 9 2516,51dcda723c9acc27
 4046 96,0c38e104776e5123
10181510,d993bc5a5c907535
20 MoE 3,0a0ba6ba79b2a732
2 2603 4,21939ac599247fa9
056 2010,b3234b4d67dd38a8
19121020,352b61100bf29584
 DeepAtt,423e9a2072ba98af
  PosUnk,b8ce5cf809ad6397
 Ensembl,594520b6c5098856
e 39 404,7f6b2a09253999ad
 801020 ,048be1032b592bc3
GNMT  RL,6406158bf514bfe5
 Ensembl,594520b6c5098856
e 38 263,f7b6895aeba48c48
0 4116 1,a3d2c8a1d1a93b93
81020111,5e28371bbeab5217
021 Conv,bcedbc7c038c081a
S2S Ense,55c5d2a8e080a72a
mble 9 2,3bad947f24d2938d
636 4129,a491131c95674826
 7710191,3cce226efdaac86a
21021 Tr,a303f8ee52b75c8c
ansforme,e11012f0ef2255f3
r base m,8d31196b62a09392
odel 273,5e3d636c413a960b
 381 331,89b1e402d590feff
018 Tran,7c1884eb9e759c98
sformer ,69cacb239bd208ef
big 284 ,7f1885efe8ba5414
418 2310,8394203a302b5c9d
19 Resid,316c720c7d034100
ual Drop,3828e3c3052701f1
out We a,4e40b3a47fe8f1e3
pply dro,1b81660b37d129d8
pout  33,478cc7c77727c1d3
 to the ,1283c63f192c6ee9
output o,bb2730ee5c6e866e
f each s,7f1dd9ae64cf5a62
ublayer ,0eda02c5fcb7d4b4
before i,bdc08f096075763f
t is add,6b5045db7775b60e
ed to th,5da7dc43c2d98356
e sublay,d479306c9174fcf9
er input,fef9e6075a4e41e5
 and nor,fe55f09e9703806e
malized ,dccaf60ba16991e3
In addit,eaee002c07c9100e
ion we a,c349b9c843e098ee
pply dro,1b81660b37d129d8
pout to ,97abac4e1583baa0
the sums,b0b2bd21405e2679
 of the ,0da199b8dd8ad90f
embeddin,8ec724f99fd6af61
gs and t,6381e484a8fdce75
he posit,8b2202563454674a
ional en,8d8a4930b241081f
codings ,d336da370166aca3
in both ,049c0e1a6cecf4d9
the enco,c98c9a708ae95f40
der and ,a59b89bc81ea430a
decoder ,fc2ea670883aad7e
stacks F,2246fe1f2d3efc72
or the b,f7014ea88c9c28c7
ase mode,0af8a1a528790358
l we use,2d7c69cbba170340
 a rate ,1a4ed71f7e5f89b5
of Pdrop,dd2cddeb3aabdbc5
 01 Labe,f0d48aeb171805fe
l Smooth,4a7d45b044112fa8
ing Duri,5e32fb9cf4afd21e
ng train,ea419dda120bbd02
ing we e,b3d1957156285e9e
mployed ,2c789879e2a1de93
label sm,7833d0c1620cf5a0
oothing ,17349906a2262819
of value,e1cd9a425a262e27
 ls 0136,0fd7139e5c8de99a
 This hu,b7fce086e511d1c6
rts perp,136b41733bd6e45d
lexity a,aba860d0a4d66509
s the mo,5c3cc473b155b827
del lear,b75311f18c9387d8
ns to be,70139fc3d30e6985
 more un,3e850e092ed32d51
sure but,539411dc9b6b9c55
 improve,f527e575a7637dd6
s accura,90e12696ddc01015
cy and B,3a6a7f53d69b4b60
LEU scor,ed3015261d20d2bd
e 6 Resu,f2fe4673d22e243b
lts 61 M,60ae3c2c6e69c443
achine T,88c3cb1bfff6e225
ranslati,dfae54576544e1db
on On th,dc693c5749732673
e WMT 20,323c2acfcd9695a5
14 Engli,2ddd118cbd0fb996
shtoGerm,5a6112302dc2aa29
an trans,c57f3ac37ab2c977
lation t,be1892f70117f996
ask the ,f30fec6bdcd5cf59
big tran,6f56ed51f34e90b8
sformer ,69cacb239bd208ef
model Tr,ce0303332518ab0c
ansforme,e11012f0ef2255f3
r big in,ce982fe49e3c1ea4
 Table 2,d04f8184bb3f6346
 outperf,f4446aeaf850157a
orms the,925d5c1963210482
 best pr,58cc2a5c9cddea9c
eviously,af5cd7d39791f46a
 reporte,b3255ef7ffc051b5
d models,61d909a08c60397c
 includi,bc2c8e5e57827797
ng ensem,1dc4391ae3aee4a6
bles by ,491be7f0fbab30c0
more tha,b562f4d3f7da0df8
n 20 BLE,ec97638037fdc994
U establ,44ff069c3f937b9a
ishing a,4f731cc27db0ed4b
 new sta,562e00cdebe0e938
teofthea,668266a06da3393d
rt BLEU ,723f766ebb7080be
score of,6837c32848c2f0bf
 284 The,4a309bb3f80fbc49
 configu,0b25b007cd8da072
ration o,7df3c9e17f18b2a5
f this m,fdb411fcb64acaf9
odel is ,4e5150ba19884abe
listed i,80d8d15b3e22b107
n the bo,d24224fa9d686c22
ttom lin,7e2621edb91fe9f7
e of Tab,3546b4daf89b67be
le 3 Tra,62a3455119ac869f
ining to,4284563a6f2f0323
ok 35day,e676a672f78e567b
s on 8P1,9d8fea8405bd0c1d
00 GPUs ,c4417dc70add1e5a
Even our,99b375f3161179d1
 base mo,496c2853b2b78527
del surp,e7fd624877e7904d
asses al,1c49daa10cbeaa6d
l previo,08b551fd4ef28e41
usly pub,80c28ca3eca68cbd
lished m,62cf25726bec9386
odels an,87a64a4c2c120953
d ensemb,1bf3d5948debfe3c
les at a,347d5f84c3b3a3f7
 fractio,c1cafd616e3d8f19
n of the,4430cc3dcb4b756c
 trainin,5b1c0d8b63c1797a
g cost o,8d34d1613e23d7b8
f any of,3232a119e414a63f
 the com,e5a31e5c9ebf8624
petitive,f42265f8c2b6ce5a
 models ,738c454087ea0055
On the W,fd26743452b6a22d
MT 2014 ,79beb3664a4f121a
Englisht,d676cea62914de20
oFrench ,00c6512a9b09d8c2
translat,8c04e612c136a59d
ion task,5d1828753d7c56d0
 our big,8a4a7b38bb5ba5b0
 model a,99b1d9ffa77a948d
chieves ,49448f0b8e71ba84
a BLEU s,6e1227c757284d80
core of ,5ee7471a1ec8f073
410 outp,ced97a89d1fc0e32
erformin,b611cef17f418cd9
g all of,c53d98104db397e2
 the pre,f17199f4202853e8
viously ,1e5404cdf46bae51
publishe,acf4f4283d4431a9
d single,3390f4c3440cf738
 models ,738c454087ea0055
at less ,a5b287e53645f85e
than 14t,210ca542aaeaf742
he train,b544d32e0df14591
ing cost,ef6668786106f77b
 of the ,0da199b8dd8ad90f
previous,23dbb3f87bc7d2b0
 stateof,b81256bbdab2742f
theart m,917b1edf790bf452
odel The,ae73a0b222f09c3c
 Transfo,ae55534760acfaa5
rmer big,a32956a821909512
 model t,f29a8cb4cb6bea67
rained f,ed74667ad118ec16
or Engli,8aca59fd48171d38
shtoFren,97767d114ee98e37
ch used ,20821cfd58ca1433
dropout ,8d9a6a2fa0a7b60e
rate Pdr,2b9f5e66e8230cef
op 01 in,f9d85cdf9a4113b2
stead of,6234845f9558955b
 03 For ,17627e70b3108c0e
the base,c6206481bbf6341a
 models ,738c454087ea0055
we used ,97cc4cd1e1091e79
a single,068628221c749e48
 model o,cd5f71c2f230e782
btained ,b5ee53ef78d08ac5
by avera,da3205b34b7627a5
ging the,0cbc776e4dfdc2a7
 last 5 ,8b09c6d6fe2e5765
checkpoi,12cbab39be633f9f
nts whic,8c19fd81ec6ff6d4
h were w,597d21760ff0f06b
ritten a,95effa001853a547
t 10minu,e66d35d311617a7f
te inter,3c8bade0d700a5db
vals For,a2a8f98d65f3a64e
 the big,d0f1ecd94fe9460e
 models ,738c454087ea0055
we avera,db9f5f02ffcbe59c
ged the ,d5cd4c388c47e58d
last 20 ,b303d3f5df1aacd1
checkpoi,12cbab39be633f9f
nts We u,0f23f32deca63e44
sed beam,dddbc6e903ef3444
 search ,a944435b4891084d
with a b,66ec564de1649272
eam size,88c401f7bad45501
 of 4and,3af57851615036c9
 length ,8b84a75c43e3bbd8
penalty ,3aa3ec58676508a1
 0638 Th,e2f08a2035b64f9f
ese hype,b143b360ea847dd3
rparamet,88393424f7fae814
ers were,480f719c315a84d7
 chosen ,d829c37d6dff6a22
after ex,93d7de0e008a11dc
periment,62cbc86b47e356d3
ation on,10e7d6fec053ed71
 the dev,435111c60b247965
elopment,072702d9e19a64a0
 set We ,f9b7ec40fc3c208d
set the ,f413a0fda3514752
maximum ,c2cc5a7f501a0651
output l,f060a12faa46283d
ength du,21ff96b2145c0f73
ring inf,89d8d003c04302bc
erence t,1e01d2107a64a8da
o input ,45ffe54c7c5ea0a0
length  ,255c92945364c2c6
50 but t,5969f618aff3ac3e
erminate,5f3d5e858e9a2a45
 early w,6f26e47768c6b512
hen poss,6de1a92b080a2e27
ible 38 ,86ffdae1dd80fab5
Table 2 ,20238b472439dfcd
summariz,5d09ac2ef7a58cb6
es our r,a637ce412b56cb0a
esults a,b2c89d7c329f7c74
nd compa,6cef94fb27881f2e
res our ,9ab70eabf32355ba
translat,8c04e612c136a59d
ion qual,fff48760dd0daba5
ity and ,9847dee17090ce4b
training,116ee8456a7574be
 costs t,b7d5d769d8ba1c47
o other ,f707a10c090947bd
model ar,4ee136624a7e1882
chitectu,a42a531f3a8b2572
res from,898c27c283957b5f
 the lit,25cd37702eebdca5
erature ,3002be458fcbee2b
We estim,41304e488580c72f
ate the ,8978c4c070836e47
number o,1f436328ce054965
f floati,c24e4de316d77a1d
ng point,5626c4847ed13735
 operati,bf06ab8046e2430b
ons used,613a4e30ddbdc242
 to trai,60a46a6562793f34
n a mode,f0fc0f068ba82f4b
l by mul,0fad586ac9c34ca3
tiplying,d2f9c10c9ea59c80
 the tra,685b69f95b011b5c
ining ti,cf16558a9da1c321
me the n,f43c290d1a2d1b78
umber of,7770dcc23c4be4a8
 GPUs us,e26c8d6740380b11
ed and a,2c4d461d04a9479c
n estima,a84a4d876a6825b7
te of th,f6a4203f3e8a975f
e sustai,1275da168cee9e69
ned sing,0d8c4002920bb0a2
leprecis,783db284c82bfe79
ion floa,73738ca96d2e5100
tingpoin,2f01b09360573bdf
t capaci,b3d3367dc4ecd7ed
ty of ea,1d5b9d677eba3b6e
ch GPU5 ,2153993f9c5b0460
62 Model,bc60a24d669f5777
 Variati,f821b22ffad807d7
ons To e,39bf62c394dc421a
valuate ,05131573b1d5a106
the impo,d831c0e7571962ee
rtance o,9670efb749e553e9
f differ,57c627263ea407e9
ent comp,a974a7ad01b36264
onents o,ec69c5fcd85bfc03
f the Tr,468c64fec340921e
ansforme,e11012f0ef2255f3
r we var,bd695dad1f40205b
ied our ,4981e29dc12f0f8b
base mod,07ab55c4616683c1
el in di,c06afe5860d9ec85
fferent ,40ea6a48dd1ddc5d
ways mea,15fbf09bb82c00bb
suring t,6230b42b2742dcc4
he chang,c17944de488f97cd
e in per,1b00a81ab684eec4
formance,65e53c494cefa043
 on Engl,1e964d35cfef8cef
ishtoGer,deca4a77f7b517ce
man tran,a70a7dea0128567a
slation ,f3ffa1df8b03e13a
on the 5,7571c56452aeab3f
We used ,1829fa75a3052456
values o,a9b6960bbba2fe8e
f 28 37 ,d3af1a0c61a843d1
60 and 9,ecb91b6f08384931
5 TFLOPS,dcbfc763b4277965
 for K80,1dc99905181de22c
 K40 M40,48a1444e3091cc1e
 and P10,7f48a01639de7680
0 respec,48f3de16e9fede23
tively 8,0c57cc8add2cd8fa
Table 3 ,c95e21d5986a783f
Variatio,974193af6c13b311
ns on th,23922c488bf48597
e Transf,77e750409c25af71
ormer ar,864102002868d3a1
chitectu,a42a531f3a8b2572
re Unlis,83a47bca2b604b6e
ted valu,f4dd8c3574d388b9
es are i,0d57d487aee40215
dentical,0510f5f163c2599b
 to thos,01a2230bf3818c7d
e of the,231b9d15e176649f
 base mo,496c2853b2b78527
del All ,fe425ed431328543
metrics ,02f0aab0becf0c58
are on t,32de7115aa115381
he Engli,5e3930220aff2b45
shtoGerm,5a6112302dc2aa29
an trans,c57f3ac37ab2c977
lation d,4b9ac65b62f51e4f
evelopme,bf9fc8b898628867
nt set n,1afb97dd4facfa67
ewstest2,9d114e973c384ffc
013 List,04d3b812fd95f186
ed perpl,5953c12789b837d9
exities ,badb25492c5a706b
are perw,75217ff69e21a27a
ordpiece,c39edf7c2fcaf4c3
 accordi,5cd3b37bcc782815
ng to ou,be4fe35e00c891bd
r bytepa,ef3a37c6744cf9be
ir encod,1d5bbf33f082a97e
ing and ,5d3a74db44ca659d
should n,dc6155ac5c50dbde
ot be co,bd9a008c4b2b2e4e
mpared t,bd7147de4ceb6ae1
o perwor,d18a0aefc3608cce
d perple,a7631971e328c582
xities N,7f2d7bb94b2e544b
 d model,61fa37a9d3f5b6c2
 dff h d,728274413bdd0078
 k dvPdr,376033026bac53d2
op lstra,a22e93140a70d57a
in PPL B,6088bb9c1a857445
LEU para,3abd0b22927439ca
ms steps,43e03821915b6b48
 dev dev,a178a7e8eb617946
 106 bas,c3265b74a6f6ce18
e 6 512 ,366a4f89c9a5118e
2048 8 6,d929aae60aa810e2
4 64 01 ,3ad9efbd2380ecef
01 100K ,1120223df7bb9024
492 258 ,2592e2a9e9b4b738
65 A1 51,62098257b3c83bc5
2 512 52,609782e35c85cda5
9 249 4 ,ea1f95592ecdfda3
128 128 ,b08850911a307c35
500 255 ,d0bb97dc3827674b
16 32 32,ff81afb0595bfb60
 491 258,0a4b84805d3e7a57
 32 16 1,461aec60cbd3627c
6 501 25,14d2bc599f51d709
4 B16 51,6d89a33411ef14b5
6 251 58,dfcd2cd727acfa05
 32 501 ,3e4560f4e49c6f44
254 60 C,2356aeb19b9042f5
2 611 23,f8a26ee035de2f92
7 36 4 5,7e4fdd7a13d60a3d
19 253 5,216fc726df846780
0 8 488 ,20738dfdb3e2a2ee
255 80 2,92c10bb5a84e0f4b
56 32 32,20fd9f2624ebe02b
 575 245,997aadd61f381036
 28 1024,90d067cb8255b761
 128 128,c5d09f9742bedf09
 466 260,8b755e4d350dc4b0
 168 102,d5165b6bcfd5e672
4 512 25,6521abd04d740af4
4 53 409,3c2ed3b5ae570f09
6 475 26,faa040bdda86e1f6
2 90 D00,eb0299d0f1e96dbb
 577 246,c56e305318b26ff6
 02 495 ,9e303c7849fc950b
255 00 4,7161d107287c3b56
67 253 0,65be7f2535bfccb2
2 547 25,524b731b918c0398
7 E posi,0614c1bce367c2fe
tional e,e12ae12104909051
mbedding,beda2315fc2d34c9
 instead,4cf1fe4c8b6c81ac
 of sinu,1168e0f29e38e800
soids 49,faf575e0284a4c85
2 257 bi,a32e052a0f582fa5
g 6 1024,dcfc8a5ed93f6c07
 4096 16,ecb4f6508f453a6d
 03 300K,94bf38fdd7fe8e18
 433 264,b84f1d5d3ca1eb8b
 213 dev,ce022e361fd18180
elopment,072702d9e19a64a0
 set new,8ec2baaddfcca649
stest201,4f87a8d6b4e6af54
3 We use,e65260afd0fb34df
d beam s,4ab40814d0e90d17
earch as,706e4540eaad478c
 describ,b7c15e34f98814f6
ed in th,80ebdaf01ea50fe7
e previo,ab1d22e6992b02ce
us secti,a296bc98f07dc718
on but n,828d1075911a3103
o checkp,d9429f093a5cd8be
oint ave,c8caebcb2acac209
raging W,abdbbb9e893c54ec
e presen,95c60b9fdc33b4c2
t these ,e68ce6a05ad99a88
results ,f47a1d0b46603e4f
in Table,c8932227e050875d
 3 In Ta,f7651470c22e464c
ble 3 ro,5951ea6ac753f0ec
ws A we ,6ba54e132aae7c49
vary the,3ba551cdffba3e01
 number ,e9eddf2ecc5cb6c7
of atten,5db1921853b0c8e7
tion hea,fbf6dd35125d288b
ds and t,43b651a5f5d98cbe
he atten,d8bc37b767b4964a
tion key,fc87990fec99dca4
 and val,a86164acafa34889
ue dimen,7eaff76448c93aee
sions ke,2521c4f9261286af
eping th,ab1cc4841d2a1cde
e amount,64bf2a46578ef7e6
 of comp,584169df1c9fa359
utation ,c09f6269aa04d2c5
constant,f6c7deeb8097123a
 as desc,f33b50ecbad0f01c
ribed in,0ba97cbcbcf77802
 Section,bb7aae6b97131fa3
 322 Whi,3e2d02fa8f5ade16
le singl,714eaea602b97f80
ehead at,f91391ea0fff2eab
tention ,3e49f1f6e2bbb76f
is 09 BL,ca51cc6e74e6f802
EU worse,13f1454a49a2a398
 than th,ea91665f1df3c6e2
e best s,ad1b82d640c8ec2c
etting q,9ca5aeade4106e23
uality a,7955af61b3164060
lso drop,36d901642156dd36
s off wi,99f2dbf22aa0c0dd
th too m,31f18d87e72cdf1c
any head,538c7f702bfd5e5a
s In Tab,406866ce6ab7f39d
le 3 row,6435afdeb8b809cc
s B we o,09a1a21c3a384479
bserve t,884b2313a94a1f0d
hat redu,6d9fc409ffc94e99
cing the,4caba8cb035b92bd
 attenti,e69ddeeb4dbd63aa
on key s,37889d6c32893d1f
ize dkhu,3795c81e320da64d
rts mode,e4c7509d24cb20aa
l qualit,0a739dba271942d8
y This s,93a6ea2905bfab27
uggests ,84c549afad771231
that det,b8e68c89ad61a03b
ermining,ffb41ccace24ca10
 compati,8191b82f4b69c7ff
bility i,9b9940b25ce14b9e
s not ea,7eb7759dd47aec4f
sy and t,15fa2eb7700fa3e0
hat a mo,e03469670071b381
re sophi,114f08074374bf2d
sticated,771352df8095000e
 compati,8191b82f4b69c7ff
bility f,02859f8f9d6c891c
unction ,ed3536a89535dd9d
than dot,28b45fe4c8425172
 product,17ace32d575a72e8
 may be ,47ac45d335cc867a
benefici,2e2962377f4f5998
al We fu,455f93d14f007611
rther ob,4d67f65a0240a5e7
serve in,d9a40ab6ba4c73a0
 rows C ,ff2d6418f2da1b1a
and D th,4429dc1ff943991a
at as ex,8fa4e8236b91e681
pected b,30c08646e2f7417e
igger mo,e022d0d729c3ad42
dels are,4cc995625b494202
 better ,67462a1b3cc69860
and drop,7186f521400e7e45
out is v,454ecf7d3ddc867f
ery help,9d15bacb650fe5ec
ful in a,70bff4e0031d4629
voiding ,e8807142d13bef85
overfitt,e4ea003c088b184c
ing In r,ac07dfae40a1913f
ow E we ,b2da49389e460d17
replace ,c445479f32f6b230
our sinu,7f05f3bd869523ba
soidal p,f593aaefa9ae464f
ositiona,85a1e7f537b73ced
l encodi,21d17d0bde28b6dd
ng with ,375cb76282ead397
learned ,4ed38ada0d335e17
position,b6bd7883056084c0
al embed,ef8f2e79a1ae1212
dings  9,f49dfc9b7963ca6b
 and obs,cf3a279a9fb7744a
erve nea,f11a392f7ac011f8
rly iden,05ec2126a7e90d16
tical re,6012285d4c112fb9
sults to,368b37588226cf3c
 the bas,118c5fc7920d00e5
e model ,d4b70969f7389461
63 Engli,657e771075b7c1a2
sh Const,656e137f2260da17
ituency ,021096e0e6fd9164
Parsing ,421aee0181afd938
To evalu,b58c77cfa07824b8
ate if t,119e123d561f26cb
he Trans,905e1a5f3946dce7
former c,a055afde5d7fd6bb
an gener,7a9c47da7f174c58
alize to,826b22f98419b06d
 other t,5746a59c7c78512a
asks we ,ecf298e5ea752044
performe,2c89e88807e0187f
d experi,e0d9e4788762f61d
ments on,b381506ed9016e0b
 English,f075aa0b87c82f65
 constit,76e76d3ffc6b4748
uency pa,d7c390eedf3151a7
rsing Th,1432f1350ac7feee
is task ,af8daad6b359b0f8
presents,3dd3a1eb1ee5e188
 specifi,dc706cd863dadccc
c challe,1faa9b4794fe0b33
nges the,d78fc31ddc8ed35f
 output ,1e625f7548d521d9
is subje,1595ce65a33254c2
ct to st,8c7b42f1ced1878c
rong str,4af1448dc534b2af
uctural ,3cbbc23410f41b76
constrai,f5b7d08d3c29342b
nts and ,8b76266f5a058401
is signi,2d60421efc40aa9b
ficantly,e2fb529aa916fba4
 longer ,16e705e2b97b95ff
than the,ca2af7dd02f98dcb
 input F,472bb7b78eb5d05e
urthermo,4442eea9bb7d53cc
re RNN s,3a50e66f2071fd4c
equencet,16caf5935cc94626
osequenc,07908ab4753d6b57
e models,a61bb147773548d0
 have no,5453b19b39a14454
t been a,afdd4e1b28259842
ble to a,cf22c558b21ee981
ttain st,202298f0dfb1e87b
ateofthe,a0c767affa4a0cd1
art resu,8d0dff7abd03d7e4
lts in s,b81c6f83b5066fb8
malldata,02e64be65c262eab
 regimes,a958f71b6c79442a
 37 We t,cb512f5462b42819
rained a,c6a4a752ed16ba0a
 4layer ,d5970a01eccc7958
transfor,5e23e1a3ab7f14a8
mer with,be0b0253d3f27a36
 dmodel ,e5c06124664a23e0
 1024 on,d25e109726237f21
 the Wal,f77bef55964d1887
l Street,0eb52b718c939f97
 Journal,0d96acf54d7fa16d
 WSJ por,34ac1599665dbaf3
tion of ,294b3107969b5456
the Penn,7ec225573a63af22
 Treeban,78dca244f58ed6d1
k  25 ab,aa63390e9e70d394
out 40K ,2816546cdd987da6
training,116ee8456a7574be
 sentenc,5122488cdbae8f7f
es We al,cd7dd858eca3366d
so train,faba28db6e3688f6
ed it in,86791678cdda73f7
 a semis,1d9a29b5df0e8059
upervise,a08d4665fe357898
d settin,477638751ffb37f0
g using ,c140e8d665e7738b
the larg,32bb0a9d97557211
er highc,9e2e9f0ace0342b0
onfidenc,3b862f128c6e6868
e and Be,b13aef6fc6fc210f
rkleyPar,0c08c7943822ab34
ser corp,53ca73b70fe1394f
ora from,3113eeaa246526e7
 with ap,09ac4d1b782432b9
proximat,c016b6e0bc8d4061
ely 17M ,c927d63150f04216
sentence,ca0ab6caf09f9be7
s 37 We ,54741a6f0229a5a9
used a v,1849176304c1532b
ocabular,b7795af38e2be915
y of 16K,de55a7adff80637c
 tokens ,1bf17b0b618c5adf
for the ,4e3ff64aa8a9c45d
WSJ only,4654ab267ab5bdf3
 setting,6bf316f40d6f3d9d
 and a v,67e788e887070944
ocabular,b7795af38e2be915
y of 32K,bb1e09bfb28ab2bb
 tokens ,1bf17b0b618c5adf
for the ,4e3ff64aa8a9c45d
semisupe,a4be31c6a99473d3
rvised s,a398ff8f2c94e82e
etting W,4baee13f73ac332f
e perfor,80920951ed662ec2
med only,2865b543a4dee4bc
 a small,51c73e43fe89ffe2
 number ,e9eddf2ecc5cb6c7
of exper,a200e6d668e9a893
iments t,200006109808325b
o select,d3d0d2ae403e968e
 the dro,d4b1dabad9d8f208
pout bot,3c3004ee65cb1403
h attent,e00554ba1c448acc
ion and ,60b668d9b7b24053
residual,068fa22ba8e92e0d
 section,60c816cc7151c6df
 54 lear,ac08f2032edd3a59
ning rat,f926f8ac56f20ef8
es and b,3c5ee0ca0b5cbaf4
eam size,88c401f7bad45501
 on the ,ba48cef0c7e08fcc
Section ,14dfa14a7ddf7e7b
22 devel,03013c489d7f76f9
opment s,8369c2344fffa0fa
et all o,c71cbd2b4f79101e
ther par,0bf888a5412dcb13
ameters ,e9196d29f3651150
remained,89f89f1a861d5978
 unchang,ec511a81e805b0bd
ed from ,a32afb065ba7a838
the Engl,cd125e9a8d097ea7
ishtoGer,deca4a77f7b517ce
man base,b5f344d32f5371f1
 transla,133f5c827c8e7ac0
tion mod,a60ffb3b956156e1
el Durin,318f3e2193b39e45
g infere,94d0dd1777124083
nce we 9,7ac8e6b2d9334d4e
Table 4 ,c5f004925d48e502
The Tran,df43accc0ebef3cb
sformer ,69cacb239bd208ef
generali,8e53ac93423f7ae1
zes well,5ee91f4a080b4e91
 to Engl,96ad4894f461ba51
ish cons,5cff0f8638192fc3
tituency,d47c861a2c73e462
 parsing,8b58d795f2777a7a
 Results,77e266fd17bc00e1
 are on ,75cae0eb51600dac
Section ,14dfa14a7ddf7e7b
23 of WS,d743bbb11c962c24
J Parser,652fc0f3409de35d
 Trainin,2bcd29a7db862600
g WSJ 23,189cac73d2a4d741
 F1 Viny,6031fd97e9277587
als  Kai,da34b8d703b16708
ser el a,183ce167e18f2766
l 2014 3,d22b1e88ff182f36
7 WSJ on,4084dc87016c25fc
ly discr,8f96cd5e6d722e38
iminativ,af7f8a4aa0bdde6b
e 883 Pe,029fc664ba5c5b11
trov et ,093f70f7244d7723
al 2006 ,b89e3b903ce94ef5
29 WSJ o,9a08a8a21ed336f8
nly disc,bb4a93c060ccda6b
riminati,80df03baf009ea24
ve 904 Z,cfaa2bd72fe0d8b5
hu et al,2eb71cc134fa7dd8
 2013 40,ceae38727fc2507b
 WSJ onl,ffcdd88de6f1af16
y discri,cf248adf304a42ca
minative,450a6d0fc3a1bbab
 904 Dye,aa5cc06cb2fc894e
r et al ,6595df0569d8ae6d
2016 8 W,24adf5f0e4dd6e20
SJ only ,12ed8d9ffdb93e1e
discrimi,11e8a2e4c5916e3f
native 9,6108b5d06624e8c0
17 Trans,875936796b8a0f00
former 4,52992a5eb742dd02
 layers ,1155c7007117d42e
WSJ only,4654ab267ab5bdf3
 discrim,1bfcc9e3fc66b491
inative ,189d942c67bee941
913 Zhu ,382ed7826abbfef7
et al 20,644389acd4ccd31f
13 40 se,b0f24f7395f59cbe
misuperv,7c4f6ace5a038d2e
ised 913,d5b06a0cd401a028
 Huang  ,5e0536e1b1774861
Harper 2,6d3dbda1b3eb3c88
009 14 s,25e0536d043138da
emisuper,a2779fb4782a9bf3
vised 91,3690e5892b79c73f
3 McClos,7001f2d5d80a15e3
ky et al,e67348225c9c22f7
 2006 26,ca50bd0dafbfdd6b
 semisup,fdd675dff5e02101
ervised ,c25a2a4185828be7
921 Viny,72794fb074746088
als  Kai,da34b8d703b16708
ser el a,183ce167e18f2766
l 2014 3,d22b1e88ff182f36
7 semisu,4d1b99426c9c6870
pervised,26e95a18350f5e1b
 921 Tra,0f3f312d71350051
nsformer,44f879c3affae37f
 4 layer,08a3151609200216
s semisu,bf551a16c2a9dedf
pervised,26e95a18350f5e1b
 927 Luo,b6e9ffda8eec9310
ng et al,ab5ea3e89f1014ed
 2015 23,895a31998b10af76
 multita,48f6b885ba602f63
sk 930 D,71bb1aac9f7f0a38
yer et a,e8d6274d84bcca81
l 2016 8,f084ba8e4292f145
 generat,896edd24ea119b69
ive 933 ,2b471b0db81e2fba
increase,cd914e12de2aeea4
d the ma,68a081b7efe4507b
ximum ou,1e35647eba12bff1
tput len,a57662607cf858ad
gth to i,df0be96cf7f34db8
nput len,71b911ad078c6022
gth  300,b79f471943688617
 We used,0f6d2e29e9a53643
 a beam ,2488e30f2bc17361
size of ,f85d4968e7265e32
21and 03,4c72ff0c261e3370
 for bot,f6679678a80c92b2
h WSJ on,89b141386710e34b
ly and t,571e959bf2a8f9e2
he semis,c2ce11c8118eba98
upervise,a08d4665fe357898
d settin,477638751ffb37f0
g Our re,4eca98a4b6293276
sults in,b098c9e1663c6a89
 Table 4,6088dfc1cb9bbeb8
 show th,ed5ed3bc4e2da96e
at despi,842ae35610491bb9
te the l,1efa092d0f357d2d
ack of t,06e51e268372938a
askspeci,664fc97a32cf4c52
fic tuni,7a5c764227aff3b1
ng our m,e3f6f17153266a2f
odel per,22d2ad0ef5d0a95d
forms su,e548f3ff63606c00
r prisin,f220df29ab93ac77
gly well,b51ddb76376f57db
 yieldin,9a4d8b5ed2f0d43b
g better,3e3843432760651e
 results,ea00a0724b96a9a6
 than al,852041310cae7946
l previo,08b551fd4ef28e41
usly rep,0a61254f2ab832e9
orted mo,4084b53f48b1e685
dels wit,23cce2797f195acf
h the ex,08a3d97ecd11af4f
ception ,852a3231b462bff9
of the R,70cea9830ab30d2f
ecurrent,cb2cf4b2e5c6bf9b
 Neural ,60a422a48e5b4c08
Network ,ccf71c2eddf68add
Grammar ,d942ba737b37ddaf
8 In con,8a3bf2a53fc251f8
trast to,12bf0d78697d3b02
 RNN seq,7ea9d258dca6c26b
uencetos,7852b2de4cc0d4e1
equence ,c978a9634976b90f
models  ,2236774166872f87
37 the T,4ec194badd24d9be
ransform,6e4cb692e6954ad9
er outpe,1a281a6b91aec03b
rforms t,e0209f7813edde56
he Berke,33e71570795e2a7b
ley Pars,a77c4c8f60cc6afa
er 29 ev,d7cf2c604f40917f
en when ,686daca2ce48f7d0
training,116ee8456a7574be
 only on,add5be10c45436c1
 the WSJ,f235f6165376719e
 trainin,5b1c0d8b63c1797a
g set of,cbefd3038209974b
 40K sen,1fe3e22c43ed5bb1
tences 7,8c4145ed5e4a0ae6
 Conclus,baeda95ed05f3962
ion In t,9dcffcd592a4b5ed
his work,344c90db381f5d0a
 we pres,f278d859fa207fc0
ented th,404dcd00cd475a73
e Transf,77e750409c25af71
ormer th,fb6afbdd371a266f
e first ,7ef82cf8910e8159
sequence,b789dc4e6c72a9e3
 transdu,7a0f8eb92fae686e
ction mo,f0b1fe5d772f3934
del base,eba4e32bb5d12c68
d entire,7702684100e4c7f2
ly on at,3be55dd973471091
tention ,3e49f1f6e2bbb76f
replacin,543008049412de00
g the re,747e05aa6b9fa933
current ,2dc259d26e5c17d8
layers m,ca0fc3e56c8390db
ost comm,fd801f53ae9cd8f4
only use,e8db9df05402c409
d in enc,678e59ef6e1ae28e
oderdeco,6d88a4b17db56371
der arch,956423df5f8d8e95
itecture,beecbb01569f67ed
s with m,58719888628ecf62
ultihead,33a7c31e6bfae097
ed selfa,1899293521b81e09
ttention,9c9185d4277dcdaf
 For tra,6a02c494a782bb01
nslation,5f3add43ed75e032
 tasks t,d03bda3ebe0ebb89
he Trans,905e1a5f3946dce7
former c,a055afde5d7fd6bb
an be tr,dd1c9284eacaf5a2
ained si,309b133615e1a153
gnifican,7eb1b0f462145e7c
tly fast,1c6674ee0e167162
er than ,6d6f4eeee6162ea3
architec,0ffb2ef9608aee39
tures ba,92dad57033e70289
sed on r,fd5ddfa7acab42c9
ecurrent,cb2cf4b2e5c6bf9b
 or conv,a63bb3f0e27cb312
olutiona,7b67cdb761623119
l layers,40bc3bb88b13fee3
 On both,2554ed5c894edd36
 WMT 201,3b6955dd9c4b3266
4 Englis,4bcaff747dcfdd60
htoGerma,565ccf934803ea1a
n and WM,d129daf65b1b3e49
T 2014 E,85408711af5078e2
nglishto,1f0200fab724c162
French t,d865b298cc0a1a2a
ranslati,dfae54576544e1db
on tasks,a88781f48c6325c8
 we achi,071c94365fd711b0
eve a ne,cf658292470948e3
w state ,47e7f0dd9ce68e34
of the a,8939c20169bc9a4e
rt In th,87b05e32b968635b
e former,689ba045a75c0fa8
 task ou,03ff2e16dcb45444
r best m,6ba0601dd7aa1a11
odel out,592d5743174bc8fa
performs,44a46a6d1bdc473b
 even al,557cdac969feb6d6
l previo,08b551fd4ef28e41
usly rep,0a61254f2ab832e9
orted en,1575674672a8951e
sembles ,beed2bbf152db3ca
We are e,eebf62088f408b43
xcited a,a6ad1c029d156a55
bout the,8a7a01262ed85566
 future ,546360f7bc1f9d6b
of atten,5db1921853b0c8e7
tionbase,3ae6a08028bc9fc3
d models,61d909a08c60397c
 and pla,a9d8daa0a0cc6493
n to app,49180b940044a5ca
ly them ,00fe3a26c961ac5e
to other,09e5451c21376c92
 tasks W,4024bba50e6a3d60
e plan t,7d07bc523c77182b
o extend,87ac295a82c92f4b
 the Tra,558aaac0176d996e
nsformer,44f879c3affae37f
 to prob,5cc8e27a112878f1
lems inv,c1f215d2697a02ff
olving i,e61583e167aac3c4
nput and,d0150793730e048d
 output ,1e625f7548d521d9
modaliti,ec5f3d20114ee2c8
es other,21e5fa2b7f5887dd
 than te,2952c288b632717f
xt and t,3b7298ab4b991ff4
o invest,8a91aba8b7858b7c
igate lo,671fc52554de416f
cal rest,5b78ad137dda383f
ricted a,14a23da2ddf2561e
ttention,9c9185d4277dcdaf
 mechani,a8082febd8e7a125
sms to e,22cddf19ad916c17
fficient,72b85702d0f3a67e
ly handl,c518188986267118
e large ,b78c3303193dea72
inputs a,97deca9e277321fd
nd outpu,e0b042eeff3f8d57
ts such ,37c4ea8f91d4d00d
as image,978cf920f38a232d
s audio ,8a15e47c38ed8b9f
and vide,861d25f8e1a820dd
o Making,4e212fc5d3a5e159
 generat,896edd24ea119b69
ion less,3524d2558c9db622
 sequent,3aa202695b1c6f4c
ial is a,6bef098c90736ca6
nother r,30682bb821776d19
esearch ,674a720ed36bfad2
goals of,1872416f0e34be2e
 ours Th,d73ed4f380c71873
e code w,00349a8b74febe19
e used t,d205b0d57a5a48e0
o train ,a7592182fdf09651
and eval,d0c7e04e44627ec8
uate our,3e0bd83f246ecf64
 models ,738c454087ea0055
is avail,c00aa4ec7b9ca4d1
able at ,eca86f16b42c7b2d
httpsgit,14fb0239640a1fcc
hubcom t,d9bc611bfdcf1486
ensorflo,d731bab907279810
wtensor2,2b809acccf70abf9
tensor  ,68cca68ff995ee77
Acknowle,348d7bbc2d0c8595
dgements,10d68edd008b0d4e
 We are ,7c78ba09cdcd2dae
grateful,ef7c751c47957439
 to Nal ,c2587b14224e0244
Kalchbre,2b8906e72aa5cb78
nner and,163580dc1e08da90
 Stephan,11c7a7ec4445b299
 Gouws f,f07b966bfb70ce77
or their,586ef9d89128fe6a
 fruitfu,bf6d98bbe4b34fcf
l commen,66025619a61552e4
ts corre,0ceece70b4469f13
ctions a,e53ea8966f878c12
nd inspi,6b4597022fadd800
ration R,18990cbc7c6f9288
eference,cd1f8e92cb07a958
s 1Jimmy,50831ab539297af4
 Lei Ba ,951c8a915a8f3c31
Jamie Ry,3ef84ff7ee828954
an Kiros,4e110ceb19756c93
 and Geo,eb101621f3f7fc19
ffrey E ,fa9f929198eda4e1
Hinton L,4d1f5dcbe8e65ff0
ayer nor,1dce92315cefd8b6
malizati,5883f9e21a3f7be6
on arXiv,ef478b0665fd9a91
 preprin,4096665f2a895af8
t arXiv1,a5b8dad0954073a9
60706450,730854d0b5cc1443
  2016 2,b5f59b1f7bad05bc
Dzmitry ,ec3f42fd425c71fb
Bahdanau,8d9017a89bc13c41
 Kyunghy,7489c9e5bee49274
un Cho a,6eb534aa0903190c
nd Yoshu,ac7997387bc5efa7
a Bengio,9cc92a59f658d4dd
 Neural ,60a422a48e5b4c08
machine ,7939fb8ff62dc66f
translat,8c04e612c136a59d
ion by j,1ea2800474f8bd9c
ointly l,23cc61c6ec6efd79
earning ,6d86ed99774abe1e
to align,91a1cc1891cde3b2
 and tra,792f6eae0b68061b
nslate C,22d8074a0dcd4471
oRR  abs,61c8b821f1a68462
14090473,edefee0442064d1d
 2014 3D,d642c86bd6d85fa5
enny Bri,d1477ac85f41bc2c
tz Anna ,f6732db2d46745b2
Goldie M,d6a26a2d29614005
inhThang,f74cbd3d5f9da044
 Luong a,e38c2adb91618331
nd Quoc ,0cbe0090e46c87ff
V  Le Ma,d3fc9ec5479ff242
ssive ex,c7f781f0032a397e
ploratio,c57ac59c70935d87
n of neu,9ad4d57daae96d8a
ral mach,e849c1fbf3c61d5a
ine tran,2e046913447ee4b4
slation ,f3ffa1df8b03e13a
architec,0ffb2ef9608aee39
tures Co,b1daeb2faa1ea253
RR  abs1,6cb6d0d72139c575
70303906,12181f1effee9887
 2017 4J,9dcd9f95177307e0
ianpeng ,8e39823187b75bf0
Cheng Li,a2ed81fe3eabce4a
 Dong an,d9591cfe731e2790
d Mirell,5a6bc392d2dc5d58
a Lapata,7636a44fe71930f0
 Long sh,70c1c01ef8f53b0c
ortterm ,8759894a54bb82e1
memoryne,46b2fab6f2b99016
tworks f,e3b58f8351dfebdb
or machi,ae2ddd26655a0632
ne readi,df35d99a945e73f3
ng arXiv,6108d4e6921c8da1
 preprin,4096665f2a895af8
t arXiv1,a5b8dad0954073a9
60106733,d89b2f2d442646fd
  2016 1,1026fa86330fd98a
05Kyungh,9b41293aefadd564
yun Cho ,c117a257a0091b7d
Bart van,57225b18b06a9b6b
 Merrien,b25fc9c8f91385cf
boer Cag,6ee15cbb0d97728e
lar Gulc,00c5c2f9ddbeed79
ehre Fet,1ebdc73ab2da4305
hi Bouga,f2697d2f71474257
res Holg,6516ff20cf8cf5e3
er Schwe,5cadc9d20bf4a5ee
nk and Y,34ba507806844d46
oshua Be,02c602edb81fa415
ngio Lea,712f980bd0d0af4a
rning ph,95df757d74e63950
rase rep,eff9bfbd3cdcc907
resentat,750bf636871c257a
ions usi,2c7ce888a3b95807
ng rnn e,fe1f1d14bfb48d6c
ncoderde,17303a65c1086a46
coder fo,ce5db34c33f95e14
r statis,95671ced398ed572
tical ma,2d6b8e96b3a98d0c
chine tr,afcd5cbc945d68f4
anslatio,97ae7995f109bc40
n CoRR  ,0fd09111e1d74b48
abs14061,820cfedbac411992
078 2014,3819dc14117c6976
 6Franco,fc9202496673a6d7
is Choll,19bee9e8ab4dc211
et Xcept,2b88c1aa76a88969
ion Deep,b11699d91e08ffcc
 learnin,38cb0f63d1539b06
g with d,09af1d15e9af241b
epthwise,3d58610f66b5b86f
 separab,15826178750e5366
le convo,b243378f758fd676
lutions ,6fcb514fec83aec1
arXiv pr,b284e695b893e7c0
eprint a,6cb7517b22899f7a
rXiv1610,b7928d9e6f7da7d5
02357  2,07674c9c6c34afe1
016 7Jun,e306708a59781bb1
young Ch,018d72e24459da16
ung agla,f99740159097e0ef
r Glehre,bfdb15510ffb3c47
 Kyunghy,7489c9e5bee49274
un Cho a,6eb534aa0903190c
nd Yoshu,ac7997387bc5efa7
a Bengio,9cc92a59f658d4dd
 Empiric,a5999ed82fb088f3
al evalu,fcc33131a65d79d8
ation of,048c9275eba72a0d
 gated r,50a6263decc63443
ecurrent,cb2cf4b2e5c6bf9b
 neural ,e834fbfa6839449a
networks,df3cca9f5449cfcb
 on sequ,577a9579559971b1
ence mod,4fcf61f8fc6c85ed
eling Co,fb059392a89a179b
RR  abs1,6cb6d0d72139c575
4123555 ,6c11617aa78055df
2014 8Ch,d7a5f797cd0f8962
ris Dyer,7f4cf651f6345dcb
 Adhigun,babff72275f1e941
a Kuncor,92ed32a1a1c5ff4b
o Miguel,7acfa3e751d8034b
 Ballest,6738c3ba41710b44
eros and,e41562fb3689bd8a
 Noah A ,01071e827b53352f
Smith Re,caa5ff0490258435
current ,2dc259d26e5c17d8
neural n,c74b16c3a5b3afcb
etwork g,0ea112df7b86e8ce
rammars ,9dabfbc6544aa4a4
In Proc ,87efa1c3636ed349
of NAACL,e39600bdd5bd67ba
  2016 9,257f05e606eed011
Jonas Ge,22070f50ee1f9838
hring Mi,d9be0b59ab87ed81
chael Au,973b3dc8018fd29c
li David,8e16be9c08ff8bda
 Grangie,d2c031cf57357956
r Denis ,9d52672ee7ec054d
Yarats a,941cbafcc959d293
nd Yann ,d9dc2dd539e044e7
N Dauphi,edc578fbf7b81181
n Convol,e4e6491c5d764856
u tional,721104dfaf98b570
 sequenc,607b7ed73d0f5d6d
e to seq,88bb3dce418b1b33
uence le,ca6343d8a80a2c89
arning a,01d8a4f728bf9d00
rXiv pre,64f0b6ee1592c230
print ar,21f2aa8bf94f7a08
Xiv17050,bb1d660ea7af8c63
3122v2  ,b753d3ead0d77fa9
2017 10 ,4fad9568529fa22d
Alex Gra,c087c39f8807f5a1
ves Gene,f50253c9151ddacf
rating s,fe214c611391dfc9
equences,5b3800113fa61436
 with re,3f0546cf51f8f1a2
current ,2dc259d26e5c17d8
neural n,c74b16c3a5b3afcb
etworks ,4a4104da8a4c1685
arXiv pr,b284e695b893e7c0
eprint a,6cb7517b22899f7a
rXiv1308,951d97089f684d0b
0850  20,77121524276d517a
13 11 Ka,2cc8f1422bd184a9
iming He,6911b811d371dcbd
 Xiangyu,645e3e20f7994d72
 Zhang S,d1385cba061ddb5e
haoqing ,b8b377f9a16f4354
Ren and ,7d0129e41e765a49
Jian Sun,8c8307427784488a
 Deep re,6341cee636475708
sidual l,b622bd4d10835389
earning ,6d86ed99774abe1e
for im a,e7a5bfa3e5db9886
ge recog,726fb141f308d5ec
nition I,119dd5d8d4fe3fcd
n Procee,510ad9a4bfb3aeca
dings of,7e3c3c574ba1d384
 the IEE,965cfb9ff11398ba
E Confer,fecc3b01d2ef8661
ence on ,f729c9cf90b659ac
Computer,8851caa5b0ef77c6
 Vision ,45e9f270212c5ebf
and Patt,9bab1c666c26efc9
ern Reco,1043e55c8e2856e8
gnition ,21f45a83ca297feb
 pages 7,16a18269df17e35f
70778 20,a8b2345030d9873c
16 12 Se,da868fa2a2916c68
pp Hochr,0ca8d0869df20322
eiter Yo,a33b2f95a37a54dd
shua Ben,0c170bd175dc4c35
gio Paol,a92c7ea2bf491133
o Frasco,baa517dc9b1a012d
ni and J,6c3ea79f01310b6f
rgen Sch,798890b9122eeba1
midhuber,4dc3082cceab0e86
 Gradien,01e3c11efbd77c86
t flow i,4478569c41014074
n recurr,59af99cffc242195
ent nets,f6f13ab1d8fe5525
 the dif,fac1bd90c2e5e19e
ficulty ,782600b58a32b3d7
of learn,9e65e7ea008cb067
ing long,6cebc1a69d821dbd
term dep,604e0ccfaf1c000a
endencie,6e775b8052eb88cb
s 2001 1,90bac4bb9f146d22
3 Sepp H,1b872c65111b5e3c
ochreite,180308e842804eef
r and Jr,bedada988e28ac87
gen Schm,1f8e3754893a2779
idhuber ,7b3fff4e7e87e933
Long sho,39a7cb510a8ba164
rtterm m,0e969b198e67416b
emory Ne,9963b7fd607c4ad0
ural com,3658d0035c6798ac
putation,058482b6cb8308b1
  981735,f01beef752922491
1780 199,5f1cd5e3c00c18c2
7 14 Zho,76a6326885e3dcb2
ngqiang ,9351fa0cc47bf2af
Huang an,2d8959d1c9f3197d
d Mary H,a317602ccbc48c12
arper Se,a18e582099129c73
lftraini,579c7e024e499bf8
ng PCFG ,0fe4e5178a707ec4
grammars,b1352ea2e61609ec
 with la,be061dfa39adf52e
tent ann,addad9baa0a0ca39
otations,818124eb2a6601b3
 across ,1c36e2c10a46d9b4
language,bec9996574551108
s In Pro,075e7d1991a62a7f
ceedings,8390943df54a7ea3
 of the ,0da199b8dd8ad90f
2009 Con,c458a124f41b83f4
ference ,0aa096fdbae212d0
on Empir,956955d9e8919f29
ical Met,5fcec44b41f38054
hods in ,3de77653d5e5fce9
Natural ,7356c073bf1628b5
Language,014017eef5b95ac5
 Process,1cc0754a36951b96
ing  pag,be53731d9b0453cd
es 83284,d2f075a4a1a0a110
1 ACL Au,d6d4ccd9bad74bfc
gust 200,4e19a9d36e25d1fc
9 15 Raf,65acc72f444ee974
al Jozef,6dd6c66d2c210dd8
owicz Or,23b1564c5e9331a2
iol Viny,934ab3c881991c75
als Mike,9a4d94dea2ac462b
 Schuste,fc02f7b2c42db0a1
r Noam S,329d6ffe5c36baa2
hazeer a,28c8c3740f3adff0
nd Yongh,e077745767618d86
ui Wu Ex,6bd3bc73bc815ae7
ploring ,f39daa48ecbf4b58
the limi,0dc129ea1fcd54de
ts of la,135ad3bb642efda3
nguage m,6e24e9982a838889
odeling ,ae27674b40e18020
arXiv pr,b284e695b893e7c0
eprint a,6cb7517b22899f7a
rXiv1602,a62006745c52ecb9
02410  2,e7222707c55b4aef
016 16 u,8e77c15b4819c246
kasz Kai,0061e1eb6cd146d1
ser and ,02513a6d8d5ad525
Samy Ben,09f2ace9a99eed26
gio Can ,d82679e14e707319
active m,6b4fce37dc9e7644
emory re,e045aa5c786dc175
place at,ff2970e37b4425a9
tention ,3e49f1f6e2bbb76f
In Advan,42660c1ff68356f5
ces in N,d0246d065a4cc2ca
eural In,6d016901266d8604
formatio,3c7a6f587adeada0
n Proces,a5dff802f31ee115
sing Sys,6b5f4712be5d6394
tems NIP,d17ec6277f2db72a
S  2016 ,5fea00766bfb7318
17 ukasz,35617c83871bd905
 Kaiser ,649f4400666156be
and Ilya,05d3a87c095dcf81
 Sutskev,9b9ebc79f5447474
er Neura,7562ee1a832f18e2
l GPUs l,af241bbd9794aef2
earn alg,c7f0c1382685b854
orithms ,093d2839673095fd
In Inter,682641484c584e88
national,2e5175613e106cd2
 Confere,4630615dda9d8548
nce on L,c97ddb8b252eaf46
earning ,6d86ed99774abe1e
Represen,c72e8d8f4cfdc916
tations ,2470f6ee4aa8e653
ICLR  20,761f6d5abcf0a31f
16 18 Na,c22205b6f32ee4ee
l Kalchb,f749a6f49a60c3ab
renner L,ca254c0106ba9cfb
asse Esp,4dc2d928bbdaee82
eholt Ka,26f97d84ed5db6e3
ren Simo,895d7c26a91d5071
nyan Aar,5576eb665e57a226
on van d,fd13eedb21873ce6
en Oord ,3729d46fcbb6790a
Alex Gra,c087c39f8807f5a1
ves and ,f6b667f10e16c98a
Ko ray K,21e18561a4ef0757
avukcuog,58ecb7d8090e4217
lu Neura,0d3fe128eb6a6fbc
l machin,aa9f9a4acaa01e44
e transl,c3b427b4368d548b
ation in,a42b72c37fa4605c
 linear ,8938432a06a3aff9
time arX,42f2a5e95bb8f13e
iv prepr,058b56467719373f
int arXi,c466974b926411e9
v1610100,6b731fc729edb5a5
99v2  20,9e679f9418750f89
17 19 Yo,04347d5af39c670e
on Kim C,ab58b7afb869bf17
arl Dent,b7043385b81c129d
on Luong,87f7c7d32cd666e9
 Hoang a,ed41a5e3039f0220
nd Alexa,c89bc15ac1ac699e
nder M R,03f91ee32fc7200f
ush Stru,2814db2792e45d2c
ctured a,c819f85b879dc320
ttention,9c9185d4277dcdaf
 network,10034ab8eac01e66
s InInte,96e97f26b5977649
rnationa,05d57439263c6eed
l Confer,b7a65ecdb24db3e5
ence on ,f729c9cf90b659ac
Learning,441320cdbc6e2ea9
 Represe,2bf33545b6125304
ntations,19b33711116e7fcb
  2017 2,4d15702fad79f017
0 Dieder,a3d11a67525b5367
ik Kingm,0325f2301b0a220b
a and Ji,a3c18084b8136b82
mmy Ba A,c425262641bd39cf
dam A me,a67536dad58c7bb9
thod for,75ec18cdca2a34a7
 stochas,4536dce85281b3d5
tic opti,38d0f8b089ad78ec
mization,163cd05a5dfe6ccc
 In ICLR,b734717ced898822
  2015 2,e1cec2695ce12182
1 Oleksi,b9b3b20b2837009b
i Kuchai,c22d860e35b5d45c
ev and B,782e7474ecd038c6
oris Gin,d6e2f1fe0d2906b9
sburg Fa,af2ef61d0a028765
ctorizat,978036395e380d55
ion tric,41d669d946812fad
ks for L,536a6a59c91238f2
STM netw,629546929bdd5c21
orks arX,1c827bc0b453b25d
iv prepr,058b56467719373f
int arXi,c466974b926411e9
v1703107,d5889461faaad3bb
22  2017,59a863dac191b95b
 22 Zhou,9eb80577492a57b3
han Lin ,9564d41f008cb29c
Minwei F,9d45cb25b345ecfb
eng Cice,b8eaec490dd39cc1
ro Nogue,664d7fefa00c8d3b
ira dos ,36cf682f1d530c51
Santos M,edf17eed873f5ee0
o Yu Bin,a7f60d81bf6f2228
g Xiang ,aa3177b8af9168e7
Bowen Zh,20ae4d7f40348a60
ou and Y,f378ad1845a01afb
oshua Be,02c602edb81fa415
ngio A s,28fc73fb005356ef
tructure,c995e44c20e60b67
d selfat,fa9dedba11cd8a43
tentive ,1353f28906a8aff5
sentence,ca0ab6caf09f9be7
 embeddi,d84619f224422cb1
ng arXiv,6108d4e6921c8da1
 preprin,4096665f2a895af8
t arXiv1,a5b8dad0954073a9
70303130,1ba6a81f5585999c
  2017 2,4d15702fad79f017
3 MinhTh,9cb231689341baba
ang Luon,054a65ce22d23414
g Quoc V,26ee1640a6b8134e
  Le Ily,ef1553b1cb30ec64
a Sutske,439e593d71aba0f4
ver Orio,fd538e40d51e375c
l Vinyal,f19312b2750530fe
s and Lu,34c28e28a255bca6
kasz Kai,0061e1eb6cd146d1
ser Mult,bfc4ec0e0814fca5
itask se,c602cc5bb5f632c5
quence t,8738db8fbf15c011
o sequen,d3fa8a0fdd69a012
ce learn,534d767863d7fdde
ing arXi,56e86ef070bed078
v prepri,e3eaccb832633281
nt arXiv,17f2be0ad26b1dff
15110611,bb2baa18fc31a7a2
4  2015 ,392f199f6780049a
24 MinhT,d5ef635585ada48e
hang Luo,cf25525c2ef5c762
ng Hieu ,a3d6e09d99fbfa0a
Pham and,2151234f9874c2d5
 Christo,484b250df7c8c616
pher D M,4e60e1b59fdd1499
anning E,9023e01afa17b089
ffective,dab8edf2ff8d2667
 approac,8e5db2129ff39d8d
hes to a,e67cd6bf9f8803bd
ttention,9c9185d4277dcdaf
 based n,5a30e17fca0019c7
eural ma,7e4e5af55121d61a
chine tr,afcd5cbc945d68f4
anslatio,97ae7995f109bc40
n arXiv ,4c24d7cfd0657d24
preprint,89f455737f24ca00
 arXiv15,7cfaf37259d2d3f8
0804025 ,9b24e3544e3c773e
 2015 11,9cfe231e5cb160a8
25 Mitch,531240af5030d006
ell P Ma,844c0d32261a6db7
rcus Mar,c5a9df8293a759ef
y Ann Ma,9aa25f78077cbda3
rcinkiew,3203d262ad54dc18
icz and ,0fdd235345849aef
Beatrice,d3ab4945b4fcb413
 Santori,fcd05c439bad81bc
ni Build,7dfdb2110a3da5a7
ing a la,879d6a06d2aaa24a
rge anno,5c45a95277048bd9
tated co,d39386c971a565e6
rpus of ,b977dff6d3bdd129
english ,6620a1e3912a8cf8
The penn,aab90e79a17186e0
 treeban,4d98fb69b34d9025
k Comput,fef14b2bf3868c8f
ational ,763f1c64303bee3b
linguist,aa918bdec0d6a819
ics  192,1b43c4a6be1ea2c5
313330 1,92d30b49e6e07975
993 26 D,77ac8d3f6c9f3cdb
avid McC,ad28122c23fcf676
losky Eu,a31e169ec998dec1
gene Cha,af421b30e5ab844b
rniak an,2d7b7f254c593192
d Mark J,25740fa35508a300
ohnson E,1f43d633fae6d71f
ffective,dab8edf2ff8d2667
 selftra,892b5696b0891b34
ining fo,9e17f50369914550
r parsin,7d513a4e967a6874
g In Pro,7fb7be6306cd6974
ceedings,8390943df54a7ea3
 of the ,0da199b8dd8ad90f
Human La,b7aa1f434887d366
nguage T,8007b2d06bc54e71
echnolog,56c01ec164e5b757
y Confer,8cd916389c3e6e77
ence of ,7019c3d736e3692d
the NAAC,73c0eb0302fa4b26
L Main C,53c4922b1a8e808e
onferenc,d6b8ac00f2c8455c
e  pages,c3eb8c4bc7bada2c
 152159 ,a295ebc2c0e64044
ACL June,40141c8165778a47
 2006 27,701a92375bf4efae
 Ankur P,1e923205ba282b4d
arikh Os,bf603110cbf35750
car Tcks,57df1e5a30f33c89
trm Dipa,677fc852adc307a6
njan Das,4c835e784adb1a95
 and Jak,8ac5d16af26772aa
ob Uszko,dc8ffdd160e9fc25
reit A d,a190c53f6bc4dda8
ecomposa,70d60da447024f0c
ble atte,a7455f7ee2ee916d
ntion mo,ba9fc9632dd760de
del In E,b1c9d6fa122deb10
mpirical,ddf2bc845fc43dd2
 Methods,6181bd4d45f05ccd
 in Natu,da5479e35f1e8c5c
ral Lang,e20f91e036b4e7d3
uage Pro,980e425ec615268a
cessing ,09e2075f4a8b00c1
 2016 28,41e2cebc1de798c6
 Romain ,623112b752cb2762
Paulus C,2dfc0c4ff2ed18c5
aiming X,33bb5fe416e1b256
iong and,2ab14420587d5a11
 Richard,cb266123c7a8d358
 Socher ,e5adfaffd016016c
A deep r,8eebec5090ee37ea
einforce,c03952e2f6f5b894
d model ,f8a360b60b362b7e
for abst,51e81cb2ad1a40f6
ractive ,867928fc9c4b7ba5
summariz,5d09ac2ef7a58cb6
ation ar,546e53c9376136bd
Xiv prep,392d42cc21e85f0c
rint arX,ea2c2a4da317a330
iv170504,a811a580845bdf28
304  201,356fc8f9bf6c72e0
7 29 Sla,b30c0ca0e66e8dcd
v Petrov,9847e68b19b7cf76
 Leon Ba,77c2ff0118be487b
rrett Ro,5e0e6e0cbf9a9176
main Thi,b2718d71b9d244a6
baux and,082196119e9d9126
 Dan Kle,fe97775f50c78b9d
in Learn,97794eb799831a5a
ing accu,21a242c970dd142a
rate com,2f6cb2716da7f90b
pact and,d2dd3f69284ab8a9
 interpr,7dabccf9ef1edb82
etable t,f53c6df04eba97e5
ree anno,c2c462ca587e6750
tation I,d3842891a2b57c07
n Procee,510ad9a4bfb3aeca
dings of,7e3c3c574ba1d384
 the 21s,39623653e408d775
t Intern,ef04a739a42e6557
ational ,763f1c64303bee3b
Conferen,1a7cba349bc8b51d
ce on Co,502c52b0b9c5ef69
mputatio,772a4b8032e8d375
nal Ling,5170f2514c69be09
uistics ,6ae3acb96fd58be8
and 44th,e1b5de77c33b1b19
 Annual ,e65aade55fe9f1ee
Meeting ,76eadf70866f8df7
of the A,a3db844435979105
CL  page,d452b07b270a0144
s 433440,1344c189f7e573b5
 ACL Jul,5057afc3e67f8c4c
y 2006 3,92e0f46c914b831a
0 Ofir P,a19c6ad1d6260b96
ress and,41876dfd06c3bc29
 Lior Wo,b6bdd870fb1a5ee4
lf Using,5a69e5c26a02e3e6
 the out,85275b184a4e4de9
put embe,48f129eb6d383967
dding to,2fa5c034e0cb2c3c
 improve,f527e575a7637dd6
 languag,613d8107b6749465
e models,a61bb147773548d0
 arXiv p,c607d082ed7d131e
reprint ,4803820b6010188a
arXiv160,e179ebd115c43d1f
805859  ,d4b3082ff53fb8bd
2016 31 ,80b7db5a389470ad
Rico Sen,ad4cb95782c3fb7b
nrich Ba,b50d12a65ff8e742
rry Hadd,59ab7848f8938f9d
ow and A,88a1bcd55bbc1e18
lexandra,bcc7a3da7d7b9b7f
 Birch N,732a956ecd9d932a
eural ma,7e4e5af55121d61a
chine tr,afcd5cbc945d68f4
anslatio,97ae7995f109bc40
n of rar,e4ac61e028993325
e words ,7e3f4d9e375f23ad
with sub,e07bc42632300cad
word uni,91240d81834854e5
ts arXiv,8999f16155267b9e
 preprin,4096665f2a895af8
t arXiv1,a5b8dad0954073a9
50807909,dcba68df4eaf5aee
  2015 3,d4bbd872cea80eff
2 Noam S,0821932a8acc3d61
hazeer A,1b46f90f83d7d38a
zalia Mi,9748adf6cac5b661
rhoseini,dff74c00b81f873f
 Krzyszt,80899bc12567daa4
of Mazia,a346a2b887373523
rz Andy ,febd1db72a7ee1e5
Davis Qu,9f1c9e78c674ffc6
oc Le Ge,b302fc8939add84a
offrey H,376a4ff2572d793d
inton an,33d041af066d8eb7
d Jeff D,e4847281ef262a2b
ean Outr,19e9f72645ff270e
ageously,91c506a5a3e57350
 large n,e160cce2185709c0
eural ne,ef48d72756cd6a64
tworks T,de5a7a66ee79a2dc
he spars,24f3cad15bda1b49
elygated,c3352fbeffe9ca09
 mixture,8488f827d51b744f
ofexpert,420cf1432b10c644
s layer ,b6ac8449ad763fd3
arXiv pr,b284e695b893e7c0
eprint a,6cb7517b22899f7a
rXiv1701,2020215f5ada1782
06538  2,1619459c5e0db91e
017 33 N,8d00eb4342b00f7c
itish Sr,d18073764e738a62
ivastava,dd05d9f673a78df2
 Geoffre,a9375c7daf46cfcd
y E Hint,9089b14c0c9f7ed9
on Alex ,f6c7fba2f826833f
Krizhevs,7afb469ca27c3397
ky Ilya ,ea0fba35b256bc28
Sutskeve,947c56624f1d4305
r and Ru,ba3c252efb0f5f9b
slan Sal,21463f904d9f0fc6
akhutdi ,b0fed48159025c26
nov Drop,02f0c53bff0c3ce0
out a si,db88510e1c1dd4b3
mple way,6afa057b09f3efe4
 to prev,64d7f93076c6d463
ent neur,594dff4c3e352ac8
al netwo,3b51c63cc8f52027
rks from,e364074d83aab969
 overfit,2679b4a7a8916d65
ting Jou,0af4ce2868c792e2
rnal of ,000cabf8aecf5d1c
Machine ,a52fc4a11206bc3c
Learning,441320cdbc6e2ea9
 Researc,fad5985396a55aed
h  15119,9956e1bf768ef639
291958 2,ca985b611a635d83
014 34 S,b6d6d0d903faa3d8
ainbayar,ff8b2737391427a0
 Sukhbaa,f6f101289c108e5c
tar Arth,9b5b9a911352b003
ur Szlam,6b56ee59ce29ac93
 Jason W,212e9bbbc7c18f85
eston an,7728da6ddddac987
d Rob Fe,fbce71228f7c4059
rgus End,3c3be78d7741a7f3
toend me,10cc450ddf458f06
mory net,af2722c25b6c4277
works In,025f25db21c6c2e3
 C Corte,a601650558c75c80
s N D La,9e7014e238be5ef9
wrence D,86a24fdeccbc5d11
 D Lee M,2a571df427494ce5
 Sugiyam,70dfa93b62817d0a
a and R ,d2add974349f596b
Garnett ,082b05bbc6075b09
editors ,634d6de28b7e18c1
Advances,ef7d8a6e3f03c0aa
 in Neur,69488c2fcfb80464
al Infor,9ea969ae4bf8b125
mation P,e48857fdd0e13f11
rocessin,c5e327b2efde058e
g System,c781f32a36ed7477
s 28  pa,1f86f2c4915e2565
ges 2440,2a219d91fbbe659f
2448 Cur,e8eba8374678c5f1
ran Asso,1983633c4c1487f8
ciates I,7c968ab763e6a3e3
nc 2015 ,62ab670c7b92808b
35 Ilya ,6cceb1af57ccfeb2
Sutskeve,947c56624f1d4305
r Oriol ,026a77920b23a995
Vinyals ,ea57a1aa7b742eb1
and Quoc,3079e20a28e23761
 VV Le S,d2d8e1fff222f67b
equence ,c978a9634976b90f
to seque,c12e69bb3cfb8f85
nce lear,9d05e51f4ca2939a
ning wit,c0fc90d1a5c51b6a
h neural,a98aa98151567717
 network,10034ab8eac01e66
s In Adv,408a307bc7fb5921
ances in,eb503da0985d6bb1
 Neural ,60a422a48e5b4c08
Informat,d88495f65b544b59
ion Proc,fa94c6f509ed9ff2
essing S,54db738158d7bf3f
ystems  ,596ee196d4468a03
pages 31,e6144a5a03ed2585
043112 2,8a19401c754caa3c
014 36 C,ff9401aed62fc583
hristian,27ef473de1c40d40
 Szegedy,61164c5d0fb7cb7a
 Vincent,daca6fa2ae6f2d10
 Vanhouc,69e8659b0c9f872c
ke Serge,ca88ae65faa809d2
y Ioffe ,d97d314f23261e13
Jonathon,fcd9da8005af004e
 Shlens ,46485f288b36b001
and Zbig,c883a355c66baa64
niew Woj,62e547f69147e7a8
na Rethi,4bfff542df7c901d
nking th,0a4ae627bb07c6a2
e incept,5290be8baae0d64a
ion arch,8170de4188d2f423
itecture,beecbb01569f67ed
 for com,bbf314ef5843b767
puter vi,13fa2ff2a9b516db
sion CoR,d55c8d55d598b3f3
R  abs15,c83c2cb561857320
1200567 ,5f9c32e36107bbf2
2015 37 ,6274e283f909d0c5
Vinyals ,ea57a1aa7b742eb1
 Kaiser ,649f4400666156be
Koo Petr,88aacaa7c04ac97f
ov Sutsk,9b5ed967975cd646
ever and,862d69a6711331fa
 Hinton ,c801ebe1bb16fde0
Grammar ,d942ba737b37ddaf
as a for,d3f1841bdfc3315f
eign lan,ec5458ff37f31381
guage In,15a0fd24b052083c
 Advance,b039b2b5e4e65af7
s in Neu,906e9d0e50392e84
ral Info,c5d7ad37f9c8e48e
rmation ,8f41d101201bfa00
Processi,a785ee28d68a0f36
ng Syste,4bcaeed65d8a32cf
ms  2015,859491704043c831
 38 Yong,c7b7bfaca95875b9
hui Wu M,5b4cf735a2423dfd
ike Schu,930047245cba2c0e
ster Zhi,5724999fd09219b0
feng Che,eb0657e5805c2488
n Quoc V,a2456ce8d1685061
 Le Moha,f1182ba567d25180
mmad Nor,9f2d79cb859812a1
ouzi Wol,2f5d45cd591580d8
fgang Ma,c301664058762927
cherey M,6c0586866cad976b
axim Kri,8fe34f25e943d79c
kun Yuan,298ec562e1a2e184
 Cao Qin,ff47b0496c79a906
 Gao Kla,5eae601e3cafca4f
us Mache,27777d86146550df
rey et a,ad5ad6ba34ccc30d
l Google,0f335be3c9143784
s neural,8971495c897d7d4b
 machine,fff9cfbb65671c86
 transla,133f5c827c8e7ac0
tion sys,f864b2b2748ab59a
tem Brid,5af51b0962d76354
ging the,0cbc776e4dfdc2a7
 gap bet,4613ff650e2a7f5d
ween hum,e012ab07ca4ff4d0
an and m,910ab78b2d095121
achine t,5dc459521126502b
ranslati,dfae54576544e1db
on arXiv,ef478b0665fd9a91
 preprin,4096665f2a895af8
t arXiv1,a5b8dad0954073a9
60908144,3769d2842b28b64a
  2016 3,822374f818458d42
9 Jie Zh,42aec17e5c1dee93
ou Ying ,54aedf43614bc123
Cao Xugu,24160de694eecc2a
ang Wang,2a4b5b9671007cc0
 Peng Li,84e62c7eb7372885
 and Wei,0087538829bdf795
 Xu Deep,b39317c69d1d71d2
 recurre,b010a585e51c983a
nt model,0c9b10d0490a4d84
s with f,a60987b47eb67eb0
astforwa,bbede7b22db7e687
rd conne,7a614ad8337b88f4
ctions f,9a3cf2cbf758bfe7
or neura,773a3385db233a37
l machin,aa9f9a4acaa01e44
e transl,c3b427b4368d548b
ation Co,ae1725ead80ddeda
RR  abs1,6cb6d0d72139c575
60604199,686c7aef6c142c66
 2016 40,8216bed9e7b66c37
 Muhua Z,ecb5cf8d12098d2f
hu Yue Z,26395422e4ebc444
hang Wen,86aa80d30e79ae99
liang Ch,2a01f9c383221139
en Min Z,d948b2e588056f67
hang and,979967a4d4823e7a
 Jingbo ,5138f75325ec6660
Zhu Fast,b9ebc37352c88a38
 and acc,4a3a71e1ebaa62b6
urate sh,c378ac59cf985a27
iftreduc,ce82d06a98cb1a52
e consti,5d8c4447bd55641d
tuent pa,04ab3cb50180853d
rsing In,faddfdc89690e92b
 Proceed,8c766d644672cb49
ings of ,ba83a5fdf61fa777
the 51st,2853f164050fab95
 Annual ,e65aade55fe9f1ee
Meeting ,76eadf70866f8df7
of the A,a3db844435979105
CL Volum,4de80b4bcde3d074
e 1 Long,9a4f6a0e75335ffe
 Papers ,4be6ad520248e782
 pages 4,5f1360966dd67451
34443 AC,edc7810bbbc44564
L August,efdea52b3222dd38
 2013 12,2460eab0d92e4bbe
Attentio,efdddff680e86608
n Visual,ecd262ed8bc5b3f2
izations,f48377c8b402650b
 InputIn,8cdc967e1614a4de
put Laye,5514ca711e1d882d
r5 It is,04d250eeff27e963
 in this,4f91a1ec48baf1f7
 spirit ,b8c824437043bd76
that a m,f3d4973bf337fe04
ajority ,d80d4d4336d01a0a
of Ameri,2cb9c36db75d27d0
can gove,79f44909c188a5f1
rnments ,dae1618c4c661d97
have pas,15bed2c673ce75b8
sed new ,c04ed4c9ee244139
laws sin,341ff3a793acf4ac
ce 2009 ,584360d08e42a50f
making t,0a7f41f33698980d
he regis,c1228c4bd4db1cc3
tration ,51fdd178250ff791
or votin,babce9db68e27dd1
g proces,4c932e553771a347
s more d,b1bd8b5722b176d5
ifficult,8c474af813e9f05a
  EOS pa,da94485bcd54430e
d pad pa,ca28099f2e0eda84
d pad pa,ca28099f2e0eda84
d pad It,ee8f3a2872d42f36
 is in t,8e7cd98e896339fa
his spir,c52942a9d2c68f58
it that ,f9b7484e79b090eb
a majori,810a9a08d74e84b6
ty of Am,a5f3fd70114a1225
erican g,ac3847ccf6c06ab8
overnmen,bc0d8666bf18c951
ts have ,21672d0ed1a72ba4
passed n,951a776a7ff7e4a7
ew laws ,8cfb5a442765326b
since 20,48e86b4b36bc1bdf
09 makin,e06682d3299aa9be
g the re,747e05aa6b9fa933
gistrati,78de2ad6fcbf5e3b
on or vo,9b1f278ea823368f
ting pro,aaee82a381e4e3c7
cess mor,2d16e9c507cb8308
e diffic,23b5516e12b9aa1a
ult  EOS,49f5f2630bc51b73
 pad pad,aec63cf8d8b04f0a
 pad pad,aec63cf8d8b04f0a
 pad pad,aec63cf8d8b04f0a
 Figure ,ecc5e02880d14b2b
3 An exa,e702dc0d72f29204
mple of ,d19221dded7094c1
the atte,d151233313a615f8
ntion me,8f93b43ba5286f08
chanism ,8f10d2867573025a
followin,536762555d4e96b6
g longdi,1945de95ba9c912f
stance d,620e3e54de90b8e8
ependenc,fc5877ef2d35b6d3
ies in t,1d3b3cda199f951a
he encod,044e80a4e93b7728
er selfa,729b4425aed2cd12
ttention,9c9185d4277dcdaf
 in laye,5cd8a53b28ac42db
r 5 of 6,71d1e57661cd4e8b
 Many of,d6bdf5fcfa246a36
 the att,edb0a266dffe88c0
ention h,4c9175abbd860fab
eads att,934af66687ffd003
end to a,ed4db03a98818d97
 distant,64812787fd01db0c
 depende,fde365b66a2af7cf
ncy of t,a543e918986c22d1
he verb ,faa04d4623594b05
making c,a8a937f6c70130ba
ompletin,126ad07625503035
g the ph,ec5cfae09ccff32c
rase mak,3298892c6a74138d
ingmore ,bbd52fe7e98a766c
difficul,f8e94e29fc3e0324
t Attent,9a5d7085e1797405
ions her,e7289ccd8c63ccf3
e shown ,bdead72900c991f2
only for,60614d7626187b36
 the wor,b0d91256f9306a55
d making,a9d4c779ba7e63ec
 Differe,096c24b26b374358
nt color,62a321fcfa8fe24a
s repres,a1f571f361b7e276
ent diff,9d6a3437dc385635
erent he,cc6c7dad03faf225
ads Best,0283ed11346c1d19
 viewed ,e1469288ffc8d69b
in color,adc3f014b42182c5
 13Input,4d4b57033ecb6c99
Input La,fb91d98e7ac2084c
yer5 The,0d6e9f325f1f24a8
 Law wil,6a940c4061189765
l never ,60582b1c5620fc21
be perfe,f36cfdb8c1266209
ct  but ,37af37b526903dec
its appl,cbc2d6b42d4dc5c7
ication ,c282bfb9b80eced4
should b,d32aef334ef0c06a
e just  ,d48ac74681eefbf9
this is ,cfebb91861d0026d
what we ,a58c8b762033b207
are miss,f112a8cfa6f6098e
ing  in ,50ad86c9684b9f83
my opini,0249c513188f18cb
on  EOS ,cd495db5124a736a
pad The ,d360875f924781f3
Law will,7f5afc7fd5fbd2c4
 never b,0477fcaf605c0014
e perfec,8c943e63630f1c88
t  but i,a51fe0a9b8c98fcf
ts appli,e5bf263d8c32fe62
cation s,e6bf943802a05699
hould be,9b8ffd481cea4d94
 just  t,f3dfceca3b50169d
his is w,d7e9fdbe3fe6592d
hat we a,60b878a72a8f28d5
re missi,cede28ce40b2cab3
ng  in m,0887ef45d378395f
y opinio,4ea76f063a1c1ce1
n  EOS p,bf93dea4e41c94eb
ad Input,7f5cc7ceb610c5d8
Input La,fb91d98e7ac2084c
yer5 The,0d6e9f325f1f24a8
 Law wil,6a940c4061189765
l never ,60582b1c5620fc21
be perfe,f36cfdb8c1266209
ct  but ,37af37b526903dec
its appl,cbc2d6b42d4dc5c7
ication ,c282bfb9b80eced4
should b,d32aef334ef0c06a
e just  ,d48ac74681eefbf9
this is ,cfebb91861d0026d
what we ,a58c8b762033b207
are miss,f112a8cfa6f6098e
ing  in ,50ad86c9684b9f83
my opini,0249c513188f18cb
on  EOS ,cd495db5124a736a
pad The ,d360875f924781f3
Law will,7f5afc7fd5fbd2c4
 never b,0477fcaf605c0014
e perfec,8c943e63630f1c88
t  but i,a51fe0a9b8c98fcf
ts appli,e5bf263d8c32fe62
cation s,e6bf943802a05699
hould be,9b8ffd481cea4d94
 just  t,f3dfceca3b50169d
his is w,d7e9fdbe3fe6592d
hat we a,60b878a72a8f28d5
re missi,cede28ce40b2cab3
ng  in m,0887ef45d378395f
y opinio,4ea76f063a1c1ce1
n  EOS p,bf93dea4e41c94eb
adFigure,dd460bc057effd12
 4 Two a,e02cd0721a9c9f57
ttention,9c9185d4277dcdaf
 heads a,0b6d86bb30df7b2f
lso in l,0c87027420a93e43
ayer 5 o,c5aaf3954a097e96
f 6 appa,4b9863db4665637d
rently i,0f9c91b07d218307
nvolved ,c11ad5960051d331
in anaph,82ee8094f5aacd3c
ora reso,41aee1e29f50e2cc
lution T,4abca9427053fa40
op Full ,1b1746f2c653e56c
attentio,18e6f80b9daa3b04
ns for h,a5b44ed2f9bec4de
ead 5 Bo,425de5c91da4c773
ttom Iso,8bee2cafbce010ae
lated at,9dba68a66c12c98d
tentions,d2e5a6fad265ad70
 from ju,3a1ac08e13e06f69
st the w,0b6c1725aecdfa20
ord its ,539427da011feb61
for atte,ae75b93ea6c7256f
ntion he,e5a3daf578ae4869
ads 5 an,b0c18872b636faf9
d 6 Note,9d3e0ad860f75f3f
 that th,5d1e767fdf305a8e
e attent,16e3a62ad155b3d5
ions are,e0d424d5d259f0cd
 very sh,699923a992468096
arp for ,026bece5bb09a49a
this wor,ea299456a4a7836d
d 14Inpu,fdbacb5222971bff
tInput L,2f91e5237dc30b58
ayer5 Th,06c4352ea571a9a2
e Law wi,d897566a64384f87
ll never,e71bd47e9f0f67b0
 be perf,1810a6a026c611e7
ect  but,39c396641a3f3d7a
 its app,fe1c68cbe316e34c
lication,f4bd4b2677aeae54
 should ,fb1a5a0c9e3773ec
be just ,157a4c63500af390
 this is,5cb46f31a2ce91df
 what we,d677718abd9efbcd
 are mis,6e75c2f44c9e0783
sing  in,16a2e0c8f03baa31
 my opin,3e424a82169ecafa
ion  EOS,4eb087da5f5613ad
 pad The,f76e255c7e1b9ebc
 Law wil,6a940c4061189765
l never ,60582b1c5620fc21
be perfe,f36cfdb8c1266209
ct  but ,37af37b526903dec
its appl,cbc2d6b42d4dc5c7
ication ,c282bfb9b80eced4
should b,d32aef334ef0c06a
e just  ,d48ac74681eefbf9
this is ,cfebb91861d0026d
what we ,a58c8b762033b207
are miss,f112a8cfa6f6098e
ing  in ,50ad86c9684b9f83
my opini,0249c513188f18cb
on  EOS ,cd495db5124a736a
pad Inpu,f975c0897586c590
tInput L,2f91e5237dc30b58
ayer5 Th,06c4352ea571a9a2
e Law wi,d897566a64384f87
ll never,e71bd47e9f0f67b0
 be perf,1810a6a026c611e7
ect  but,39c396641a3f3d7a
 its app,fe1c68cbe316e34c
lication,f4bd4b2677aeae54
 should ,fb1a5a0c9e3773ec
be just ,157a4c63500af390
 this is,5cb46f31a2ce91df
 what we,d677718abd9efbcd
 are mis,6e75c2f44c9e0783
sing  in,16a2e0c8f03baa31
 my opin,3e424a82169ecafa
ion  EOS,4eb087da5f5613ad
 pad The,f76e255c7e1b9ebc
 Law wil,6a940c4061189765
l never ,60582b1c5620fc21
be perfe,f36cfdb8c1266209
ct  but ,37af37b526903dec
its appl,cbc2d6b42d4dc5c7
ication ,c282bfb9b80eced4
should b,d32aef334ef0c06a
e just  ,d48ac74681eefbf9
this is ,cfebb91861d0026d
what we ,a58c8b762033b207
are miss,f112a8cfa6f6098e
ing  in ,50ad86c9684b9f83
my opini,0249c513188f18cb
on  EOS ,cd495db5124a736a
padFigur,5be303b54ac2ac7d
e 5 Many,7f8da38f67803324
 of the ,0da199b8dd8ad90f
attentio,18e6f80b9daa3b04
n heads ,97dc95c18e8c6ab7
exhibit ,27f81b784001b2a2
behaviou,d09a8996791c726b
r that s,cd2072f777bd00b6
eems rel,006a3ff89f00bec7
ated to ,f79b1aba5c2500d9
the stru,ee5de513dbc471e0
cture of,2fbe910a6d8c7cd2
 the sen,2a9fc1ea0ecd0e5b
tence We,6088cb02c1a42708
 give tw,49b489ac47330bc0
o such e,16bda4c016652a3a
xamples ,d53f271a352b3352
above fr,d9750a6c22c86fad
om two d,de99a3ce86468fee
ifferent,93ef5314931966cc
 heads f,7204f6d21c707869
rom the ,ca71659e9960d155
encoder ,fbb3f5105f6d3363
selfatte,8f607a3232cc2b23
ntion at,786e3608b46ac535
 layer 5,f8f748d3aad7f31e
 of 6 Th,e595d7d7e34404ea
e heads ,ce759f13199e6fb7
clearly ,60840dd70219ab8d
learned ,4ed38ada0d335e17
to perfo,6c0f6b60a21b5c21
rm diffe,6d1debe0f5c2fe5d
rent tas,7fcaf68f56ed057d
ks 15   ,0ef8e5d5d847e5c6
