Plaintext,Ciphertext
aaaaaaaa,eb1b347aceabc603
bbbbbbbb,b9534d5dce6f41c8
cccccccc,055ed6e64cdd188e
dddddddd,15a88cc8b8b48cb8
eeeeeeee,02b59983e20e02de
ffffffff,38f6fa936d5b2754
gggggggg,25399570afcb227a
hhhhhhhh,7c4b4550af6cdd5d
iiiiiiii,433c2b3b8532f54b
jjjjjjjj,0a4c643f635da7a2
kkkkkkkk,640d90c11ae99d2b
llllllll,486e07805491c698
mmmmmmmm,dc3ff56be562c9ec
nnnnnnnn,84238d7586362050
oooooooo,a0f76fcf6fe3df84
pppppppp,7ff778aeba7fd1de
qqqqqqqq,f5b1e8bd41cee328
rrrrrrrr,4c9f75ac7be7487e
ssssssss,94cb15c72af9fb47
tttttttt,6eb2527f429684d5
uuuuuuuu,146806a72de710af
vvvvvvvv,efc7016c0c694c5c
wwwwwwww,c3034fdc708fd561
xxxxxxxx,ac6add6f98a74a95
yyyyyyyy,9ac5e17288e0d796
zzzzzzzz,6bbd53e788a5d833
00000000,ee8598260b5e5fc9
11111111,0e3e09082542e526
22222222,dd6d382fe8a97f1e
33333333,5004112d55e41a5b
44444444,a69d60b29ea14afe
55555555,15b7b1a65fb00994
66666666,614e4440cf78b860
77777777,18fb194574240fdd
88888888,cab9c4d0375be5cd
99999999,a3f11e4f9315cfa6
Provided,ef36c242dc0f40e5
 proper ,ace7ec94e45b01ee
attribut,449a868bcfc51be8
ion is p,e41a0bf21c77bb87
rovided ,0c10d0212d17372e
Google h,d6d90cb5f1c95321
ereby gr,910e1af3615f0101
ants per,0455f90f98f45cbc
mission ,5fc5128a760a7440
to repro,5e4733a9e37be7ec
duce the,1c9bb5307b77ad7d
 tables ,584611897e176d6b
and figu,932868f6118acb45
res in t,66b3c76cdd6ffdff
his pape,d1a6f26264d9c808
r solely,bd5b214ff47cc669
 for use,ccc8c21bca5b5ede
 in jour,0809a52dea857231
nalistic,995a0b917fd075a8
 or scho,4d472e2a259fa818
larly wo,59e51cd6bb4437d0
rks Atte,fe93110b30fe8a3d
ntion Is,d8ae4fc5cc3c589f
 All You,4bf8a7999896040d
 Need As,e3110aaabec72b86
hish Vas,8624f0f8f15bcb97
wani Goo,92a3e2739fdc3ab9
gle Brai,9f2d612601ec8e46
n avaswa,3e1a7a8bc498ec08
nigoogle,7c9a5dcf38db647a
comNoam ,dd5cb4125fd8083b
Shazeer ,78e35ee54f16622a
Google B,4d3b684fc7e16bff
rain noa,dc655989ff010812
mgooglec,a6c63d3ed086400d
omNiki P,9ba2d3424f7fdd9b
armar Go,429626e7c4d9e010
ogle Res,bc6950598ae4da97
earch ni,d008f0389b695c62
kipgoogl,c81d9aa819bc1347
ecomJako,9f606af920772ba0
b Uszkor,9bd5f4160bba2604
eit Goog,80bed99729254d1d
le Resea,f44106d3ded2cd82
rch uszg,e66ca74ad52dbfd5
ooglecom,22b122a07457d560
 Llion J,371bd77400ed2275
ones Goo,255fc537f53a1c48
gle Rese,87f61ddaaa8bf9ac
arch lli,32c55907fc2e5a1e
ongoogle,094bd78ebc272fb6
comAidan,79a36ca811b2fd1c
 N Gomez,0c7fd6cdc1c04e59
  Univer,2491b8775a882fc0
sity of ,bb38e85c9d28c0c6
Toronto ,b28d5211c14d61fb
aidancst,38f9f8df30c17e64
orontoed,63d2cf47abe33a35
uukasz K,b524cc83fb41e436
aiser Go,035935f2f0851da5
ogle Bra,0c91156eab253c2f
in lukas,b338839ee49bdbcb
zkaiserg,9841ae6d408cd04b
ooglecom,22b122a07457d560
 Illia P,cb5b7a7c1c9a598c
olosukhi,09dd277bc4e58159
n  illia,cee4015a7b9415b9
polosukh,45a64d54a70dc0f5
ingmailc,4f35d7ebe444b532
om Abstr,6f85857969b1ea52
act The ,7b06359216b7988b
dominant,cfe989ac1e460596
 sequenc,8cef7aae6bb5277a
e transd,cd1942a9ec2421ce
uction m,1aa488d67268b1f7
odels ar,d1932f61879e1b79
e based ,90501a4476447891
on compl,ba6fd0b860c1067f
ex recur,5ac2a6bd5f5c3de6
rent or ,50e0e2cf62dadd9e
convolut,46ecb0f01a591922
ional ne,b00bc1978c5bccd1
ural net,d4b6d603568c9ab0
works th,eaa5281e7f3a3275
at inclu,d6fa308fefe50eeb
de an en,fb2a0a51db616703
coder an,ee5910450fa7b0a7
d a deco,8241e51b466f8672
der The ,c855eb92cdf76f18
best per,eab6c071034767dd
forming ,d46692014c98910c
models a,72948233862c681a
lso conn,3294d114346fdf70
ect the ,52944d75f5eb8dbf
encoder ,52aecfe61f79d3ea
and deco,a49fbc32bc5aba6d
der thro,261c92e4b1e4cebb
ugh an a,5c1f8e0008643a76
ttention,fe0fb44585bc5ed9
 mechani,d790cb82d0890888
sm We pr,64a8697f984e97d8
opose a ,ec0ff3d586783a79
new simp,7adc532105b5f485
le netwo,17d53d784adbb630
rk archi,31706e729febbaaa
tecture ,dc2af315376a3fc1
the Tran,192f731feefdfcc7
sformer ,2dff91de9b1ff2d1
based so,e9acff48d1669dde
lely on ,6d514937bc604ebc
attentio,9fb6ba17b8c71d44
n mechan,f546da9c25ae4899
isms dis,e40b4f0e92783ab5
pensing ,252920a69263b58e
with rec,7074d8f768ac35c9
urrence ,0cfcc5608b2caba9
and conv,b73a048f444856fb
olutions,845f73c44eba6927
 entirel,37e5b7a441c874de
y Experi,8e0468315373e12a
ments on,05c8830285301f1b
 two mac,ff47ab976f0d6562
hine tra,5f912b7f460401af
nslation,94bebd268aa1f4f0
 tasks s,9fae880a7caba349
how thes,8f8b7d19f674d9ff
e models,3d40b55023d83518
 to be s,bd6a76005849c909
uperior ,ed1d3b694fe4a955
in quali,bc91ad227f5ce211
ty while,630b1e758df6b37d
 being m,e85cda68b841bfee
ore para,7e67e0d9f9685c2d
llelizab,c10a0d0865125b17
le and r,401aa79788d1de9e
equiring,55031967aad16472
 signifi,5556e335c36b80bb
cantly l,4cc51b1d84c6a46e
ess time,1475847561604e4d
 to trai,7169a9196eb529e9
n Our mo,3fa7879642ce2f8e
del achi,7d219254c9f59aef
eves 284,f18a0e6615d26045
 BLEU on,c4e1018bbe73f91d
 the WMT,f5d095c854fd07ce
 2014 En,1bad4221af7d4492
glish to,71783a2bc6a9d19f
German t,366842b53be6de8b
ranslati,a4bda142981bf9fc
on task ,2555db79e2f48288
improvin,4a268d59b6ed6339
g over t,0e13bc160cca9eae
he exist,0258068101b57197
ing best,b31602de96808088
 results,230064711c89191c
 includi,6e0ae9fae017cdfc
ng ensem,7ef039c057a43485
bles by ,26637279c48ceffe
over 2 B,310cc86d1f7cb408
LEU On t,6b1f1cdf85acfd32
he WMT 2,5dd5ba25b4e33435
014 Engl,b3f7627eeaacdc03
ishtoFre,e9cf86311ff5f860
nch tran,d2e6d05c644daf44
slation ,50704357ca559f4b
task our,5c830728a96cc199
 model e,45bae8825dfd3aa2
stablish,a125ec60e7ecaacb
es a new,01d293ff8f3faf37
 singlem,0f0734174b6bfcfa
odel sta,a507faa48ab7e6b7
teofthea,b7f58e821801e81f
rt BLEU ,04d5219affae9d68
score of,d694e661967bfa8f
 418 aft,a47ca361cf93c83e
er train,c13570a5b1f2d49c
ing for ,36676fdc99a74ec6
35 days ,269a7278a135681f
on eight,9819342a67b8e4e6
 GPUs a ,5bfcc1cc2e78f5e8
small fr,887597a59a622532
action o,7d4d079f8c8a006b
f the tr,d073202724a638be
aining c,504c90151dc2ac69
osts of ,3f2553437c9398e3
the best,97b7a98d5103c001
 models ,1f5875c665857f2f
from the,ba60cb82060d5c4f
 literat,6e3f3f93dd07db09
ure We s,8369f40634ed9bd9
how that,5d9290709436b5ac
 the Tra,4248f14f9ce9002c
nsformer,e77f82c80d5b4724
 general,2b583098846b751f
izes wel,6f29a72faa389c6d
l to oth,385823b12800c7bd
er tasks,a66aafdfd726a79c
 by appl,c4de364666ccb491
ying it ,9900d5475bc9773f
successf,0d3d9054d45b9baa
ully to ,d3840fceaeb0a2c3
English ,8006a915e686c6df
constitu,546c060f56b1ba98
ency par,75932d36073ce239
sing bot,cdd42fffd5b014b3
h with l,71ab07afd48858fb
arge and,acd667125102cf4e
 limited,0d294910c2101447
 trainin,7917c47911f5d6d8
g data E,378433909fad9a4e
qual con,202bde952b415cc9
tributio,cff7976888795af4
n Listin,0d8e8b21cc1029f8
g order ,29ba01a0514b6521
is rando,3672a52a90a763ba
m Jakob ,bb9946ff03216d2e
proposed,f34fce6cc466138c
 replaci,c6afd54fedd50e64
ng RNNs ,e124fd6cdbd1966e
with sel,4ce7bf1fc4cec7d8
fattenti,77b453e1d6998159
on and s,89a28315655c972d
tarted t,29b252c10fe646b7
he effor,1bc8cbaf865641ed
t to eva,d111311dffc33e1a
luate th,e0801d8ef58ad16c
is idea ,979d1014e9e2ffef
Ashish w,fde03cd185180213
ith Illi,65c3d2a0097515a0
a design,79b2420d120f6024
ed and i,c2e8181a84fa1492
mplement,47be6bb7bf73c061
ed the f,838a143e0ed58814
irst Tra,192bf4eceeecd565
nsformer,e77f82c80d5b4724
 models ,1f5875c665857f2f
and has ,92edd774bde2b83b
been cru,2b125e081201e619
cially i,0b48fc980f6b5768
nvolved ,5b11a410e9149e5c
in every,4fdb5f3ba0c50f9e
 aspect ,b30a5139849a05b7
of this ,3644cab90e50cb05
work Noa,45bf85219fab48a4
m propos,3d78a0215de7610e
ed scale,d764f90aae11d13d
d dotpro,852413ba030e815a
duct att,4b1a593a1174a56c
ention m,fe032708625ae523
ultihead,1c25524e9025ca21
 attenti,1168f24067e0943d
on and t,155700dbfcc04f2b
he param,6b4132afa84ddcb6
eterfree,b259c4a629091920
 positio,904eeb4409fb3de1
n repres,4f9cc9dfb31d33f1
entation,fe430ba666fc6799
 and bec,586c4f308767eb87
ame the ,0f24d5376be177b1
other pe,397f4a6773e2f536
rson inv,cc8619a6ce494d65
olved in,49a5a006115bd9a1
 nearly ,77a6461dbf506bc3
every de,32898efc51a1a19d
tail Nik,9f44c5dc1332ebe9
i design,ec99f16ce9c40d39
ed imple,1857e004bab59cf2
mented t,b6db365ac4494953
uned and,1602f8a4a37d1df0
 evaluat,542b94a212986e4a
ed count,fe93237697d47a45
less mod,f07366ab46bf244d
el varia,8c4d6e7e7f4cb3ea
nts in o,13e52df35b118da7
ur origi,ac95202c1cd32027
nal code,e2c8cfbade2d376e
base and,0d4493a46269cc9c
 tensor2,c3f1f6f606e452cf
tensor L,426166a1b2e4c264
lion als,2488c1b93dfd2b69
o experi,40bdb9e6c85643d6
mented w,4ff6f10a95df5c60
ith nove,4660be8c70f25f23
l model ,52e3fd467c702fd2
variants,b4f5a33d1fd166fb
 was res,39b42c4155200c46
ponsible,ff8b8ae54a1b2954
 for our,0a0319dc429cb2b9
 initial,5fa26da8c2feb914
 codebas,6216c74635f5c7ce
e and ef,1702804af8bcb9ae
ficient ,ee9465cbb1c0b249
inferenc,30523fe8f8834bf9
e and vi,51dff12b1ad8dcec
sualizat,38443b435b449867
ions Luk,14bfb580e0ca6a03
asz and ,7ee09b57e3f7a1ec
Aidan sp,83690978bd47ad34
ent coun,71cff4279d0141f7
tless lo,789e00ab23421d2a
ng days ,16fc75961bd59857
designin,2af0c740a66e60c5
g variou,263015096766637b
s parts ,98d9733ee06a12f4
of and i,7d9f90024424c6b0
mplement,47be6bb7bf73c061
ing tens,00e4f8d58bc4f046
or2tenso,0691238a0db4764a
r replac,9ad403b468a6d000
ing our ,e765388fffcc8ac5
earlier ,80c9c3980ca20b57
codebase,8e7263d7d098f6de
 greatly,3281c7f2722158fa
 improvi,390a34f45fa1a557
ng resul,90d553ac29fa52db
ts and m,10c7762754e2b5c6
assively,1b1cb136ed79ba06
 acceler,7ed72834378faf52
ating ou,c0351e3f7969cd5b
r resear,bb3b5bfa235b1509
ch Work ,b776059e7ea07074
performe,832c6cbcbb92d6f9
d while ,91a7f7c1e7d91891
at Googl,9dd8a19c009fc7dc
e Brain ,46e1561b1cbbfede
Work per,16dcfacc265135b0
formed w,76e068a13678a2c3
hile at ,88e7a327b32ae6ba
Google R,d6d7c49d310fb1ea
esearch ,39d5f1bd44d27940
31st Con,e1733689513f77ba
ference ,8ef1a1b6111aca17
on Neura,262cc19899ba9978
l Inform,0a11e70b2afdeb24
ation Pr,bd83acd9165d2a72
ocessing,1ef12acbf6a71a2b
 Systems,3774654c6e2ba696
 NIPS 20,30336b64f5e5adcf
17 Long ,6812d9aaa7a0159a
Beach CA,622d583af09e7d09
 USAarXi,6fa9c8b7ee4bb7c2
v1706037,db94e9296e77e78c
62v7  cs,efa20f317ef586b2
CL  2 Au,7b54766220cf2157
g 20231 ,d3ed468fc6014404
Introduc,12c8d65e910821cb
tion Rec,7e6e07a3c901d256
urrent n,daff67679f6cc430
eural ne,d6648fc39d6d23a9
tworks l,16f5a9111207d097
ong shor,c0cde8730eb1adc5
tterm me,478ac276006b9a25
mory  13,1f1f696f602f3849
 and gat,5401181776972519
ed recur,04c6ce47b8f55526
rent  7 ,cde0efb9b4e5b442
neural n,6d354263860281f8
etworks ,03ef7315c6a429ec
in parti,fe9187f53e0813e9
cular ha,91d69081b40b5a03
ve been ,22b807d2bae77f4d
firmly e,d52d054e97a9427a
stablish,a125ec60e7ecaacb
ed as st,1abe22630329bdfb
ate of t,43bbb94de980de50
he art a,cd953952a3de80b7
pproache,c0c9be3a7ea2b48a
s in seq,18385cee95ad6af0
uence mo,1ab34a6ee321ac89
deling a,93900efbca106051
nd trans,6ac1770ceeb79c43
duction ,de06f95f08cb1f5b
problems,9dd0301af2cd33a3
 such as,e43e070845c41ee1
 languag,e660d7cc844faf00
e modeli,3ef7b739867b1954
ng and m,e1342beb01196f53
achine t,d5337f5a1102e17a
ranslati,a4bda142981bf9fc
on  3525,b3d136f33ccc2113
 Numerou,63c62d9ee56ea575
s effort,50e250002b8bd979
s have s,d1e6ccd67222d57d
ince con,75e1a55ca0eb2a0c
tinued t,73ca9033de8317b2
o push t,794ae575f789334a
he bound,97321001a73639b3
aries of,4e73f9d7b1795ce0
 recurre,251129c238ec7150
nt langu,ca47d347cba3e66e
age mode,aede7f2c0836d283
ls and e,a5314c5e132e7ef6
ncoderde,24116afb92f3efaf
coder ar,9bcf7426bae48db1
chitectu,9c4402902ca55f58
res 38 2,011cba813895e474
4 15 Rec,86e5ba95b0c2ce22
urrent m,bc182cfaafb80324
odels ty,ce499c71f3d6bea3
pically ,851d3bd336f30b61
factor c,39df253d72686bb3
omputati,4ff52a1824c03e40
on along,ae4c26e81a165fe2
 the sym,c9841e115cf8313d
bol posi,ba94cc8e0e19b894
tions of,2efce225fe829a84
 the inp,664b23b16d69ebcf
ut and o,c95eb200cdf1b75d
utput se,abfb3bfe60ae2f66
quences ,744dc6821b7b3bbe
Aligning,ea36a85dc77e2872
 the pos,fa459e27adef9516
itions t,92b794cee68e1aae
o steps ,53e4026e4ce6da66
in compu,0148a598e3987f02
tation t,053cb000a0e1cf41
ime they,f28575605aa42a66
 generat,8e5688406535bb0f
e a sequ,f00f2bc51bbf1d36
ence of ,7a9f2776bc9f893a
hidden s,2351d52f467267c0
tates ht,e70dd5b0d479bf72
 as a fu,93653eb35f46f453
nction o,00516a885fcd3543
f the pr,6ae763c40e9498d2
evious h,f28afda5f4b3b0f9
idden st,f4fc74bbe78db528
ate ht1a,a6d5b3cdb454f092
nd the i,6c395489ee3a6dba
nput for,4e77797e494f7226
 positio,904eeb4409fb3de1
n t This,621edcfb5b7f8605
 inheren,801b8635431cb4be
tly sequ,094021205ee1e8a7
ential n,1fd199d84650f388
ature pr,0ffc2e4a52a2b016
ecludes ,040f543e5ad80290
parallel,f10447e6f158b995
ization ,7c5b459a0ccb279c
within t,562e2975461e415d
raining ,d4db54cfde4c0ef9
examples,50eb65e5d7f23a8d
 which b,b974d8a9a0c78467
ecomes c,f25f13316441e523
ritical ,eed3523375ff0ab9
at longe,0f9b83d39925d416
r sequen,002c65a3bee8f2f6
ce lengt,8edd67dda988d0be
hs as me,f61d19f57d2016f7
mory con,45685abcd7a5e711
straints,201872eed53ee8a8
 limit b,834f172a04d01c05
atching ,7317ee192a7c0423
across e,836a669c1934a656
xamples ,3b02f8a55571805b
Recent w,2d3591df0fa995ce
ork has ,261c188872edfe07
achieved,0b107237109d9a25
 signifi,5556e335c36b80bb
cant imp,33628003186bbb4d
rovement,db668b09d97a838d
s in com,ec68ea6450e7475f
putation,4362d8b5506ece9f
al effic,4057b9a3866d60fe
iency th,d0de25a3d2621153
rough fa,53eb4495be7cc81d
ctorizat,b1513e2b674cb2a4
ion tric,70b39410678e5dcb
ks  21 a,88be55a9a618a97a
nd condi,0f020ad45ae82721
tional c,9f7546b9f279e618
omputati,4ff52a1824c03e40
on  32 w,5fbeac8cce1ba47e
hile als,64332df7de327da2
o improv,345b77a9e5c43943
ing mode,8f9606cc37b3ca41
l perfor,c0ba5c85ac167368
mance in,e62738031e55a779
 case of,a4871d19339c9d39
 the lat,0217779618d5da6f
ter The ,df4ccae135949cf2
fundamen,7c5c23eeb9e7c94a
tal cons,daf5c553dfce7418
traint o,b826f577bc6adaeb
f sequen,e238a279e48960df
tial com,d720f5edde3946c4
putation,4362d8b5506ece9f
 however,0c077a73a46e38ec
 remains,e2d5c77f8b6d2850
 Attenti,f577c6b7b2d86a16
on mecha,88d8854446154afd
nisms ha,b10d8d001d605eb1
ve becom,2ea698e16876207a
e an int,860c242526efdf34
egral pa,405597322fa22fa3
rt of co,fa3b4f5e5e23c45b
mpelling,bbd31579c67a7ab4
 sequenc,8cef7aae6bb5277a
e modeli,3ef7b739867b1954
ng and t,eb88c22ae7cc5a6e
ransduc ,7715a8ea0f6a80e6
tion mod,2ac89d38040514d7
els in v,38fea6c1aff93542
arious t,b883bb065b94d43c
asks all,1aab759f8d00af9b
owing mo,77314fb2d46045e2
deling o,ef86cd85a7f7066e
f depend,7260b5a99a538e54
encies w,022ef5aa51a3b0ca
ithout r,0b1d24c959bcd490
egard to,d32784934f9a70fd
 their d,34a7163400a06715
istance ,f33e650097927b97
in the i,3014ebe7de6484cf
nput or ,c824ae18b7a01d46
output s,8c0b2b45add80d9e
equences,67c1540e1f7618e2
  219 In,a763866f85520df5
 all but,ecc6ee3d0180e092
 a few c,9ce68edb0f26a647
ases  27,02d3bee900c4c44a
 however,0c077a73a46e38ec
 such at,ca6c6504b5d48975
tention ,25f87564cad263e5
mechanis,7ad98c9242755474
ms are u,08110012af2d549d
sed in c,66dffeeb3432c613
onjuncti,b6a7ad42fa3eafd1
on with ,f148c4fcd5c449c7
a recurr,9f5ec50a108943c9
ent netw,79d0528bb275d243
ork In t,c60715bed79ebdbd
his work,547849569d7cdff7
 we prop,7e01390021cebfb6
ose the ,e7a4cb5bbe05d83b
Transfor,d1a0f4cf83839087
mer a mo,de0937289cc6a424
del arch,50f18481052092b3
itecture,4292619db8b0d0b3
 eschewi,042bb1c07cd0883c
ng recur,898aeea4ac5fa611
rence an,1e788a84f4002f5b
d instea,5ca4617ef3e0a26f
d relyin,4dfee0ea79e25a21
g entire,271bccd8744e9028
ly on an,6509a19527a1388a
 attenti,1168f24067e0943d
on mecha,88d8854446154afd
nism to ,45523a5db7b1d9cc
draw glo,03e63550ce054dab
bal depe,da9fe2890af8cb4c
ndencies,c6ee544ae99f688f
 between,d81206410754bc8e
 input a,098fcb5b00bd121f
nd outpu,1bb41c231d0ce770
t The Tr,96daf23e112b2d34
ansforme,943fe4dbf80b6aaf
r allows,7969a2653d77aa7b
 for sig,a9c69bf950b6d956
nificant,01c1ac8308a1d568
ly more ,f0bb6c94360a5d11
parallel,f10447e6f158b995
ization ,7c5b459a0ccb279c
and can ,147e4ce58377ddaa
reach a ,9d0945cca9fed576
new stat,ef11cb9449a5cdfc
e of the,f02eb6bf48eae0d3
 art in ,87893fd0d027f0eb
translat,ae46ab8b4c988b3b
ion qual,fe78b3f170bb4ffa
ity afte,d8c0e91bdc410b0f
r being ,e9ab33b9d0931d9b
trained ,67034025c0a29957
for as l,b632403606e5cd57
ittle as,6ce0902ec931fca7
 twelve ,b41d18afc194f5cd
hours on,62624cae14f7e0f3
 eight P,82bed9c9723974a2
100 GPUs,8d2459f92c8d2d43
 2 Backg,7efb20659eac3996
round Th,8e415fb7fce03352
e goal o,e8ebf8b6c5e27b0e
f reduci,a9e25d28b11459ef
ng seque,f4e1b6c4629cd9a4
ntial co,48e66bdeb09fdfa2
mputatio,3d58913bc9b30741
n also f,f81af30fc309aead
orms the,12bc1a66549319f1
 foundat,5386956a4ba57c12
ion of t,60edb5188126c9b1
he Exten,20e55dd5870a5df8
ded Neur,227612b0c32a7495
al GPU 1,035abfecff18a5cb
6 ByteNe,7fbdf2a48d38d47c
t  18 an,6b9944fbdb48d00e
d ConvS2,a272059b10b34c9c
S  9 all,4cda9817e81c2897
 of whic,b377994cd19f79b8
h use co,7c7989990d121e47
nvolutio,7c0fc444cad3b8c2
nal neur,062334d1ce4d241c
al netwo,4b70a4e496d4304f
rks as b,e362224a43c526ec
asic bui,97a71aa7405bfafe
lding bl,675f6f3be9dba99e
ock comp,0913a13add27b899
uting hi,354cd94c8fa466ca
dden rep,5324f8e4a6ec0e7d
resentat,2b5d93a16d20ef20
ions in ,84e173218999dd3b
parallel,f10447e6f158b995
 for all,11ba0b4eba3ea9ec
 input a,098fcb5b00bd121f
nd outpu,1bb41c231d0ce770
t positi,31a4f63cccfe2dce
ons In t,ab57405f6b2ad1b7
hese mod,1e8ef5f811872567
els the ,437c9f9dd7fd0970
number o,a0e5870fe84f0dbd
f operat,9566423da7e564d8
ions req,4639a7336da2f1d0
uired to,8ed9fec9486e91de
 relate ,7db846a6e2d62cf9
signals ,5ec0bd77f3a756da
from two,29b54accc4f7fb58
 arbitra,64e365765fd9ee2a
ry input,256e732fce34a5b6
 or outp,b4bd6489ec90152f
ut posit,3bd0ab370f7724d6
ions gro,cb39ac0c56de6abc
ws in th,9c05a16a744439ed
e distan,ab0523053cefa76f
ce betwe,4cadfbfb633a6847
en posit,b03ae56f54a4beac
ions lin,491f977712a62ff1
early fo,908fee3f2683367a
r ConvS2,51b0a8737a8d89bd
S and lo,dcc5ee45891db62a
garithmi,f1291ac64dbd41da
cally fo,8302a95fcee9210c
r ByteNe,09765fd5a0b3c3f5
t This m,a7c95b3b2a808fa9
akes it ,8654ea13a60cab46
more dif,045b6b445374be20
ficult t,f36c894d639bc270
o learn ,c4019b004ed381e4
dependen,c800218146e54674
cies bet,762227bb3c51353a
ween dis,9864a16e214f2b4f
tant pos,3ad56cb784c67a60
itions  ,864e2c08024aff40
12 In th,e1324392d20e1b0e
e Transf,03f75cfc0087ab46
ormer th,689f75211cce19f0
is is re,d49a76a54d5779fb
duced to,ea84a258d99b8859
 a const,8eb145203bc854c4
ant numb,0c8f612da395196a
er of op,31179c75de1d38eb
erations,ca37e278afeb7f8b
 albeit ,662b6b57f5ff80de
at the c,3bc8d4030fb2f06d
ost of r,5f2ca2dc498e01df
educed e,aa287c2accb69500
ffective,b530b25e2545dfbf
 resolut,0d25782f4911313f
ion due ,4cd99cebdbe55bcc
to avera,70b9c6500a4064eb
ging att,f6b60fa2249b53f8
entionwe,aef70195df742085
ighted p,ac2a3b2397c9d980
ositions,ab2a46399fd06345
 an effe,3aace5eadeebaf73
ct we co,197aa64eca878fac
unteract,f9cedc81650f343d
 with Mu,6bd9f8255757ed9a
ltiHead ,db61992af1dabf4a
Attentio,762b270d71c49030
n as des,803300103681c5d3
cribed i,45b2859eca817fff
n sectio,1704efcb6ad09a2b
n 32 Sel,84cf0b62ff57283a
fattenti,77b453e1d6998159
on somet,ebe649adf4f16979
imes cal,73c890d3ed467dbe
led intr,2e10646ce6319294
aattenti,5be20fa32a7f2fba
on is an,55fc61856855f9cf
 attenti,1168f24067e0943d
on mecha,88d8854446154afd
nism rel,58c9df1e878a1d56
ating di,119f0f01a98efae0
fferent ,c9dd56957ee50726
position,69e5977540349282
s of a s,e5247bdb4f21cb0e
ingle se,e869ab732b937d1a
quence i,9df8034e231735f5
n order ,a41c1e2f8a9950a0
to compu,23fc82175276c4bc
te a rep,421dfdfa9e449d17
resentat,2b5d93a16d20ef20
ion of t,60edb5188126c9b1
he seque,832b950f7fecb7a4
nce Self,df32be748645dce9
attentio,9fb6ba17b8c71d44
n has be,b449f357ba16c2bd
en used ,cab6e1cf10ba7ae5
successf,0d3d9054d45b9baa
ully in ,9943d9ccbf478225
a variet,f28b9f99501297ed
y of tas,137f67dc9e8b3895
ks inclu,3e5f090fd58ba4ba
ding rea,1d9c249ac0effac8
ding com,e7723dfb07dc04c8
prehensi,68462a91ca43a686
on abstr,4b9d4336e7d536d7
active s,6298b6e7d0657a3e
ummariza,e54307e35521a171
tion tex,02c8605563e6adfd
tual ent,606170dfed8ecf76
ailment ,74b4a17c45396188
and lear,9c8f2000a3195628
ning tas,643ee65d0419b628
kindepen,111f5b4b0e0bf94a
dent sen,e1a27cdd6738a003
tence re,b163b28d5b8be110
presenta,64a0cd59c480bce4
tions 4 ,9f747753a90d7ebd
27 28 22,db06a4a379a8546e
 Endtoen,66f7a74857843ad8
d memory,6721c64d1c0e9285
 network,5a6c600bc98e2aac
s are ba,0ea7690d1ea49603
sed on a,40897d0c45e7b577
 recurre,251129c238ec7150
nt atten,533220bdd242e762
tion mec,285412454a71a53c
hanism i,1c1ac7f08c066d09
nstead o,7e9d51f6e616f570
f sequen,e238a279e48960df
ce align,e4e3c6531048a2c9
ed recur,04c6ce47b8f55526
rence an,1e788a84f4002f5b
d have b,66e96dee1f3ef105
een show,def43d9f1258bda3
n to per,acab233ef0553e05
form wel,a4f07cfb79f1de15
l on sim,5322d671b14d45a0
plelangu,ef9c1d6285af7235
age ques,860099b8f2545d68
tion ans,1ac0c0101282fb6c
wering a,b70841b87ece0b1b
nd langu,a523a856e0088b8d
age mode,aede7f2c0836d283
ling tas,1981727773911e5f
ks 34 To,1df38f1667fcacef
 the bes,8264aebc7cca9ea0
t of our,774039b04843a5ca
 knowled,cc7ce4fae59cb3ad
ge howev,83ff81fbaa560b79
er the T,706fa1cce38c1d52
ransform,317b734bb5223829
er is th,360cb4b29aad65a5
e first ,afeba344f969bfac
transduc,e12f7af4f164d807
tion mod,2ac89d38040514d7
el relyi,64a53c0acd3cbe37
ng entir,e65247dce32fae00
ely on s,6f8947cec22e9109
elfatten,3db308edb00eab82
tion to ,8818db30013469f6
compute ,5cbe8245624d5b9f
represen,532b587cf6d1b187
tations ,6b4cabc64ce5e32a
of its i,885bfaef3188d327
nput and,167450588adbbe91
 output ,36adfda419facf78
without ,e0d574ff3bdd6016
using se,c26c63017c256898
quence a,84ecb62013cae940
ligned R,7957686f3737f930
NNs or c,d306bd84abad3b19
onvoluti,9a5acb7dc12c0291
on In th,6c23df125961462b
e follow,0725a267e4aa85e2
ing sect,a4e717a1903c0ae8
ions we ,9de5ebf45667504a
will des,5ad761657dac3ff8
cribe th,888c4d58cb188eec
e Transf,03f75cfc0087ab46
ormer mo,c9b68e186b00266b
tivate s,121077fd194a7b28
elfatten,3db308edb00eab82
tion and,3cfde7af96504198
 discuss,73f097b66f7a1b86
 its adv,4f9eb8fbf97a2acc
antages ,0bc52182bdbb9167
over mod,04d4f695e2256780
els such,b8600aba345d9a6f
 as 17 1,1f6d02761bb540bc
8 and 9 ,0f9d5b81f7e239b3
3 Model ,0bb547ed5ec39749
Architec,de25948662c5a7c3
ture Mos,5be5b32eee84535f
t compet,968072223d9a0597
itive ne,476f2712fe63b39b
ural seq,64800ec50806d5b6
uence tr,d98c8a5f50ee6cda
ansducti,81a2b12c54b57318
on model,a10790088c412316
s have a,bec7744648a4da81
n encode,9f42fcfec4767eaf
rdecoder,19eed9af75e691a3
 structu,32e1df9ce03a7df6
re  5235,eb2effd6c51a787d
 Here th,17084ceda06956f1
e encode,3b50e50686cb3491
r maps a,e7f401a146bae853
n input ,591d6b97d2c257d2
sequence,40e55f22a42083d3
 of symb,b095769c266731f5
ol repre,5130d4a2fa2dcf90
sentatio,70513445a15190ef
ns x1  x,530d18201158840a
 nto a s,1c3dee8c0d7f71d3
equence ,8d2b79ec7f759045
of conti,97f3cb063f73f063
nuous re,9b293014de3427f5
presenta,64a0cd59c480bce4
tions z ,dd809657101abbd2
z1  z n ,9f3da1366f111037
Given z ,3d7b237ab823cc4f
the deco,2a91272ac6020d16
der then,4831194ec9c56593
 generat,8e5688406535bb0f
es an ou,3daf7492b6af453f
tput seq,3bc319f4bc2eb512
uence y1,ffd73fad4654ba2f
  y mof ,d2b831af884a89a2
symbols ,2a05b5967ca6ed56
one elem,a2b5b3af5da0af56
ent at a,ee978f4afb4db2f8
 time At,2d6ded0d4affb957
 each st,b564833d0e1e4673
ep the m,20be8e408d13c26c
odel is ,20c6faa7e2217b54
autoregr,f5f03a386ae1158a
essive 1,afec2036d6eae151
0 consum,5c5173e2fa700b4f
ing the ,fe11907f2947ff82
previous,cd87185c84df19b6
ly gener,48d501b216f3ca8a
ated sym,f2208532949c940c
bols as ,2279a9bfe2e971cb
addition,ae7bdfd8c24b5ce1
al input,411ed3694d0fa4f7
 when ge,f7b90911c2e26316
nerating,2efde8ea90ea962e
 the nex,fd1e8a612a2dd91f
t 2Figur,2644b01b8e661a59
e 1 The ,6cb0d28fcabcadaa
Transfor,d1a0f4cf83839087
mer  mod,d86500207534b5a6
el archi,e9360e68b7ec701a
tecture ,dc2af315376a3fc1
The Tran,0ec9da31cc664bbf
sformer ,2dff91de9b1ff2d1
follows ,9bccc76421de0e8f
this ove,922929c8fbc53380
rall arc,da4993c49a33ab69
hitectur,2d1b07ebe866de2b
e using ,7372b98055d83410
stacked ,36f97ff2d2a487c9
selfatte,251b10571b332c20
ntion an,3e7fc6a79e1aa64f
d pointw,f316f48c9c4304bb
ise full,e49d535176b6fddd
y connec,3181b959f3b49a67
ted laye,14ba0cc69def2449
rs for b,2c90d117b261c075
oth the ,55771a0542d943a8
encoder ,52aecfe61f79d3ea
and deco,a49fbc32bc5aba6d
der show,449ae02e3c2c4a0b
n in the,6f47a55c3f8969f0
 left an,096c0bbce5eacfb1
d right ,c03a4c90d0eb3090
halves o,4807a7e3ae9ccbc8
f Figure,4b1ee9d21a95893f
 1 respe,f5a2fd37b39029e4
ctively ,419f6f8568b6d9bb
31 Encod,2fa41770c5849884
er and D,8aad6201d144719f
ecoder S,c70f0bb1dbbb4d83
tacks En,62fb2ac41104da6e
coder Th,d2f4d43c32414d4f
e encode,3b50e50686cb3491
r is com,d436f2c43d411ab1
posed of,83abbf3ed1104832
 a stack,23edfc52cc77ed05
 of N 6 ,40f2a17c17c53461
identica,0623d00eb0402f3e
l layers,e57b8f207a901696
 Each la,d40e4a364506ad1d
yer has ,0fe2e0bee49d6206
two subl,0a460180e1e36393
ayers Th,cb0236ba3cb9f989
e first ,afeba344f969bfac
is a mul,99924a460413e40a
tihead s,792d37331296b73f
elfatten,3db308edb00eab82
tion mec,285412454a71a53c
hanism a,a908759bc4149a0f
nd the s,c509169e2bf2fb60
econd is,c79557133563a519
 a simpl,290a9c45c6038328
e positi,2f5ba9c885b2eb5b
on wise ,9dd07638e7131bcc
fully co,242b5ba24273f139
nnected ,627908694a3d89e5
feedforw,f7977c28d02fffd9
ard netw,8a2aee3e29a09fb8
ork We e,adc4444ed793a23c
mploy a ,4cd655c9bd105a4e
residual,c2b9b196b82b07e9
 connect,eb1b2460d7ef20bf
ion  11 ,c69ef12fa962107b
around e,8aa70c663a4b53c8
ach of t,8a302927db11bbc3
he two s,33aa0d53cc810f14
ublayers,95c9c0f142d75975
 followe,007728d607a07d08
d by lay,767578df3d102386
er norma,2b0bd3b919e6349a
lization,5387875984c61651
  1 That,bc56f3ce1ba300ac
 is the ,3822ac993afa3c2f
output o,dbf94f53b28340bb
f each s,0a702997ebf013f1
ublayer ,99a2ab64b6bceab8
is Layer,2411a421324c88d3
Norm x S,e8cb5b8e74808100
ublayer ,99a2ab64b6bceab8
x where ,ddcdcef9d33c9c02
Sublayer,19ed72fb9e63995e
 xis the,323bef62f6c6ee39
 functio,22533bbc29ab0d86
n implem,e4927a7a6dfc0996
ented by,88f322acf7320776
 the sub,1ad7bbb552a171cb
layer it,6cab0cb5c4fd560b
self To ,077eff70c30f84ed
facilita,9c58695b84d3e941
te these,74ab3eedafb29c88
 residua,1844e8116ced851c
l connec,f86b0fd512689e86
tions al,97f3e74400416843
l sublay,2e9b1e52b0930704
ers in t,5dbd9d918c344082
he model,fa5b71cbb64fd5de
 as well,4be8067210e92b44
 as the ,51eb52afe6766098
embeddin,19361a02bcd424e3
g layers,62430442189f3d4c
 produce,aad0a957d1d4b8f1
 outputs,9d7397425c4f423a
 of dime,736d219445920075
nsion dm,17654c181759bb12
odel  51,e7c119b18732a553
2  Decod,6864448e5c54733e
er The d,a10706e006e92516
ecoder i,fe6da819df68a284
s also c,7e0fef10b6785857
omposed ,a207ab4b2d908527
of a sta,4a5a22ff69168107
ck of N ,3ed1878ea4045c5f
6identic,6fd75c147ae0cd10
al layer,8dd3db1c646516d7
s In add,66ef9608aab2faf1
ition to,fe77fa95dfd2d6d1
 the two,c258e62eaef05214
 sublaye,9867804d7d18b0c1
rs in ea,1494e66124834692
ch encod,6e120f708566cea0
er layer,a7803f7b6356da50
 the dec,0a620c1e9ef3f969
oder ins,9ba9640e506a02dd
erts a t,ede03b13982802bf
hird sub,c7da231980f310f3
layer wh,10a3cd261c6d8d5e
ich perf,14337e39c4857d96
orms mul,303bb452e5f86fb3
tihead a,1eec05c935b029c6
ttention,fe0fb44585bc5ed9
 over th,13ab1dbf8a6addfd
e output,30fcff454b34565e
 of the ,1e5a83fa9b6ac6a0
encoder ,52aecfe61f79d3ea
stack Si,861de904afd4a2ed
milar to,2223623878ae3533
 the enc,e9304ba8b75d50b3
oder we ,8d00b05593d155e5
employ r,61c618efa17660e4
esidual ,d329c665e214df28
connecti,0912fddffa94fee4
ons arou,6554e718e36522e8
nd each ,5deb9786415d9222
of the s,a545528937821af2
ublayers,95c9c0f142d75975
 followe,007728d607a07d08
d by lay,767578df3d102386
er norma,2b0bd3b919e6349a
lization,5387875984c61651
 We also,62e8dddd99b18b78
 modify ,7bb31de14eebac33
the self,9453e323df25a219
attentio,9fb6ba17b8c71d44
n sublay,190baad1de7131d9
er in th,65c865cb51968e7a
e decode,342273d4c29f56fd
r stack ,8713c31a34723a44
to preve,7dcf39a7bc8176b5
nt posit,e7cc84f2124ca638
ions fro,1df0c28297e68de3
m attend,127583eb859eeb2a
ing to s,4fd1cd9802ec352d
ubsequen,dbc3e014394d773b
t positi,31a4f63cccfe2dce
ons This,af6abf4a8484cffc
 masking,eb1206b88f9e2997
 combine,1b94f1e5a181a09a
d with f,74bb6736b2e966b2
act that,100f11836c51d93e
 the out,24a9c1e129b9a683
put embe,11d18989aa99e6a1
ddings a,da60a634151022c5
re offse,9732dc5fffbecfa0
t by one,16b8d25ef5f02c1f
 positio,904eeb4409fb3de1
n ensure,c1b0bcc70954c1e6
s that t,479a0188c381e13d
he predi,819a6a4a31a2b4ed
ctions f,e21437f741ba5e32
or posit,6f9a93db476fe838
ion ican,5fcd9a5d7a854688
 depend ,21f47639d6c44f08
only on ,9cee87a2dbf280c0
the know,bef8d93236262c64
n output,220a387935f07a87
s at pos,1e86b5766381630d
itions l,2d81a5ec5136a452
ess than,fb0999fa1cd09aad
 i 32 At,df11862b95c31241
tention ,25f87564cad263e5
An atten,e3840a8c25dc9eb3
tion fun,53103de270151b7b
ction ca,21cf4509eba287bc
n be des,99dc780da3d92a5a
cribed a,01e0d6688f2dd52d
s mappin,a2932fdd92015b1f
g a quer,5eab91fd5ca43dc2
y and a ,fb0b163ae1e96b85
set of k,51d1d29eaae2b37d
eyvalue ,cf428e1bdbf80fe2
pairs to,cf3067559589e4ff
 an outp,ad8edb1b5b561ff4
ut where,6c2a9edbfdf1dc2c
 the que,d9372d6f5ee4182e
ry keys ,c33d282a76d61381
values a,0383659c5e643ca8
nd outpu,1bb41c231d0ce770
t are al,c71d2381122cf88f
l vector,ef18bd86b39b5a36
s The ou,ee36f38cb25272f3
tput is ,f3b52eb41e377ca7
computed,42d2eddab674aeb2
 as a we,a53e0242669be0f0
ighted s,137436dfbb4a044a
um 3Scal,bba6ea7b94edb5a1
ed DotPr,8dfe79974d3555a5
oduct At,7e2975e9b548d084
tention ,25f87564cad263e5
 MultiHe,b0d23b8fa5396f79
ad Atten,a224cb28509943d1
tion Fig,5c0a7eb912d8996b
ure 2 le,45cd333cbe4295c1
ft Scale,ae4c693dd95b1fc8
d DotPro,5900d0cd23d9fea5
duct Att,b404e77ebf7d065b
ention r,c66167988fc6fb08
ight Mul,9ff503517daec4d3
tiHead A,37bf14c0b3a8c2b8
ttention,fe0fb44585bc5ed9
 consist,a92d5e1b9e6be4a3
s of sev,707700c32ff781f5
eral att,4f82e8cd35fffb75
ention l,3be6e69f96876912
ayers ru,384d1f84314b2ddf
nning in,14d1fff50385aa5c
 paralle,5d3b8369856f1a16
l of the,b294968df09ed000
 values ,19619f0512bae0a8
where th,d9b21da3e99b96d1
e weight,c89f4f67ba4abc98
 assigne,230e75be438bdcae
d to eac,4dd73566fab85c7c
h value ,1ce781fa24173169
is compu,ed72461855b3833c
ted by a,ea5efde14a67dd4a
 compati,b2d5279867445c3c
bility f,c453abfd838484e1
unction ,22e61e9d1ebd50ba
of the q,7b6b7339e900ae9b
uery wit,c5b84c059904726a
h the co,b818fb49eda0694d
rrespond,690384923e2473c4
ing key ,4bbbe3128f34408d
321 Scal,589ffb7c89e4f67e
ed DotPr,8dfe79974d3555a5
oduct At,7e2975e9b548d084
tention ,25f87564cad263e5
We call ,b4b1b73aeadc731e
our part,123373213a39b0b8
icular a,e25e42b70839f586
ttention,fe0fb44585bc5ed9
 Scaled ,88dd521c232cc810
DotProdu,22c01aed643a475f
ct Atten,5f7f8a8b575403b9
tion Fig,5c0a7eb912d8996b
ure 2 Th,fe0fe3fcd5167851
e input ,349cdd06c38ab2f2
consists,a2eb884d6c28c3a7
 of quer,95b400c87d8fe4b6
ies and ,f4ee6c774f00476e
keys of ,b71f7951b6b31de8
dimensio,a2543e309ad3e5ce
n dk and,a04eac3110729c9b
 values ,19619f0512bae0a8
of dimen,3148c26266ee9859
sion dv ,9888bf40006246ad
We compu,b7b25080a0d8cd40
te the d,526a297481875563
ot produ,c8fe0644a9795c06
cts of t,0bc6773656109c9b
he query,b4f5cb7c636e58a6
 with al,abf49e1396df673d
l keys d,d348cefcad2872ba
ivide ea,6524039c5be43ab6
ch bydk ,c12750482223a4ba
and appl,457e997a47fefafe
y a soft,73a4e9735dc2f540
max func,3af3b5f4aa0867a0
tion to ,8818db30013469f6
obtain t,f1493a2473412978
he weigh,51a8406be2e924c5
ts on th,789dec38e7ee4ff2
e values,3de9a823e418b011
 In prac,01101b1c12b42c0f
tice we ,a319bf5eb1439041
compute ,5cbe8245624d5b9f
the atte,71bd17b0204ba92d
ntion fu,9a01f4aedf196c56
nction o,00516a885fcd3543
n a set ,9397cd571cc261fd
of queri,6d43b75d066cd71c
es simul,1afabd6a5dc9581a
taneousl,0f21e581c4a30fc0
y packed,720ba6582bed8a15
 togethe,27775ed91e527228
r into a,c5dc40fdd22b218b
 matrix ,94f10759b2ee8706
Q The ke,0b4ef96239c3bc90
ys and v,23acd02e88ac10d7
alues ar,9e0bc83236199ec9
e also p,e00e0f74009a2bc7
acked to,f779069cf57ce90e
gether i,1d8323ff9bae3752
nto matr,ee55f3d77f6edc44
ices Kan,cfd92816882c4d8f
dV We co,54dcdce292fc79cd
mpute th,0cc2c089b7beb54a
e matrix,b05af3a5467f8ccc
 of outp,8971fc8a09a19c9b
uts as A,cbfb1cecf418ffec
ttention,fe0fb44585bc5ed9
 Q K V  ,c246082a895cab2c
 softmax,3df8c5651c3bc962
QKT dkV ,d528961be95fe389
1 The tw,654ca89907aac553
o most c,7f8500b9060ec2e0
ommonly ,29035b029bb8256d
used att,e612ae83cd3f9a61
ention f,10131537e8e5dada
unctions,708efd24f46264ca
 are add,d00f2a2bc108a45b
itive at,1491fc750c4f511c
tention ,25f87564cad263e5
 2 and d,47eb364efabdd70d
otproduc,4e5db17656beaac7
t multi ,a68010c30367b91d
plicativ,54e79a917fa9f6d4
e attent,e22dec34dd0d0ab7
ion Dotp,092b8dada05f66bf
roduct a,915e07baf261b874
ttention,fe0fb44585bc5ed9
 is iden,e83358a130fc9439
tical to,f8dc316b4fb79ec8
 our alg,d525aa990dd44c18
orithm e,f0b70f53d7c38bdf
xcept fo,6ff6aae56b8a2ed5
r the sc,45a18d0230a82ed1
aling fa,d2b4e198c7ad0f89
ctor of1,1d3aad4793f05108
dk Addit,a484e2fc033493e7
ive atte,fa1633d830038fb7
ntion co,4c89bca1ad778884
mputes t,0e7d2094402de606
he compa,f38643945099c1b8
tibility,a2097568403703f1
 functio,22533bbc29ab0d86
n using ,bcf3abfff031325d
a feedfo,7307634bd519f823
rward ne,fbf62836a6be9401
twork wi,f9cf610dcf807006
th a sin,106e2598df71ff50
gle hidd,ac50693544a85a39
en layer,0c21058ce69347d8
 While t,840c49176783c5b8
he two a,f19c8462327a46ce
re simil,a8e55afb626b987d
ar in th,3312666e9c0bb034
eoretica,8273e4d4e5cd4772
l comple,1d8366a8b0a25ebe
xity dot,774292fa526ebd6c
product ,6030d982d894183b
attentio,9fb6ba17b8c71d44
n is muc,0ae594d1008f00d2
h faster,62523f58569c3467
 and mor,c8da8f049362aa37
e spacee,55a4009f9ef322e6
fficient,ac5c893f7f9d2aa0
 in prac,82f4b40efe2109a1
tice sin,46aa68208e6e9007
ce it ca,24caaaa8272cfb3a
n be imp,b9b14d95970349da
lemented,202f350f098ca9cf
 using h,91bd682a6e353934
ighly op,dc8f7c555ebd7699
timized ,3f058e8c8575525e
matrix m,f2caa22800d79234
ultiplic,f1a2a30330c5ac5c
ation co,a615d0bbfb01e69c
de While,f24608f35c52d821
 for sma,8325e037eb778406
ll value,d775e851c08dd21b
s of dkt,d0c9a4cc6c88ddee
he two m,34759d16045dd856
echanism,7044886b895310cc
s perfor,4bfd9b1cac53191f
m simila,4ba03892f58e1b76
rly addi,6f13a3bd3d7cdb06
tive att,22fca5fcfedcbf04
ention o,373bfd1da4e3eca6
utperfor,b1f8b9fe53238cbd
ms dot p,bb12a5726392506b
roduct a,915e07baf261b874
ttention,fe0fb44585bc5ed9
 without,05c24c5fbf5d9d7d
 scaling,c32bb25ca671b2fb
 for lar,dbd85cef0f1f7f70
ger valu,dc4b9a385ea3eb39
es of dk,8721572f868bc20c
3 We sus,dbb2005a9de404de
pect tha,d9d75053b7ef6c52
t for la,d22c7f02b95a8d59
rge valu,00198c3a67f71d42
es of dk,8721572f868bc20c
 the dot,cbf938337766520c
 product,2f234e2528620acf
s grow l,e0d6d61600e33152
arge in ,4087a18e0319420f
magnitud,27052d742a9f2659
e pushin,e781877c60ff6029
g the so,c2985bc1fdb2eecd
ftmax fu,528ac3430ba08d0b
nction i,3ac18f3b1581d746
nto regi,c720b8e3b2744cd5
ons wher,bc44dbd0eb65d9cd
e it has,99b1d8d95cbbb482
 extreme,69597bb9579ec2b5
ly small,1d711d987dc04dde
 gradien,37e38f93f7735bfa
ts4 To c,c793d00ad0d85eff
ounterac,eedcc833c3e77266
t this e,97373aaa2bc4b05c
ffect we,80e2cfaf571e1203
 scale t,27cd8c170bf79830
he dot p,bef7f6a321aed3bf
roducts ,644db6a9894deebe
by1dk 32,cbdc7f138fe0e7ae
2 MultiH,8eb8ded125049f9a
ead Atte,695d83cdbcb90554
ntion In,cf425d076b1076cd
stead of,c62d50b908304043
 perform,98a75e0dd305073e
ing a si,744ff0a7d0477ce4
ngle att,d5ba36ec42e12761
ention f,10131537e8e5dada
unction ,22e61e9d1ebd50ba
with dmo,27ed1edef12ab8d0
deldimen,d1d6d9fa3269b018
sional k,0e35593b72507635
eys valu,382b4ec1db69e811
es and q,531a450347ff4e26
ueries w,fdac3e1b4b74ee68
e found ,34e9bde97489bc8f
it benef,7682f09ed5782dda
icial to,d11d89b180fa000f
 linearl,63be76c5e4223827
y projec,b33d1d492a887f05
t the qu,426f2f13dc32edf6
eries ke,fe38c4e083598281
ys and v,23acd02e88ac10d7
alues ht,8391900d855130b9
imes wit,2e81fb263406c1c5
h differ,3c1dac93e4fb00e6
ent lear,8d7076cd234e3cc5
ned line,89a01cf633f55b2b
ar proje,78a2bd9508238877
ctions t,bbb5c2103c1acd19
o dkdkan,3a4a8381f732e57c
ddvdimen,0befdc232d35e09c
sions re,42cb77eb2596276e
spective,276a1faeb504771d
ly On ea,f161bd196795ff53
ch of th,8f2cac15a10d7433
ese proj,7575cc10a61c53ad
ected ve,318f89b53a8acb32
rsions o,3792e13106a400f9
f querie,02afbd9290a93773
s keys a,713a7937a540d6db
nd value,c5752e9a278b72e0
s we the,d76f0e57cb3915e0
n perfor,bedc7ae997de9ef0
m the at,e3f5b2e188df4d3f
tention ,25f87564cad263e5
function,10da3df646cac5e5
 in para,f56e980cd769c1b4
llel yie,277146c8767b9fe3
lding dv,c0aca1f0c668e32d
dimensio,a2543e309ad3e5ce
nal 4To ,8f5b01fca835c35a
illustra,138f9e06aaaaa623
te why t,b18cbe6795e7f3f0
he dot p,bef7f6a321aed3bf
roducts ,644db6a9894deebe
get larg,684d80022df710ad
e assume,fb477d752f6f7127
 that th,d50e236c2e92c3bf
e compon,bcf14259abaa2db2
ents of ,8896b87d58927c40
qandkare,adf4600bcf1cf6b8
 indepen,44bbb27ff7a67585
dent ran,daee0a2a3744b41c
dom vari,eb6d82d020155216
ables wi,b2044790b36511b0
th mean ,062c2b4c179eda3b
0and var,7835ef6ed9fc5f00
iance 1 ,e00858ecb0d3e40c
Then the,170e210b2bc0f603
ir dot p,6d36ad05d816ba68
roduct q,8adce4348cfdc0a9
kPdk i1q,2d8b06efd41f1932
iki has ,d9739a04f2277b59
mean 0an,4be95d6ab2bbad51
d varian,261448b88038eb38
ce dk 4o,a1b244521b9c1e57
utput va,b012baf30794e1b7
lues The,1e4678e1a37e35ba
se are c,ab88dc39385fcbb5
oncatena,bf7826e57ff078df
ted and ,f8356b1dd4a1a1d2
once aga,2532d8b8986ec2c8
in proje,2011e50f03b3ec52
cted res,af295251dad6976d
ulting i,d8f22044164fbce4
n the fi,0db4a2171d260f63
nal valu,eb2732a91fd91348
es as de,02b46deff0bbdabf
picted i,37788e3be28e8423
n Figure,86be7140abc1b1d5
 2 Multi,6ee44ee7bd6dedeb
head att,501e674f651ccb5d
ention a,601fcc4bd8ab96a3
llows th,40791c973212be8f
e model ,7168371db4ba57f6
to joint,5a7ea42a67ab4b6f
ly atten,fa08e242ecb149ae
d to inf,5fb56786c178586e
ormation,940cef2463e825c5
 from di,9e89fa2bf6223d9a
fferent ,c9dd56957ee50726
represen,532b587cf6d1b187
tation s,3c3e2413b53effc0
ubspaces,18a9dad8543b3668
 at diff,fc2a1f54c24035ac
erent po,f57ffba1523d370d
sitions ,b03fedc1d29dc9c6
With a s,c77d205055ace15f
ingle at,66b5b2ccd8fe651a
tention ,25f87564cad263e5
head ave,f550495c06c368cb
raging i,1b40d75097b8a349
nhibits ,3f220148097ce352
this Mul,4217030c2696fc9c
tiHead Q,80f645c022fc8a65
 K V   C,a1310ec37e0222d4
oncathea,5c043af95a67901c
d 1 head,f1ceafd4c33a6419
 hWO whe,f19ef483c983083d
re head ,86f25976a87f4787
i Attent,f875f1d0088f6872
ion QWQ ,c2fea65255a4d406
i KWK i ,3ee8b7518fc24478
V WV i W,2715f766d4bcba70
here the,3946c0f85ce736c4
 project,6f4d82313e393578
ions are,8adc85a6649c1728
 paramet,2d4780af56fb0121
er matri,52dcd0631dd9519a
ces WQ i,45dcb665b7606b38
Rdmodeld,e06c056115a4879e
kWK iRdm,06df436b254be85f
odeldkWV,01325a38e96dea8a
 iRdmode,1b8f1b9cf98b3532
ldv andW,666c08ae8be454eb
ORhdvdmo,8c0b75ce27471503
del In t,0aa734bb1703ce69
his work,547849569d7cdff7
 we empl,d793456d9b245af0
oy h 8 p,54faf4b3954a5004
arallel ,7688292097315803
attentio,9fb6ba17b8c71d44
n layers,4430a6bf3ee9e60c
 or head,c2016037e4a967be
s For ea,76b008dc3faa8247
ch of th,8f2cac15a10d7433
ese we u,b99a65b7df45ecad
se dkdvd,9c8030397b11e6a7
modelh 6,8472f47d9fd0b71e
4  Due t,b08db0ab82727dc3
o the re,f94128cb53821c42
duced di,5a1e37bbd976d07d
mension ,2a2119c9cfaa25f8
of each ,5ff0b6f8c9ed20e3
head the,56a3e4044f0528ed
 total c,1045a1f53d48917a
omputati,4ff52a1824c03e40
onal cos,af5d0a278862c20e
t is sim,323e209589bca09a
ilar to ,8ab5a3ec9558e017
that of ,2782c3dff3a92909
singlehe,3d0fddab698b03d7
ad atten,cc4375cd34555c03
tion wit,8bb0d3c3f8ab03af
h full d,2e5f19716827ec59
imension,9019e0e656d42a83
ality 32,63384b368412f00a
3 Applic,22db72b17f7259dd
ations o,44b6d91fd321a819
f Attent,8a3972731254219f
ion in o,c68f8006449c480f
ur Model,f113547dbbc4d0a7
 The Tra,2c9e584ca60db38a
nsformer,e77f82c80d5b4724
 uses mu,d141a07fdc4585ab
ltihead ,5d576118dc21863c
attentio,9fb6ba17b8c71d44
n in thr,5392f4bc2b6e9a38
ee diffe,f126a921ef2a6b95
rent way,8d71d64eebd8d13b
s In enc,d7e22ceb0a204897
oderdeco,b617fcde81ffae3d
der atte,b78f2e49dd75a803
ntion la,669b64b01224f507
yers the,436dddbc4f27789e
 queries,dea06b42f13ebb1f
 come fr,0f228b44c279d3a8
om the p,453bf64e66528481
revious ,3e1288e9b548fe66
decoder ,4c864476591b3552
layer an,88bca9370437ebfb
d the me,d20a5049a63d36e8
mory key,d3432841a9374302
s and va,81dfef35d0706bec
lues com,d63d796e6e9d190c
e from t,1730dd329ed1e128
he outpu,30c69700b5881877
t of the,d9a7e21ffc358bc0
 encoder,b76eb547beb0303f
 This al,60d3da0399c2c3b5
lows eve,fab5155041be90c4
ry posit,0d8e678712ab585b
ion in t,371c0b7f83242010
he decod,6ebf5f748195231d
er to at,b61b480177140304
tend ove,bc8fa70cdd9e89c6
r all po,955162c992de2190
sitions ,b03fedc1d29dc9c6
in the i,3014ebe7de6484cf
nput seq,1ad14fb84f29866b
uence Th,d33674919b300f72
is mimic,368266aa1cdb1718
s the ty,348db9da33eacbe9
pical en,85862a1fc9e05d72
coderdec,4da782add17c8127
oder att,d68f96188fd5578b
ention m,fe032708625ae523
echanism,7044886b895310cc
s in seq,18385cee95ad6af0
uencetos,5a4ab3661a8e36c0
equence ,8d2b79ec7f759045
models s,5b38fcd38c729af9
uch as 3,58165c8d7b24551b
8 2 9 Th,f01d4aa191d3caa3
e encode,3b50e50686cb3491
r contai,f7cd2a4d64ab1259
ns selfa,6a91e335a3244b29
ttention,fe0fb44585bc5ed9
 layers ,909d3a5dbb7ce030
In a sel,1bcf0bf5e38a11f1
fattenti,77b453e1d6998159
on layer,03c9654537736147
 all of ,25fbe53e2eec7c89
the keys,6243c76864c626b5
 values ,19619f0512bae0a8
and quer,1ec49aea485635ea
ies come,e0d6ba7231c9463d
 from th,5790e43df7e5e523
e same p,4ca288b2f7c554e5
lace in ,27a34eb8010a28e7
this cas,06974d5e6f6cd364
e the ou,ee8d4bacfc3481dd
tput of ,9ed44c6a9e49de2c
the prev,b42a33b9dd1f6284
ious lay,3ed351120dd810a8
er in th,65c865cb51968e7a
e encode,3b50e50686cb3491
r Each p,9b997bae8de8d14a
osition ,e1da7ee2acbac944
in the e,69057fbe431bea86
ncoder c,9d12be667f889970
an atten,cc8964493e65a68a
d to all,6ea33453140c6407
 positio,904eeb4409fb3de1
ns in th,277b4ae5cf9e1016
e previo,fa743f0824e47ff4
us layer,1f80129a0d621612
 of the ,1e5a83fa9b6ac6a0
encoder ,52aecfe61f79d3ea
Similarl,30ecc88aebc1467b
y selfat,b81dfa37bbac21ac
tention ,25f87564cad263e5
layers i,608e07bc6dec750f
n the de,c16e3b932d9305e5
coder al,f622911dadc8fab4
low each,bff7c5c2e3308556
 positio,904eeb4409fb3de1
n in the,6f47a55c3f8969f0
 decoder,87f9bab74c11e8fb
 to atte,a67d15db55bc2002
nd to al,ed9af3cdeb6c3aeb
l positi,62bfd2cfe455911a
ons in t,acae85fae7680522
he decod,6ebf5f748195231d
er up to,9e988138bb5bba4a
 and inc,f654c11f30a71d77
luding t,6e267dbac6efebe4
hat posi,9e0a8f41f0f4a8da
tion We ,8c7cfb28c6e0e85c
need to ,4c019939f896d921
prevent ,65c329c34f72aebc
leftward,8ce87c67276c5b57
 informa,241fcd3afe7c79b3
tion flo,7104034ba76513d2
w in the,03ca3e895f5f788d
 decoder,87f9bab74c11e8fb
 to pres,1bbbf2db1578fa1c
erve the,a31d76a42e8e5e68
 autoreg,d3a3c1d24fc7c332
ressive ,0f40418478bc4be3
property,9dfeefa0939859de
 We impl,9458e038e5d7eb09
ement th,f5a21843ec654fe9
is insid,d6b5ae55a2ea9829
e of sca,6a82184556956f1f
led dotp,21575a11e6661693
roduct a,915e07baf261b874
ttention,fe0fb44585bc5ed9
 by mask,3f9f39155f82566b
ing out ,733d7b46eed61ab9
setting ,9247e1fa94c4973a
to  all ,e14e4563441b8ef7
values i,b7401ff922a7b017
n the in,0db920d0ccfd00f6
put of t,3d8226fada5e07cd
he softm,c9290f0dc1f62b23
ax which,6801efdf0d599313
 corresp,b7c425fd97c3adb3
ond to i,1f552fe6caf1960d
llegal c,f8671529c0d4b34a
onnectio,0f69d7c512635d52
ns See F,00104db9cdec0e8b
igure 2 ,0767edf87dd0a58a
33 Posit,411494c953f79cfb
ionwise ,2474f6494ba2ae47
FeedForw,7892f9f19c2f6180
ard Netw,65f7bcb5665d3539
orks In ,a919d92740fb49c2
addition,ae7bdfd8c24b5ce1
 to atte,a67d15db55bc2002
ntion su,9cfba6a270498590
blayers ,82532fcca5ac349e
each of ,274b45a9fce23fc8
the laye,09496d3ab3bfde9e
rs in ou,16d42d9212143eaf
r encode,7df2ed5efc254b9c
r and de,2a2b201edcaf777b
coder co,baf657d9c751ccff
ntains a,ea960dab8a094ff7
 fully c,fbfabf21476c63d8
onnected,2e28f0b6aa4d53cf
 feedfor,4495cc418663b3bb
ward net,92440be428ef89f8
work whi,cfba5a86818316ea
ch is ap,db1e1ffb80cbc995
plied to,46a93bd68585cd4a
 each po,ed68671be704ed91
sition s,4c1132c3aea757aa
eparatel,bc18cea49bb0042e
y and id,239eccb568170ba5
enticall,458056a67ef71ca0
y This c,f002f198d298fe0a
onsists ,2796d6b20a1d46d1
of two l,8fb02f838b624412
inear tr,d5eca0572d13aa4b
ansforma,2f1d8754dac683ed
tions wi,e08902862d7b59ed
th a ReL,ac434b7b7f744be5
U activa,b7645d89c07f6cfd
tion in ,771a23da9d69e2a2
between ,0cac539fdcc1753a
FFN x  m,88497c88b953fe66
ax0  xW ,30cc81d04b331d75
1b1W2b2 ,d1712756297ff39e
2 While ,aefc5b13701f67ef
the line,0ca92fe1c21c00da
ar trans,db08b673bfed2a44
formatio,a2b5e80aa34683d3
ns are t,410b215059911956
he same ,bde2e44444ccfeda
across d,5e9cb29adf6af1a6
ifferent,be7a2cf71e7a2046
 positio,904eeb4409fb3de1
ns they ,989ca9d016472682
use diff,fe7c55bd4b58b235
erent pa,f27d5be7b02c28d0
rameters,7edee8b7edf538b2
 from la,af1d496faf28a85c
yer to l,7be9da9b6170a910
ayer Ano,3dba8d2b2d8ff419
ther way,8aa4fbf58b45522b
 of desc,bf1a7a0ac39076e5
ribing t,4667cc33f6a87e20
his is a,ef320cd778fb6617
s two co,ffa2fbd90ff830fa
nvolutio,7c0fc444cad3b8c2
ns with ,372fd24fb5474d52
kernel s,f06ff67c54291172
ize 1 Th,bd068865f17a830c
e dimens,17e58f56168b304c
ionality,5e9e0b2c48a6d1f9
 of inpu,3f8a64bd07f4c9ac
t and ou,341d1b7acb71a7ba
tput is ,f3b52eb41e377ca7
dmodel  ,61d27c9e8c6b3bd5
512  and,efdff9665120eb96
 the inn,889db7c6825c1e99
erlayer ,79014254912ae487
has dime,62ba617abbcbf24a
nsionali,cf004e02cec2db1f
ty dff 2,2dde6f1cff8d05c5
048  34 ,34206a19ee977ab2
Embeddin,0ee6332f456d5566
gs and S,33c21fd5c0230d20
oftmax S,d2a3bf075b211e3c
imilarly,525055930dd2e335
 to othe,bc8b851679303cb3
r sequen,002c65a3bee8f2f6
ce trans,3f24b329d96568f0
duction ,de06f95f08cb1f5b
models w,47574403166b09a7
e use le,f33dc1b878c17e72
arned em,7f5f4d62d7032744
beddings,12cce50b85ea22a2
 to conv,820299bdac97398d
ert the ,27b0d981d7939f67
input to,2977d990cc2f9b4d
kens and,172e0e79409d25c2
 output ,36adfda419facf78
tokens t,cc88a832705ab97d
o vector,e9584b5db3492357
s of dim,f9f6fcf2da4fad70
ension d,8c7f1959a6349c36
model We,17d20e791e254b62
 also us,9039295c6ddb38be
e the us,10131279c81b828a
ual lear,2fa49f921be81465
ned line,89a01cf633f55b2b
ar trans,db08b673bfed2a44
for mati,e6d750c1a162eba3
on and s,89a28315655c972d
oftmax f,21039c229f0cb809
unction ,22e61e9d1ebd50ba
to conve,39a6419b8dd2ebd9
rt the d,c1965aa7b3b02afd
ecoder o,05066814da0be108
utput to,85aa7c7db1fd6708
 predict,9ac0c39d7a7e355f
ed nextt,4ba1088d1a4f2e0b
oken pro,82a799f4d3edfb15
babiliti,c72283b7669dcac1
es In ou,34c81e27dd93cff1
r model ,acd35d062b61b665
we share,8d845dcda33f0ab0
 the sam,e7f124a71e94a67c
e weight,c89f4f67ba4abc98
 matrix ,94f10759b2ee8706
between ,0cac539fdcc1753a
the two ,49be7d97c539126b
embeddin,19361a02bcd424e3
g layers,62430442189f3d4c
 and the,c77520d71d352043
 presoft,4bfa8dce932bc52a
max line,02fc42027993571c
ar trans,db08b673bfed2a44
formatio,a2b5e80aa34683d3
n simila,94fff1a2624d87b4
r to  30,66df01d8950aa20b
 In the ,0523b2c79d3c6088
embeddin,19361a02bcd424e3
g layers,62430442189f3d4c
 we mult,c471754d842619f6
iply tho,db2ab0354ae2cd91
se weigh,c08be563fe73c7a8
ts bydmo,4d5bbfe9a1f0cbf6
del 5Tab,bae221da41f18dbd
le 1 Max,110a4988032284e2
imum pat,c3e1391f36863980
h length,48acedfa28fdeb17
s perlay,2cfa5a0cda463a65
er compl,c9b4f849afd6e795
exity an,8385c8e8cb65df0c
d minimu,bdd5aa79f183836b
m number,2468a66bf2c166fc
 of sequ,e3ec31c55873be8b
ential o,00aecf51af287b63
peration,b159b70bda5d4fdd
s for di,e15562e8117ce3ce
fferent ,c9dd56957ee50726
layer ty,16f54a980f412770
pes nis ,ee6622334657e528
the sequ,14d02d191bd63e67
ence len,6ee1d76d6c8eaad7
gth dis ,eecd83b7b942f5d0
the repr,2ae290f2d2a10e56
esentati,bee0da013bb54377
on dimen,5539306b29a020ff
sion kis,5abefd0f7d4127bf
 the ker,c3d89c023ab60c37
nel size,4d942be575d5b0b3
 of conv,fcb4f59cdf4e5d30
olutions,845f73c44eba6927
 and rth,b32a37600e9dcbf1
e size o,97614e607f050a55
f the ne,8561e7e3663773ab
ighborho,05a6f6f94431cff0
od in re,34e01d8e729e501f
stricted,09b0c833665985b4
 selfatt,9a6933d063d6ef08
ention L,3d45aef46c0fc4a5
ayer Typ,1e29a0e8c1ab71c0
e Comple,89df576c202c2c32
xity per,5db465af13855b99
 Layer S,c178288084cbf87d
equentia,d14e70dcf2a1061c
l Maximu,1d7e719fbc512f26
m Path L,827aa521fe0a2862
ength Op,5bc4c30d8a953c1f
erations,ca37e278afeb7f8b
 SelfAtt,ac3a3c89a5c53f0a
ention O,46a7ad290a193f31
n2d O1 O,e1618d9b13621199
1 Recurr,7b508060fb60189e
ent Ond2,0560ffcd8b212af9
 On On C,bd10107e132c39c3
onvoluti,9a5acb7dc12c0291
onal Okn,e1c3a6259cd07a15
d2 O1 Ol,2b33fd10b1c8420b
ogkn Sel,c8001af9bddbb123
fAttenti,52f1473bcb794ace
on restr,81ad6ef1b700c16e
icted Or,247fe2bb1d967274
nd O1 On,6276e44d25cb81d9
r 35 Pos,50505ff2ca3ebad0
itional ,f1aafd8f9e08e07c
Encoding,35866126ca00967b
 Since o,8e3147f8d9048369
ur model,2dc7490eaab1e869
 contain,cd285e9539eb9ea2
s no rec,849a1103c72d0935
urrence ,0cfcc5608b2caba9
and no c,e2d0cefab765ef9f
onvoluti,9a5acb7dc12c0291
on in or,4723f515968dbd3d
der for ,bacef55e32a22afd
the mode,ef8a96eaea785653
l to mak,be0225a4218bef3f
e use of,0d9ca69e7b031b8d
 the ord,ed5c385b4f5f5372
er of th,f9b3b3b74695914f
e sequen,1955b24ea49f78fe
ce we mu,2d25490fc1adcca3
st injec,db0baa167d47b47b
t some i,498b3f15f84a8484
nformati,39cb0ee1823d74ca
on about,9969953f99ab7e02
 the rel,d5506ebf09c4e32b
ative or,2024039211d33fd5
 absolut,ff8ff4d1be53d43e
e positi,2f5ba9c885b2eb5b
on of th,ff4decbdce7918fa
e tokens,996f57f928927071
 in the ,6d5fa9edc94f8160
sequence,40e55f22a42083d3
 To this,3123e5fac98cd566
 end we ,6776c17aad24a1c1
add posi,a502d947cd448036
tional e,f6e058e0bcf44d5a
ncodings,6ece9470ea34f3ac
 to the ,7816faa835d66849
input em,3bcbdc7be1672fc3
beddings,12cce50b85ea22a2
 at the ,786a0e4976d83115
bottoms ,c9df07a4a416c328
of the e,b49c73af0ac64c1f
ncoder a,d3001b7e3f7e054a
nd decod,46b791180210676b
er stack,faa1dfda2166a30b
s The po,23349d58357a4697
sitional,3eed14f844f7ca63
 encodin,804e32995ee4254b
gs have ,25a9bd4d7b820ed2
the same,b49bf7b3d738962d
 dimensi,67e21f9dbc4ac1ca
on dmode,3f5bf0a195efa618
l as the,9994806f05030aaf
 embeddi,4ffe8642beb86f78
ngs so t,6b404fef4478e1f3
hat the ,e387f40e1d6cb8b2
two can ,fa6d9eb3b48ebc0f
be summe,bde6452fe2521691
d There ,b236d684d2dda1db
are many,5acb9e80bb4db4d0
 choices,7246c8baab052519
 of posi,ce865662570ce446
tional e,f6e058e0bcf44d5a
ncodings,6ece9470ea34f3ac
 learned,a0d5ece7d973dc53
 and fix,f14b23b31f906495
ed 9 In ,502e864f147ee3cb
this wor,ebd71b977a2d3814
k we use,f9ae5cdaa2566514
 sine an,d505f393bd6e3507
d cosine,0eff16dd4704c240
 functio,22533bbc29ab0d86
ns of di,3f2d4f140690268e
fferent ,c9dd56957ee50726
frequenc,eccf3781e832eff6
ies PEpo,21e30b359b661c79
s2isinpo,5e47947163421a26
s100002i,0440337544f38412
d model ,430e68e9ebdfd3dc
PEpos2i1,f02374fcb94b9e4a
cospos10,248de673db42aa46
0002id m,defde4999a6ac76e
odel whe,75a0900f94f7d5f4
re posis,8d6d2b3507c870b6
 the pos,fa459e27adef9516
ition an,7129e71ff067765a
d iis th,ebd200b48d539f0d
e dimens,17e58f56168b304c
ion That,a17d5e248b337759
 is each,03f91b06b68df637
 dimensi,67e21f9dbc4ac1ca
on of th,ff4decbdce7918fa
e positi,2f5ba9c885b2eb5b
onal enc,98ad09d3fe0694ba
oding co,15c48bf02705cf0f
rrespond,690384923e2473c4
s to a s,7084c3ba5aa98b41
inusoid ,e4fd0c93877b91cd
The wave,a0740ea8851ece40
lengths ,c129be343f98fdc9
form a g,88ae6ac35fc0aab6
eometric,0e875bef1b5107c1
 progres,11cc6cd1c53e592d
sion fro,dc7cfbccd63ca964
m 2to100,f82d3e588b8017bc
00 2 We ,a44f65cf8d8a91ba
chose th,049d2e422297a1b4
is funct,e777e565f83ef652
ion beca,e2cb64b3193d5e91
use we h,c87ee9c61c763033
ypothesi,88701e186fdba7bb
zed it w,785937fdfab48bd7
ould all,b456b6d3f6458b85
ow the m,726933ae1667b00c
odel to ,aec034380e198eff
easily l,4dd9a709d5600a74
earn to ,f2b2b4c4eebcddba
attend b,901e88c227cd76fd
y relati,16abc83cacf8c234
ve posit,336a79fe74627cb4
ions sin,a6bdee8ba9bd1669
ce for a,eb6c7c866a632472
ny fixed,95c6cc752a1b71ef
 offset ,89f96d9183b6f488
kPEposkc,eae5a7ec9fffaa25
an be re,ad933ae84920cea9
presente,a01baa9c06bc4d69
d as a l,435eb8b304fd1b05
inear fu,27b090f13c07d714
nction o,00516a885fcd3543
f PEpos ,105639c8cb26f913
We also ,13e23aae3446b0d0
experime,392c1e422906f2f7
nted wit,bfaf48bf4af9cb77
h using ,3be27b30bb4c3354
learned ,8a16a3cb349a2a00
position,69e5977540349282
al embed,bcc39b87583dc6a0
dings  9,a2ffeebdd5dc2c10
 instead,2ea7dc89570ee3d1
 and fou,c488651dcc88dfb2
nd that ,dfd3809f21708dc2
the two ,49be7d97c539126b
versions,8bd4d2ef5754a302
 produce,aad0a957d1d4b8f1
d nearly,bc4403a5b821b0e6
 identic,144a04b862fac6f8
al resul,84d45ba647376eb2
ts see T,46ea021047032e8f
able 3 r,3193862fdad21a98
ow E We ,6e0da3bc96e18885
chose th,049d2e422297a1b4
e sinuso,c0a7c1a4b69ce85e
idal ver,57711b752cc17a9b
sion bec,93fb706f0df84038
ause it ,53c10afc7d3fe7f9
may allo,7e3c56032d322d95
w the mo,b6439f58fbf96aab
del to e,2d8eea46392fd47a
xtrapola,31989b4a9382d017
te to se,8a8776118397c335
quence l,59e230b1e2756051
engths l,5aeb9bc7f1ffa545
onger th,4622ba4d844c1c83
an the o,0092008a3f1808aa
nes enco,8c08caf6f30a8b16
untered ,a0b4ae4a72c12528
during t,9fefe1f683342631
raining ,d4db54cfde4c0ef9
4 Why Se,d45ce67cf016d02f
lfAttent,e99f52583f362f15
ion In t,8e07705ff8030aa9
his sect,8f7e0b916ef8f9f5
ion we c,7f09189a2386d525
ompare v,a35420430cb90ee2
arious a,212603fe7d204d28
spects o,02fd839fa9a38679
f selfat,55b8186bcfa83594
tention ,25f87564cad263e5
layers t,9d3a670f0985b633
o the re,f94128cb53821c42
current ,a598e825996ee94b
and conv,b73a048f444856fb
olu tion,7f080f60a66af175
al layer,8dd3db1c646516d7
s common,f7480949f03f2078
ly used ,2e26a5ac32ea266b
for mapp,95cc9408a5f1f767
ing one ,f59a7d1a22eb4cd4
variable,5c326fe3659e4aea
length s,c2a9790ed2d4cfd8
equence ,8d2b79ec7f759045
of symbo,461e7e012761fe94
l repres,524d3068c8ffbde8
entation,fe430ba666fc6799
s x1  x ,ef9dbf4795b1fcf4
nto anot,cce0bbc0b3a8178b
her sequ,4ed401a6928c00ae
ence of ,7a9f2776bc9f893a
equal le,af00818f7ab28e9a
ngth z1 ,51e0effac497150a
 z n wit,0a37dae828db1b5f
h xi ziR,a83ab1e1e47507c1
d such a,96ed87ffa0e7fbba
s a hidd,5b39da3292f6b673
en layer,0c21058ce69347d8
 in a ty,9af5155fd44ca0e0
pical se,3553efdf01c79f01
quence t,6b39c08c5ea6328e
ransduct,d9bdc70c2057768f
ion enco,e8dc0beb80787b9d
der or d,769158cae5c3bfa3
ecoder M,a237fa7e54ce1de0
otivatin,85441e26503094dd
g our us,7a5cd8f04f015082
e of sel,f83b213be1b4ba37
fattenti,77b453e1d6998159
on we co,2b44f49d0aa8904b
nsider t,14312e7c9598d8e8
hree des,98cc41dd12a7499a
iderata ,59ff16884a46690f
One is t,960c825bef691685
he total,c3e3dfdb714a71f8
 computa,1dd1000f97562bd8
tional c,9f7546b9f279e618
omplexit,d3bfd9f3b8a360c9
y per la,ff439d9af50fbc62
yer Anot,7f4567da9baeb3f2
her is t,b2fee5fbec37accf
he amoun,faa2d9627d150ecc
t of com,26ec259f1a892663
putation,4362d8b5506ece9f
 that ca,0d7194c39edb6c19
n be par,e6b12509494d60c7
allelize,d237a71fd66357a4
d as mea,bbdb39481654628a
sured by,6e2fb74c986d1d26
 the min,300a3451efb2c203
imum num,32962e6b4fa86a78
ber of s,727c253829c4d61d
equentia,d14e70dcf2a1061c
l operat,ad7d197d4ccde0ba
ions req,4639a7336da2f1d0
uired Th,9442ea8698fc5f1c
e third ,26f94eb00019ad50
is the p,20c627de51741075
ath leng,430a8d7a413329d3
th betwe,b9bcecc64dd443e3
en longr,7453aafccb2b4842
ange dep,19ac81e7ca212807
endencie,0b46dfd60074d62e
s in the,b065cade431cdb16
 network,5a6c600bc98e2aac
 Learnin,53828256fc75538d
g longra,01ec93b4f2ac7262
nge depe,00d0a252dc63f056
ndencies,c6ee544ae99f688f
 is a ke,a33f1c73c5d4f7ab
y challe,6a854336c5164e54
nge in m,556264dd193cfa37
any sequ,b427537cb3c979c6
ence tra,0f3482225f024175
nsductio,5f5b150198cfd3dd
n tasks ,a7e0bc7bbe47d234
One key ,fe7d5505441b88be
factor a,71006723b816bdc2
ffecting,742d0731052061f8
 the abi,8d0e8f951034357d
lity to ,f08e8c8a051b6b91
learn su,756c480d3645782c
ch depen,e2bf9787fb9697fe
dencies ,9342b31b0218cfa6
is the l,d895c43500d6e74a
ength of,b63befa429ec93ed
 the pat,7b13ac2e9bf9896a
hs forwa,7f1751067a1290bc
rd and b,8c743df1c653756a
ackward ,42a66f81855175b2
signals ,5ec0bd77f3a756da
have to ,2d17af8b937a3032
traverse,265014c9a6170a2e
 in the ,6d5fa9edc94f8160
network ,0c5dabca037b9563
The shor,fb7a94c0eb556ade
ter thes,13f23cedb75df81e
e paths ,1878860a61dc7eb3
between ,0cac539fdcc1753a
any comb,140fb38c8a237933
ination ,0084af2b0a146f66
of posit,21ba7e530d95af01
ions in ,84e173218999dd3b
the inpu,c669c1012011194d
t and ou,341d1b7acb71a7ba
tput seq,3bc319f4bc2eb512
uences t,883f793ecc1d4bd9
he easie,a422863fe2e51cc1
r it is ,abfd3d75a39c4b35
to learn,343638fb1e003433
 longran,90194646c175cd0e
ge depen,262ebf268f2f307c
dencies ,9342b31b0218cfa6
 12 Henc,dca16ad025fce6e9
e we als,3e4bd7db9b3d8a63
o compar,2e12bde53319ebc1
e the ma,f9ad7e65f5eec1ef
ximum pa,95afd1fad586a665
th lengt,35d9dd588f2a34da
h betwee,838d8a041580bcde
n any tw,ca5cf86c2aff3a10
o input ,961dd8a67e0f8a23
and outp,e49af343ae71ec0e
ut posit,3bd0ab370f7724d6
ions in ,84e173218999dd3b
networks,c0a32b38f33b25ec
 compose,7299c507de8a598a
d of the,fa9418a13634e5fb
 differe,a506f02b11c42df9
nt layer,29e3d785bb754a76
 types A,6f74235728ce8310
s noted ,114fc9d4179cd879
in Table,4fadebb8e6a96842
 1 a sel,4d699fcf1a69ac3d
fattenti,77b453e1d6998159
on layer,03c9654537736147
 connect,eb1b2460d7ef20bf
s all po,09a08c1316001c80
sitions ,b03fedc1d29dc9c6
with a c,854434bf577933ff
onstant ,2cb46f92b5815d66
number o,a0e5870fe84f0dbd
f sequen,e238a279e48960df
tially e,df9eb8bdf2165656
xecuted ,3648a82a706cc641
operatio,e3b62f59b555404a
ns where,e6b9f6a11d2123d7
as a rec,d83724eb86fd57c7
urrent l,8436e80b34f95b0a
ayer req,b3010d5f195fa1e9
uires On,daa35b1acf2b6170
sequenti,9ea6cef599f765ad
al opera,10ea48df3408a821
tions In,3532cd0fcb7a0e2f
 terms o,ae3568523654c763
f comput,cd87c59dee5f8028
ational ,cf274cd853828059
complexi,2ffd929aebb66593
ty selfa,f778420dd37b7be6
ttention,fe0fb44585bc5ed9
 layers ,909d3a5dbb7ce030
are fast,087a44b8a44335ed
er than ,f960cea9d34124ca
recurren,941671f674ab74d6
t layers,1b971f22ea054bc2
 when th,ce7da6b724ffadb1
e sequen,1955b24ea49f78fe
ce 6leng,de7d1e6164e67da8
th nis s,1c5d1e9259d449fe
maller t,0e3cc61145252c8a
han the ,bf76ba43c34c3114
represen,532b587cf6d1b187
tation d,6379a06d51d86b1f
imension,9019e0e656d42a83
ality d ,22a8acfeb6ddc767
which is,14b65d876e7c66eb
 most of,4eb691fb9b612119
ten the ,264ff364ba153e5f
case wit,5d58e2befeb0a335
h senten,27b2a9bbbf09e753
ce repre,b2aa651f9d480b52
sentatio,70513445a15190ef
ns used ,e36d071696376f1f
by state,0913e802236aae32
oftheart,2a1a72e6801c99ec
 models ,1f5875c665857f2f
in machi,ff9021799d997277
ne trans,20bd2b103418f2f1
lations ,3a7e6842e14ce11a
such as ,135fa3b5a13acbcb
wordpiec,ecbb6c9412bb7a26
e 38 and,eecc663010b3ccd6
 bytepai,f466ccdb221db3b9
r  31 re,b28accf31d4dfc0c
presenta,64a0cd59c480bce4
tions To,0cdcb08bd22bdf4c
 improve,9b6e1cc61a7d0742
 computa,1dd1000f97562bd8
tional p,0b886a0a159826cb
erforman,b1acb9a93c0d3746
ce for t,4b7625fc14bec477
asks inv,975fbb7b2ee5296e
olving v,64401ba2f4e7fbf5
ery long,1730c0e0ee86bf6a
 sequenc,8cef7aae6bb5277a
es selfa,3eb9212eed0ad320
ttention,fe0fb44585bc5ed9
 could b,5f27afdccd5343db
e restri,d56d46db66abfe07
cted to ,b4fbbe7dee5711b9
consider,ada6c92bbfea95ba
ing only,a93138fe37659343
 a neigh,3c5a1b93155fc0f6
borhood ,fb72fa4dc587b18d
of size ,b82dc5e75fecc2ac
rin the ,08199f1c818e1dc8
input se,3615bb57885d2842
quence c,6e08e94627e2a51b
entered ,e39153685157fd78
around t,3d2e62c3c61b7469
he respe,18fb5af107705df1
ctive ou,2cb45fdab36d85b8
tput pos,775a9d3b3a1538a7
ition Th,af6bcfafbc6ece6e
is would,1ee2e71d72893f4b
 increas,24d3e448609f0b01
e the ma,f9ad7e65f5eec1ef
ximum pa,95afd1fad586a665
th lengt,35d9dd588f2a34da
h to Onr,5e664ae2fb9fee97
 We plan,afaa5451d7343827
 to inve,b93074e8674d470c
stigate ,3ee23a3b90e57b94
this app,b33c9d0a953910b0
roach fu,45d9f8dd2bd6c88c
rther in,4e07eb29b71812e7
 future ,a9798a43889e5298
work A s,4812f32b22e5bc19
ingle co,ff87fa98d9a10602
nvolutio,7c0fc444cad3b8c2
nal laye,6f1f1115f2edea17
r with k,11bd4ed93510d33c
ernel wi,209d2b72af5f4202
dth k  n,149aba5c329569d6
 does no,04fe6fa4ec43f772
t connec,ababcc89bb158aa6
t all pa,a5659fd4517dd694
irs of i,a4af2c1b1474030b
nput and,167450588adbbe91
 output ,36adfda419facf78
position,69e5977540349282
s Doing ,e9cfea2984c92876
so requi,be9638695e4590fc
res a st,949c6eb00c1764bd
ack of O,3723c74f93131341
nkconvol,52f39a2167bb8d82
utional ,29d39255547c0e6b
layers i,608e07bc6dec750f
n the ca,5276719bc290daef
se of co,55f37e280bb24cbd
ntiguous,86fcfbf2c82bda90
 kernels,35c619582bd97c83
 orOlogk,255e940db88c42c8
nin the ,4058bc3f5251cc71
case of ,761e0dfaf35713b0
dilated ,de2ce2ad00bda1d2
convolut,46ecb0f01a591922
ions  18,3f6b1dc047373cf5
 increas,24d3e448609f0b01
ing the ,fe11907f2947ff82
length o,478b677b259f4646
f the lo,5329e37546faeea7
ngest pa,5e4303e50730deda
ths betw,de1ab3e60f39152c
een any ,f1c4258dad0f13da
two posi,a60f77853b2b3d61
tions in,47f535663fb4349b
 the net,b8da61f41c958ad3
work Con,c379369b9ff4d8e5
volution,e6554f3f56558c32
al layer,8dd3db1c646516d7
s are ge,3254ee49e5a1525e
nerally ,49e3d95939fb57a5
more exp,dc84e5bf9ec5e32f
ensive t,c8579aa84642c45c
han recu,c79883e13841156d
rrent la,ce64f5a192cc4cfc
yers by ,4533731677be08e1
a factor,4ec15b9409582fd5
 of k Se,44fdaf7317819422
parable ,e6f1aa65e25a9f53
convolut,46ecb0f01a591922
ions  6 ,06a10af130489e8d
however ,60f5514689fa3782
decrease,7a3b9f8f271fc5da
 the com,fd62bd810d4b2bd7
plexity ,fdbdc92c277f1d4d
consider,ada6c92bbfea95ba
ably to ,98aebac083f350ae
Okndnd2 ,c70b3ab943c5ec2d
Even wit,9bc279bc604a2b2c
h kn how,8bd5a9863c057220
ever the,6d4a5d5b28cfd16b
 complex,2b5c7a5583d6eae3
ity of a,9ed142026e5f54f7
 separab,1513f3f644e9a831
le convo,0b4ac024e63da846
lution i,c59f0d6b12d71f7d
s equal ,5e9885e8d3c266e0
to the c,2c27f0bfcd8219dd
ombinati,fa8bf9ab43e0cb1e
on of a ,d6c9bb295d5d35f5
selfatte,251b10571b332c20
ntion la,669b64b01224f507
yer and ,f21920df12899153
a pointw,e6c8020136eb30f6
ise feed,6f945d578828bb42
forward ,810c5176ffc3f35a
layer th,b3469dfa22393996
e approa,b1145da7db3a0d3e
ch we ta,0c4c5253bd2c5e9b
ke in ou,2f6156d8c4a30040
r model ,acd35d062b61b665
As side ,34026d0edac6d77d
benefit ,aae97d3550967523
selfatte,251b10571b332c20
ntion co,4c89bca1ad778884
uld yiel,adebe2e8692d8ede
d more i,80b95c06f44fdea7
nterpret,11778bc69ce1fc2e
able mod,5adf08accbaa27ad
els We i,6e13a79deb486ab3
nspect a,4fa40bc2e24aba04
ttention,fe0fb44585bc5ed9
 distrib,52935a9b1ced2a8f
utions f,669215afa6cfadc9
rom our ,3278ac8b71f5c55f
models a,72948233862c681a
nd prese,b22d97d09e84d2de
nt and d,b8341b34aca5c036
iscuss e,27cee193b15eeea0
xamples ,3b02f8a55571805b
in the a,cc3e47d57688c152
ppendix ,997a1f46dfad134e
Not only,cfd33c7f5858f5da
 do indi,03856ae755214063
vidual a,c16e7ee7b9d2132f
ttention,fe0fb44585bc5ed9
 heads c,39242f926fb87f28
learly l,28ad67ceabd815d0
earn to ,f2b2b4c4eebcddba
perform ,7cb553372bbb9872
differen,e7612d095e33ca0b
t tasks ,60175c08f4318b7e
many app,bf5a9c8704b78ac8
ear to e,a2bf6282cd4b29d4
xhibit b,890422a2cffa79ac
ehavior ,be0a5c7f3b15d191
related ,0f4501d7f300c077
to the s,ecd5efb50e453b37
yntactic,7981db77de0a19a7
 and sem,2a7c735a37dcd6b9
antic st,ebbe047571f63673
ructure ,5e4f79510a3aea2a
of the s,a545528937821af2
entences,0452b8799fc74c7e
 5 Train,b96599c21deb0c48
ing This,f74c2715ef10a5f4
 section,510158f100eb117c
 describ,4d9c50b9026e6b57
es the t,64f72a78fe63247a
raining ,d4db54cfde4c0ef9
regime f,fbcf5c25f937908a
or our m,dddb90ca5d5037fb
odels 51,41e74ecc821d5c91
 Trainin,947be27fa73a58d5
g Data a,7377fbfae8470f50
nd Batch,46620e5c7bb9da01
ing We t,f8dfa9e01492d5b5
rained o,cb5dbb23368f2955
n the st,a0209db905f0a8cb
andard W,21aa5f74dc9fa9f4
MT 2014 ,f95af3fc2add0dd3
EnglishG,ce577f5593e8a0a7
erman da,110ebdbd9ff8cdc4
taset co,0e9de7d760a03318
nsisting,f339ea3937be30e8
 of abou,e1abf034f0faf675
t 45 mil,e46e7b0bfa28115c
lion sen,03dd0bdd0ae6bb27
tence pa,2ad9e58edc7d4b91
irs Sent,c0686fa0890e8b24
ences we,0df919b2ab69fc3d
re encod,4ad2817f28339cb6
ed using,58d8addecc2d469c
 bytepai,f466ccdb221db3b9
r encodi,37bad65a787902b6
ng  3 wh,7f051c6b6fd42a19
ich has ,78b12122c56c3318
a shared,7c52c5eaf03df25e
 source ,34126574c6191a0e
target v,d19aa5bde5a5ecba
ocabular,098792a416a4c844
y of abo,4757fd24249e812c
ut 37000,b5678e1d954484b3
 tokens ,f8ad7d2a76904a60
For Engl,594ee26b59d143c8
ishFrenc,4013947f6535c620
h we use,5868e4c12bf5c019
d the si,4ee35c007b057832
gnifican,b1c4a859b63fd22f
tly larg,7a942967ecb0c573
er WMT 2,c8fef360ba094e31
014 Engl,b3f7627eeaacdc03
ishFrenc,4013947f6535c620
h datase,beddf16ff3304863
t consis,68924ac49a024197
ting of ,db84435b17aa2bb6
36M sent,b46ab43d7f2e962b
ences an,fbc964125f239790
d split ,a842b7b3c6117f46
tokens i,252bad20e81a20b7
nto a 32,cb7a4f15d6129484
000 word,9bd80219ef01ae9c
piece vo,059b002bde6f6e4a
cabulary,35dca4300a95f170
  38 Sen,be09bd50b62949a4
tence pa,2ad9e58edc7d4b91
irs were,58c04eb66e070cf3
 batched,d5f3cc4d12c74894
 togethe,27775ed91e527228
r by app,84df43b65af98466
roximate,3964819e999b1101
 sequenc,8cef7aae6bb5277a
e length,77032b3ccabffba3
 Each tr,1a9332cd6b717f7e
aining b,7aaf0f06028a6e7b
atch con,0066fe76375296a6
tained a,467cf3b9443f0f6c
 set of ,a350db7326e4eaf9
sentence,c877116e7a95dcd3
 pairs c,de46c7e065fa725f
ontainin,e71fda45e77b7937
g approx,5e3e95816c5ba7cb
imately ,dba6fde0c9d5f325
25000 so,fd7ccc44fc255015
urce tok,c3b3897b882d8b26
ens and ,e10f2aafb9685f2a
25000 ta,a4c533e265fbde6a
rget tok,ccd3724eca2c8854
ens 52 H,6431b57badade300
ardware ,4911ea01a6ab21f5
and Sche,ec3962c394c58033
dule We ,89b69daee0427255
trained ,67034025c0a29957
our mode,844e2106b45bbece
ls on on,22ad6a869c3e4ea0
e machin,64167bab6a946a0d
e with 8,c18436a2ed2d3b28
 NVIDIA ,7df045a1aa6af6ae
P100 GPU,586486c947a2195b
s For ou,89d6335943e8a96c
r base m,de05d724d01e72b7
odels us,69ae4196455e72b4
ing the ,fe11907f2947ff82
hyperpar,32ca3f9cce42e532
ameters ,f0e86046a74e6f4d
describe,b5652d6413b42cdf
d throug,82b0c43c0e478070
hout the,b2c054881f8030cd
 paper e,ba4d9d2731c8f9db
ach trai,2e110bc9293ab83e
ning ste,ecb35b76e260edf7
p took a,ff1b565dbd4ad56d
bout 04 ,4b7857dcea3206a9
seconds ,588edcfb46a7b103
We train,ffb6376ca3a5a66a
ed the b,85a9afda0c4d0f91
ase mode,23e14242d8c6dcdd
ls for a,055a9dc8802ca72a
 total o,1f34837c2ae3b407
f 100000,1ce6366f87b321ea
 steps o,3b6366f82babbb46
r 12 hou,fea0f52cf2ed3229
rs For o,c5109eae9c46d5e3
ur big m,3628f6c307e79839
odelsdes,2a55b97ea36a159d
cribed o,c8fa3e7293d17e98
n the bo,06e90cff5329dca1
ttom lin,681f434b50dc642a
e of tab,dbe658d36cbd612c
le 3 ste,8b89114e1904db4e
p time w,5d54baee54d0f62b
as 10 se,d54cfa65b0b46ea5
conds Th,1e9bbeea3771ce34
e big mo,01c5448cb3af21db
dels wer,26ec91163d798449
e traine,f389db37f5d74750
d for 30,90d2234489be13ce
0000 ste,9faf828c6199ee17
ps 35 da,89d53f134833a772
ys 53 Op,5ad9a258829d7e71
timizer ,1146533a11e6d304
We used ,c6bd24be2c1c6656
the Adam,de6397bc4c45cf5d
 optimiz,b09ec3ff45f981f0
er  20 w,db9474f117ac0119
ith 1 09,02c05595037d489b
2 098and,5502e42f4ea24bc5
 109 We ,2396bfeabba3015e
varied t,4a0def34f477f843
he learn,06c50506a0b7295b
ing rate,5a299634907dcba2
 over th,13ab1dbf8a6addfd
e course,2cddf97accb85e09
 of trai,f4feecd75046929f
ning acc,d75ee3b6769d6a1c
ording t,713bdd8368bff770
o the fo,960df72789f094bb
rmula lr,604bd0753c95a2f0
ate d05 ,647855784efce780
modelmin,e451144309fbfca3
stepnum0,b732035c1258ff18
5 step n,0566c0195aaa5740
umwarmup,b920efcf0907c344
 steps15,ae3068f718a01c6f
 3 This ,a7d070f12cf81763
correspo,00bb3c514a466285
nds to i,ef344debebcbe589
ncreasin,494149ef3fbe483f
g the le,3c4fc83a7e4f9a0f
arning r,861994a6f8369d40
ate line,cea829ec7feeaec7
arly for,e1d8e233ac36ba80
 the fir,1e12d01b98183c3d
st warmu,63da89aafdc166f7
p steps ,d16d8446b57d8743
training,dabb4d74cc6705b6
 steps a,656c1f1114e66c5a
nd decre,41435078218395e2
asing it,5f39c694e543c2ce
 thereaf,f64cc6b8a2df1420
ter prop,0e850f5f9cab863e
ortional,e0ddfbef8d3a6d12
ly to th,2c0c60682fa8a53b
e invers,cd26890f917433ab
e square,2cccf4957869ffeb
 root of,0f4d52198183e668
 the ste,9b5b42894730ae13
p number,ef9b12fd57990ea5
 We used,8347be4775280885
 warmup ,12437ef370f40575
steps  4,40ef6785d48305b6
000  54 ,400ee036841acd3f
Regulari,8fd68de49c98693b
zation W,6b989fc1b03346da
e employ,3f6e91526ae4daf5
 three t,8f14d9cc5f3f40bb
ypes of ,575cab86708b62e6
regulari,e0f644a760dc5fe9
zation d,56a55e4cdd5aaeb4
uring tr,67cf5b12ddb402c2
aining 7,5aa01bd06eb08170
Table 2 ,1210d10dcfd5df49
The Tran,0ec9da31cc664bbf
sformer ,2dff91de9b1ff2d1
achieves,f95e61efe5bbc986
 better ,2e1ba5fda3c27ba0
BLEU sco,900bf1ebf02567db
res than,b0d853154857d4fc
 previou,5bcf3908d0df9ee1
s stateo,36eebbbe8a1461d2
ftheart ,4986a15ba1a11a3a
models o,753e4f20f8e648ed
n the En,744cb87ff57e8089
glishtoG,bec4a4b9f4167e17
erman an,751270a7c06bbc43
d Englis,d5193d21efae6118
htoFrenc,ef1e35d5b27c04f3
h newste,4399f7fe29071f2e
st2014 t,b5053b5d1423ac47
ests at ,f8b2251a47beb711
a fracti,dfad0785b46b6419
on of th,ff4decbdce7918fa
e traini,b48aa15a1d1baec2
ng cost ,b5340028ae9b6a47
ModelBLE,4f52f84378560515
U Traini,06b82effac042067
ng Cost ,fc780ee7298db938
FLOPs EN,d1972bc420aeceda
DE ENFR ,beb753f37c686471
ENDE ENF,844915f9c96d8a48
R ByteNe,12fe074734bd9894
t 18 237,91899bc38a7f4ead
5 DeepAt,e8fa0baf7eb89be7
t  PosUn,94eaa17527695e4f
k 39 392,95d883ebbd37b362
 101020 ,36a5a596ae8dce3b
GNMT  RL,ebdbdb6d33f040a3
 38 246 ,781fa6370d944c68
3992 231,615206ff35d100f8
01914102,6df6427d920ccbae
0 ConvS2,4366c4fa5b3b1d50
S 9 2516,ca74d5c8fd4dde9e
 4046 96,e1472a731b5e5602
10181510,bfd4b793c01e8e22
20 MoE 3,df60276868d1e46f
2 2603 4,c575d9bdc0b497f8
056 2010,17adc6456af1e97c
19121020,efe7b0083106b912
 DeepAtt,0e257a2f4124dfe9
  PosUnk,1d0df4499d0f30e3
 Ensembl,e963acdde103179f
e 39 404,f5c82bff117ddcc6
 801020 ,e842953f7c1a3997
GNMT  RL,ebdbdb6d33f040a3
 Ensembl,e963acdde103179f
e 38 263,a21897e46652fe0f
0 4116 1,54792b3e05ea367d
81020111,6b3b593ce107b6a2
021 Conv,bf1a23cf45c6c131
S2S Ense,b37fcc7df8064d84
mble 9 2,650113dd7fa9ff20
636 4129,df429560aa92d5df
 7710191,e8d8a5e67ba369de
21021 Tr,ec0df5359161ac63
ansforme,943fe4dbf80b6aaf
r base m,de05d724d01e72b7
odel 273,4b4c6d13a20d25a6
 381 331,7fa599a7acdd4e2a
018 Tran,9d89ab946ba8d7f4
sformer ,2dff91de9b1ff2d1
big 284 ,b9749ad3b97947e0
418 2310,3f1f29adf914dfb7
19 Resid,94d818a7dd8f1c18
ual Drop,9bf96fd49721da65
out We a,029fefbdc40f80a1
pply dro,350206452cef0911
pout  33,cd5c3467b2ca545e
 to the ,7816faa835d66849
output o,dbf94f53b28340bb
f each s,0a702997ebf013f1
ublayer ,99a2ab64b6bceab8
before i,eb48c69081783be2
t is add,1e54a5875bc485f6
ed to th,8fda6d1e249681f6
e sublay,798319a868484ac6
er input,b70ef12a04f0b2b3
 and nor,9ac518c7ef2f1fdd
malized ,d8a09ea7e0285d22
In addit,d65fd73781eea250
ion we a,7605ee721f7a0091
pply dro,350206452cef0911
pout to ,0dfcfc315389c211
the sums,18d33ad82753dab1
 of the ,1e5a83fa9b6ac6a0
embeddin,19361a02bcd424e3
gs and t,0a18537942def9a8
he posit,8867449071688a82
ional en,7fda4b09a3fce523
codings ,7171d87b473ece67
in both ,78b4b02d21e6434a
the enco,25b63dead609985d
der and ,ef6a4e2d53c8ea4f
decoder ,4c864476591b3552
stacks F,2db979da02702fa7
or the b,fe992cfb5cee6e50
ase mode,23e14242d8c6dcdd
l we use,d1886821ca589efe
 a rate ,f715a2658e7beb92
of Pdrop,201106b40bdbabd7
 01 Labe,309cae76cdeb6ff7
l Smooth,10858c389b27c390
ing Duri,0316fbeea993d867
ng train,90f9b467c67fa623
ing we e,d26f9aba3cad21ff
mployed ,82b64630251d1af3
label sm,dd64335fcc210d3f
oothing ,569f32c4a6e5ed08
of value,6c480e12ae25e948
 ls 0136,234aeedb6e3f8648
 This hu,21a055468127fbda
rts perp,3e4aaf288052024c
lexity a,14df27cab52a3a82
s the mo,f8b4442b91a6f846
del lear,4fe54291949c1349
ns to be,3e1dfcd18a102273
 more un,fc55caa98ec522f8
sure but,bed6888e4d0222d6
 improve,9b6e1cc61a7d0742
s accura,f8c9665c312578c2
cy and B,ebe25ee88fe818f0
LEU scor,2da5e02d7f661042
e 6 Resu,6571956ef21e3cc5
lts 61 M,19b4889696b27a13
achine T,9216710ef2d9bb1e
ranslati,a4bda142981bf9fc
on On th,f1d462f0c64908d4
e WMT 20,3580d9d1b70861db
14 Engli,f51090e0a21b9c7e
shtoGerm,1f81059d9ac4cb92
an trans,7d8b058c5565d73f
lation t,4c45b491a0ed57b3
ask the ,ce5753eb02a1c60e
big tran,2138037a92921616
sformer ,2dff91de9b1ff2d1
model Tr,7e73747fdc3b0187
ansforme,943fe4dbf80b6aaf
r big in,aa2458b94166cd98
 Table 2,7c82bb2b772b3b63
 outperf,9fc9a007b6357763
orms the,12bc1a66549319f1
 best pr,6138e40bbacbfdca
eviously,5e4c798eccbef743
 reporte,556aadf0c10ba71c
d models,c46147206ce6905f
 includi,6e0ae9fae017cdfc
ng ensem,7ef039c057a43485
bles by ,26637279c48ceffe
more tha,ff2c285c71dbe697
n 20 BLE,c850ede830f4e9e9
U establ,82101f6f702cdae8
ishing a,e0ddf57d522b91ee
 new sta,4d4b19fad1926a59
teofthea,b7f58e821801e81f
rt BLEU ,04d5219affae9d68
score of,d694e661967bfa8f
 284 The,7636c0bd70c79352
 configu,abaf655db2d37673
ration o,2792a8b9403c6679
f this m,a548aedcf7c072b0
odel is ,20c6faa7e2217b54
listed i,63e88a61585844b4
n the bo,06e90cff5329dca1
ttom lin,681f434b50dc642a
e of Tab,87e7fc2094e08e2b
le 3 Tra,3dd62cb3a6be9938
ining to,c2131529f8dd8b0a
ok 35day,951a57847d7625a5
s on 8P1,169be962d405a5b3
00 GPUs ,a13a853548b765cb
Even our,2bf2fcf4ea34d7b1
 base mo,be6d5454fa6d6fcc
del surp,1d1a9c79dc353020
asses al,82742e5eb86e8a0a
l previo,c19a5f27eceafb8b
usly pub,a767960b5595c901
lished m,d66219fa5858cfd5
odels an,06d5a3729abaefae
d ensemb,2e9f732ba23b5843
les at a,ed6cf94d0c9e96d2
 fractio,ac252e9365cfe7d2
n of the,171c7a5f581d6db2
 trainin,7917c47911f5d6d8
g cost o,311f646ff5f8e7ea
f any of,cd5e0edbb708c3b7
 the com,fd62bd810d4b2bd7
petitive,bf56f428bc2140de
 models ,1f5875c665857f2f
On the W,e113c5147af0335c
MT 2014 ,f95af3fc2add0dd3
Englisht,b826c87f370c6d79
oFrench ,98fa513af640edff
translat,ae46ab8b4c988b3b
ion task,a9dc50d9ac43ec0e
 our big,ad150ee31dbc0a5d
 model a,dc6bbc15ad16dc3b
chieves ,580305f7862e89c6
a BLEU s,5e45b0dbb9e8f817
core of ,bf3b1956d485c6eb
410 outp,e42c2367c5a937ac
erformin,836cf5d394e33167
g all of,9c04ad53a0a334a0
 the pre,f6a6f5822c7695f3
viously ,1490fc18b31482e9
publishe,130f85ba2fd0430a
d single,1b2e2afb0bc01a8f
 models ,1f5875c665857f2f
at less ,2d0b23984e9a436f
than 14t,a1f858113c65fe0c
he train,3dc944a37c73c98c
ing cost,968bdee269e79435
 of the ,1e5a83fa9b6ac6a0
previous,cd87185c84df19b6
 stateof,ed49be19c01b5211
theart m,a8371a2c0e826610
odel The,02372dfd76aacde8
 Transfo,cf06c73d72516c3a
rmer big,05c4c5878f8e82f6
 model t,775009ec9bb910fd
rained f,901457b3ea543af7
or Engli,797957d4f551aa0c
shtoFren,8bfc061f810f9684
ch used ,c53c6e20013c673f
dropout ,e56f0543da785788
rate Pdr,f7277560290219da
op 01 in,d2d0231bdaf63a38
stead of,c62d50b908304043
 03 For ,81a20ed4c5d86a57
the base,eb6dd1140ad79f80
 models ,1f5875c665857f2f
we used ,e694397d1db02a32
a single,0ec056fbcdbcfc9a
 model o,960178afcdf5cc71
btained ,959b1f067263a9d6
by avera,e91d20bdf91be818
ging the,9a589df8dfb19d55
 last 5 ,2e08f99a7b7344f6
checkpoi,0f42a6f268ccf640
nts whic,a864a502360abf33
h were w,1b5bf0f7a6acb9a0
ritten a,230125f90d09feb0
t 10minu,10802f3cfbf34e6c
te inter,023805d16e956c68
vals For,4b4faa8c1964aa4a
 the big,db94a561802f0ff3
 models ,1f5875c665857f2f
we avera,b9ffa7955d6240c6
ged the ,42e5f9c4b2d4e061
last 20 ,268952ce2278e00f
checkpoi,0f42a6f268ccf640
nts We u,a3bc4fed55c88d70
sed beam,a536136c9ad2fcf5
 search ,60934b81cf975096
with a b,20fbac8f6903ece4
eam size,5a6197fa0c87406e
 of 4and,7a7d1352a44e675a
 length ,56f99525542b1ccb
penalty ,c07782f7d8dd22f5
 0638 Th,fc69c3798c7e2dcc
ese hype,f46476f59b45c2f4
rparamet,a61ee765db23d915
ers were,eef273cfeb926238
 chosen ,b6185d417f0390a2
after ex,41a5d1cface5778e
periment,f85db2b8f9beeb97
ation on,682cfda83372d828
 the dev,2460a7f4e41a5022
elopment,07f29254fcea818a
 set We ,98d0f42dfaca6699
set the ,1cd1366f143edc2c
maximum ,87bb51904f3f4457
output l,2490744aa1a661bc
ength du,d3575dca36aa79e9
ring inf,f01da3188437d96e
erence t,c850f6a8f9bc320d
o input ,961dd8a67e0f8a23
length  ,b646ba74151c2a67
50 but t,db169a09582f71c5
erminate,114636753c472471
 early w,aa31985f2dd2100c
hen poss,b9b3b7b4680de00f
ible 38 ,45897ea18a7c16fc
Table 2 ,1210d10dcfd5df49
summariz,39bd46eb90fadcf3
es our r,6269d339daa382a1
esults a,ec7723c49fb927af
nd compa,8638168b4e978bd4
res our ,d25cca4d63a2e722
translat,ae46ab8b4c988b3b
ion qual,fe78b3f170bb4ffa
ity and ,860c58b8b2d9f3a9
training,dabb4d74cc6705b6
 costs t,1d716177a2a2b145
o other ,1e2ddd5379e4e197
model ar,ff174ec082e53621
chitectu,9c4402902ca55f58
res from,6df96be9e9944107
 the lit,47f016f6877ab783
erature ,746ddcef5a6e4e32
We estim,6c0e07548c6643ff
ate the ,6a2bd31cab86c716
number o,a0e5870fe84f0dbd
f floati,8c697fbbe4528cd0
ng point,6123dde67c2682e2
 operati,370227666b59c379
ons used,17a88c1a7db952c7
 to trai,7169a9196eb529e9
n a mode,befba0464fb21f9d
l by mul,42b42145b899804c
tiplying,50cea675de9d9feb
 the tra,11fea8c19bb69cb4
ining ti,4ecc32915a780e60
me the n,51aaec0164f1957e
umber of,975210f16c45933b
 GPUs us,d726ed58198c0454
ed and a,8eb6ba6fe897baaf
n estima,d633216978fbb741
te of th,b0662256d19462ab
e sustai,add81d1ef3f3106a
ned sing,8a8b5688eb002dcc
leprecis,b17dfefc017a706a
ion floa,ccdc6b64d1eda4a8
tingpoin,2adbcb049443ec01
t capaci,ef515d625d247cd0
ty of ea,319fdc5b4012616c
ch GPU5 ,1e96beb9152b4b2c
62 Model,86cb32f3d41c78db
 Variati,42ed9a26a03b7ef0
ons To e,61a50ce93d82bc5b
valuate ,9ed8ab615c6f8e6c
the impo,372d3e43c4a871e0
rtance o,2ab85844cb4044d9
f differ,526b2760e937eec8
ent comp,ba301501d6a78615
onents o,9a10dc6247d9c748
f the Tr,fdf47d01638be639
ansforme,943fe4dbf80b6aaf
r we var,40e15d5bd69bf933
ied our ,2060e4d3d837735c
base mod,40ee32898153ebde
el in di,6effcaebafb7d108
fferent ,c9dd56957ee50726
ways mea,e59c7335d87cb72e
suring t,d6d26754f7342a9a
he chang,9d0abdf3f386d0fc
e in per,44d80dbe2c8f0e3a
formance,4971305587cb6670
 on Engl,2068598f4ba4d61a
ishtoGer,102d0f5971ed4e49
man tran,4e2dd032f5f9dc7b
slation ,50704357ca559f4b
on the 5,be457d4615d7c190
We used ,c6bd24be2c1c6656
values o,bcb0dfd26458a5cb
f 28 37 ,c11ef38307536ca4
60 and 9,d328a1f37fa8f9bb
5 TFLOPS,42e86016c8137d7d
 for K80,b055c09afca15b22
 K40 M40,4d2f9b94e1438a91
 and P10,575e84626feb00de
0 respec,87f35ef8f3fdaea6
tively 8,3802afff46a54128
Table 3 ,49f45967e5fd361b
Variatio,90cfe68d5a7f73e2
ns on th,a4d6397f786264c0
e Transf,03f75cfc0087ab46
ormer ar,2192df60c3ce6d28
chitectu,9c4402902ca55f58
re Unlis,81e6cd44399fce82
ted valu,447b7a0f65e8a7e8
es are i,d7afe84fb97990e4
dentical,77b73612fa0d7cc8
 to thos,abc5aed52c3aea56
e of the,f02eb6bf48eae0d3
 base mo,be6d5454fa6d6fcc
del All ,b36bbb70db04b057
metrics ,215213e68dcf8ecc
are on t,9eb6bbd2a760fabd
he Engli,2fb8b5117bdce220
shtoGerm,1f81059d9ac4cb92
an trans,7d8b058c5565d73f
lation d,7a7bf363c4d6dbb2
evelopme,f7c475e3da7931e6
nt set n,94b95536523c7257
ewstest2,74d79cb3fa14f026
013 List,a40957471bff182c
ed perpl,48fa1828b8ce2f53
exities ,88b59c060bf26d65
are perw,052e76d6108eccc8
ordpiece,5c1374c435a5d276
 accordi,424399d1dc90de1e
ng to ou,32aab63b865371f9
r bytepa,ebe4d7ee60dfb34a
ir encod,4fb01fb0db79e992
ing and ,113c7a2bc1adb765
should n,80104a6c25050967
ot be co,f38a2cebd3a634b0
mpared t,90bd70dea984b1c5
o perwor,a6fc160315db69b4
d perple,c05ce51ef34aae91
xities N,82c6794ca3c66858
 d model,46267128042cf0db
 dff h d,9fca1fb51afabbe2
 k dvPdr,92811ed54f1667bd
op lstra,148fbc1d95d36496
in PPL B,62056603fefbe831
LEU para,63f053215ead8327
ms steps,cc945f481b4f325b
 dev dev,8be798123b6e4663
 106 bas,48453c81313bd6f2
e 6 512 ,e37d375afc6ce41c
2048 8 6,1732138419c0e264
4 64 01 ,994054dac7145fab
01 100K ,19ffd55a4755214a
492 258 ,c0a3564edcf44348
65 A1 51,2095312834eb8e84
2 512 52,21f31309e26d374e
9 249 4 ,8dc3e027e8cd8cb0
128 128 ,5f815898f66ee4f9
500 255 ,6cb50e5c5240c58e
16 32 32,48b4d191835b61f9
 491 258,447d73ca273e4f6e
 32 16 1,6bc5110830ddc2fc
6 501 25,9c836c3dfd1043c7
4 B16 51,beb7a5925b339ca5
6 251 58,c3ed98b70f213d6c
 32 501 ,7b9bbc7000e597c1
254 60 C,4728f8497331bb30
2 611 23,915d5886d41f63d7
7 36 4 5,d4d1ed06ffcab79f
19 253 5,83c29dd77e92fef9
0 8 488 ,2fcb93bc9531a2f5
255 80 2,f2048416ffff4f8c
56 32 32,a0adf7a2ba67bdb4
 575 245,42584ba8fdf1b840
 28 1024,0789c90f335c06ba
 128 128,122dec46772318c9
 466 260,5c95bf68529e8e94
 168 102,20c21ccc869b1638
4 512 25,f8d685919fac38c8
4 53 409,8b2c8c4eb72c270b
6 475 26,b3d7a10c914793ed
2 90 D00,f7c8eeef87ab4f07
 577 246,ba80e79f0db22470
 02 495 ,e68f2a69c4440b58
255 00 4,482ebca3c151d28f
67 253 0,57841767fca6dba3
2 547 25,8073c35000d0a52f
7 E posi,560a28499cb21d06
tional e,f6e058e0bcf44d5a
mbedding,8654184e2c167765
 instead,2ea7dc89570ee3d1
 of sinu,26c7072e8359b725
soids 49,67f3525bc0d54a6c
2 257 bi,f4e4f68688375270
g 6 1024,5baac4fb0bf5014f
 4096 16,fe8b5d187b5c9182
 03 300K,cbe8c6341fd66e9f
 433 264,5b93cadc176fed3c
 213 dev,123a3e9d104573c6
elopment,07f29254fcea818a
 set new,5e0ed77a6c34a347
stest201,27486012c779d285
3 We use,04845363d47fced2
d beam s,bb9b0fa791b4d734
earch as,a44c4ceee9efdeb4
 describ,4d9c50b9026e6b57
ed in th,fc11919c58322243
e previo,fa743f0824e47ff4
us secti,e93443f83ecff65f
on but n,78922830a330fabf
o checkp,2ebc46581192771a
oint ave,db9c146bef09ed77
raging W,ad0d3ccff13b6404
e presen,d989db98979a3fe8
t these ,97eecf5794d1f660
results ,2ff7bace3f7ee478
in Table,4fadebb8e6a96842
 3 In Ta,e41dff75d0b63e0d
ble 3 ro,03d67fa4cd172e69
ws A we ,c6461a831f7a8e51
vary the,4f91d2c6c63e4998
 number ,7ba2b46c33e68240
of atten,b4f83dbbc1c3511b
tion hea,968c8b23d77db099
ds and t,b502bc4813e0361f
he atten,c86148f96f298099
tion key,1c21ec0f9fdcd32b
 and val,6e1bc81d5b325620
ue dimen,8a9a91c3417bde5b
sions ke,d4050fbb208d2937
eping th,5f680fcd084b5186
e amount,15a957566778af02
 of comp,a6cacf91d26d19d9
utation ,30bc67df5cf2ba6d
constant,4a25a08bd8b7bc2d
 as desc,de0c01d05d024608
ribed in,43f2607d4da14752
 Section,89ace15d0065f353
 322 Whi,e19118cc2e59bfc7
le singl,537aed30ae99dd6d
ehead at,69b8aab54e753f06
tention ,25f87564cad263e5
is 09 BL,847013d24351cdbe
EU worse,c4cdd66422134442
 than th,a277c9d9696f947d
e best s,b0720c2fd1ce3404
etting q,16c1186fb4660ea2
uality a,e53620fb4190459e
lso drop,33b1ba8a76d50968
s off wi,79bb8a4e8943dd5b
th too m,adfe634dcd9fb0b7
any head,a6817266af1e04b8
s In Tab,78fe38d3bc5d1e66
le 3 row,63b1e25a8574d402
s B we o,2f552b8c71e7b846
bserve t,5be5e6e48a664afe
hat redu,0ecd11649f231dce
cing the,4f9e147ee8ea5517
 attenti,1168f24067e0943d
on key s,15aba56e55c190cf
ize dkhu,f6da8279af5afa0e
rts mode,8eb207eb9b5053d2
l qualit,da60d5f49e845caa
y This s,5896f5af9c3f6ffa
uggests ,4c68d42fd85fd098
that det,f08daf7e5bd3cb21
ermining,38e317faf2a8bef4
 compati,b2d5279867445c3c
bility i,4a8d831d012f113f
s not ea,04b8a7bb3ef17090
sy and t,9f33bc34f5a079cf
hat a mo,29f68f96e4690103
re sophi,f82b8eecd8d0fa47
sticated,457b0edd512d3c42
 compati,b2d5279867445c3c
bility f,c453abfd838484e1
unction ,22e61e9d1ebd50ba
than dot,e31f66b357dd9c25
 product,2f234e2528620acf
 may be ,ee85db5b30b5b96d
benefici,98a82ac3b488547f
al We fu,b5cd7420a7f845ac
rther ob,5c4b395bcc848c92
serve in,a70a3563a511905b
 rows C ,6b44874c29a06571
and D th,8fecaf45e94ebbaf
at as ex,00c982e3d509f495
pected b,f6c19f986ada7f60
igger mo,187aeae7b57d2978
dels are,07079e0f64f766f3
 better ,2e1ba5fda3c27ba0
and drop,c1959f0fa8681537
out is v,c2d41541a9518b91
ery help,2f5c2de3ed5b5ce6
ful in a,23468c219dc38662
voiding ,3a6616864b6b984b
overfitt,2dfa9d924b30b786
ing In r,7716b5d4a47e4964
ow E we ,ccfb7b977bf70ebc
replace ,f83b2e35984f08e5
our sinu,d79e80c9ded18082
soidal p,c74c11c58d61ae58
ositiona,d0d8bf6b75fcf20e
l encodi,8b8e3871bf4f5cbb
ng with ,cc81bd8f88c1ce25
learned ,8a16a3cb349a2a00
position,69e5977540349282
al embed,bcc39b87583dc6a0
dings  9,a2ffeebdd5dc2c10
 and obs,af34a40c6ace14ea
erve nea,9b1bc14a99ff41ab
rly iden,e58def13680f3dc0
tical re,19ca444f39e783e8
sults to,bcf4bd003794821c
 the bas,4c36dd35405497a4
e model ,7168371db4ba57f6
63 Engli,194aa2dbec03fc9f
sh Const,8058b337688c27d2
ituency ,33790f0fdd48ddad
Parsing ,d9f1e1a1c10e0233
To evalu,b3d5c509787acc1d
ate if t,8feaf020ccda8c1c
he Trans,b73ba5548308591e
former c,53499a5bbff932bb
an gener,9d761ab6f9a9b6e3
alize to,d042da7d12d0264f
 other t,9c6b601e9b6fd06d
asks we ,a0b9a88370f566cf
performe,832c6cbcbb92d6f9
d experi,069f4635acf40d04
ments on,05c8830285301f1b
 English,8d33d44414c02cc4
 constit,9557dfd745f51eb8
uency pa,aa08041e73848ce1
rsing Th,49b3c27b8de81807
is task ,daa95ba19576ceb0
presents,ed7881154c749f4f
 specifi,a2a395ae3ec2873d
c challe,6b74fcf41a0abb9e
nges the,c86d8eefec35387f
 output ,36adfda419facf78
is subje,d5735ea193ff80f7
ct to st,2decae8ffa32d2d1
rong str,2cbbdf5a830d1579
uctural ,65b69ccf4f56be4d
constrai,60f0a8cb2b00b4b6
nts and ,7663e7d007d0fd6e
is signi,445b1e9657cab08f
ficantly,3e8899f638f5750b
 longer ,8e3497c92e462e6b
than the,2a50486a265c8cf1
 input F,a0d3fe384b15cddc
urthermo,d05ae496c0b99f4b
re RNN s,4fbb644f7d7a3c77
equencet,12a4eea24bb7db47
osequenc,1f07eb1a9f64e087
e models,3d40b55023d83518
 have no,1d971a37daacac1f
t been a,575ad31f72c27875
ble to a,9beea8c354f0ade1
ttain st,c387139f3c444c7a
ateofthe,3445121bc9bef2c2
art resu,c95dd63f49bfc26e
lts in s,b4faea2aac97f545
malldata,5e07be0b96efee3b
 regimes,75fb993a1dcfa1fb
 37 We t,8438a14222a5efad
rained a,826b0153896190f7
 4layer ,718fc3a1b3705eb4
transfor,2cb947713c789f66
mer with,098dd754a32b5e8e
 dmodel ,27586fef570fff4a
 1024 on,a23ef9f52aa31f8b
 the Wal,1c03fa5f534ba24a
l Street,1e58b8fb00adee9d
 Journal,4b426aa46c6a0cf2
 WSJ por,419f39bffe4d4458
tion of ,8da12ac03136476d
the Penn,cee47d5edf9dcb86
 Treeban,0cc5a6fbb77199e9
k  25 ab,d87c0ae3c75652f3
out 40K ,9c25560b61bb86c8
training,dabb4d74cc6705b6
 sentenc,171f63d0b1ea3a99
es We al,26b86901aff1e845
so train,9ed9cf21fe97002c
ed it in,3e72b65c832f9f01
 a semis,99abf87fa7ab4d09
upervise,554e6368439165e1
d settin,94c27466f15b245e
g using ,7482b5f9a7e0d427
the larg,8aab6a6b879e5190
er highc,ab3442e5f6335ad1
onfidenc,6ba0a0d7642f763d
e and Be,0d4f72c51e54cfd5
rkleyPar,c81ef95af12c0d49
ser corp,bad9b3e5e568e093
ora from,53a691af29715256
 with ap,a4523e8ad713402c
proximat,a43a7cfd9069468d
ely 17M ,425b38b3edac450a
sentence,c877116e7a95dcd3
s 37 We ,86ed76e28c2eb1b7
used a v,44b5fcccb2a70e7e
ocabular,098792a416a4c844
y of 16K,7dae4f2fd9ade2f7
 tokens ,f8ad7d2a76904a60
for the ,03989e8dce5e4f0c
WSJ only,cf2c9c1362fd59b9
 setting,e4f2281190ac526b
 and a v,16d31bca4dd4b6e4
ocabular,098792a416a4c844
y of 32K,ca84f4c455cd7f7a
 tokens ,f8ad7d2a76904a60
for the ,03989e8dce5e4f0c
semisupe,1b2671fa43b2bee9
rvised s,bdaaa03e3de8d08c
etting W,6a6061f9c80d8540
e perfor,e4219024c39dad18
med only,d7fc2990af2c490b
 a small,e8bae5916ca88518
 number ,7ba2b46c33e68240
of exper,4caad5f8bb2e23ed
iments t,6043b0049be3cfed
o select,a63a8bf89b3696e7
 the dro,818c6c62700f558e
pout bot,cad495b95839ba93
h attent,7b00439b8bd75567
ion and ,fd6b0e368aa39f76
residual,c2b9b196b82b07e9
 section,510158f100eb117c
 54 lear,72d25c3e135636a9
ning rat,063d7aa5173b33cd
es and b,5066978bcf94069c
eam size,5a6197fa0c87406e
 on the ,b064dd7c22f638a3
Section ,77b9f2f9fccde8c7
22 devel,bd30ef634c9f48c6
opment s,02be9ab465cf7c11
et all o,f886c22162059b68
ther par,56e6bdb9a0bf17a0
ameters ,f0e86046a74e6f4d
remained,7e6543f9e2fe3226
 unchang,aada1eb620b69162
ed from ,363ba5126f14aa18
the Engl,d3e137f44ec36703
ishtoGer,102d0f5971ed4e49
man base,30d27d8afa53e3e3
 transla,a7d3f23f02d29aea
tion mod,2ac89d38040514d7
el Durin,4e69ba9a8dfac62a
g infere,de86c2a883242664
nce we 9,285a8e29c485cb90
Table 4 ,1a561f27851e5083
The Tran,0ec9da31cc664bbf
sformer ,2dff91de9b1ff2d1
generali,9b94f3ed7f2fd99b
zes well,862c2e783914f639
 to Engl,7470e7dfaf5b8ead
ish cons,4584dd76eba66081
tituency,75d86219a4f4a790
 parsing,0e57aa1e1fe8dd2e
 Results,2d495ac6dc9eb01f
 are on ,692e5c589e7a715f
Section ,77b9f2f9fccde8c7
23 of WS,06fcc87cabfda1bf
J Parser,870f99da80c7ee8c
 Trainin,947be27fa73a58d5
g WSJ 23,e147ecd5b8f7618b
 F1 Viny,a429c75d83f9e7a7
als  Kai,a7f24cd0e6778073
ser el a,024588205320cd71
l 2014 3,e3a416f0006746df
7 WSJ on,052fbd1b34d68bfe
ly discr,82482bd05ca5df35
iminativ,e50730026b1cf25a
e 883 Pe,5e2d2b9df158722a
trov et ,bb48c04452905dfa
al 2006 ,dc61bb501e339625
29 WSJ o,88e22baf7b0a540d
nly disc,d73b76c4927874dd
riminati,f29082de86aa1975
ve 904 Z,292ceb3c8307d7df
hu et al,c52d67d498bff1f7
 2013 40,5541307304b0a1ba
 WSJ onl,89bf5c94ecc3cb74
y discri,84a723224be30469
minative,d5128f1a8738b7c8
 904 Dye,44a33b83c2d0e64b
r et al ,d6323484753bab76
2016 8 W,6270de4bc8a47a98
SJ only ,e8e76e8619e32d10
discrimi,2ff04a5f7663821d
native 9,73fe43867d8c9723
17 Trans,54eaa4e371c03f0f
former 4,250edec1085db853
 layers ,909d3a5dbb7ce030
WSJ only,cf2c9c1362fd59b9
 discrim,4690317256df3198
inative ,6736811efef5befb
913 Zhu ,60b49837d36a0413
et al 20,1ea15df7d6a88b50
13 40 se,828e9de5a4d32b68
misuperv,b56ba955d5d06363
ised 913,7856ea34968c471c
 Huang  ,6d55e18589db46f1
Harper 2,56a666de99cfbdc0
009 14 s,982e60011c34c18f
emisuper,94afc56c45e46180
vised 91,304f263ff9bd1ed2
3 McClos,47011983eeea2b0c
ky et al,496a817e1cda6af1
 2006 26,04d94019a80b2125
 semisup,f17fdd7b49bb6581
ervised ,4e896de4d1ad8e5b
921 Viny,167ded78317fc51f
als  Kai,a7f24cd0e6778073
ser el a,024588205320cd71
l 2014 3,e3a416f0006746df
7 semisu,6a17b1d799d98150
pervised,48b940051511c473
 921 Tra,a9e5f8119abaeb61
nsformer,e77f82c80d5b4724
 4 layer,dc5c9ec9fabdd870
s semisu,88fb766df567fdcd
pervised,48b940051511c473
 927 Luo,37a95c0240d43f48
ng et al,c3717934814c2ed9
 2015 23,f4a8a8a4f835b8e9
 multita,05f98f098d81c425
sk 930 D,d2a3d965b7b13d20
yer et a,f5564060cf55a878
l 2016 8,b292f64f45e29ca9
 generat,8e5688406535bb0f
ive 933 ,98c227618ab03258
increase,9ef3e9c75b93acaf
d the ma,aed53ed4497ba8a0
ximum ou,22025dd7e9c4b8da
tput len,cb2e736b95b43518
gth to i,fd61c55e3e1dba58
nput len,ae2bb5b72548f487
gth  300,46e942576b3ca050
 We used,8347be4775280885
 a beam ,c8b0992a6785d2f1
size of ,6245a1ae8aae3261
21and 03,4b00381adbe759b0
 for bot,72b2d425c236b4dc
h WSJ on,dbaa71b12a269b5b
ly and t,8f3ff6bb70b27804
he semis,e80f2e98261fe13f
upervise,554e6368439165e1
d settin,94c27466f15b245e
g Our re,634cf87cee0cdbf4
sults in,206190d22564a60e
 Table 4,f8101ec978a91431
 show th,f76a303d147e8c12
at despi,87b2346142167121
te the l,1b157042a3d1d0a3
ack of t,274a01101eacc970
askspeci,622edceb8a757b38
fic tuni,bcf6776e2b8a9883
ng our m,42cb4d94671d59cf
odel per,7a52ee15c2acd18d
forms su,92d163dba74de1b2
r prisin,66e5ee904b8b7b6f
gly well,2c8dea9d18d5d26d
 yieldin,797073e22172ee2d
g better,495a74b88ff01781
 results,230064711c89191c
 than al,a6cf807910579653
l previo,c19a5f27eceafb8b
usly rep,0b475112c5927ee8
orted mo,5a9c99816aeb6746
dels wit,7fae0d1bd7ff36e1
h the ex,b2994d2f88d73bd8
ception ,f07010906597ecd9
of the R,03fa2c491283b54a
ecurrent,cee06655557afc27
 Neural ,5f9507cb50581c29
Network ,ed2e2cc6e125b1bb
Grammar ,f526009d2ed8e325
8 In con,799873c33ea66df9
trast to,0cc2a382b98c18ba
 RNN seq,6f1d3c762aba66bf
uencetos,5a4ab3661a8e36c0
equence ,8d2b79ec7f759045
models  ,f1f78941899ac863
37 the T,5fac6006d8845aaf
ransform,317b734bb5223829
er outpe,dd00e4f2fb92d41d
rforms t,348afb2ae763635f
he Berke,6c5cbdaa2ab545b8
ley Pars,fd1819a115650abb
er 29 ev,ba355740cb4abd66
en when ,85aa148c3c617a51
training,dabb4d74cc6705b6
 only on,583243a45676a555
 the WSJ,1bc88bafdb0e9aa8
 trainin,7917c47911f5d6d8
g set of,168552f312777527
 40K sen,eec1b4523140ca59
tences 7,755bb7a7cc6e3c9b
 Conclus,b13aa323ac1e9ec1
ion In t,8e07705ff8030aa9
his work,547849569d7cdff7
 we pres,03724a8ceadfa299
ented th,b68c234a7efcc811
e Transf,03f75cfc0087ab46
ormer th,689f75211cce19f0
e first ,afeba344f969bfac
sequence,40e55f22a42083d3
 transdu,26f3b3735c61accc
ction mo,509f583c492e073e
del base,76dd1ccd6cc4bb38
d entire,6d2e1ff24599754e
ly on at,a496006fccad2b2f
tention ,25f87564cad263e5
replacin,d2a13eb4ee169431
g the re,306e53e1b0ab2e1f
current ,a598e825996ee94b
layers m,9181d25ff598256f
ost comm,9c9111a15ecb068b
only use,ddd13435642090d7
d in enc,4476f9d2d8ddb2ee
oderdeco,b617fcde81ffae3d
der arch,8e3568bec370f473
itecture,4292619db8b0d0b3
s with m,5609fc5209a6eba1
ultihead,1c25524e9025ca21
ed selfa,db88d8c417dd3ff9
ttention,fe0fb44585bc5ed9
 For tra,7ce66334ae50a57b
nslation,94bebd268aa1f4f0
 tasks t,f2f083f3a394a07f
he Trans,b73ba5548308591e
former c,53499a5bbff932bb
an be tr,c59431e704d12e6f
ained si,49c1346c36865af4
gnifican,b1c4a859b63fd22f
tly fast,e912bd03dc423798
er than ,f960cea9d34124ca
architec,12c763622fab8802
tures ba,ac12b6300e53dcc9
sed on r,c6971f29867b2808
ecurrent,cee06655557afc27
 or conv,c65e272042a15eb5
olutiona,ffe31843f56fb05e
l layers,e57b8f207a901696
 On both,4bd1b92056d4e30b
 WMT 201,30d5b22f769a1cd4
4 Englis,ba164b3cb13fb301
htoGerma,b2d80e8b52bb3fab
n and WM,f5cae1d84d5220e9
T 2014 E,7cbc76277f9d658c
nglishto,0d7e2e9066f4bb01
French t,db798595a5e1e028
ranslati,a4bda142981bf9fc
on tasks,983982718da00707
 we achi,7568c7453b6c37d3
eve a ne,39929f75447ef797
w state ,e4489b283c99e2ee
of the a,8c023f7ec7d6d361
rt In th,e5713c53da500c01
e former,e8d438209047b06c
 task ou,4a0ad75638c7a759
r best m,77a0c42abf2e6a55
odel out,ff8d46943cf4b8e2
performs,266081770bdd6354
 even al,f9205da91753bcb2
l previo,c19a5f27eceafb8b
usly rep,0b475112c5927ee8
orted en,1cd87028252cec37
sembles ,ae5fb22c22d09563
We are e,af5444f31a6f1971
xcited a,5ae76c54763ad916
bout the,056d932af5d26498
 future ,a9798a43889e5298
of atten,b4f83dbbc1c3511b
tionbase,d2153793fe7cc3d4
d models,c46147206ce6905f
 and pla,eb98528a42b768b5
n to app,f57fddf930803edd
ly them ,024a93cc645b9d7e
to other,9b08882658ed8665
 tasks W,a67e2a1c0b411ad7
e plan t,f5783188dca66ceb
o extend,9173396edd4370d0
 the Tra,4248f14f9ce9002c
nsformer,e77f82c80d5b4724
 to prob,e9b564291789cb88
lems inv,9cbfde2a570735b3
olving i,7b602008d431220c
nput and,167450588adbbe91
 output ,36adfda419facf78
modaliti,823327d4d25da519
es other,81ca9e6024bde44a
 than te,f327c6b8253d33e7
xt and t,e810e75499ef7afc
o invest,8d2b3704ff6cd790
igate lo,89d38f57e11877ff
cal rest,3d4a64102ee00df2
ricted a,47e25bc99b6fc4ae
ttention,fe0fb44585bc5ed9
 mechani,d790cb82d0890888
sms to e,a4a83136ed7923c7
fficient,ac5c893f7f9d2aa0
ly handl,b9dcccd333cf0622
e large ,a0b30c31f3da87bf
inputs a,64fa379797afc73e
nd outpu,1bb41c231d0ce770
ts such ,ba1e4c5e83df3419
as image,76c41cb84d5f229d
s audio ,fc5382e691e1e421
and vide,d5255c3ece55ca96
o Making,58ed81a924825e48
 generat,8e5688406535bb0f
ion less,2f125b631e5393fa
 sequent,4930b6a45e4d07e3
ial is a,d591e2c70cb91516
nother r,752238d1ff9d22a9
esearch ,39d5f1bd44d27940
goals of,60d2d0c01d706121
 ours Th,8d873cbc274ca5e3
e code w,0e8a0788345b560b
e used t,90e3b26c39d13caf
o train ,16f57db7ade5666e
and eval,d27b871e880d1246
uate our,feb4815eb084c1a4
 models ,1f5875c665857f2f
is avail,fdc1770c670237bf
able at ,9808a2c19179c153
httpsgit,fd3e7ff482ecd979
hubcom t,a942d5b7b60253b9
ensorflo,5984e5a069dcd08a
wtensor2,af471d5d83d386a6
tensor  ,91bcc318bf8f755f
Acknowle,18e6768ae8a87837
dgements,39c57fdbee5c76e6
 We are ,c742076c506bfea7
grateful,50e56bcf32e67273
 to Nal ,f8532c09b3be6608
Kalchbre,8e15ae2aafa1d941
nner and,fd2a674c6742b7b1
 Stephan,dd08a07052d118fe
 Gouws f,1bfff6ac12438abf
or their,6ce1ac648d461dda
 fruitfu,8549e3680469b20e
l commen,dcced68b40ce2cc5
ts corre,576090b6591cfe9a
ctions a,e952f02571c2eb80
nd inspi,271528ddd192a491
ration R,70b958351aef6797
eference,252d8818a407c7b9
s 1Jimmy,8a85eea7b93c4c03
 Lei Ba ,73b3a0705c8f510e
Jamie Ry,343ceecf30ea9879
an Kiros,5f69c1641e4c2f01
 and Geo,443d34287f2c401b
ffrey E ,6d9e1c6dbe105503
Hinton L,3d7d05fd8a708e22
ayer nor,746e927cc071a142
malizati,7ed830b1de46abc2
on arXiv,23096d8f4d6adf70
 preprin,b85cd7299ab9a74e
t arXiv1,ddea91f00bf951c2
60706450,e9c74bf4b2d37f79
  2016 2,10633183a12aa289
Dzmitry ,be26b1104e93bcea
Bahdanau,8c67a4dc7daae58e
 Kyunghy,0e9300f993c42603
un Cho a,f3364e2b243d0d24
nd Yoshu,3e254974c7bed410
a Bengio,c76addbc7440bce5
 Neural ,5f9507cb50581c29
machine ,5ce8b04624667252
translat,ae46ab8b4c988b3b
ion by j,ec2fc17e09ca86da
ointly l,a828b455273f6540
earning ,27729765a0d256e7
to align,d4e57babac59bc6a
 and tra,7310a4d7fd8d0f57
nslate C,891dbd29454e3d17
oRR  abs,3d3fb90fcd5552aa
14090473,54574b8cc9b5359e
 2014 3D,f15535304139bf12
enny Bri,ee315382ff039468
tz Anna ,d200f869912be0b9
Goldie M,ee1e8193c5622bb6
inhThang,9f5e7a06197276fc
 Luong a,9b7ecd8e53010741
nd Quoc ,b8a9a24a4e1b91f1
V  Le Ma,c384b14519ed1d2f
ssive ex,c15440e253d7fced
ploratio,03ab95c475d67b9b
n of neu,2ff7e1d408efa7a1
ral mach,b39a2713f75ebaa0
ine tran,bb3c26bb62f150c5
slation ,50704357ca559f4b
architec,12c763622fab8802
tures Co,266b7b8d55a9f88c
RR  abs1,3984ae118b409e44
70303906,05b2b92e28614a75
 2017 4J,5d18020b43fe8552
ianpeng ,ac7e1d139ad19ee8
Cheng Li,67b2484b6d952aea
 Dong an,3371cc49d24a705f
d Mirell,f728a518754fe094
a Lapata,6a8c14c32e6015cd
 Long sh,cb02beceb1dffe5c
ortterm ,40f27703dc04989d
memoryne,6dc2785304e28de9
tworks f,3c7aaa72d8319901
or machi,3a51b506c1a0811e
ne readi,28cc625fd8635965
ng arXiv,45ce4133b298a925
 preprin,b85cd7299ab9a74e
t arXiv1,ddea91f00bf951c2
60106733,834b355ba21f6ddc
  2016 1,8f8a33a239ad0681
05Kyungh,25db01d0b68bee53
yun Cho ,89b55b9bb454950c
Bart van,f31ac5f42d46c597
 Merrien,c6c373515ca928af
boer Cag,ff4687d9dbe354a4
lar Gulc,2de8c7911e83bf45
ehre Fet,3c7c16eeb51ccf91
hi Bouga,2f9ac988756a74c6
res Holg,61371fde28f6d1e4
er Schwe,e424e73f50afc738
nk and Y,3863e93a743e7346
oshua Be,3d2a5a02c2e1db46
ngio Lea,5c9cc0647e18c8eb
rning ph,c9c974d69c2f4913
rase rep,0c67b02ac3e700a2
resentat,2b5d93a16d20ef20
ions usi,9563c451340dd36c
ng rnn e,5176da3bd725e22b
ncoderde,24116afb92f3efaf
coder fo,02ba1482c33150e6
r statis,c0c1bcc3afce7664
tical ma,aafb9c7e9dc6fa02
chine tr,f7fbfb4fc8e7d598
anslatio,45daf76fd55d7ecb
n CoRR  ,a1278a8d1782a605
abs14061,7e21019b8a439ce0
078 2014,1ead5dd41cd2a9c7
 6Franco,b5f95b1481a38609
is Choll,9086bcfa79046e76
et Xcept,b84d84a4260ff02b
ion Deep,87edc9d0b071f1a8
 learnin,7146a1e7c1927839
g with d,11090fcdadee3806
epthwise,d96a5c98d3f4791d
 separab,1513f3f644e9a831
le convo,0b4ac024e63da846
lutions ,9cf67a462e8f04e6
arXiv pr,da8ff95d7af973d4
eprint a,9b13dc67e15030bd
rXiv1610,43d9b921931e6972
02357  2,c057c79295769768
016 7Jun,ac1a5c0677be63d8
young Ch,b42542a5e6b4aa7a
ung agla,36805ff3f25a7331
r Glehre,1306bd596bd6a920
 Kyunghy,0e9300f993c42603
un Cho a,f3364e2b243d0d24
nd Yoshu,3e254974c7bed410
a Bengio,c76addbc7440bce5
 Empiric,c2aaa1aa664e997f
al evalu,b6ab2f96d190479a
ation of,d0d2fcb857505888
 gated r,e4081aa00304177c
ecurrent,cee06655557afc27
 neural ,6ef1c7b124962549
networks,c0a32b38f33b25ec
 on sequ,babbeb46bd66ff47
ence mod,9ea2ea6f07a94035
eling Co,003c17806b495856
RR  abs1,3984ae118b409e44
4123555 ,8b77b70c482a586e
2014 8Ch,5ab63d5fa9252db0
ris Dyer,e08ca96cbfae6fd1
 Adhigun,07e973ebc24b1e57
a Kuncor,1f04d7c913f410dd
o Miguel,16c7c92c00dcbf50
 Ballest,8ffbe476060b1eda
eros and,646680715889a398
 Noah A ,cf0a5cd60c4666f0
Smith Re,0f06deb23e748653
current ,a598e825996ee94b
neural n,6d354263860281f8
etwork g,4683bc55d6e0efa6
rammars ,a1c485e0eaabfc9a
In Proc ,c22790915b9ca26a
of NAACL,acaa3ce5ba99c3b8
  2016 9,ad829fec0addc5b4
Jonas Ge,f94ea8a46ff07fa8
hring Mi,941023d88bf65dd6
chael Au,313121f0f1bfce9d
li David,0aa8c85d723a4297
 Grangie,c98e3d3e1ff8ecda
r Denis ,8ab0faab343ca4e8
Yarats a,3e903f2d89361ce0
nd Yann ,a5d80304335b64b7
N Dauphi,ddfab81e094040f8
n Convol,5de197091b2e0bc3
u tional,0e19be18135bc941
 sequenc,8cef7aae6bb5277a
e to seq,db65b49692caa7f1
uence le,28a58773faa1ca98
arning a,7806cc2a1d842ce7
rXiv pre,b7cc8f9bd37c371e
print ar,199d62c53dd8c97b
Xiv17050,95a0fbb9ce885ba1
3122v2  ,5972e6c06d4ef24c
2017 10 ,4758fdabfff2c7d6
Alex Gra,92c1d728ec6c0e46
ves Gene,55edf31dc595ddb1
rating s,db311d3d260efeff
equences,67c1540e1f7618e2
 with re,8904b888f7cedbd9
current ,a598e825996ee94b
neural n,6d354263860281f8
etworks ,03ef7315c6a429ec
arXiv pr,da8ff95d7af973d4
eprint a,9b13dc67e15030bd
rXiv1308,2f1667642545d985
0850  20,a2d67b64557d5790
13 11 Ka,6c40fcda8252183b
iming He,9fc55694939c087e
 Xiangyu,ec4b20dd7fd77b1a
 Zhang S,cef892d086991070
haoqing ,47b2b3e0b1ec9f50
Ren and ,adf9d2a340287b12
Jian Sun,3d7639fe77944bbe
 Deep re,e38c39605d5d8160
sidual l,c1c850ebd540b985
earning ,27729765a0d256e7
for im a,4ff41917d3eb1ed3
ge recog,21feb1da5425bfac
nition I,40af70ed4c75daf8
n Procee,0a175cbc7f0d2205
dings of,01dcfc7b71e81120
 the IEE,562fb95bf968500a
E Confer,a8081b9426f93408
ence on ,76de1e4beb42bff3
Computer,033191d4db96b369
 Vision ,617e71607a58272e
and Patt,e5fafd9d8ce87f44
ern Reco,878d7ad739df5612
gnition ,64683d2b65921aa8
 pages 7,f207cec8d5210b10
70778 20,3bcce23cebd4e2a3
16 12 Se,2d17364498807fe1
pp Hochr,5f6d37710ff7c940
eiter Yo,37f6280bf4e62e62
shua Ben,3e083cdfad112803
gio Paol,060f69c91e20b0fb
o Frasco,055002caf95b46ec
ni and J,28f9d057281afbd4
rgen Sch,db376415051a204e
midhuber,93ad4a41c372e382
 Gradien,3b220c6a17bff644
t flow i,a53c2fb16dd65adb
n recurr,7c6cd8ee80ec113e
ent nets,7fe0847492708ddb
 the dif,d24eada289ff1739
ficulty ,18afc84e1e8e4ce7
of learn,c0a846aa82fa3e9e
ing long,977ab98cd52dfaa0
term dep,126632ef2b27c261
endencie,0b46dfd60074d62e
s 2001 1,38f8d72a3142c7d2
3 Sepp H,2e56e3fc410eb1f6
ochreite,9072919dc354d23d
r and Jr,c1978cd6b59293a3
gen Schm,cce81a0522bffa80
idhuber ,2760c7b3c0d8b522
Long sho,354e03fb43970d83
rtterm m,3586b88cc2933678
emory Ne,ace717fbde721ed3
ural com,80410fa9f4c851f6
putation,4362d8b5506ece9f
  981735,3e7aeb7b34f2b08a
1780 199,640b7be8f6ecaa99
7 14 Zho,b958203405900548
ngqiang ,cde9f0a0dedd9884
Huang an,70a51138141e7648
d Mary H,c6650d7efe79815f
arper Se,d40871ff518347ae
lftraini,f2a457478d8c5830
ng PCFG ,952995986c768adf
grammars,10bcf590dfdd9ded
 with la,9201e5080b1aba75
tent ann,38e38fd1deed7738
otations,083c7bd38c7b73f7
 across ,fbe30000160234af
language,c2fbf607d93de490
s In Pro,62041c6df0c5b4ac
ceedings,780981cde01b1860
 of the ,1e5a83fa9b6ac6a0
2009 Con,c58a67554b2735a6
ference ,8ef1a1b6111aca17
on Empir,6486830f39210708
ical Met,4252af36232c994e
hods in ,7998e2a5b4dc70dd
Natural ,b95fd349310c91ea
Language,4625d8e1d55ac60e
 Process,5a23949f83a39ff0
ing  pag,0787b888d3249065
es 83284,e46db300384b96bd
1 ACL Au,e2f356eab91d8464
gust 200,1e3901cbc41991a3
9 15 Raf,b5ce4f34dd992df2
al Jozef,b6a435a59e23d67b
owicz Or,455ba7fab8cabdc7
iol Viny,4f2bada35e6b2e5f
als Mike,4452410db91c9788
 Schuste,56b6647f061fa51e
r Noam S,e62ab141c0d2fb0e
hazeer a,36b4169b28792176
nd Yongh,e6dce4c6220b3a2e
ui Wu Ex,e2325c2de92b2a22
ploring ,66ce5015dc83b0f3
the limi,d203d9a5af2bb617
ts of la,4a1a04fbecb3612e
nguage m,22a82dba55443a5a
odeling ,ee9ae8750f296019
arXiv pr,da8ff95d7af973d4
eprint a,9b13dc67e15030bd
rXiv1602,895afe283c5e7f7e
02410  2,466d8505789f03cf
016 16 u,ae9db029a2adbbee
kasz Kai,cad3b6f72cf6d133
ser and ,5740724e96b45cb0
Samy Ben,11509027ee737bde
gio Can ,fe957f8709b8ba10
active m,d757d3b9bd0918c0
emory re,75a57c0405612381
place at,460747093f30a67a
tention ,25f87564cad263e5
In Advan,b4af22b8b7517d56
ces in N,76cbb093cb0f4103
eural In,7384d07305ee6cb4
formatio,a2b5e80aa34683d3
n Proces,88f69986247e8651
sing Sys,6fe71a0135185e82
tems NIP,ec13ab154217556a
S  2016 ,b490f9c24d0f1153
17 ukasz,2d0f5a003516c74b
 Kaiser ,fa2f7e417135117f
and Ilya,2d909c359fe314a9
 Sutskev,bef97e7caeb0a53c
er Neura,e36cd235ae1a61e1
l GPUs l,b59ca79b6516c640
earn alg,cf37cf2ee54ef09e
orithms ,051904d921b35d88
In Inter,638f5b3558378dc9
national,6c5811862710aa14
 Confere,ec94ab336469de78
nce on L,277329c7c85d8181
earning ,27729765a0d256e7
Represen,862774499df64d5d
tations ,6b4cabc64ce5e32a
ICLR  20,a11303a485a2a7eb
16 18 Na,11d9ffec9d4daf3a
l Kalchb,42b645c8227003e7
renner L,647530e0642f9ea1
asse Esp,2e9ba6111aaafdc5
eholt Ka,e1117bd698a3f697
ren Simo,f8cdd56d846f4315
nyan Aar,2b8b126325bd0553
on van d,928df3c40e1347f3
en Oord ,7aa14fb25333a9f5
Alex Gra,92c1d728ec6c0e46
ves and ,0899990f68d4b10c
Ko ray K,cc50a82b57bdb012
avukcuog,77d122225d4edd7c
lu Neura,5bce800a27cc49ab
l machin,7c8bd96f6a712a42
e transl,a2c00c61268efe14
ation in,cdc0e7c9095b5ada
 linear ,827329a0359c1a1f
time arX,c61e522a0edeaeed
iv prepr,4f0788c23c333bc8
int arXi,ee785b2df2783e2a
v1610100,6401b288e3a7430e
99v2  20,3c6d793646939e3d
17 19 Yo,5f77e5414fa3d0a8
on Kim C,5f800f7e1afcd8e2
arl Dent,116f8e2075e4d610
on Luong,3fad43a64f9182dc
 Hoang a,7ab3309e20c03104
nd Alexa,b0eb9d1c4ef755e4
nder M R,d98c3f1d89ca9df2
ush Stru,5750503186917ed6
ctured a,a437cce9d0c677f8
ttention,fe0fb44585bc5ed9
 network,5a6c600bc98e2aac
s InInte,5bca16d6977fde37
rnationa,63646ec053b7435f
l Confer,e4f8feb05a13a518
ence on ,76de1e4beb42bff3
Learning,abd58cc7773a72c1
 Represe,1c898827f9efa330
ntations,b568e838d3025998
  2017 2,b6b25a37cb2eca1c
0 Dieder,281be9aaf3e1efdf
ik Kingm,8a9e61e7b59fe1da
a and Ji,d78c4900b7acf6f0
mmy Ba A,80f75b9a0c8f81e9
dam A me,34090eaf387734a5
thod for,3907f20ab19780f5
 stochas,627d05f06de6bc4d
tic opti,a27afc709482b6ff
mization,542e799829e18bd4
 In ICLR,6857e98759a51ebd
  2015 2,ead60ddfd37e010b
1 Oleksi,9389bba861aef9ed
i Kuchai,9134881573395a63
ev and B,0984b3ce84746227
oris Gin,70dbf74a0d5121fc
sburg Fa,2cee987e95b8dea5
ctorizat,b1513e2b674cb2a4
ion tric,70b39410678e5dcb
ks for L,37df38190300b92f
STM netw,a789b8e4345681c1
orks arX,0081345a735357db
iv prepr,4f0788c23c333bc8
int arXi,ee785b2df2783e2a
v1703107,16c0622a448a012e
22  2017,4081aab48f2cd32c
 22 Zhou,6fccb3f15d9f5386
han Lin ,7d96e1ffc2b51131
Minwei F,82b8a2711a5e4a35
eng Cice,74c0a8f6c9d22b7b
ro Nogue,6033f9b1e9557792
ira dos ,e992f3e939fb9b91
Santos M,399285e3d0c88a18
o Yu Bin,31e4d20620edbb2b
g Xiang ,9470f272aaf64fc6
Bowen Zh,35157cca883a8656
ou and Y,8923a3c5ac914f23
oshua Be,3d2a5a02c2e1db46
ngio A s,7e943b2ade07f1c0
tructure,afe6c7fa24d76a1e
d selfat,1682257d1f62b18c
tentive ,00f230df17ebcaa3
sentence,c877116e7a95dcd3
 embeddi,4ffe8642beb86f78
ng arXiv,45ce4133b298a925
 preprin,b85cd7299ab9a74e
t arXiv1,ddea91f00bf951c2
70303130,31c8cf2b3a03ae6f
  2017 2,b6b25a37cb2eca1c
3 MinhTh,0b479b32d28157b5
ang Luon,f89bb657e1f85ecd
g Quoc V,d202f0ff156550bc
  Le Ily,4f78cd8168f068a5
a Sutske,4998f1b4b88161df
ver Orio,d77cb1c9935c7b25
l Vinyal,1a044b2a48b65ad5
s and Lu,d402b74bacb3a888
kasz Kai,cad3b6f72cf6d133
ser Mult,f2eda526766cc152
itask se,57faea0776081520
quence t,6b39c08c5ea6328e
o sequen,1b138857d3bf9507
ce learn,90a0b9111dbe4433
ing arXi,f7d31f1fda04ebbd
v prepri,9bdce959bcd206bb
nt arXiv,07f5c57ac0008442
15110611,87e5a7a74751a032
4  2015 ,1c7227f797351a8c
24 MinhT,62cd73e4e67a0123
hang Luo,a9367c4cc68456d8
ng Hieu ,ee3977aa648dd27c
Pham and,e19543e794f00751
 Christo,45a370e721c25fd4
pher D M,4f5e633161827db6
anning E,ed9585a56000cdf1
ffective,b530b25e2545dfbf
 approac,3fb9b0ed0eeb60d3
hes to a,7e56dcc744d57e1f
ttention,fe0fb44585bc5ed9
 based n,1323d38757e21080
eural ma,b7f4e83186568ca4
chine tr,f7fbfb4fc8e7d598
anslatio,45daf76fd55d7ecb
n arXiv ,77c351b0a84a2597
preprint,752277f2402392e9
 arXiv15,bf68b95348c127a7
0804025 ,5fe606ff456d20fb
 2015 11,668e81201efa8927
25 Mitch,d650a9a0de69a0c8
ell P Ma,c6cdc58394e5a5d9
rcus Mar,b7c5396142dea643
y Ann Ma,ea3a8839424240a0
rcinkiew,7018fbadcb878f14
icz and ,25da01a753a1b804
Beatrice,387b9ebf876eb87d
 Santori,00a9642b488b61ec
ni Build,206ee405a38aa7c0
ing a la,8f56b89feeb6ec2a
rge anno,5d899d082adb1399
tated co,71c2f3bb904d58d3
rpus of ,25944d138a1af5a3
english ,9a7b4393c98d9780
The penn,66bbf4a47d4a549b
 treeban,62b96da4692c4226
k Comput,40b4b80e64a247c7
ational ,cf274cd853828059
linguist,f5eda2a0cb56c313
ics  192,86c0bef15f49a5db
313330 1,47c7de410a8e21d3
993 26 D,570d730ff9c931a8
avid McC,083651efe72a171c
losky Eu,80c01ce8ec16c480
gene Cha,9ae6307370ce4330
rniak an,db2fb1a6a0b9550e
d Mark J,1705541509e84ef4
ohnson E,4354268dc5e6f9cc
ffective,b530b25e2545dfbf
 selftra,d5b8c2e2dd0ca86c
ining fo,3c1a9bc93ad84ea9
r parsin,65378c80312dfbdc
g In Pro,fd1fa4c3ffc9bbc4
ceedings,780981cde01b1860
 of the ,1e5a83fa9b6ac6a0
Human La,f4c5b032d1dcdfa1
nguage T,6f11317538ddcb6c
echnolog,351e21d6b272e609
y Confer,e1d6a668d78e5dfb
ence of ,7a9f2776bc9f893a
the NAAC,107e6dedaf5ed6fc
L Main C,ccb2a247242fd41c
onferenc,316a1515542ab8c6
e  pages,140cef347770e039
 152159 ,9781830c1f0355ef
ACL June,10dc6c352f0ba46b
 2006 27,e0c82cd821f0f9b4
 Ankur P,b92532fd811154d0
arikh Os,5662b0d116870ba1
car Tcks,462d1038cf51afc2
trm Dipa,11b1cd738900f50f
njan Das,ec9a4f941ec546db
 and Jak,d1d5ca58db8c9843
ob Uszko,54e1c957bd47fdcb
reit A d,60b6b8707511aa09
ecomposa,4efd78de438bb837
ble atte,51358200899f4718
ntion mo,9dbe59ae905c291c
del In E,468906efc718e34d
mpirical,ce9e9eb795e40751
 Methods,eb379f711178d421
 in Natu,1540496d9434760f
ral Lang,f284435f18036b59
uage Pro,2012c9a86a578c7a
cessing ,753e95d1c885df4e
 2016 28,c7428fc6347f2699
 Romain ,ba5a4d37ea599319
Paulus C,ee6b2eadaf5ceb1f
aiming X,07460694d0a2f641
iong and,d18fd42ab656ad19
 Richard,51f3426f42b47b60
 Socher ,77f3da11e0c9bc03
A deep r,9b84497682a2d3ba
einforce,1f76ab2e81a121a8
d model ,430e68e9ebdfd3dc
for abst,d9ddaffd1986b38b
ractive ,da7e5e41ca81f0e8
summariz,39bd46eb90fadcf3
ation ar,e3cfd6a966d37b1c
Xiv prep,0ad208a186d2ade3
rint arX,c114fa19eb4b0bd7
iv170504,cd1b656e8d9830cd
304  201,113bbe77f728fe2f
7 29 Sla,b6c71e2f65ac8f7b
v Petrov,e2e5340e1689e8f3
 Leon Ba,4a92b718bb6c262a
rrett Ro,9d834da44506bc20
main Thi,89f1318aca975325
baux and,a1eea68e40394d34
 Dan Kle,a52b2975bcce1655
in Learn,16578fc9186e2b2b
ing accu,79c025a760037983
rate com,3de63304c1165df5
pact and,c1140cbfa8fa8b26
 interpr,19cb7982e5e4960e
etable t,271f80cd62820042
ree anno,cd544b88b623ee31
tation I,59c23cc74560fbfa
n Procee,0a175cbc7f0d2205
dings of,01dcfc7b71e81120
 the 21s,2afd9dca08536f7d
t Intern,63f86e8734df102f
ational ,cf274cd853828059
Conferen,915f36313b6a999b
ce on Co,353ba83cd9b42772
mputatio,3d58913bc9b30741
nal Ling,3f1139b9591daa66
uistics ,ad1ffadac3ba4ccb
and 44th,de9ef08d74a2b0d2
 Annual ,cdbec298c788f507
Meeting ,d83d8f1c6d16bdc0
of the A,ae05b1ab805e88a1
CL  page,f6ecf68a9c776fb1
s 433440,d1cdcbb0fe4c22bf
 ACL Jul,63dbddb8bee111d6
y 2006 3,593a543596bb0ca7
0 Ofir P,ce830de845b34e63
ress and,4809eb6ffb5b1d4a
 Lior Wo,4847e5ced68796b3
lf Using,e260a6037c8fc9a1
 the out,24a9c1e129b9a683
put embe,11d18989aa99e6a1
dding to,32614f352489297f
 improve,9b6e1cc61a7d0742
 languag,e660d7cc844faf00
e models,3d40b55023d83518
 arXiv p,0518c7c1f0f25d32
reprint ,f93ed22b7f819de1
arXiv160,dbc8a75191b9d554
805859  ,b99eab556c21b31a
2016 31 ,6fb453e1225a84a7
Rico Sen,c5f21ff019e6d825
nrich Ba,a7d402e2e1942ef2
rry Hadd,80f94ab27f692eb3
ow and A,83bd069621bd80c8
lexandra,05725aa62ddc68cb
 Birch N,89c24c8fc3470005
eural ma,b7f4e83186568ca4
chine tr,f7fbfb4fc8e7d598
anslatio,45daf76fd55d7ecb
n of rar,d2eea66bbd822b75
e words ,4f6fda0d4eb020a2
with sub,6c6605218986d24b
word uni,d0d0323df787c56c
ts arXiv,68e4fc9d3a8801f6
 preprin,b85cd7299ab9a74e
t arXiv1,ddea91f00bf951c2
50807909,721c202472f41071
  2015 3,f0b1584d90070ab5
2 Noam S,14e5790d5dfcea5b
hazeer A,e9cb5191a427bce3
zalia Mi,3b2dc8caed1cea6b
rhoseini,d030302c0a002eb1
 Krzyszt,fa2157d952367e1a
of Mazia,10443c8bca7ad430
rz Andy ,16be7340841d9684
Davis Qu,94761c340f986261
oc Le Ge,200cbe6e2ce4ac50
offrey H,7590cadb56a86804
inton an,3b439c9d06f129a9
d Jeff D,285b50e474febc7c
ean Outr,49c1622a694029d1
ageously,1c83300732042b8a
 large n,44bc59a46c781014
eural ne,d6648fc39d6d23a9
tworks T,5f9eb38009e2b0c3
he spars,ce715527c7f4f310
elygated,6b288f53d6bf06b0
 mixture,821f54b9bb553b32
ofexpert,8e30100df041f55a
s layer ,a31ff6b1c3c25ceb
arXiv pr,da8ff95d7af973d4
eprint a,9b13dc67e15030bd
rXiv1701,3cb5eb3c5fa00a0b
06538  2,309d0d6e6b730886
017 33 N,465be41e0c9c52e6
itish Sr,4f804dedf7e16842
ivastava,8f39b4152ecfc941
 Geoffre,f3cd638cb3082e80
y E Hint,2170eca8de2b74db
on Alex ,9b8412e210444ca7
Krizhevs,3510f686e993c31a
ky Ilya ,dfc0dda9448e7905
Sutskeve,9cc71cfa8111a872
r and Ru,fb462d9dbbd810b6
slan Sal,0e2da54dd6e2452d
akhutdi ,c8baec1e898ecbf5
nov Drop,61a9c654f0244497
out a si,24ddf65b02830a9d
mple way,bb8b9bb2d7fa0e3f
 to prev,5f22ed41be8b8f5e
ent neur,1eab20fdc64326f4
al netwo,4b70a4e496d4304f
rks from,dfa39d06b5fbaee3
 overfit,87bca09b7b729646
ting Jou,cc0be0cadc9b9488
rnal of ,1d60775bcff5ced2
Machine ,507ea7bd5d56133a
Learning,abd58cc7773a72c1
 Researc,5775eee2f472c48f
h  15119,1e83e2ce6a370347
291958 2,c05f338c9813e013
014 34 S,6610928ac515b712
ainbayar,1f820958005f5b9b
 Sukhbaa,fbbb27b197e12f83
tar Arth,35720dcbfa4526e9
ur Szlam,4e14b5b498529ac8
 Jason W,59481f36fbbcd64b
eston an,35caebc88c5e3d26
d Rob Fe,2235c3c2ca7d4574
rgus End,185ea144bf1c69a3
toend me,81c7ee518ef4b3d8
mory net,cdc501f42ef38a25
works In,e041fb814712979f
 C Corte,f57e1c4806a4bbcb
s N D La,80f7447cc9b81ed8
wrence D,52a5ec2915122e51
 D Lee M,3e4f198a6e8ad861
 Sugiyam,aad6105315a09d2a
a and R ,726a95909f57a7d5
Garnett ,99658c5afa8f012a
editors ,27f3095be25a07e1
Advances,473c417e9904c2eb
 in Neur,fed9f1e942f45618
al Infor,a299f43b7e8170ed
mation P,efb09626065a10f3
rocessin,e3b3ea8a3aae46fb
g System,583fced99bfe645e
s 28  pa,196e0fbc04eeb18d
ges 2440,740cb52875e3cd55
2448 Cur,1db02f3d48069b1e
ran Asso,2c9c69c5444a60fe
ciates I,68c09acee579425d
nc 2015 ,18904284e737f44c
35 Ilya ,c8fe06e0dd0e56fc
Sutskeve,9cc71cfa8111a872
r Oriol ,148442e720c1f84d
Vinyals ,4597dec401c76d4f
and Quoc,6b1e77fbb90c4eee
 VV Le S,1180c301d7451ea6
equence ,8d2b79ec7f759045
to seque,ee07d6f85402594c
nce lear,fcf82bdbf29d9102
ning wit,5175627801c5b565
h neural,793ba324849a1122
 network,5a6c600bc98e2aac
s In Adv,e38d3bc8fca6c7fb
ances in,5aa6700626aa6f05
 Neural ,5f9507cb50581c29
Informat,7e5b4f0c7f02a95a
ion Proc,91028ab1316874cf
essing S,0d60f9be4990fd02
ystems  ,d4f246a62a80b49d
pages 31,c52e1e38b93470f9
043112 2,162745999910a303
014 36 C,d4cf81593578167a
hristian,a9b127f79bd733ee
 Szegedy,ee42556ee5417230
 Vincent,bea3722fe41019b9
 Vanhouc,18ab2c16c21d94ad
ke Serge,a172c31e6ba92e27
y Ioffe ,174223a332da9598
Jonathon,40d5eed05879f9a0
 Shlens ,62c8410f42f3f16c
and Zbig,831b4987e1b1b92c
niew Woj,8d44c5988d0aea6d
na Rethi,d79aae7d217cb9dd
nking th,98881e459bf2bbe4
e incept,531661e74e4e7c65
ion arch,2b80805a896eca0f
itecture,4292619db8b0d0b3
 for com,8cff2ee5f767b6e6
puter vi,e9fbcf2b98470dee
sion CoR,2be69ecbfe86c76e
R  abs15,3278d0893062eb79
1200567 ,2fc4b43f327db38b
2015 37 ,9dc3ab395f808c7d
Vinyals ,4597dec401c76d4f
 Kaiser ,fa2f7e417135117f
Koo Petr,a5f332ff9f8e1f29
ov Sutsk,28f69f997de6185f
ever and,5c29570851d40ac8
 Hinton ,2074a39c0e622fd6
Grammar ,f526009d2ed8e325
as a for,42efb2a11a085550
eign lan,a4488a9b3d873c4c
guage In,d5fe5e6cb335076d
 Advance,e132311377da8b26
s in Neu,d097b6b0b1de4595
ral Info,c36df3a4640f2913
rmation ,56c0c6b1558c2891
Processi,96fb6c54952f031f
ng Syste,e21ab732fa81d4f0
ms  2015,0b0b964fb48bba1d
 38 Yong,a8770cc0043d7d43
hui Wu M,641d2089fc8841a0
ike Schu,72a94100c72fb824
ster Zhi,8a42589f3cb037a1
feng Che,d9f8dc0ac2bde82d
n Quoc V,d340691a739c0b35
 Le Moha,1c8b3f5bcc5c6a06
mmad Nor,869c77447a3f42e0
ouzi Wol,48535dd166f78b93
fgang Ma,384051fb84167dfc
cherey M,6276ecc3bbbf1ecd
axim Kri,f6de097c26c9dab2
kun Yuan,f337e7a194a4597a
 Cao Qin,8eb52927e235c2a6
 Gao Kla,943e5c0d990d618f
us Mache,ffeec10afc40718e
rey et a,f6d6ce17b5800b8c
l Google,eaac2863422cf0e7
s neural,48d6904a6a96db7e
 machine,2a044629459eb79b
 transla,a7d3f23f02d29aea
tion sys,e9f8da616e979fe4
tem Brid,b6ae4f72d542caa7
ging the,9a589df8dfb19d55
 gap bet,4d5638a337176962
ween hum,2f8ddd99e3cce832
an and m,f4734841fcfd75a9
achine t,d5337f5a1102e17a
ranslati,a4bda142981bf9fc
on arXiv,23096d8f4d6adf70
 preprin,b85cd7299ab9a74e
t arXiv1,ddea91f00bf951c2
60908144,d8e0ca1d93fdf206
  2016 3,1dfe2c4c53587f2d
9 Jie Zh,243ab9a341817678
ou Ying ,f5ea3b2de79e9023
Cao Xugu,89b39889034a6089
ang Wang,5a8abe3297f8d3a7
 Peng Li,dd0b866edb4d4f04
 and Wei,96381d3c92e19411
 Xu Deep,0aabaade4711548e
 recurre,251129c238ec7150
nt model,a7c462c89fd3a3b7
s with f,64f2f2be9a20688d
astforwa,d64f33ae60a47053
rd conne,1e5b07ed32087798
ctions f,e21437f741ba5e32
or neura,ddc0b4fdf7e92ffc
l machin,7c8bd96f6a712a42
e transl,a2c00c61268efe14
ation Co,4a33aab4326f06ed
RR  abs1,3984ae118b409e44
60604199,4ce88a69c225e29d
 2016 40,ad47b4fc97abe6ee
 Muhua Z,0bb72e8c21479eed
hu Yue Z,cdf08a5574ee2b25
hang Wen,a9ad9e58b16a7523
liang Ch,707071b0eba556fc
en Min Z,22ec35fb8ad9a356
hang and,75edb23042ff4939
 Jingbo ,11a3760ca8e85b72
Zhu Fast,473ba2de5c6665f7
 and acc,5b1dc1bce6c689fe
urate sh,e6ca5d8c92700724
iftreduc,496253998b2fee62
e consti,e9ab0fc36c73bd4c
tuent pa,c03de99a9dac8ee8
rsing In,b53930df4b43951f
 Proceed,4c2375caade0932d
ings of ,8f3cdc790b68456f
the 51st,0b1831f91d35c65f
 Annual ,cdbec298c788f507
Meeting ,d83d8f1c6d16bdc0
of the A,ae05b1ab805e88a1
CL Volum,94f864ed9d65349c
e 1 Long,0cd045fbb6b2352c
 Papers ,477d554d62f793bb
 pages 4,d5e9e367171f5342
34443 AC,36b7aa36edc1c3fd
L August,8a28c4b0188e42bf
 2013 12,7669bbba966a11ea
Attentio,762b270d71c49030
n Visual,9cd9bb6d404eb986
izations,2d537a47aee61b26
 InputIn,e8871e0ec8977182
put Laye,e195167b0c3bac84
r5 It is,eb26129de92f454c
 in this,812c2929938a2e09
 spirit ,2fd22dd0ee83a61e
that a m,96618739fcb20695
ajority ,4eb180ceb697cc8f
of Ameri,aebb4fbf281be155
can gove,81e3a090aafb9809
rnments ,651fe5d48a9689ab
have pas,ac59c8e18fec020c
sed new ,bbeae423010caf3f
laws sin,8d01d85e46c2f275
ce 2009 ,1ddaa2b77a2acea0
making t,3d8974f217dcfb27
he regis,d254fa6f313c3b4e
tration ,78f4295f51b5776d
or votin,1f5dce07fbf3663a
g proces,1953e546ea8856e3
s more d,3d435e1fc21639e9
ifficult,18df12e2c7c2ca6d
  EOS pa,8d7aa0053c954a2d
d pad pa,0ca3ff945f825317
d pad pa,0ca3ff945f825317
d pad It,59d4c8ace14ce1b4
 is in t,cd4c1d319fe3feb6
his spir,15f4cb7f100edbcb
it that ,38a152c7d11eefc8
a majori,e9252e22324834f4
ty of Am,ce1fcea2890c7836
erican g,cff0d58c27a05646
overnmen,e1fb3bdfc974abe8
ts have ,a10c9967207dbf3d
passed n,c8023d255c3b35b3
ew laws ,ba6e0b732a9a9fbe
since 20,a51c6fb7e96a13bf
09 makin,bc59c853616b2f1c
g the re,306e53e1b0ab2e1f
gistrati,1ef8f0590f0068b1
on or vo,8d6cb533d1b379e7
ting pro,135dfcaf6ae69e62
cess mor,2808e05c3ad51174
e diffic,ad8a0366009bc9a3
ult  EOS,e6ce32251a38d26c
 pad pad,42eff324120f9e98
 pad pad,42eff324120f9e98
 pad pad,42eff324120f9e98
 Figure ,65e07a913cf81ca7
3 An exa,dc66bbf140d26dfb
mple of ,3d99109e03902607
the atte,71bd17b0204ba92d
ntion me,8c9e7cc3627dc407
chanism ,ffee2f6fc26d4e89
followin,aab59597a43f45be
g longdi,8672501a1b19e8e3
stance d,bd16eb1123d52453
ependenc,30e1c63cdacc34f3
ies in t,7fca141d68339d1a
he encod,f4af4dc5c7369a90
er selfa,f585d13a05b053c1
ttention,fe0fb44585bc5ed9
 in laye,695a9bc1f8c8dcad
r 5 of 6,1b3007cb6611c78c
 Many of,d43df772939a8146
 the att,f39a1489b9f5f12a
ention h,fff905a98d880e7b
eads att,38fc8af5c5943fc3
end to a,9aaf1f1bb37af118
 distant,73c0b03ec953a0fa
 depende,a3fb3ce07e4f1308
ncy of t,2266170e2d114c37
he verb ,2c1886676f8ec596
making c,962d411e0ff81dd7
ompletin,cd4a33746edcbb24
g the ph,d2687f0cf0ead5ce
rase mak,d67acd4204c073bb
ingmore ,270c576fe04337aa
difficul,5e5edf2ecaaee304
t Attent,9e10566839d13e83
ions her,71318f7df8e07384
e shown ,a7dd0cc41ae90aef
only for,e3de83db2d2db73e
 the wor,884381d0257dd10b
d making,3238672b593df2ef
 Differe,dd11bc928e042e91
nt color,e2c49f1f178982ae
s repres,65598d50ef429836
ent diff,40932e384745f79e
erent he,1a75415096af21a7
ads Best,6435891f5321f42b
 viewed ,29f84af300853a7d
in color,618b8ed975be8450
 13Input,c248a2b188ab9a4a
Input La,99d7f5824c140cfc
yer5 The,cbd4dacfcc8b8799
 Law wil,34c9b3f1d5a9e597
l never ,8bd286c18fc3b6ae
be perfe,c494ab5279ca2292
ct  but ,fe9263feb3a22c30
its appl,7112a03492d7bfed
ication ,850d0a95262a6a9c
should b,4102d19109711164
e just  ,e535fce2da428070
this is ,b4843b0224b6aedf
what we ,378b9045be015e7e
are miss,ab44e891c892b553
ing  in ,07dcb80192ed8f0d
my opini,9e9ddbbcedc9a28e
on  EOS ,909734e6b0fbd180
pad The ,3afa966cc5467c5e
Law will,9d7043357277b111
 never b,a8da998264701538
e perfec,e807d6caa59c2fb3
t  but i,6bfa90f1a885e1af
ts appli,f354a5da829d7847
cation s,19cc8fe719899aba
hould be,6372b06d83a9e17b
 just  t,ba5efa78825bd917
his is w,7ac2b04267dbd30d
hat we a,dd4aec0f4838212b
re missi,a7d4dc7e3ee5bb8e
ng  in m,87140b2021f7c183
y opinio,377dcec197dbfcb3
n  EOS p,fd716f1dfe7327a3
ad Input,3df21324278a20bb
Input La,99d7f5824c140cfc
yer5 The,cbd4dacfcc8b8799
 Law wil,34c9b3f1d5a9e597
l never ,8bd286c18fc3b6ae
be perfe,c494ab5279ca2292
ct  but ,fe9263feb3a22c30
its appl,7112a03492d7bfed
ication ,850d0a95262a6a9c
should b,4102d19109711164
e just  ,e535fce2da428070
this is ,b4843b0224b6aedf
what we ,378b9045be015e7e
are miss,ab44e891c892b553
ing  in ,07dcb80192ed8f0d
my opini,9e9ddbbcedc9a28e
on  EOS ,909734e6b0fbd180
pad The ,3afa966cc5467c5e
Law will,9d7043357277b111
 never b,a8da998264701538
e perfec,e807d6caa59c2fb3
t  but i,6bfa90f1a885e1af
ts appli,f354a5da829d7847
cation s,19cc8fe719899aba
hould be,6372b06d83a9e17b
 just  t,ba5efa78825bd917
his is w,7ac2b04267dbd30d
hat we a,dd4aec0f4838212b
re missi,a7d4dc7e3ee5bb8e
ng  in m,87140b2021f7c183
y opinio,377dcec197dbfcb3
n  EOS p,fd716f1dfe7327a3
adFigure,d52ddbcb407c2bd9
 4 Two a,388c4f628d14c7a0
ttention,fe0fb44585bc5ed9
 heads a,89bf23d05ac30088
lso in l,9772db9b9f4bdf40
ayer 5 o,8542c40b57ce4f8c
f 6 appa,23327a3080556b79
rently i,8848a3dfc998cb0c
nvolved ,5b11a410e9149e5c
in anaph,86351add034d05d0
ora reso,dc4080afa05e1792
lution T,9d3c7be3789099a5
op Full ,816dac3cbf409e6e
attentio,9fb6ba17b8c71d44
ns for h,792362d2e6ce7f9f
ead 5 Bo,d612494d0c155f3b
ttom Iso,8a3cbafc8334abfa
lated at,fe99f239a6ccfc61
tentions,688f1f6d079a1801
 from ju,16e446ff88348636
st the w,c1e7fe02c0d4be79
ord its ,3ac364d63b588b21
for atte,9e267c4f2a8a594f
ntion he,8b93f84bc5d8a8d1
ads 5 an,8bc31bf0df508177
d 6 Note,73d775270482bcbb
 that th,d50e236c2e92c3bf
e attent,e22dec34dd0d0ab7
ions are,8adc85a6649c1728
 very sh,33f92c81dafe9cee
arp for ,b02e006b19518b17
this wor,ebd71b977a2d3814
d 14Inpu,1f53067278291ae9
tInput L,00cf9c64a2ddc0ac
ayer5 Th,b5fcb50bddebb343
e Law wi,7a07f3f67fe8e55a
ll never,bda5370f0713d091
 be perf,068af796d2a4a63c
ect  but,7f9cef4a3229230d
 its app,289d62aa9a1df8e7
lication,1f83a0fa00b25ae1
 should ,fbb095ef70944e4b
be just ,fe38c4482052a929
 this is,602961359c0eb627
 what we,f486bb6524fc1d0e
 are mis,dc9ad17833ef6320
sing  in,4c0ae368eda313ea
 my opin,5113a4f13e65980f
ion  EOS,b43c2d3790758b6c
 pad The,4b654894203cdaa2
 Law wil,34c9b3f1d5a9e597
l never ,8bd286c18fc3b6ae
be perfe,c494ab5279ca2292
ct  but ,fe9263feb3a22c30
its appl,7112a03492d7bfed
ication ,850d0a95262a6a9c
should b,4102d19109711164
e just  ,e535fce2da428070
this is ,b4843b0224b6aedf
what we ,378b9045be015e7e
are miss,ab44e891c892b553
ing  in ,07dcb80192ed8f0d
my opini,9e9ddbbcedc9a28e
on  EOS ,909734e6b0fbd180
pad Inpu,c60ac8947bbdc8ae
tInput L,00cf9c64a2ddc0ac
ayer5 Th,b5fcb50bddebb343
e Law wi,7a07f3f67fe8e55a
ll never,bda5370f0713d091
 be perf,068af796d2a4a63c
ect  but,7f9cef4a3229230d
 its app,289d62aa9a1df8e7
lication,1f83a0fa00b25ae1
 should ,fbb095ef70944e4b
be just ,fe38c4482052a929
 this is,602961359c0eb627
 what we,f486bb6524fc1d0e
 are mis,dc9ad17833ef6320
sing  in,4c0ae368eda313ea
 my opin,5113a4f13e65980f
ion  EOS,b43c2d3790758b6c
 pad The,4b654894203cdaa2
 Law wil,34c9b3f1d5a9e597
l never ,8bd286c18fc3b6ae
be perfe,c494ab5279ca2292
ct  but ,fe9263feb3a22c30
its appl,7112a03492d7bfed
ication ,850d0a95262a6a9c
should b,4102d19109711164
e just  ,e535fce2da428070
this is ,b4843b0224b6aedf
what we ,378b9045be015e7e
are miss,ab44e891c892b553
ing  in ,07dcb80192ed8f0d
my opini,9e9ddbbcedc9a28e
on  EOS ,909734e6b0fbd180
padFigur,1a4ffbc41f95fa79
e 5 Many,a9506d51afbd71a2
 of the ,1e5a83fa9b6ac6a0
attentio,9fb6ba17b8c71d44
n heads ,034e938589735f1a
exhibit ,7bc06ea9991eaeda
behaviou,f913d1928aff0ffe
r that s,7420db1c6c644280
eems rel,34a410a072b66b03
ated to ,6287cc987b8fac42
the stru,5be218ec87741b98
cture of,256e04043df11ffb
 the sen,1924f937f19f6396
tence We,85e030d6aaca5af2
 give tw,28b4fa746bebfff3
o such e,63d159a475746701
xamples ,3b02f8a55571805b
above fr,ac628e13b305e442
om two d,c61261f362aa912d
ifferent,be7a2cf71e7a2046
 heads f,892e477468f69a02
rom the ,4422a99676689b7b
encoder ,52aecfe61f79d3ea
selfatte,251b10571b332c20
ntion at,cb30698fe0772ab7
 layer 5,7472cc4647734113
 of 6 Th,cfd8bfa01d717c30
e heads ,c4f14e85afeb856e
clearly ,b80284f2411d16fb
learned ,8a16a3cb349a2a00
to perfo,0336b59a5b0a911b
rm diffe,fe72fbc202247be0
rent tas,d7f280d536c1e9bc
ks 15   ,edcc11e1df6e32b7
