Plaintext,Ciphertext
aaaaaaaa,210c7d06530e6a7f
bbbbbbbb,e465e5f4cbe003ca
cccccccc,0e68d484a993d535
dddddddd,ab84c6c530f22ed7
eeeeeeee,6e4add31cfd76d74
ffffffff,7e9c18e076bf6ea0
gggggggg,7e2130cea74ad25c
hhhhhhhh,0ff225fab27e2483
iiiiiiii,537ba966eea43005
jjjjjjjj,11a64c28c2149c6b
kkkkkkkk,16376aca1fc5f37f
llllllll,9c0344f12863c4b9
mmmmmmmm,9d60ecf6f8637ce4
nnnnnnnn,0cd21444410272e9
oooooooo,ea336c3cd5f0e3ac
pppppppp,053b6b126bcf6a8d
qqqqqqqq,cfed9aaa6875b39b
rrrrrrrr,9ec9f3afd7704875
ssssssss,ea46e2bfa8f33438
tttttttt,6b171ae77c6db71e
uuuuuuuu,1186ea9cf2ae4f23
vvvvvvvv,c6c4134015768079
wwwwwwww,ce263bc933daf760
xxxxxxxx,3f62985b06b8c5e1
yyyyyyyy,f9516a98462e554a
zzzzzzzz,d6b88723528ef08b
00000000,14949528e6e79db2
11111111,8d543d9489e73b15
22222222,4821ec399f59963d
33333333,4e5b5739d673d5ea
44444444,55f54c5fdff23bfd
55555555,7bd22153c3b5094a
66666666,6ced0597e97aa9a6
77777777,514fe3586075ead2
88888888,b1fb9ec88900493d
99999999,ee0a147269cba775
Provided,09613d61e6fe6d25
 proper ,e6bbe97346775b45
attribut,e8e5894b7f02386d
ion is p,ef545336da4008f0
rovided ,1545b2f51fca1b7a
Google h,0f288058bdfa32be
ereby gr,4ef487ff98fcab07
ants per,c708620fbbe0d8bd
mission ,468bfbd881108171
to repro,49bd3289442e286b
duce the,f85def91f22896b7
 tables ,2afa60fa636cffef
and figu,7ba9ef9c2c2e0b09
res in t,7a22a6d4b445d20f
his pape,e69dda1c0f3677de
r solely,e49fab26c222bc48
 for use,c165ec4f64c0f2cf
 in jour,d973ddcbb462d9e0
nalistic,f906a85ad0241e6c
 or scho,0fd1f2e969c479cd
larly wo,c1a65df168830374
rks Atte,7de260d25f285fd9
ntion Is,8b0880685b2a3321
 All You,7a03671b93fc3b99
 Need As,6fc3ca02818e74b4
hish Vas,9d9c7e58a02bc23d
wani Goo,00fd25e6063d5703
gle Brai,fe2ea7d1f15b1fe8
n avaswa,031209987d3cf80d
nigoogle,dde250ad2e174a0b
comNoam ,f182970562677aef
Shazeer ,5f44a5a90f76a82c
Google B,8d25ed4adf561db8
rain noa,cbf292f5d1282932
mgooglec,0a4a116bd3ffd7c1
omNiki P,9c2790afcc46898e
armar Go,008caf0871d69fe9
ogle Res,cc6bf2192de19015
earch ni,b38e0e7e986fb727
kipgoogl,3275eaad9df259cc
ecomJako,8fa2f98f58f6abc9
b Uszkor,54259d5cf34c8016
eit Goog,7438a5c91cbfa2fc
le Resea,fb9d022ac1b82048
rch uszg,dd89ffd8a9eb048b
ooglecom,a25549cf7db2c683
 Llion J,de70139d331f5948
ones Goo,ab5964875ccf49ce
gle Rese,910a5f1684c8ab79
arch lli,ef5cd2cf0c432b52
ongoogle,18d358d894ff7733
comAidan,0bf9b78f44405a7e
 N Gomez,b053eb5f82da33d5
  Univer,f05a0d3cc37b40a3
sity of ,dfa4f1f0f8e86871
Toronto ,ec9d1cd11dcd7d50
aidancst,c01b60ed0c944d63
orontoed,b689fff94de2fde4
uukasz K,074982f8e5762cfc
aiser Go,5fe4414e026ec74d
ogle Bra,5489112e3ccb7526
in lukas,99b2478b9f20bfb6
zkaiserg,61653e57c81f431c
ooglecom,a25549cf7db2c683
 Illia P,505fa4cc68684499
olosukhi,d8d148d9799efe09
n  illia,e64111aac8628e58
polosukh,09c3903febc7581a
ingmailc,9bcb5db26bcf3679
om Abstr,5406887449d601e8
act The ,c44130d91d469b29
dominant,0e2d84ecccdde38e
 sequenc,bec16ac0f97df2ba
e transd,25f554e69e49e2e1
uction m,fbe67f2ff04996c0
odels ar,5eabf98cdf5659a9
e based ,38ece20e55b12926
on compl,0fb6abda0175fc86
ex recur,cf987ca153428fd0
rent or ,307a46febe95faf3
convolut,9d85c9c9e9809a4d
ional ne,424f4d562dc252a7
ural net,43e8c26788b4420f
works th,4eda89b5445a3a2b
at inclu,4d0fdf7b11690d15
de an en,67ec18928fad1d73
coder an,56fd6192fd7beb45
d a deco,01c7de78389ed3ed
der The ,dd6d5964e0bf7b30
best per,511d407ee96486d5
forming ,963710a8dd03e972
models a,79286884d7088935
lso conn,3c92e575052bfe30
ect the ,5b3b6e0afeb02a57
encoder ,f05ad29c69f5cfba
and deco,01518a94a0226aac
der thro,0f5b6e95030d6ab0
ugh an a,73f4947de4396571
ttention,e69f1834259d920b
 mechani,cb2ec4824defc4f9
sm We pr,4bd5f62debc65a51
opose a ,eab201a0ecec4fed
new simp,053ee6561952ab73
le netwo,ac9a0fea0a93463b
rk archi,906102ebd96d64d4
tecture ,42281d01476864c7
the Tran,7d1cee7bd9e7cf83
sformer ,b34d521e3efe529b
based so,24269d5449900cf5
lely on ,4cefa47c4c092a09
attentio,c015514542ace686
n mechan,42c7839e38c404a1
isms dis,3923977c417683a4
pensing ,156652d5ad8c6a88
with rec,1c2a09d85f512977
urrence ,873ca4f727cfd140
and conv,46afbb7632033b46
olutions,d9b461602002380b
 entirel,7b7142ad116a19a4
y Experi,6b1b3e9c32e7bb90
ments on,51e9ff3911709f0f
 two mac,a1cb879bcc10b6e4
hine tra,25a288056320a387
nslation,1a6ffc8eb891e5bb
 tasks s,311d1eaad08316cb
how thes,1df7f2874318e06a
e models,2535924aea9a60e8
 to be s,738a768313337f04
uperior ,8a4d25bab8a8d1fc
in quali,5dd2f44e56398fd7
ty while,bab7399dafc6773a
 being m,819517a8c784659e
ore para,4d2532847e8727d2
llelizab,bbcc90eb62e16d1c
le and r,1e7a4fd0e5e02f4d
equiring,4f0c96efe27e8710
 signifi,7ae8e3563d486073
cantly l,04d2bf9e0503f1f9
ess time,479d621235b7a1a1
 to trai,dd1fd57f9d70eac4
n Our mo,7afab22a9a78764b
del achi,658adcdbeec56093
eves 284,3dc2f92728f732e6
 BLEU on,cb5f6c7dd2e296c0
 the WMT,bf22add91e947a2f
 2014 En,c16f866aa84a1eac
glish to,26d6015ac1603a7b
German t,8fa791d80fb31a2c
ranslati,9939be6bd238a326
on task ,f5a86cb124dfe1ed
improvin,41e58478bef7203a
g over t,3e2411130d1cf661
he exist,55d715031919375e
ing best,cee58957470dbef5
 results,f83d66c07b9ef549
 includi,a395b20aeb60527b
ng ensem,c1526c33658b6038
bles by ,fcb3d4ff272e077d
over 2 B,462a8db93ea64cd4
LEU On t,5683598660c9a3f1
he WMT 2,5dc8fdf708aacf59
014 Engl,eb31dfd887f528d5
ishtoFre,7a7043fb38cce976
nch tran,c35bdb6ac338149d
slation ,6655b175e2630392
task our,a2a2427b372b360e
 model e,4afdf31331f95a4f
stablish,2bfc057083d8b8ba
es a new,a5948fa64a4e96e3
 singlem,1bfa0e2d765018a1
odel sta,e6f36e23cf1f6498
teofthea,a9b7d341bcf7db8d
rt BLEU ,74448b45a21e8913
score of,c9350a3886370dcf
 418 aft,d47eb00820da48a0
er train,071c41cbdb54f065
ing for ,2b2dfad3e0693b57
35 days ,e8d11ce29a49aa68
on eight,1a1d4112c3e2582f
 GPUs a ,e87c87451e1952bf
small fr,2dc30fa48c947760
action o,f9184f4b478983e4
f the tr,2d480c4650e891cc
aining c,26363a96273552c4
osts of ,44bd1d676167f7fe
the best,72c2d05f5cb64e47
 models ,f00456bf84aae637
from the,fdeed96b516c8101
 literat,d346a20d0dbc03cc
ure We s,b6567af60de5f3cb
how that,9261538d09509194
 the Tra,7f8e05648143d27d
nsformer,256559e8294a9fef
 general,64d28e6169028a17
izes wel,50fa15eec68deabc
l to oth,fb466d3637c626ff
er tasks,8478b18374cf87fa
 by appl,34f398cff6e42873
ying it ,5252581856ae1a30
successf,448b23937cf938d0
ully to ,fd7caad3794e778e
English ,f985150e5f9a9128
constitu,dc3a811926d5a3e8
ency par,18f3213207df39d7
sing bot,922c85842e6fd1b4
h with l,282b0fc101e322c4
arge and,a21b8efd0f557d7e
 limited,19cb63bc7a3b1c33
 trainin,e91f18a2c952f63f
g data E,0a0c9d46610e8846
qual con,aa531ea0cf145ab7
tributio,a04562bbd960d5ed
n Listin,e7eccf1e1bc4b174
g order ,f9cf0866da025c14
is rando,f3a1ddeef2921a0f
m Jakob ,cf40dfdfee4216f9
proposed,3932f36da25e48cf
 replaci,806dd7a8008280eb
ng RNNs ,15244ddf6156018a
with sel,4a12332dee1a50e2
fattenti,a443e65a94df94ba
on and s,28b3d65272c43712
tarted t,7dcb8dd80f52a386
he effor,37d1e2274ec3abe2
t to eva,699bf5a57e655bca
luate th,00ce962b01ac38d1
is idea ,5714a5161ced5e86
Ashish w,1a78881e27937628
ith Illi,c8fc702666fcb9f9
a design,b04e7789dcc17907
ed and i,263170b3183fb849
mplement,30c1ba84c30e0b99
ed the f,78beb2062f5b0f51
irst Tra,8c30679c0f334270
nsformer,256559e8294a9fef
 models ,f00456bf84aae637
and has ,60af1d91fa4421eb
been cru,73993e85b26c2eb5
cially i,24fe67ca97024e4a
nvolved ,9cb008afe3482d63
in every,f47d3cd92b5bf2cc
 aspect ,4e345d6e12dd8f5e
of this ,d8a7b9d69eb61eea
work Noa,5a59763ca33543ff
m propos,f515f3104672faf9
ed scale,52932b6f2154d5a2
d dotpro,37ef11e89d4e4113
duct att,5afdf57bab0d65ac
ention m,c594b5e7dc46042f
ultihead,5cc148445bd5f352
 attenti,50381f759cf0e340
on and t,7c5108947df07595
he param,58e5f371ed8a3158
eterfree,ee30a2e20f9c52e2
 positio,fe5ffd1c685fd4d0
n repres,df13bdb4dc3b95e7
entation,31745c72d39319d5
 and bec,211e86b7e8ef8f52
ame the ,3d2dce799ff6d2ef
other pe,9582394b28cee3ab
rson inv,9eda148488f82356
olved in,660b8e03785943b6
 nearly ,aec7291b8cf10394
every de,9d9c467a81f1b3ba
tail Nik,769b687b69237f17
i design,18767968f7116fd2
ed imple,2a9b577c0669a00d
mented t,20473f520c9211b3
uned and,124951caccf697ec
 evaluat,e2ee23fda3c0d88d
ed count,c056cd444176766e
less mod,e6d9580522f5f9f2
el varia,a35ede9c73084827
nts in o,8377c2095e4d59af
ur origi,b5885eb2ee8916cf
nal code,b89111d223d3af68
base and,33934142da3f4188
 tensor2,b6cad47ab78da5f3
tensor L,dbf1e210e8e0a6f4
lion als,839756f25d4eeda3
o experi,98fe14c6e85e8fdf
mented w,b1be5a24feb374cc
ith nove,dc35076cb778e144
l model ,0bad70c111341cba
variants,e229c36abc8e4c2e
 was res,13116db909e8355f
ponsible,a631372a28ba295a
 for our,e637478cdc93253d
 initial,e3e2732541eea22a
 codebas,7bd56333693afe67
e and ef,7dc5c9b14e90a27e
ficient ,08806b29e55aa417
inferenc,acc25ab069f99da3
e and vi,9da75960ad9b1793
sualizat,9ef872bfa75292bf
ions Luk,135c7e812a7b927c
asz and ,82fb8e50c874533b
Aidan sp,b35553766404d3e1
ent coun,685b3b0f547ee267
tless lo,390782b3b9ce205f
ng days ,bfb800ef2d1b19b1
designin,dd3ff2ddc1fe0670
g variou,403eef98955fc002
s parts ,0866c092137daf82
of and i,7835b3950d7d6862
mplement,30c1ba84c30e0b99
ing tens,c4e1203c27de6838
or2tenso,82bf2b760795f3a2
r replac,80ed5ac577b28884
ing our ,55bd7ad9d108d586
earlier ,95325e6f8ac96648
codebase,cd736092345a80a9
 greatly,871a57d68df1b627
 improvi,4eae59f5a163a071
ng resul,447f558444cc2597
ts and m,12153c17443fbb01
assively,d4b75ebaa1cdce6d
 acceler,4a2882fa26592deb
ating ou,e63bc110e5da94ac
r resear,f89cfd426806b9b9
ch Work ,0f46b8699929f4fb
performe,14eba279071e3c06
d while ,c91f7af07e7d0547
at Googl,ea66fb8b8530504b
e Brain ,436dec2e4f32b10e
Work per,5b92c18c3e4cc93b
formed w,f70ca34594c2871d
hile at ,d70abd7bc0f6f200
Google R,c9164c6f1b91f837
esearch ,0c436765d6cc103f
31st Con,c80d0bec6a65bebf
ference ,874e77e860e22bcc
on Neura,274d2e1394b363ce
l Inform,51694b610fce3076
ation Pr,3d22b48d569e170b
ocessing,121d2403004eede8
 Systems,73cc606eeaabb41a
 NIPS 20,8511f20ae67c1f87
17 Long ,2ca25f44a23a1a40
Beach CA,826e13b569c8a112
 USAarXi,9b6c5df1930daacf
v1706037,07105e385bc11cfa
62v7  cs,75c315cbe18333bd
CL  2 Au,9f5ed793b45ea9e1
g 20231 ,6a2861e27dfd9e8d
Introduc,8736e8a9da657886
tion Rec,2b53ca5f60996722
urrent n,38c2a4fe56d53f8d
eural ne,9dd01c2a4accf0e3
tworks l,86a3f1ba0580e1ad
ong shor,44dd22fbf1438b22
tterm me,7f437278196a0dce
mory  13,8ef08440e2b8654b
 and gat,83a6c33d960481fe
ed recur,f9301e073d00ed62
rent  7 ,f7e5d78b861baa20
neural n,89fbd56c14006238
etworks ,5cf7b95feb527120
in parti,4a8b86bcfc0ec9b1
cular ha,abd285eef32282a7
ve been ,a8696df036a48bce
firmly e,95c86634a512c329
stablish,2bfc057083d8b8ba
ed as st,372631b2ecc7a9ba
ate of t,4c5f7363f39fc5ee
he art a,8160e4dafd4c04cc
pproache,7fdcc2d85c60004b
s in seq,80d305bd8976ba8d
uence mo,5bab8825b3a9b50b
deling a,a05e946881637ebb
nd trans,5a23bb904709ccf7
duction ,9f847b9e3e3b04b3
problems,dbcee44622965f9f
 such as,a8435d155858822f
 languag,847d3c4751889eef
e modeli,61a63a26c9e0d01e
ng and m,e0d9d43f923aa160
achine t,7f10a0919b923d5e
ranslati,9939be6bd238a326
on  3525,0cf11b3e22d9e232
 Numerou,97bd97cb3adcafec
s effort,13cfa4806eebb9d6
s have s,7a70afb4c2a999d6
ince con,b06f6c62fd9bd2ab
tinued t,cfaac3799cec8f4b
o push t,31f00c98429b5347
he bound,13cf53b6a00e58d9
aries of,562e036d9772e1b7
 recurre,1eb37689f3a43043
nt langu,4b8a86f3d1b51438
age mode,23236d32c4d7a611
ls and e,c58bdc63462caa48
ncoderde,2e5c4c10eff22a2f
coder ar,ccb65dd24dec7eef
chitectu,31274f13456dbee3
res 38 2,7ea35c357d7bbb17
4 15 Rec,7d29acf2be6f565d
urrent m,457a2a82afbea9c2
odels ty,4ad49cf88a655f51
pically ,c564d5691f61617b
factor c,c42f517fea948424
omputati,87fd676cb5658ba3
on along,c51e544154c8e292
 the sym,43ab140f8e2f9068
bol posi,2a7204753fbf89e6
tions of,8c6bcf202a2ba727
 the inp,e135527d1f708268
ut and o,e02c565ca0c7687b
utput se,b8eaaadf6cf00bdb
quences ,31ff5d58c9905e41
Aligning,865154fc75f734c3
 the pos,a6636ce54c142b9f
itions t,7976331ee859d6ca
o steps ,6fb1f00353a4ad8f
in compu,bd75863149779e00
tation t,93588a6d0828e55f
ime they,f052a783a3b6a365
 generat,8f6e8eb4dd182823
e a sequ,a77b59c12c9ac4d2
ence of ,024587c3e46a5c28
hidden s,95b35a4560dd0583
tates ht,9e96a966b1f78390
 as a fu,85a28a3a2791e079
nction o,af2e450b34ea6392
f the pr,0114aa484499ae53
evious h,7947ab4a41683197
idden st,5821e4ff96a228fd
ate ht1a,a5e48014e0bf5dab
nd the i,99ed2dce585361b2
nput for,d96cb6fa4779bca6
 positio,fe5ffd1c685fd4d0
n t This,1618e49180d42a3e
 inheren,72eca51be3550ee4
tly sequ,8b142e7231bc5c85
ential n,242e72fd3105e7d9
ature pr,82510a3983fb466a
ecludes ,74debda391e0a608
parallel,949bab7acb2d0587
ization ,1434a5cfee338925
within t,3d753357e1ff0d50
raining ,cf819807b5db4a77
examples,43c6b802f23f7eac
 which b,1cbf232f22007edf
ecomes c,3167b3abeff08d96
ritical ,a7138aad191cc638
at longe,8a7b0c7f137c9991
r sequen,6827f8a937d6c29b
ce lengt,86fdd30d6a9f03d4
hs as me,7d3d0a6f089865db
mory con,c7d6e564483b5207
straints,bc6f9f58e331e3b3
 limit b,7230737007448a09
atching ,ee7000b7b55ff86e
across e,478662aa537db60b
xamples ,e3bb445083d98132
Recent w,5c89ff97d6c1d718
ork has ,5040742d0355c767
achieved,b6eaf9a753fcd669
 signifi,7ae8e3563d486073
cant imp,735e137e57604f6e
rovement,4437b4900e4a4490
s in com,c8555d1ebe7c258a
putation,2f323a9c70ffc9af
al effic,dc2165070e8107da
iency th,54f6147b9b931948
rough fa,94c3a1ae54854270
ctorizat,cd68e3b8285ec9a4
ion tric,9056bacdcf35a5bc
ks  21 a,18ec7e3ff9570df1
nd condi,b5632d323efed144
tional c,69b5a16d64e013d4
omputati,87fd676cb5658ba3
on  32 w,f0b5e0763b7d5321
hile als,f0cb9b2397c2ef84
o improv,fe3d38d427df1508
ing mode,4bcb740d858d4d34
l perfor,e38c518d8c7bed5f
mance in,9e273c663af8eb16
 case of,0aeeb587327fba38
 the lat,54d92475a1c4d1b8
ter The ,27036f46d1712c5d
fundamen,82480f3265b409a2
tal cons,a8b628973dd9b7ec
traint o,29eed70f79327c88
f sequen,23e255945a2353a6
tial com,685c8a5a282b34f3
putation,2f323a9c70ffc9af
 however,86adcaebd197176c
 remains,2251488dc88f03ac
 Attenti,0fa02e28ca25ca45
on mecha,64e7e68259f0972c
nisms ha,70eebaf1d09bbcaf
ve becom,135eda4bb9607cf7
e an int,0394cf4e36614e97
egral pa,aed1240e3a6d8748
rt of co,0126bc37a97b4a8e
mpelling,31ceb95e64e699b4
 sequenc,bec16ac0f97df2ba
e modeli,61a63a26c9e0d01e
ng and t,f28929184acfd7b4
ransduc ,0be23144db2dbab2
tion mod,1cefb2f6e859cb7d
els in v,d2b6c4c37a788a7d
arious t,6bf4731c138d3ee6
asks all,a4f5322037f85a0e
owing mo,0178ee77bdea52d7
deling o,c275011ddd6929fb
f depend,4b7d0752e2997704
encies w,b03c5720942a93a2
ithout r,7ac1b87670f5f406
egard to,30243d4998684d94
 their d,f9e3796de3a97c32
istance ,b4a9b3e2189679c4
in the i,aa4c2aedc258e3a0
nput or ,eacb97f9906f77b8
output s,a883cb19e7cd33b9
equences,f319cc8f3bbe4ec0
  219 In,4a0435490a2b3efa
 all but,835fadb248e2baa9
 a few c,d3f27a8b082b7522
ases  27,db8d3f69af41c600
 however,86adcaebd197176c
 such at,2e01f0b96373731b
tention ,3409ec04d6fe3642
mechanis,b53cad5682dcf032
ms are u,64f745e892fee39a
sed in c,d19c774717c607da
onjuncti,7ab6e69b1ad168a4
on with ,6928373b19b6cb56
a recurr,2073b4b2ad7d4448
ent netw,1601f208394ed0c8
ork In t,8ab82bf63f78c46f
his work,61cef7aebb9ceca1
 we prop,7f81e15e1f25a1b2
ose the ,b61af3d8a000a15c
Transfor,f3b0a6fec57ce98c
mer a mo,b530b3284cbe252b
del arch,2f62bf8b679024b8
itecture,516f7687e25cd866
 eschewi,5dacf767e88f8bc3
ng recur,5bea066840ad5a6c
rence an,751ef464828440a5
d instea,7d6b3f4b817c9182
d relyin,c4caa92ccbc84f63
g entire,da87805371cf7d03
ly on an,bf211bfa64037d90
 attenti,50381f759cf0e340
on mecha,64e7e68259f0972c
nism to ,0353cc84f9ec8c61
draw glo,3137bcba25521d87
bal depe,ce5064ea6eafe6d4
ndencies,81d0bf8c37ccb03f
 between,593e851285daad8e
 input a,caa3cafd0c04eef9
nd outpu,865901fb1dac4328
t The Tr,52285074ad976ff5
ansforme,01267634ec5c5be1
r allows,b5c7df7e6f79e308
 for sig,559c6003944eaae6
nificant,23ffe86714f30e56
ly more ,ba4939729cf091cb
parallel,949bab7acb2d0587
ization ,1434a5cfee338925
and can ,2fc4449cc450cf67
reach a ,238450033b0c9e4a
new stat,2ab968bf68444f8d
e of the,853b2454d09a4e3c
 art in ,f71defe225d08544
translat,cf578369251c77fb
ion qual,6c94eb31928dccf9
ity afte,fc397b23af29fd8e
r being ,78e0000c2d543d5d
trained ,03af042b6d384a51
for as l,05232ffd7d86779e
ittle as,b1b1ca152ef23404
 twelve ,fa86962b05fa3ec4
hours on,45270bb0a5649847
 eight P,367cd552a7dd9b5a
100 GPUs,07488d0d17340875
 2 Backg,62d6b72553ea0497
round Th,28587838443a34ae
e goal o,2bfe594bfcc0f3d7
f reduci,8da5a3092b2f3033
ng seque,3029ed8b1e45cbf4
ntial co,b17eb8d72d4446ba
mputatio,cbe0bedd4a0b492d
n also f,08a61113a2d158ee
orms the,c4a6de2488fd5908
 foundat,a72df2b9de8370b7
ion of t,ccd73993b252fc94
he Exten,7de0ea279f9c5798
ded Neur,ad29a61e43255581
al GPU 1,3cf545ed518eac35
6 ByteNe,5af65b8a4bb7da1a
t  18 an,4786e448a2f42869
d ConvS2,0cfe27143e32d1d5
S  9 all,aaec46d7481933c3
 of whic,0a57f4019981606c
h use co,a9f4cd8189286709
nvolutio,d30ef7997886400c
nal neur,01d1c9aba64feeed
al netwo,6947d19f6bb03207
rks as b,d161dce889d8a28a
asic bui,3b407b4a9f6b5e40
lding bl,91edcf08e79a7f5e
ock comp,08dcabc3444ef704
uting hi,524989944b0b3ff1
dden rep,7d9c8858234455b2
resentat,fd5787065c0225cd
ions in ,1a85552aa72ad3b6
parallel,949bab7acb2d0587
 for all,73f0932ad53a3d9b
 input a,caa3cafd0c04eef9
nd outpu,865901fb1dac4328
t positi,4af41afe856c7376
ons In t,cf928a63b2312731
hese mod,6a16aec8de161e52
els the ,80bd8f0ae73b825f
number o,e4cbb31db4bef0b2
f operat,743a12d34c8f9383
ions req,369c4e2cdf39f2a0
uired to,35c055c705d055db
 relate ,542d1a0e370f7c8a
signals ,956bb21f673a361e
from two,2fee98f0e2a373a7
 arbitra,d3b07f5a792c3dc4
ry input,df9b1058af7ac3dd
 or outp,b1b38175c25a4097
ut posit,11be38b5bf4e93de
ions gro,1d9df73487512e48
ws in th,e38a671e916d73d4
e distan,48c4851a62ed37ac
ce betwe,0688530a802fb7a1
en posit,47fa18bb0ca22789
ions lin,d540956be9b0dcdb
early fo,4dfdeae1dbe4b545
r ConvS2,50f2af898519776b
S and lo,4d459944fd973c8a
garithmi,2729a798ca684948
cally fo,d800258e00481887
r ByteNe,d92ad8a1d59632fd
t This m,d848bbd308fce5e0
akes it ,957d7462ca057f84
more dif,716a2cce7a053124
ficult t,31bd4b27c6fcd360
o learn ,f46dc75243beb4ca
dependen,52779bc83af69699
cies bet,aedf6a09b45dc54d
ween dis,ec51212d1b794a3c
tant pos,c6ea87d7e1e5f13e
itions  ,04ac0f73c11a0f70
12 In th,120930cc52f4e387
e Transf,82e167dbb6c209ca
ormer th,dc8786c0aaa30ff3
is is re,acde6f5d77d87239
duced to,a9a0a90d929ff44f
 a const,0ab63a5540165972
ant numb,ce067275a637562c
er of op,aca43d3c26320a90
erations,55ff532109bfe8aa
 albeit ,fd7cbcd8796d4671
at the c,8d97ab9a68918306
ost of r,c9ed945239a8319f
educed e,9714079510ba8fa4
ffective,c75bfebc0a3c627d
 resolut,a31386c691eb8729
ion due ,4faa662fe403a980
to avera,0c1ab2b3c920e757
ging att,bdd2c4b554834516
entionwe,3cd50cad9f1a8f34
ighted p,00522449a17ede0d
ositions,13ed1a5ba3eabc03
 an effe,c7326036805d9814
ct we co,e19f13f0b97eefca
unteract,2ad48c594656d9b7
 with Mu,782deb711ceffd4c
ltiHead ,c258152811164215
Attentio,9816ccf5da3bc52f
n as des,e20692e2f3373c57
cribed i,21c0080f22d045f9
n sectio,c9e56c6f3a533941
n 32 Sel,1d69478e427a670b
fattenti,a443e65a94df94ba
on somet,9f84bcb403f2dab5
imes cal,0bea7cdbf66ef8a6
led intr,79093f65fa78152b
aattenti,4c79da3bbe71b25c
on is an,8b713b66abdcecc2
 attenti,50381f759cf0e340
on mecha,64e7e68259f0972c
nism rel,de5783987eaea1b4
ating di,57f24115cd729776
fferent ,9f07e380948ca869
position,cb52beb8bd24411d
s of a s,4f94ecedcc628422
ingle se,1a4f021d83bf8df0
quence i,ef39f3031cfe8314
n order ,72c4d4222240068c
to compu,e70e75d44af92a7a
te a rep,a84b3047c63e81fc
resentat,fd5787065c0225cd
ion of t,ccd73993b252fc94
he seque,e2fb61306172a755
nce Self,58fb1ab034559ba7
attentio,c015514542ace686
n has be,1c51d711b03d8f38
en used ,3ff306f3a1897827
successf,448b23937cf938d0
ully in ,8e4c735e8e8bbccc
a variet,cd0cccf65560f940
y of tas,7c4d365216736b8e
ks inclu,2eb8c42a02825c15
ding rea,0a091bc29e113fb4
ding com,a7c363bef00ecc80
prehensi,3a5c84306ee22099
on abstr,a7e26f8557288322
active s,5a1456032f111276
ummariza,5947b3e84db95e49
tion tex,6fa7007f776017d5
tual ent,3ffea6a9aad1da04
ailment ,0b06c79bb9789252
and lear,66c4914d71918b33
ning tas,fb77c6f77149ec7c
kindepen,c68d7fd7a28dbaee
dent sen,10a419617ef9cbfd
tence re,2a903b0489ec4185
presenta,a70072e825b1f143
tions 4 ,ec3090236dade5ef
27 28 22,7fb476f6fd680bb2
 Endtoen,b7e9da4c74db55f4
d memory,7a1be1675a9e686a
 network,25a29fc988f88008
s are ba,d4a14cce77f32677
sed on a,68200279bdd296e5
 recurre,1eb37689f3a43043
nt atten,1b336b3679740362
tion mec,30f15c18a4db2529
hanism i,0f04720534b7a8c4
nstead o,26e91a340ec07a1c
f sequen,23e255945a2353a6
ce align,ce5a1d08a4d7930e
ed recur,f9301e073d00ed62
rence an,751ef464828440a5
d have b,9ddb49c4e58911c7
een show,c9a77e5fb933a8b3
n to per,25af73c43a46d17e
form wel,16b0821e0eec2dd1
l on sim,fff380ffa6f3620b
plelangu,50b97a79a6acd154
age ques,53d0e8d55e622c40
tion ans,782a90a58b775984
wering a,702e0fd187861424
nd langu,8d0ccbb2dce68594
age mode,23236d32c4d7a611
ling tas,bcd5f97765ab8dbb
ks 34 To,1b4c47733eb58bc0
 the bes,9f8a463c8f6685a6
t of our,0235e4562032e803
 knowled,eb23aacd84209409
ge howev,34f81d34ef85e5f0
er the T,a14bdd0fc1b0047d
ransform,89d47962cb9018a2
er is th,977c6fb723b6a2b5
e first ,e6e89cf058d533fa
transduc,f2c30d9ca2e50483
tion mod,1cefb2f6e859cb7d
el relyi,916432efbc729dcb
ng entir,a0ffce3f1b3f7bbd
ely on s,815e593043a8615f
elfatten,14872b9c891a12f6
tion to ,40da260451e23ce7
compute ,3089f2eb286c9151
represen,7359cfdf89c2b73b
tations ,dab31db273a43e21
of its i,72ba8897051165e0
nput and,878fe64f54c54c1b
 output ,5b9bef9eb26263d8
without ,0b168efed089cc89
using se,d1bfc33c1daa8bd8
quence a,233c613685472d40
ligned R,1de21f3c7340f905
NNs or c,c6a5a58bf29d6294
onvoluti,3eb6de6c02055166
on In th,23f87a4c73bbc64a
e follow,8bebff7d30ec153c
ing sect,c31528e49b8357f5
ions we ,1b1fda9439842a21
will des,81b789a614758491
cribe th,8535cbc47c471d49
e Transf,82e167dbb6c209ca
ormer mo,5f79736d9664488e
tivate s,2686eff5f584809d
elfatten,14872b9c891a12f6
tion and,ec033d02454897a9
 discuss,f181a91fd21e830d
 its adv,d182409210ad8238
antages ,9df3d41b98f4e441
over mod,b36ec16c2af33fcd
els such,26076ceb62922e14
 as 17 1,df0eb483dc030326
8 and 9 ,12b9e9fe1905941d
3 Model ,47f00e19fb082227
Architec,b6c4269a94f4bcb1
ture Mos,663d714c2f5502e7
t compet,bb2cb6a7588455bf
itive ne,5be71468ffdbe102
ural seq,3d31ae29a19ebfd9
uence tr,0fd8b8c01e73b2f2
ansducti,63f96160ea679116
on model,d6178e2f03b2d25f
s have a,d3937af293e5d8d5
n encode,9f8fea6253a40d6c
rdecoder,fa2570d78a35b6b5
 structu,2a22ea36547533b4
re  5235,5d9530f244d95c3f
 Here th,9b7b6e1f98c58b74
e encode,352bdb9495854121
r maps a,e64d91facef0c4e3
n input ,a2ff91b4d76b4577
sequence,658fb9d21ca7eb92
 of symb,a501bf1766caf741
ol repre,17a4737b86fc8be0
sentatio,1c9bd953940700b8
ns x1  x,d5b1285602c0b70c
 nto a s,3044e0e336137cb6
equence ,822b6068c0c99df2
of conti,60c3c86ea06d5b71
nuous re,ddbecab95df486ad
presenta,a70072e825b1f143
tions z ,0d4cdea517a5841a
z1  z n ,89ed2f09d994a96d
Given z ,2e43a54008e9aeda
the deco,a3f70baef272f4ea
der then,eabf88c720cd0154
 generat,8f6e8eb4dd182823
es an ou,90ffec1c1e64b809
tput seq,2a3b13d3eadeff3c
uence y1,eee53abe836ddcf4
  y mof ,4a4c86addc792776
symbols ,ee5d511e13772c91
one elem,1728316bfeddcd09
ent at a,36c01cd69eefbfea
 time At,782d419e0f3050e6
 each st,34d2ce9f715e0336
ep the m,9a3c3893c467ffc6
odel is ,1c5c2a06c6b99164
autoregr,bfff6b0ca7c43d4f
essive 1,184ee16243715111
0 consum,01ba8e159ebe81bb
ing the ,b9074cb38641aa53
previous,a28969fbc8f30c91
ly gener,8abe9a25388ca132
ated sym,d91ac3b442ab9bd2
bols as ,0732f758dd3f9c95
addition,1e74c844d7dbec05
al input,35c0296b703795c6
 when ge,42b81bb9f4e05907
nerating,9f71831cabcae68d
 the nex,9254cdf758b7d92e
t 2Figur,6939832f01d4eb17
e 1 The ,fc70353f91ba6399
Transfor,f3b0a6fec57ce98c
mer  mod,8a7373298536f41a
el archi,70d9ae39c05f5571
tecture ,42281d01476864c7
The Tran,ea6009a1deb97dc7
sformer ,b34d521e3efe529b
follows ,5973e672a05bc58f
this ove,71a97ff66fbdfb32
rall arc,4944638c4013f9fb
hitectur,fd95002e8291f2be
e using ,f353f28a4d687dbc
stacked ,1a7870df0f38e810
selfatte,1a451e80a9b734a9
ntion an,4762e9584dc42e89
d pointw,dfe6aee22774907d
ise full,11411fb073dc7aa0
y connec,bc21d4eb962d8a7f
ted laye,790f35d74ffb3878
rs for b,4e7825112a788046
oth the ,ed582ef018d41664
encoder ,f05ad29c69f5cfba
and deco,01518a94a0226aac
der show,5e06fc0a67c9d152
n in the,2342ba04ba28a475
 left an,d4501037bc340f22
d right ,57967cf0c9250dac
halves o,7edce41e25f2f914
f Figure,b325c73e455a9bb8
 1 respe,d593e28001824347
ctively ,56e38ee7054890fc
31 Encod,2e7f609e71b028e1
er and D,80e8c5eb9e5789bd
ecoder S,13584dcefbe487e6
tacks En,64dfa32f34a738db
coder Th,39eb2c3afa9eadfa
e encode,352bdb9495854121
r is com,9a384fcc7fa29bb5
posed of,94b78d519ae9b5ea
 a stack,0851978f2061797f
 of N 6 ,45f127f8178a405a
identica,6bdbecb8b7ae37e6
l layers,a1a38a7f9dcc92a5
 Each la,3a6ffc71278aeca0
yer has ,a70bb1e78031040a
two subl,191ad8f4ffc2471f
ayers Th,859e879ee3ab5cd2
e first ,e6e89cf058d533fa
is a mul,87e7511291ba6177
tihead s,c86a5f67a2696a72
elfatten,14872b9c891a12f6
tion mec,30f15c18a4db2529
hanism a,7b697b69475b5bad
nd the s,dc758700fd6ab373
econd is,c31b5ced81663500
 a simpl,9b392acb2f102ffd
e positi,2a3b3952fcae99d3
on wise ,853dd08965eaf8ba
fully co,8f38227665d0b264
nnected ,abb3aa8cb71fcc2f
feedforw,bc137bf66d5d07b2
ard netw,d2f18157d652d908
ork We e,77a00a187f7ea2f8
mploy a ,94ad34d760c69ff1
residual,e5c9851c509bf221
 connect,f0087b3e86bb8541
ion  11 ,cb283ea7745718e3
around e,768e5befd37a9a55
ach of t,c35551213eb4f7b4
he two s,73ec5ac8cbe5ef17
ublayers,26186f22e723d40d
 followe,73b9eab26384ba69
d by lay,08cd6c60901896e4
er norma,b0c2d493cc199a32
lization,595f86a4a0bce72f
  1 That,c6ceff653c936e46
 is the ,7283f14a8388dbc7
output o,4b23272359e34257
f each s,4cc054ff831300e2
ublayer ,af449e1153a36a63
is Layer,deff7200c67e692c
Norm x S,700bcd73198752c3
ublayer ,af449e1153a36a63
x where ,87bbcf441e8b754e
Sublayer,35289b65c51b897d
 xis the,5811f528d874b424
 functio,25c8d8e52515fcaa
n implem,036111971925fc07
ented by,5e07fc1e0726ffa5
 the sub,beda2cf1a75cd555
layer it,9db08585de5cc859
self To ,7469aac38d730d98
facilita,33a95e1cd6b8f600
te these,dba7bb9f4601b2d7
 residua,63919524ee2dd2fa
l connec,8d30aa825b74e46a
tions al,7b9140671ae0b611
l sublay,1dfc6ae4f2f801e0
ers in t,f74260601e8f68f4
he model,a11d776a03de0371
 as well,165fbe8015addfe0
 as the ,a262d69c5455a8b9
embeddin,de0b1305e9f9027a
g layers,aa7eec85126cae2b
 produce,331b610cd63df016
 outputs,6b30c72848064d5f
 of dime,d2dca294d0fbd9e1
nsion dm,33fb99c6197b50b2
odel  51,b19a344e6f74752e
2  Decod,4056523bdc94945b
er The d,dd44383a34d981a4
ecoder i,1ce7c1799f7aaf60
s also c,7a6bb3309880e1af
omposed ,fa9e2db86ca6bdaa
of a sta,8588b7237edc2d73
ck of N ,9a66445c871573f3
6identic,4ea7e4d705533043
al layer,f394ec7dc6f03b29
s In add,8d7c94a9f806a362
ition to,053ede7ca2f36ceb
 the two,8054f47a929219f8
 sublaye,b071b262f4b577b6
rs in ea,970e92344219d9ae
ch encod,bd6179a50c3b828f
er layer,9abfa2fbd5e98db6
 the dec,03001af77692a648
oder ins,2a7c606de6729e79
erts a t,ec90a09316b23719
hird sub,857660dca1776e2f
layer wh,e6244894fd7616a1
ich perf,089f3a2802b0474b
orms mul,683e835ede9b2e09
tihead a,025beefa8831c785
ttention,e69f1834259d920b
 over th,96169ba4b1a23725
e output,3ef14df5354e2400
 of the ,c1dc216abfdc90fd
encoder ,f05ad29c69f5cfba
stack Si,d914009127c09666
milar to,56b0beb1fc14e012
 the enc,c1f29580949c3b26
oder we ,9b165eeb163f827a
employ r,9366fdcb5bd436b8
esidual ,1b46822121314525
connecti,5234f29b735d3198
ons arou,5693f3f59abac00d
nd each ,ded8c3f11fb550dd
of the s,7ade4d66f9bb9148
ublayers,26186f22e723d40d
 followe,73b9eab26384ba69
d by lay,08cd6c60901896e4
er norma,b0c2d493cc199a32
lization,595f86a4a0bce72f
 We also,eb921b8ef407746f
 modify ,a5a4b0bc5fa737b6
the self,750cbe33264c7aa7
attentio,c015514542ace686
n sublay,852312777f970d78
er in th,3eab0c928543ba2d
e decode,0997d20e4cc09e36
r stack ,ffeb7175fab3a77b
to preve,5cae59054f0e6516
nt posit,7efb58efde75dc05
ions fro,8dd0ac3a43a63a91
m attend,d7c7e5299cf88764
ing to s,7dbc1a86d462218e
ubsequen,6b6f7f50f9d5cb3c
t positi,4af41afe856c7376
ons This,ee8dfc8b08a673bf
 masking,b0c7b97cce8f5dfe
 combine,83426d710a1ee69e
d with f,c62485ca19efbcd3
act that,97d7f519766cef03
 the out,72dac102a639caab
put embe,942ad78838c479d2
ddings a,7dc13f3f5e2224a5
re offse,f3f8674b01d07b3f
t by one,824f3adfa150e57b
 positio,fe5ffd1c685fd4d0
n ensure,9fd744c768427109
s that t,c016a40532322fea
he predi,320e15842d840d88
ctions f,eb2526427aa2dbc5
or posit,53dfb5aac3c361a9
ion ican,fe37a2fa9e063b9c
 depend ,9e0f2c069f2d55c1
only on ,452ca12f862a8133
the know,2eca8a943593e51a
n output,1b23f8485b1fdc48
s at pos,d5742d12008bb9f4
itions l,f33a42af9ef0befc
ess than,a8ac0fb2835d7d7c
 i 32 At,958aef112798c9d3
tention ,3409ec04d6fe3642
An atten,d10201b997a801c3
tion fun,bfab5be331e556d0
ction ca,573fa966155f860f
n be des,5148b7801e220b7a
cribed a,5a0ae22c8f1d7e38
s mappin,91a54bf7c73050d9
g a quer,843e26cfab3eae63
y and a ,49c5d164267c0b1a
set of k,b03d356f1eab8f21
eyvalue ,a1f68e94789e6342
pairs to,04847e1e58cb48ad
 an outp,77c896014e5c5303
ut where,5c0fe46fb993070b
 the que,ff500f2e75fd0b95
ry keys ,7e6d2fa898fe99e0
values a,a06773be53c68b37
nd outpu,865901fb1dac4328
t are al,97eddc9edf0c14b0
l vector,edd3f0698f53c57a
s The ou,9a6f9f3bd19ae566
tput is ,0334afe40b917694
computed,b296518380aaf029
 as a we,8f791b3da845657a
ighted s,9e3d33dde60e5da3
um 3Scal,1da92f7e5e4b3544
ed DotPr,161e1a919c950c56
oduct At,bfc7cfa607fc0657
tention ,3409ec04d6fe3642
 MultiHe,2fee1a4abcb5ac8c
ad Atten,a6002ea07bde1d19
tion Fig,cff0c4809e3fceba
ure 2 le,9a95fcd67bac4737
ft Scale,0db0bb3653f6a69f
d DotPro,c2bfe3c07175c84d
duct Att,911c60499dfd2edb
ention r,03ad1b4298a6d5df
ight Mul,746e7784cb46b2b4
tiHead A,7f903d2f4150de15
ttention,e69f1834259d920b
 consist,55664f66c134cc25
s of sev,3cb2fb74448ba1dd
eral att,234e76d12f550de1
ention l,548736704d99bb8c
ayers ru,53ee4a95841dbbe0
nning in,7985d42dcc59dd72
 paralle,b758422b0e5220d8
l of the,65370f14a2f6d12a
 values ,2f406b931cb5cdc8
where th,19fd296d3999c8e5
e weight,11f7615e372b93c2
 assigne,5c33a781049c9814
d to eac,b3aa0aa0b590a94b
h value ,7272ca2acbcda3b1
is compu,142e0cd09d16a89e
ted by a,329aa3357d4712da
 compati,f9a425622d598d66
bility f,8ab6b8285b28738e
unction ,02eba15fc1e90344
of the q,ff33cb7e56a3fa39
uery wit,b85a0a9d28eb0367
h the co,9a1a7086b68e4513
rrespond,4a9f4b86283927eb
ing key ,1d899a5accc515a8
321 Scal,046a0b7c280dd60d
ed DotPr,161e1a919c950c56
oduct At,bfc7cfa607fc0657
tention ,3409ec04d6fe3642
We call ,bba777948d8026c1
our part,7374d5ed8cb60b4e
icular a,f62f7b1886d392d1
ttention,e69f1834259d920b
 Scaled ,c57ed1e4001265fc
DotProdu,425e7fc7b5acc579
ct Atten,f3faa11b8d14434d
tion Fig,cff0c4809e3fceba
ure 2 Th,5439a1e499e035f7
e input ,bbe5e0fff38072c8
consists,3e8a59d71b484a0c
 of quer,329c20088652a011
ies and ,0d54e28e1bdbdee4
keys of ,2ea21d7b01d52d21
dimensio,06a632509646e087
n dk and,1359d8f9767e3d77
 values ,2f406b931cb5cdc8
of dimen,1de03a71fe7c0994
sion dv ,519e4e8350bbdd1b
We compu,db0c7247790d8498
te the d,55f91771e9729d00
ot produ,a4c7f6f569023e71
cts of t,822f98c28787fd7b
he query,4ec3bd59cf996954
 with al,f19414ce8ca51bd8
l keys d,b3bec9da69f3305f
ivide ea,45fa862bc16bdeed
ch bydk ,3297906a0c0fb515
and appl,ad54b5e40d274560
y a soft,94e2830f2532d308
max func,b88b19b6bf3564b4
tion to ,40da260451e23ce7
obtain t,a29f297eb14f1083
he weigh,8aae36c15b6c8b2a
ts on th,18fe2d9666aceb76
e values,0642de90d5615771
 In prac,f86860457a1bb958
tice we ,6544f3d8f650a655
compute ,3089f2eb286c9151
the atte,da7ec2e3345d9184
ntion fu,89224dcc78bd519a
nction o,af2e450b34ea6392
n a set ,ad13636a6c86b29c
of queri,d21ec1e016124af9
es simul,8949891ab2ad5cfa
taneousl,64c6beca63645b28
y packed,097489e967f4c52f
 togethe,d9ca510193f1125e
r into a,411b8e9bd5f15ff7
 matrix ,9616948a154e0524
Q The ke,b333e1b714749783
ys and v,cdf85a14078c0f3d
alues ar,3c11d7247e1bf9e9
e also p,4a2d7da880abadfd
acked to,cfe06fb5e5ad0db5
gether i,4cdc651591753dd0
nto matr,64d2ba4df6285e5c
ices Kan,f32ca32483e93c6f
dV We co,a8858b5e838602ce
mpute th,507fbe027ac1102e
e matrix,a10a9df112baceca
 of outp,ec242190d45b4edf
uts as A,95199fac26be0bb5
ttention,e69f1834259d920b
 Q K V  ,f6b60c692ed6e5dd
 softmax,9e04d78763f22aa7
QKT dkV ,3b4b15bb1e0d7e18
1 The tw,2aa406e1edfc38ca
o most c,8b85c7ec4ef96204
ommonly ,a8dc04c2b1bc4174
used att,a0c1eb57a9a4ad7e
ention f,ffc8f228a2afa5b4
unctions,80e2a53d72a13f18
 are add,2f3d5dac74224736
itive at,6eaf3ea06d7a82df
tention ,3409ec04d6fe3642
 2 and d,70acbff98be59cf6
otproduc,75bc94df43ffd105
t multi ,7176b11b9a6bce23
plicativ,5e8f5354d46b750a
e attent,29997e4266f962e6
ion Dotp,5ab9762e6541ef62
roduct a,d84e844054364ed3
ttention,e69f1834259d920b
 is iden,32bb2faca6e9f27e
tical to,689abf1fe25de2f9
 our alg,eb44dd0a01a039e9
orithm e,a6ce8cdb5b54b86f
xcept fo,6e5f8b1834397421
r the sc,5b154cfa44c7eee1
aling fa,33c6b19893c44472
ctor of1,6c2ccc7c39f49b1a
dk Addit,b602276cb9d867f5
ive atte,d0f3657900245f41
ntion co,2390ad626c10f23b
mputes t,062786bf3124ace4
he compa,c726e88ce654a7bc
tibility,cc7fd4f491ff260a
 functio,25c8d8e52515fcaa
n using ,9eb5fb5915ba36dd
a feedfo,2b95af2fc30e4f85
rward ne,0e0c8b758705f940
twork wi,327537cf610288a8
th a sin,a30c3d9ff8f6ba68
gle hidd,44fce1ce9ec37ee3
en layer,55e97a659c47e7fd
 While t,a50c6cf7a78a1210
he two a,03c8e42ca7dabf46
re simil,509333961d854b8b
ar in th,d9caa7a6727af03d
eoretica,46d5e30cdbdabb94
l comple,2c901606afc772f9
xity dot,090273119c9cdd5e
product ,1142f2c25614ddfa
attentio,c015514542ace686
n is muc,7621331fb8c23966
h faster,d5d8319d12a3cf18
 and mor,cc65e0dc350156b0
e spacee,ffd2551865b008d5
fficient,4b9b9ee6bb9a5d6c
 in prac,919b0cfb71e28a96
tice sin,0e038b573cccbc95
ce it ca,4ec4fadcdc01ba35
n be imp,29b94a27842e4c3f
lemented,3775d57dc24ac235
 using h,00ed599c659ca7bb
ighly op,7b1ae412b35c9c89
timized ,5bd28024c4929516
matrix m,1a2db102067c1fc1
ultiplic,b3c0c1b1cebeedf2
ation co,d80db20bc4f49e62
de While,b783f8f58802babc
 for sma,7ad7a5ddbefc679e
ll value,530c4c50a0a57c60
s of dkt,32376a1c99745481
he two m,f46167995aeb54cc
echanism,d23f96817cdf2d74
s perfor,906c3094302bffb3
m simila,e1bc72ff48028c75
rly addi,2989c7f3bb030f31
tive att,0ae50cbf0d7bc36e
ention o,8bbafbd739eef971
utperfor,b2383fb21bfeefec
ms dot p,1924eb242cb33654
roduct a,d84e844054364ed3
ttention,e69f1834259d920b
 without,549e5506fb07e41d
 scaling,e2d65793beb6b072
 for lar,e5c960554b7ddd8d
ger valu,f11828e8638c645f
es of dk,d32c598444a05f3d
3 We sus,a936765d58d2919f
pect tha,fc1acf0e765eec37
t for la,a0848eb292549557
rge valu,d617d66279adc5c2
es of dk,d32c598444a05f3d
 the dot,9508584a0d64ef78
 product,b60aaefc5efc5bba
s grow l,858a82bd69ab1e7b
arge in ,dc88dac027676ee7
magnitud,0169236ed6aa996f
e pushin,866019b7b7ec687a
g the so,48bad82e18b6657f
ftmax fu,9ee9d093c8b5254f
nction i,f8f5235a8b7759b6
nto regi,20efba05ce4e26c0
ons wher,4371a7be8d9d838d
e it has,98ede4f24999e961
 extreme,5b597f638641abed
ly small,ebbe44e35483304e
 gradien,127618b264b19fa1
ts4 To c,175d2b270f971e62
ounterac,2143b1716f5c291b
t this e,e45aa5b55ac988d0
ffect we,0a90d42eda46e541
 scale t,a2e9a30e47a9841a
he dot p,28c3e77453c60ccf
roducts ,ec54f4f1523165f7
by1dk 32,08030b974ed9afb8
2 MultiH,d9a200289442589c
ead Atte,b9f0ec80c06d0b3f
ntion In,51fed6e886704de6
stead of,210279050785b6fc
 perform,9ccfbbb40a6d680c
ing a si,adb66493063e3037
ngle att,d30eb7526b610364
ention f,ffc8f228a2afa5b4
unction ,02eba15fc1e90344
with dmo,898dc052379da94e
deldimen,b8208a6cff83fafa
sional k,bf240742e7822709
eys valu,b200d434dc87163f
es and q,54076c1cc5fbaf3b
ueries w,7150c790e473e797
e found ,4a3cd2bcd281cca7
it benef,9a674bce8bbd045a
icial to,ae5c3072f33d4e2a
 linearl,c805b9615180b2ca
y projec,78069f887d51b341
t the qu,8240bb09c06889d3
eries ke,09b67c249d35b877
ys and v,cdf85a14078c0f3d
alues ht,8245bab19f39163a
imes wit,2a75fbae2a438cf3
h differ,31a1c9d801276adc
ent lear,8bccd135b8bbb4a9
ned line,60de3b0baf72984a
ar proje,c27b215d7e9c5bea
ctions t,e47ec5de03db3859
o dkdkan,83c36a962d1447f4
ddvdimen,f270fb9a930eb03f
sions re,e99636928857c309
spective,cf9a22b2d842df3e
ly On ea,f9b98dc3b5830480
ch of th,e3033bc049be0599
ese proj,0c2910bd3e6d1247
ected ve,c3d03b2cf192f938
rsions o,43da71acbf61f45b
f querie,026dff9c083fcc9d
s keys a,65f0c1a702500a80
nd value,8bd062d43df7f794
s we the,5002118198fd2f8f
n perfor,423b800fb24203c0
m the at,d3e6795c0662f396
tention ,3409ec04d6fe3642
function,24602f167819e5df
 in para,44be14bf1968cb34
llel yie,af75d26779f33654
lding dv,cd21184d4d0f152b
dimensio,06a632509646e087
nal 4To ,759d91a6b04fb86c
illustra,5cb009c432669993
te why t,56db1a323b1fdda0
he dot p,28c3e77453c60ccf
roducts ,ec54f4f1523165f7
get larg,022edce9ef170009
e assume,5eee23e49161405c
 that th,44818c32e143f996
e compon,47f09c051f84ddfd
ents of ,debcfc32a00c3020
qandkare,67da696cc3cbcfd9
 indepen,fe8f8ef8d1055224
dent ran,e720bb97bb97fa57
dom vari,200d9653e746b5e1
ables wi,7911e9abc472180b
th mean ,5f6a8c0710f9fa80
0and var,700a3b48de6deac6
iance 1 ,f9a16adcda32fc7b
Then the,8e21980300c97531
ir dot p,c02cab29662db951
roduct q,2bffde599b4b762d
kPdk i1q,f1359d94c9885d52
iki has ,a8cf84162bb88f68
mean 0an,2669ee0b0c42bbab
d varian,6bd364d6cbd629e3
ce dk 4o,862793de849cb03b
utput va,ddd94ca886d1bd6b
lues The,06f05eb226dcf170
se are c,06cee5813a38e4e1
oncatena,a81d4b678d5277e1
ted and ,9091d61846675e91
once aga,1ec50eabc3dbb5c5
in proje,505271c550201fcf
cted res,e034d60816ffe0db
ulting i,5e9bb78b77e1cf91
n the fi,887ef318eb429266
nal valu,7f9b598c712c34c5
es as de,481045117e295e1d
picted i,46c4c50755c110f8
n Figure,3cd58b345029d4d2
 2 Multi,9ecb0e48bfed1fe1
head att,738bf4a4d9035a08
ention a,fd17f3189e4c82ff
llows th,4cdb6dd48385ef1f
e model ,32a69f24743b0b8d
to joint,f4be4ca4c6eb148b
ly atten,92c916510a963bec
d to inf,4e81140b3e69c3d7
ormation,a4a4f2058b581b04
 from di,6792732d25c62244
fferent ,9f07e380948ca869
represen,7359cfdf89c2b73b
tation s,c18c6077a764c422
ubspaces,2a8683478ac687ae
 at diff,e38b6b7a1ebfcd72
erent po,600172ee7d036af2
sitions ,5bcdab0da6cb67bc
With a s,02bc3e82d50e009d
ingle at,fc6f86e31d41f6eb
tention ,3409ec04d6fe3642
head ave,e3c681897416dd94
raging i,0ec8344be4f16fd2
nhibits ,c818ee78f1813fae
this Mul,e0965460a071111e
tiHead Q,fa3c6a2f92fa1193
 K V   C,d09c845f8f34fc48
oncathea,be79896762aa8441
d 1 head,78247467622dcd10
 hWO whe,2a19d029bb3fe521
re head ,e13c67e372896fef
i Attent,55f4ba1d46cdbc64
ion QWQ ,b186c0db73a894b4
i KWK i ,91eda586702ca874
V WV i W,72722f41da4f5059
here the,4c442e2354f4cdcc
 project,d8856fb8d1c1d2bd
ions are,ddf15d14fe4e0fe1
 paramet,e3d79ae57195c0af
er matri,581616e14b02a2db
ces WQ i,a0ffec878f917e7f
Rdmodeld,a09312596f0bad60
kWK iRdm,8638cdc323c28452
odeldkWV,825fbfc5b18f8e53
 iRdmode,e2ca7dfea66ab940
ldv andW,c13ff42eb43e4738
ORhdvdmo,212c471e0d949aaf
del In t,6c94f78c06ae6066
his work,61cef7aebb9ceca1
 we empl,247285112cebc821
oy h 8 p,1b8ee50b362920dc
arallel ,e08a68c7c98b2d03
attentio,c015514542ace686
n layers,584ab017a7058ebb
 or head,e9515f30ea22aa47
s For ea,95a10f6de70e37b5
ch of th,e3033bc049be0599
ese we u,03e3b2e02c0e03b4
se dkdvd,0b3fa408a5edd1dc
modelh 6,95e9632f1a723ad7
4  Due t,9bb8eebf9d82c53f
o the re,6c9f990e927a0e16
duced di,2217a0126691f3a4
mension ,f2d059a5d0224d08
of each ,d0c067d758a7d6bd
head the,a47bf44e6f5569e8
 total c,e605b8cfca0313f5
omputati,87fd676cb5658ba3
onal cos,240ef222f5864143
t is sim,29a23eb81720d3f5
ilar to ,db0530a824e1a809
that of ,dede88077b5e5e84
singlehe,31f996cd931e569f
ad atten,d3b556233c2b41fb
tion wit,e3718a77e7fa029b
h full d,e316ba2755914fa6
imension,7af99f7f50f24080
ality 32,79b4ebeb30602f0a
3 Applic,e4c0a74acc605535
ations o,0943810867a5580c
f Attent,b639c73275ee2774
ion in o,435f0edf7b640c08
ur Model,0db574424f96b7b0
 The Tra,68913a9161c81573
nsformer,256559e8294a9fef
 uses mu,05a841b89967a9e1
ltihead ,66920a1092571a65
attentio,c015514542ace686
n in thr,03628f0616d95254
ee diffe,19a494cc839ce374
rent way,5c207c10b60b200e
s In enc,576ab2111b535475
oderdeco,aa74e488cb06d436
der atte,5668195e52d08b96
ntion la,d049714cb80429d8
yers the,6a413ab9a779daca
 queries,c742143e349ef6aa
 come fr,9ead423e54685798
om the p,a4b41138dfbb8349
revious ,93b0b9ba939858a8
decoder ,1fa547f6eded80c6
layer an,f502f37d874623ef
d the me,93ce2a92f4192833
mory key,baaf10e852425df3
s and va,5f14b7908beeea4a
lues com,700c7bfc201447e4
e from t,64a40d256dd46338
he outpu,d261d071b9fcb391
t of the,659a0e80f084a5ed
 encoder,51b162dd5d89f123
 This al,a797359215395493
lows eve,3ec5a25060ac85e1
ry posit,f2c5389eace2d80b
ion in t,e7b989bbeec0f4bb
he decod,fe7a88955d657722
er to at,2b48f60745d4c3c8
tend ove,627cc4eb816c3f72
r all po,df6bc59be1bec812
sitions ,5bcdab0da6cb67bc
in the i,aa4c2aedc258e3a0
nput seq,096b2bfd27bbce07
uence Th,e3f8f26b35ebec25
is mimic,3c0693c34f12b1a5
s the ty,284a1a80b09c16ed
pical en,43e36a5ea076549a
coderdec,5876c021c5625e78
oder att,f40320de6c6adde1
ention m,c594b5e7dc46042f
echanism,d23f96817cdf2d74
s in seq,80d305bd8976ba8d
uencetos,ea3f3a0cbcc363d1
equence ,822b6068c0c99df2
models s,30555a35864207ff
uch as 3,bac62d033f0f7780
8 2 9 Th,0c7dc2f813e09cf5
e encode,352bdb9495854121
r contai,639b7e6d64eae1f7
ns selfa,dec199b2dae5bca9
ttention,e69f1834259d920b
 layers ,e7d149b14bc76abc
In a sel,6d92b16c094de3df
fattenti,a443e65a94df94ba
on layer,d1cca74737ad6982
 all of ,b9cf7a50c8d837ad
the keys,4f903b8c0f5c3735
 values ,2f406b931cb5cdc8
and quer,86ae082cc49d6470
ies come,9b08cd0d32163b5b
 from th,bde3ce82784c7539
e same p,5ea592fc56786ee0
lace in ,fd5ada936b059758
this cas,3b40add7d996cdf2
e the ou,8415c467466da1b0
tput of ,e270d0f8bdf3ce13
the prev,00793d278e1e6a0c
ious lay,ee719bffd876f3de
er in th,3eab0c928543ba2d
e encode,352bdb9495854121
r Each p,bb450a622928105b
osition ,be135c5976b04cfe
in the e,9bebd357fdf4efbe
ncoder c,3b025abc93c2913e
an atten,8fc4eccc597dc36e
d to all,815ac4632287034d
 positio,fe5ffd1c685fd4d0
ns in th,836d4f262e8e624d
e previo,c4a0522ec47bcb3d
us layer,1578f98d636f28e7
 of the ,c1dc216abfdc90fd
encoder ,f05ad29c69f5cfba
Similarl,17e54a60fe903e1a
y selfat,12c18c1fddc3768a
tention ,3409ec04d6fe3642
layers i,bc90130ccc954870
n the de,c654b72770766134
coder al,c56c2940961495bb
low each,b8fcde148a5a7434
 positio,fe5ffd1c685fd4d0
n in the,2342ba04ba28a475
 decoder,d17c23ebdc77aba4
 to atte,65f139407413a911
nd to al,520b572a418c1a06
l positi,5c3f359af3896fa0
ons in t,687863601f4044ca
he decod,fe7a88955d657722
er up to,5a7b11cca73b0527
 and inc,4412d606617fe8d6
luding t,11385dc1b420330b
hat posi,0299176744639dc6
tion We ,6f1ad3bdd96c8cef
need to ,71735844b8e8e411
prevent ,3b97750d0f5ff3d5
leftward,b7337af3d0a2fd31
 informa,37d753ace5926300
tion flo,0538d502804bfbe5
w in the,737e3ab922320735
 decoder,d17c23ebdc77aba4
 to pres,c8a09ed2d7a17b0c
erve the,01198e2df1bdbb7d
 autoreg,7f25cdcf4f727c15
ressive ,2816790ab37defde
property,b8b8fe4eb68a5970
 We impl,8687d4efc32af33b
ement th,15ff6607c8355cf1
is insid,c70f024b104158e0
e of sca,1a9ab195535641ea
led dotp,548322146848c9e6
roduct a,d84e844054364ed3
ttention,e69f1834259d920b
 by mask,660e28fa7f95b8de
ing out ,b2ae9ed063c14d84
setting ,970ca99fd24a7fc5
to  all ,345a10079a42c31b
values i,60228b8cdf5a85be
n the in,645a2d8b868bb0a3
put of t,dafaca4bb0cf8eba
he softm,74720b46557fc0ca
ax which,bfc57d93610207bb
 corresp,54b73766f1067002
ond to i,ee18bd78c194972a
llegal c,a548cfc8f2ad7b80
onnectio,23b04a15cf0f9dd3
ns See F,e2753080783b37aa
igure 2 ,7de058f454a2f3a8
33 Posit,99dc2f8cd1736c1b
ionwise ,7cfe9085370ab9fd
FeedForw,807db7b942a4a7e7
ard Netw,3a92450dceef3498
orks In ,b5c96960991658bb
addition,1e74c844d7dbec05
 to atte,65f139407413a911
ntion su,5d0968ff0d6dfc09
blayers ,d94403386a96a50a
each of ,24829543469bf43c
the laye,ec3e6e8d659a0fe0
rs in ou,ade3521fae87c97a
r encode,1a4851277ee43a6a
r and de,600b53b4e1d19f96
coder co,1ab975f6467b169c
ntains a,a695efd0c498cb3d
 fully c,787d9e38e6295135
onnected,a5b3333ffd106fad
 feedfor,934a208f0ab9e832
ward net,d4729e2dafe27995
work whi,413c551814ea4d3f
ch is ap,a30aa5e29aa5a3b6
plied to,0ec91890177ee824
 each po,2992c09eac3f8f56
sition s,1461db222d5c9141
eparatel,e88f18f80dcda270
y and id,1255157b1844fb26
enticall,651430acab20ce41
y This c,8a06e1c517fe6106
onsists ,c26035839bcb7895
of two l,e1259b4ce455c9e4
inear tr,bcb47b192f1085d2
ansforma,4dc776cbe2cd8a05
tions wi,78821706b9b8eb63
th a ReL,926a95ac88d92684
U activa,b05a80946b30d84e
tion in ,327b7dc980f5602c
between ,cac1145d42072b63
FFN x  m,0c0ec7a9635bd521
ax0  xW ,f7a586f0b654435c
1b1W2b2 ,d55c3eb0b1de1556
2 While ,a47c687bd786ba6a
the line,6cb10810179034d6
ar trans,c39b10134704f81f
formatio,798a62f667e27342
ns are t,aec806d970da1660
he same ,e4e8a55d01a4e8d7
across d,727cb742ed6fa288
ifferent,67735b921f3f3268
 positio,fe5ffd1c685fd4d0
ns they ,b43435d6171f26e7
use diff,8136bb144d2aeebc
erent pa,2aa1612815c877a6
rameters,a9fe594c6f585575
 from la,2fd318c78b647c4e
yer to l,56f303cd7cb10183
ayer Ano,1111c9bab012f40f
ther way,e1168aa98c543ff9
 of desc,2394757ac1227487
ribing t,3181a7f0e6364e45
his is a,bbe83ab49a5018b9
s two co,b8a5cf5aa840208b
nvolutio,d30ef7997886400c
ns with ,f5894ff0ce18cbb8
kernel s,a4a34d85661af10f
ize 1 Th,9fee3b3ebd8a8245
e dimens,5b786ef664651731
ionality,0e46337d79f9f29e
 of inpu,6d188936379ca381
t and ou,41d06ce43d3dbbf4
tput is ,0334afe40b917694
dmodel  ,665c065d47d29e72
512  and,0856d5c5f40df5b1
 the inn,c2d87b38fbc4e42a
erlayer ,1efbd5a58d0bf0f2
has dime,4f9fb878354e6b57
nsionali,65473e4a1cdaf4e8
ty dff 2,e73b2b7cd09fb71b
048  34 ,d21d4d95528ee73f
Embeddin,667ab54c8480b1ab
gs and S,6bd2a692740bda59
oftmax S,159089abe51cd523
imilarly,75aa669de86eee96
 to othe,7c528aef91456f7c
r sequen,6827f8a937d6c29b
ce trans,3b5eab9add595914
duction ,9f847b9e3e3b04b3
models w,9460ef92dca250e8
e use le,6883300ab82229e2
arned em,81344cfd95ef3695
beddings,85294c009a1364eb
 to conv,68dea67996d860a2
ert the ,32ca00d2a0b499e9
input to,d7f6c0fd8f616982
kens and,2a9c967d24ae0842
 output ,5b9bef9eb26263d8
tokens t,4887de1a4df84372
o vector,5e65ea740382c7c7
s of dim,a9d73589d1467bd4
ension d,bca1a8135fc7da0f
model We,efb07031d58e9673
 also us,94797320cedeb802
e the us,4b6115204fb7cf66
ual lear,e3528db33c377787
ned line,60de3b0baf72984a
ar trans,c39b10134704f81f
for mati,a76a8eb192c771f4
on and s,28b3d65272c43712
oftmax f,8366a7f08bcbbc11
unction ,02eba15fc1e90344
to conve,8bf71fdb3e1d51ab
rt the d,b2b937ca5b0c6e69
ecoder o,ca06d81f0dc7970f
utput to,5a0e3470ab56e908
 predict,d96a9172489247ee
ed nextt,12bda6ae68db0ce1
oken pro,b73980e67275895e
babiliti,e304c0c1aa590c0e
es In ou,ce39673c359b5204
r model ,b9a4f2a20de47134
we share,d36fe97efc8dc3d5
 the sam,5adba5d074664108
e weight,11f7615e372b93c2
 matrix ,9616948a154e0524
between ,cac1145d42072b63
the two ,7f813dd7c1b7562c
embeddin,de0b1305e9f9027a
g layers,aa7eec85126cae2b
 and the,902f2eda6d91ec78
 presoft,d6145df126e94ab6
max line,1256e574580fe6d7
ar trans,c39b10134704f81f
formatio,798a62f667e27342
n simila,19643c1492605b14
r to  30,054b2a95f5e81592
 In the ,9f1431e06e2e104b
embeddin,de0b1305e9f9027a
g layers,aa7eec85126cae2b
 we mult,753a0b9bcca9873f
iply tho,878890f742278d5e
se weigh,29a8c12fbab4ab63
ts bydmo,588f49887ca9a6e6
del 5Tab,626d0077e39aad5b
le 1 Max,0f16826aa0424f57
imum pat,50c6e3111d834412
h length,eb42448dd1b20799
s perlay,321e8cdae7771800
er compl,40afb4615b32c1b0
exity an,0597deec82288293
d minimu,9031db377fb1da7e
m number,fc985bcbc363f711
 of sequ,534c619995df9b79
ential o,f5bd45f1633e312e
peration,713c6dbd68cd13fa
s for di,4c1d090186e61ffb
fferent ,9f07e380948ca869
layer ty,99786ba5c0e6c91a
pes nis ,ada6288b41ed92a6
the sequ,23885329c897fd43
ence len,58460315b61356e5
gth dis ,639f4aeef3c54e16
the repr,ad03fdfefe836f42
esentati,a3c59aaf8d9b9227
on dimen,80bf707773e4556b
sion kis,ebd6ab85ec13c7f4
 the ker,c5c507af6f714519
nel size,e243ce169d8e693f
 of conv,be0333255d97a60c
olutions,d9b461602002380b
 and rth,6008e41f938ce4cd
e size o,121b5bc0aa93484b
f the ne,9f176d339745b72d
ighborho,f368680b77b29916
od in re,13db301b7cb26547
stricted,50955702c77014ba
 selfatt,aec59a1efc8260ad
ention L,dc63d4ee44f3b447
ayer Typ,a378e474809d03fa
e Comple,91627f6f6d5c55ec
xity per,9e2951fbcf26f065
 Layer S,3a513ee12ba7f5d2
equentia,8be4d7e241051728
l Maximu,f78d7bad8d38e752
m Path L,63a282109de16826
ength Op,7346bdb189527217
erations,55ff532109bfe8aa
 SelfAtt,732084a6214e8b36
ention O,275599ea064b4358
n2d O1 O,bb1c9e72324c10fd
1 Recurr,c02def128a449edd
ent Ond2,36461b40e28c529f
 On On C,6945753ca084c35a
onvoluti,3eb6de6c02055166
onal Okn,8356dcf74ff7cd17
d2 O1 Ol,451b31feb2876306
ogkn Sel,fccbfb88a88abd29
fAttenti,859a652acfdea84a
on restr,fd8f6a3731b0878c
icted Or,62849bee034a1e11
nd O1 On,8bdec414cfccea7f
r 35 Pos,448f202e7adce1c0
itional ,70e524b6516e4aee
Encoding,e4952814531930df
 Since o,d73a23b7e598c4d6
ur model,ffd9fe85c2eb9d7f
 contain,1449f54d10d39077
s no rec,f5b52145cc8bf5f6
urrence ,873ca4f727cfd140
and no c,f15f4800eff95b0c
onvoluti,3eb6de6c02055166
on in or,5ab13bed7949ed14
der for ,cfad9e9bbdfd08c4
the mode,7d25de53a5977c5f
l to mak,84c6d0038d5dc506
e use of,7fa686f2ee4ffc32
 the ord,4b044258d2e64af9
er of th,772364d01ce9f2f8
e sequen,b7d1de69916d7375
ce we mu,663d734dd80954e5
st injec,ca77942f078d2afd
t some i,281bb33f26518b6b
nformati,06248e7c3e943527
on about,3c319312b825c07e
 the rel,32c153ab80b50b61
ative or,ab26c43cd9cf9ec4
 absolut,c9854e662d9de439
e positi,2a3b3952fcae99d3
on of th,63c7d9cf4019b23d
e tokens,1f595a27d72645ed
 in the ,98b0f46de03e1ff8
sequence,658fb9d21ca7eb92
 To this,85af44dbd4391b83
 end we ,fd595e3b847446a9
add posi,47220dc8c833ea88
tional e,e9cdd3d85611182c
ncodings,bf4d0a19952e9aac
 to the ,3bc3c92f53042411
input em,319efc38733180e9
beddings,85294c009a1364eb
 at the ,a894a4daf95e0279
bottoms ,d3a1ad8058038dd2
of the e,262308bcb40e9a2a
ncoder a,1bf73e4f88195b32
nd decod,5d84d7b1e5f69003
er stack,464118dd9f6ba6ca
s The po,fde2b18090457ced
sitional,7387c563f3ccd85c
 encodin,142aa00ea99ab8b8
gs have ,57540054aa8504f8
the same,b4d1c1dc43113014
 dimensi,6df179dd21d19dbb
on dmode,a9ae20b8aad6be5d
l as the,bd4f4ed48942c9ba
 embeddi,aa39a0e5dde7017f
ngs so t,777ca129aca0d2ce
hat the ,6964ebed97aace48
two can ,be203ec5a9baa09a
be summe,e1f1db3066de4717
d There ,f1507ef90ed9aafd
are many,86442bcc6d97798f
 choices,7264bf74b41640e1
 of posi,7be1469678e8419c
tional e,e9cdd3d85611182c
ncodings,bf4d0a19952e9aac
 learned,94dc63bc91f17106
 and fix,4718a0e39a944fa1
ed 9 In ,031f68a9626c3588
this wor,0c5b21ad67a4984f
k we use,67f883e200b8f1a7
 sine an,83caf6ca03109ec1
d cosine,735189c513348a56
 functio,25c8d8e52515fcaa
ns of di,36af2edd16139c3c
fferent ,9f07e380948ca869
frequenc,ec7129b17151987a
ies PEpo,748c01efddc17460
s2isinpo,e7d2aa5191e3ab06
s100002i,1088ff5f08d1e7be
d model ,633b693c5d500d64
PEpos2i1,57d512fb9f393c3a
cospos10,250e0c90058072a8
0002id m,457f72e46c95483b
odel whe,b8fbc6ad549b0c81
re posis,52fa21565674b9d6
 the pos,a6636ce54c142b9f
ition an,fbde3e061763a2ff
d iis th,347cb81e3ff19ef9
e dimens,5b786ef664651731
ion That,4a1e33dd075ebcc6
 is each,e0bd6ad189c9d378
 dimensi,6df179dd21d19dbb
on of th,63c7d9cf4019b23d
e positi,2a3b3952fcae99d3
onal enc,1cbb53803feb4320
oding co,5146a94577628f3f
rrespond,4a9f4b86283927eb
s to a s,a8f42d965caa26cb
inusoid ,576d434a23996ec5
The wave,7fe2077871569807
lengths ,8914f59e393abcaf
form a g,a0c4f35b68b7a99b
eometric,77114a4a04a5d275
 progres,490b169770c091b3
sion fro,02e252c0408a3290
m 2to100,d2c17d48242dc8e1
00 2 We ,19bead34f3fc2d6c
chose th,bdc9f9bc082dacdb
is funct,773d7feebe2a890d
ion beca,ec0eb564a00fe37a
use we h,71dc9402df3453d1
ypothesi,0781e13918d213b2
zed it w,cc993090db26b480
ould all,e3cfa4939f74f0f3
ow the m,cfd9361ad413eaa6
odel to ,c06d41d5b4b8160d
easily l,8b60bc746dabbc65
earn to ,595bf7e94c3df94d
attend b,8cb938f1ffd0f891
y relati,a27bc8852554f37d
ve posit,845d8cf82d94c102
ions sin,35def12a1e8f6ba8
ce for a,f31881fce21e547f
ny fixed,f6e0676d7821b585
 offset ,74460569b2341a48
kPEposkc,071efd1040e0d3c0
an be re,85d22564eaa07e35
presente,fe3e600f8d7f6518
d as a l,dfe00bc32ec305a1
inear fu,c7ba4e21732e0ca0
nction o,af2e450b34ea6392
f PEpos ,50ba0c4b0e699e00
We also ,574f0d54041068fa
experime,c1bc374738428b0e
nted wit,c57ad7d9fcd7f5a0
h using ,fd8334e5f34ff30a
learned ,07b39b64e50a1ba2
position,cb52beb8bd24411d
al embed,b464967617858e96
dings  9,09654a3b5537e9d5
 instead,713cd007300af4ac
 and fou,a1d97e05ddb4921a
nd that ,1d55c10aa2cb0a29
the two ,7f813dd7c1b7562c
versions,17657c4f5d21950b
 produce,331b610cd63df016
d nearly,dadf048cce5953bc
 identic,dad5ba34588d9d28
al resul,3205c1c80c7cfccb
ts see T,bf40323171ab51ec
able 3 r,a79475f8d732c777
ow E We ,8f47244f78011c9a
chose th,bdc9f9bc082dacdb
e sinuso,4c104b055e0c80d7
idal ver,ddbb06f2de0cf935
sion bec,d1db1d675e1e615b
ause it ,f59b4ce7e2027c78
may allo,7be653a7d34169fc
w the mo,9be748396c669f5f
del to e,e5737c76cc001278
xtrapola,5383418246536218
te to se,e373e20fa5aa7196
quence l,901bd6eb37927d1e
engths l,4c114caf392c9cc0
onger th,d6989fda31d44efb
an the o,86427869e6ec554f
nes enco,136577e365ba0b27
untered ,afc00420021b98b0
during t,49155a0397f93980
raining ,cf819807b5db4a77
4 Why Se,5b75f75281d07817
lfAttent,191b8522a98bab05
ion In t,ef294ba5bd6fe76b
his sect,2af80de4372f1cc6
ion we c,34bf63823a8245f8
ompare v,cc907939ced779f9
arious a,0a3e6bbabbbb967b
spects o,08a0f179a82185b6
f selfat,aaaa260f748c6fa8
tention ,3409ec04d6fe3642
layers t,c232734aa7391b6c
o the re,6c9f990e927a0e16
current ,40b70737dadc3415
and conv,46afbb7632033b46
olu tion,22f1898c36af684e
al layer,f394ec7dc6f03b29
s common,0b61cae085886535
ly used ,cae85013a9576f63
for mapp,6ffabb1674846006
ing one ,21fc6449f70b249f
variable,fb9cf30ba06aa930
length s,60af17d96e32bc7d
equence ,822b6068c0c99df2
of symbo,ac11f661919a4b40
l repres,48eaac910fe1efd2
entation,31745c72d39319d5
s x1  x ,8453afac6d465e79
nto anot,f20ef1078b30f43a
her sequ,a3fec363056bd26b
ence of ,024587c3e46a5c28
equal le,5371b1717d56b5fe
ngth z1 ,bb86a5dc9f7ca395
 z n wit,38142117add089b2
h xi ziR,1e67db391259429e
d such a,e2bcd58d901861dd
s a hidd,516a63b0af0e8c60
en layer,55e97a659c47e7fd
 in a ty,ee207ca106c6f9c5
pical se,e2295470bc936d86
quence t,98a930ef74ca011b
ransduct,9edb19bd07bbdeca
ion enco,5ae1596c39b696a4
der or d,2debfe62743c05b7
ecoder M,c488f036ca072f9b
otivatin,fb6dd265e969e62e
g our us,6218656a0ab98ad5
e of sel,477f32d3e1d086ac
fattenti,a443e65a94df94ba
on we co,6a35738f7cda470c
nsider t,8439d3d74f04cbb6
hree des,0b4139180aff6885
iderata ,9bf5eef066a80dee
One is t,2faa863682b0b31f
he total,20d53c9392ddf901
 computa,d1a8372a63d1bbb0
tional c,69b5a16d64e013d4
omplexit,a6a0e49853d792db
y per la,e2c04f7521cc87b9
yer Anot,98a0999a38e98f60
her is t,e9c7ddca94bd6611
he amoun,018c65053f82b065
t of com,01320e41d2c63560
putation,2f323a9c70ffc9af
 that ca,bb559c16c3089425
n be par,401454a09dd3aedc
allelize,8436b4f361f0eef4
d as mea,2e40c5fbfb1922f3
sured by,6d252eb60b8ea727
 the min,1d8366d1ff222829
imum num,de6eef2cc58a0d09
ber of s,c96f8bee406d9889
equentia,8be4d7e241051728
l operat,ca004d2465b2347c
ions req,369c4e2cdf39f2a0
uired Th,da03e46e5263f24a
e third ,fd22f7735a197ce7
is the p,cbbeded078021440
ath leng,3e261a4e5c2fc2e9
th betwe,245cf73a4cbb9648
en longr,4cf3d78bdf3dac94
ange dep,385170e1d4306f1c
endencie,310017ec7e61fd19
s in the,5a21ac34a47968a3
 network,25a29fc988f88008
 Learnin,0f1c6cfbb1561196
g longra,1805152fc81a8504
nge depe,c5a17b22bf1f4849
ndencies,81d0bf8c37ccb03f
 is a ke,62fc701becd8cccd
y challe,d6db31fef7b5a2c7
nge in m,25e3b65bab151246
any sequ,aaf4fec5943a3536
ence tra,f0ebe697b2354b77
nsductio,7f2383246dca3906
n tasks ,ee665209fbeb393d
One key ,0ee415066aaccfda
factor a,0dabff731abcc8be
ffecting,7f59726fe376a7ad
 the abi,67999dbdbf4daac6
lity to ,855879d6618eb5d7
learn su,1f262a6d6551cc47
ch depen,185fc5c92d0165ab
dencies ,ca3ee9c3a59733d7
is the l,291624ddbcaf485a
ength of,c4e7997cf0975bed
 the pat,5389270cb6aacb20
hs forwa,6bc0dd8f5a1c38a4
rd and b,5df2f7e47d3b8d8a
ackward ,3529814840709d7f
signals ,956bb21f673a361e
have to ,709cfde283ec9e44
traverse,ab8354369e71769c
 in the ,98b0f46de03e1ff8
network ,f9445ecfd34256da
The shor,ecaf91fd69ca8a8d
ter thes,271ce3038bad8304
e paths ,4cd8db5297098ec8
between ,cac1145d42072b63
any comb,128066f095584619
ination ,a55d09c49b69bdcc
of posit,5ee8131ff2544967
ions in ,1a85552aa72ad3b6
the inpu,8c5073a5b27ea595
t and ou,41d06ce43d3dbbf4
tput seq,2a3b13d3eadeff3c
uences t,0c9bd47821ad1e91
he easie,e18d2e21a3ff0831
r it is ,0c680420a6e425b6
to learn,75fc3d9f16fafcba
 longran,c9b6ad86d1b1c1cc
ge depen,e463a59e5d2dcf0f
dencies ,ca3ee9c3a59733d7
 12 Henc,5ca7e25bf643b2d5
e we als,c0051cb3991146d7
o compar,f6b464d2166c79ee
e the ma,830a92c55e406029
ximum pa,9585e681baa55d48
th lengt,fcade1ffec43aa0f
h betwee,6b63777b65a9e707
n any tw,9785ccd46e4699fb
o input ,155bb72459e00314
and outp,0cb1da7782636a45
ut posit,11be38b5bf4e93de
ions in ,1a85552aa72ad3b6
networks,0edaf8670ffb50a4
 compose,0bb643f97e37745e
d of the,7e9e8b02f4df66b0
 differe,8964bd44f6d19d62
nt layer,c9665bfa918aad99
 types A,b31f6a3a7307c7f8
s noted ,f99913895c016eee
in Table,f42203c74452b70c
 1 a sel,f9b9687aadfe4b5d
fattenti,a443e65a94df94ba
on layer,d1cca74737ad6982
 connect,f0087b3e86bb8541
s all po,d71d70d5a792538b
sitions ,5bcdab0da6cb67bc
with a c,5f02a2e65c29190d
onstant ,5e20f86290f2a88a
number o,e4cbb31db4bef0b2
f sequen,23e255945a2353a6
tially e,dc69d6e301b31c3d
xecuted ,a872064fe5155c32
operatio,b87d5d60e4c96fe1
ns where,4663ede04fb52bb9
as a rec,56008cc2a4b4919a
urrent l,049f6686fb701184
ayer req,7f5aee944d612173
uires On,d85f94ffa34e6794
sequenti,365fb4ed8d2a776d
al opera,b1e0601cca558ad6
tions In,d2c85cd2c938f21d
 terms o,e83ecaaa759e8764
f comput,9777cbc2c98a108e
ational ,0b02910f08fa570c
complexi,92cdb8fc80a5ec6d
ty selfa,91732ae4f4f0c6cd
ttention,e69f1834259d920b
 layers ,e7d149b14bc76abc
are fast,f207b998f598b136
er than ,79755f5ffe2dc4d7
recurren,96313656c68a05ea
t layers,10f46dc402bb2790
 when th,692779f8a3e6b35b
e sequen,b7d1de69916d7375
ce 6leng,f7327b7bafcac6d7
th nis s,c561445276322231
maller t,82f4feeb01d73821
han the ,a6411ddbd9fdd606
represen,7359cfdf89c2b73b
tation d,a0d45a4989482b6d
imension,7af99f7f50f24080
ality d ,dc0974d5ecc66976
which is,2aea35f5f840aeab
 most of,28bebe69eeeed12b
ten the ,6e9ce54aafb96a6d
case wit,38022af8dd25492b
h senten,df4bb19fd0180abe
ce repre,7a34962cb09b7432
sentatio,1c9bd953940700b8
ns used ,ed5f942e31b309e8
by state,2b7f147a04d07915
oftheart,f27172b6ba9bf639
 models ,f00456bf84aae637
in machi,597f7d4a2f04d4bd
ne trans,6f3ffe0e36e5c73f
lations ,0ce8a04a673ef88b
such as ,b7216322f7ea04fc
wordpiec,4c2d57d41966d9ec
e 38 and,5032606c364d8036
 bytepai,11282796d496bb4e
r  31 re,feb064a9ddafed61
presenta,a70072e825b1f143
tions To,2d183bf84652ffac
 improve,56caa7b0d89b7988
 computa,d1a8372a63d1bbb0
tional p,c159f54b85d69912
erforman,b7234fd70c90b9ca
ce for t,01d4fa24ecabad30
asks inv,3bc5761715c85065
olving v,b9f0e3574dda92f8
ery long,d7a077dcc3e2ab09
 sequenc,bec16ac0f97df2ba
es selfa,07f9af9d1bb43bf1
ttention,e69f1834259d920b
 could b,19479d1047417cb6
e restri,05feb58d5c87fa14
cted to ,8ba80198b521b051
consider,a151c42d8bb111af
ing only,d2151a0b7989698e
 a neigh,778533c25484da27
borhood ,60fefa1a3bdcee73
of size ,29065e9998583573
rin the ,4319740e1ae593cc
input se,358ba72b1a577f67
quence c,4cce74b32aecf131
entered ,6dec44834ae28d4b
around t,30dbcc2a3774b677
he respe,fa1516f6fe3bf508
ctive ou,de0507c350baa1ab
tput pos,6bf3586d509818e7
ition Th,7a4e7a9e9ed2f68f
is would,49187615b643aed1
 increas,4733ddfdb053eeaa
e the ma,830a92c55e406029
ximum pa,9585e681baa55d48
th lengt,fcade1ffec43aa0f
h to Onr,aae5f0ec72c30691
 We plan,50eedd4f9fd509ed
 to inve,8c91eff2ebeb4149
stigate ,f73c35f09c68ec8f
this app,34f024508c1cba44
roach fu,aff34164f23eee77
rther in,2878f08a3661e975
 future ,57596584cca01de8
work A s,a056de0f5d5d70be
ingle co,56d56a22c6bdb114
nvolutio,d30ef7997886400c
nal laye,7c2aa90afb14e5fb
r with k,c8176297b42fedef
ernel wi,89b76f2728a45345
dth k  n,e75d1039dc948800
 does no,e21c06d1b0d96990
t connec,a9cf45e5c0067589
t all pa,11276c47a877ed41
irs of i,430558b6fbf054a9
nput and,878fe64f54c54c1b
 output ,5b9bef9eb26263d8
position,cb52beb8bd24411d
s Doing ,784a7c84a10529a3
so requi,a360981decb3f299
res a st,63aa95140368ccf0
ack of O,726e5c927500de0a
nkconvol,29dc2964d34d20be
utional ,cfcd17619eb10654
layers i,bc90130ccc954870
n the ca,2f13aaaffa06f0e0
se of co,94d826ef611e800a
ntiguous,35b7c6da81739e56
 kernels,0dd5c13375a2e1ed
 orOlogk,3635880a8f700538
nin the ,5b98e98b2f56ecc0
case of ,6cf5eadd1466fa69
dilated ,bb954533944cfcac
convolut,9d85c9c9e9809a4d
ions  18,b212528c727e451c
 increas,4733ddfdb053eeaa
ing the ,b9074cb38641aa53
length o,0b6ac553d9397341
f the lo,40bd79b9a48f56de
ngest pa,62ee671b527ac752
ths betw,b96fd210c4b680a6
een any ,fc4ed0958aa39784
two posi,ab4175220d3b335d
tions in,64d9bfb8e933fbc9
 the net,e42029d8851cab8f
work Con,4ba22874a171cd32
volution,ba3100933d953420
al layer,f394ec7dc6f03b29
s are ge,e109db2b82afd40f
nerally ,4ba99554e7db672a
more exp,ec105efa3f63a24a
ensive t,a0b10542fb9784bd
han recu,3332036ec0fdf89d
rrent la,4e52b35fb07c1003
yers by ,ca1f0875a88a6a6d
a factor,962695b91ceb14e9
 of k Se,8825377460b16266
parable ,91c49bf40764bb4d
convolut,9d85c9c9e9809a4d
ions  6 ,d1a484df9ae1670e
however ,9fb52fab87f8810b
decrease,8f9d19e72a2a27d5
 the com,33617ba35ecfcaa1
plexity ,a0c894f4724d4e53
consider,a151c42d8bb111af
ably to ,6f8633581b2225f0
Okndnd2 ,24ec9346e341100e
Even wit,d8ac8e0289a0613f
h kn how,041b2052fbee59c0
ever the,f04ce089f6a41595
 complex,c7e0efcd3243568f
ity of a,53a08d46bcc39268
 separab,5009f09139f8f011
le convo,40a55e3e82993fe7
lution i,10902dd60fd4fd12
s equal ,293aee9c85781b28
to the c,c2b184d03c0e36ab
ombinati,2a143b60bcd715bf
on of a ,e635a2d03e51f04d
selfatte,1a451e80a9b734a9
ntion la,d049714cb80429d8
yer and ,1d923039d37369e4
a pointw,c0a9343793b9b4a8
ise feed,453ee7548df46e72
forward ,99d976bfd48b060f
layer th,82b12d52546d6044
e approa,849cb005c693d7ba
ch we ta,b9d3caf448a18e4d
ke in ou,6fa76a6e22bf35c4
r model ,b9a4f2a20de47134
As side ,c798724aa50ec7cf
benefit ,856edac0f03144ce
selfatte,1a451e80a9b734a9
ntion co,2390ad626c10f23b
uld yiel,f51ccfd4c871a0d1
d more i,3857b74e0cc1a4bd
nterpret,32fc6d9d6c0389fb
able mod,31882c63e0e64bc3
els We i,1b8d39a1e87110f8
nspect a,4fde2798079e4473
ttention,e69f1834259d920b
 distrib,e75baa31b3b9a045
utions f,958936823f43ce46
rom our ,e3a77a6802edb690
models a,79286884d7088935
nd prese,2640e0249011f465
nt and d,9cd2ec3ec0d11115
iscuss e,3df5284a97b17173
xamples ,e3bb445083d98132
in the a,b5754e0dc5a90d3b
ppendix ,a9a43b5d671242aa
Not only,3d519e78fda1588d
 do indi,4665ca77d21f44d1
vidual a,0311de7b5a0ee1bb
ttention,e69f1834259d920b
 heads c,41627bcfd3bc9766
learly l,6c3026f95781d353
earn to ,595bf7e94c3df94d
perform ,6c68c3985d3b33fd
differen,eb60e003d8b2e630
t tasks ,58b4f2578b0cccea
many app,a88d6a9b4cccb841
ear to e,914205189a1ad163
xhibit b,d6de047f2389243f
ehavior ,4c71f83460ac1958
related ,d43e9aa431d910f6
to the s,1cd67dca539da515
yntactic,5eb66a0bb3fa8a78
 and sem,1499d7cd67a3b315
antic st,5f890bf74e82d688
ructure ,3d9e6caf7ced5b1e
of the s,7ade4d66f9bb9148
entences,6d25fd1416498206
 5 Train,b1251989d874d708
ing This,b1a9ca629e99a288
 section,dc6b666a8f9280ca
 describ,a957067c43cad428
es the t,fc357d30c4d7d6cd
raining ,cf819807b5db4a77
regime f,fa2e880f3d6d40dc
or our m,326b52b50c411cdd
odels 51,5a05ce93832f4802
 Trainin,d81f7ce01253ee51
g Data a,a2c585cd3ea32431
nd Batch,93b45559c66f4301
ing We t,0677d5b776ba89dd
rained o,2b1a04b21095af7a
n the st,6e591736f88e893b
andard W,9d75e4fd2801504f
MT 2014 ,3259dad53930be71
EnglishG,7b2bd712747f35be
erman da,6b2c94138301e377
taset co,a047d5c917ed8d9f
nsisting,174f10db6d92cb6f
 of abou,9758539fbe8ddecd
t 45 mil,0a20f9193005b7fb
lion sen,3b9e6a2523461316
tence pa,ecb46434925ce3c5
irs Sent,8d17b499d12facac
ences we,2b8dfc1992f38f3f
re encod,40d1e3c8fa2f472a
ed using,664db80b5ccecfe5
 bytepai,11282796d496bb4e
r encodi,506b589b7a11c8ac
ng  3 wh,82570339736a96a1
ich has ,0326b5ea0f3a6c7c
a shared,b6ed451a27d934fb
 source ,1d5b17c7774c46b8
target v,ef446d02ce4b31a2
ocabular,1392dbdcd249bc41
y of abo,f26fe9b3969b451e
ut 37000,2fcd0493649496f7
 tokens ,623fa7747db24f6f
For Engl,34f444c7ed4aba74
ishFrenc,b0d03a74407f94c5
h we use,e82e2ef4c72fd7b1
d the si,0bec8f0645eff28c
gnifican,11d2221cf8e3fd4c
tly larg,d8d625a8208d394b
er WMT 2,6ba0ab907c7b7012
014 Engl,eb31dfd887f528d5
ishFrenc,b0d03a74407f94c5
h datase,d0dfc89016d8f601
t consis,0607faac7e58b49a
ting of ,ea78ccef0156eb16
36M sent,3be0fede73abd380
ences an,a9aa96e29965364e
d split ,d15214aea909c16a
tokens i,2a203dd720dfecb3
nto a 32,ca22e0191a39bc9d
000 word,ebdaf5fea8568eda
piece vo,ff33103eaa716d36
cabulary,cae73d0b60411102
  38 Sen,166f114e7d1ca4b7
tence pa,ecb46434925ce3c5
irs were,aca5703a80c0a589
 batched,cbf6baf429e2b826
 togethe,d9ca510193f1125e
r by app,bf89ce8b28e43be6
roximate,52e6734a3fe2870d
 sequenc,bec16ac0f97df2ba
e length,e58e67764f61bb61
 Each tr,b5f26284f8009994
aining b,1c6cbbe43aff8673
atch con,ba96311efbc5b9cb
tained a,9c7940385b85da01
 set of ,454ba3a49fa2e512
sentence,2245356e38ae6e3e
 pairs c,ff594555c69fd57a
ontainin,455cdc029a12659d
g approx,2bb0eaac23bdabb3
imately ,ed6922d371e4053e
25000 so,dd0bcfb5b8c26cf0
urce tok,2e387064877649d3
ens and ,9c6b55040ad28e29
25000 ta,2fbf553fb7f72866
rget tok,771238a737dc88a3
ens 52 H,7a65fa1d49b25484
ardware ,0be54fc5085b81c6
and Sche,ccd03a10426fd5fe
dule We ,40970906457649d0
trained ,03af042b6d384a51
our mode,4bdec07a67c512e7
ls on on,e21a5e9281341bca
e machin,a90df7066d5f07f8
e with 8,c57d4d60fb364f9d
 NVIDIA ,a94ba473186cd98b
P100 GPU,62876ed013900928
s For ou,41a947e3cd1c5042
r base m,0044de6d94ef464a
odels us,3d0dc8a332833209
ing the ,b9074cb38641aa53
hyperpar,70526c1b79ca407a
ameters ,6c3ab100a7c7c439
describe,6d6ab6c531e0ae12
d throug,b7e445d0851b5139
hout the,667a2917b6d13ced
 paper e,6e319beac5b32ed9
ach trai,dd19324bc3b8121b
ning ste,7147b6020c1c7a09
p took a,8d4215f3065ed3c4
bout 04 ,e59c11b47e7b374f
seconds ,e232ad35d9fff315
We train,5d6d318981955cb7
ed the b,5e3b5ac81f2b10d3
ase mode,e30cef291bc811b4
ls for a,55e71d70b080ac97
 total o,e13259ed0ad4005e
f 100000,efce7999b223ec55
 steps o,06cc99d4d9350728
r 12 hou,7d59ed2659ad4ea3
rs For o,2688c49abbfa88bf
ur big m,11342ba484158411
odelsdes,29c49a9f4f58be8b
cribed o,15b3d68ffafea2cf
n the bo,8d2fc402f9143196
ttom lin,ddf0fb5159ca7e5c
e of tab,8b4d61a83cfd3b33
le 3 ste,6a3cff1c4460b81a
p time w,f6de536e1fdd8409
as 10 se,550a768d01ab4762
conds Th,6ba34bcd83d214f2
e big mo,98e894299684f51f
dels wer,c63ace23e85d7654
e traine,489dfe41e6b606df
d for 30,b0140005a93fa98b
0000 ste,7a80a308b15887db
ps 35 da,596bb168000c7e1b
ys 53 Op,7de664f48e674225
timizer ,9768eccb490724da
We used ,6c152ab4910bcac0
the Adam,e78c645395115b5f
 optimiz,f7d5612b253979e9
er  20 w,21af37c33441bd53
ith 1 09,530036992bfc6884
2 098and,a0ab295c6592e0d6
 109 We ,8400c2882c36840a
varied t,8d8a1c59dd356819
he learn,e9d9a909402c8060
ing rate,60b2fad912c64d73
 over th,96169ba4b1a23725
e course,e6b41c2bbdac113b
 of trai,7474801f05cd6094
ning acc,831f8e97faa51215
ording t,632ab3508cd5179f
o the fo,5b93ec47a348377a
rmula lr,942f20e03b84d7a3
ate d05 ,ada40c9b67d75794
modelmin,7d167f6ba8cc644a
stepnum0,5c8e4927e655ebee
5 step n,b4e3a9051ca2fc1b
umwarmup,825ee8a1e85442a6
 steps15,26c4979eb4c91886
 3 This ,99436331429948e6
correspo,da9acd4a56cc386e
nds to i,f332aa8c96dc1e5c
ncreasin,4854653173a0d257
g the le,008c9c175d8fc997
arning r,044952c2b25e5b4c
ate line,14e1c3317d4312f3
arly for,755b4d5a45d76cf5
 the fir,b89c8b7a64488035
st warmu,ad1563e3a6ae646f
p steps ,35d11f7111b3e526
training,2044e7eaba172a35
 steps a,60891ba157075c45
nd decre,beca51e15a08d5c6
asing it,8ed889d4a85c147a
 thereaf,76d9d28eb7f479c1
ter prop,b98aebc1452f3b0f
ortional,c19fb1fee140b7cf
ly to th,63ad307fb2dc12c9
e invers,bf0890efc1242f72
e square,a582c99324054040
 root of,85a130ec4897152b
 the ste,b26b4282060f7e49
p number,b9907cabb7feb75a
 We used,8f8d916e683808e3
 warmup ,3fad8977411a6de2
steps  4,7dd88360434b80b3
000  54 ,78d6cdca8d7ba036
Regulari,e54987ed7ed317da
zation W,d53732837049d44c
e employ,8ec635a165efdd8b
 three t,d335fb5b2569c1c2
ypes of ,97e061f503054a48
regulari,f1644be51cdec0b0
zation d,12fe587bd9f457ee
uring tr,1ca209a2989d8f0c
aining 7,9cd4cf88a7fbcffd
Table 2 ,00cdd3a0048a0bee
The Tran,ea6009a1deb97dc7
sformer ,b34d521e3efe529b
achieves,679b598b7674eaec
 better ,52c705e2e6b6ab69
BLEU sco,c760f1c905441499
res than,4f2949f353e0ca88
 previou,a47b1e23b9c8ef46
s stateo,3efe7f6649553ae2
ftheart ,7768cbf374646a07
models o,2b95f879dde65f90
n the En,5508064d1cd909d0
glishtoG,1abf92c4844c3e3f
erman an,83bb0fc97e9afbd6
d Englis,5235af199c0c1fa7
htoFrenc,bc491c6ec99da7b0
h newste,971f06bd9584fe03
st2014 t,d3af2fc8222d999f
ests at ,7da9eab89b643fc3
a fracti,764d0560abf94e21
on of th,63c7d9cf4019b23d
e traini,520fcd4812c641d1
ng cost ,18de26779795f1ad
ModelBLE,5562aaf6a0734deb
U Traini,99db786fb2668d63
ng Cost ,f5e31882f419aca1
FLOPs EN,320ec585410867f6
DE ENFR ,80ac2ad4aacdcdea
ENDE ENF,f088bfef7b55faa0
R ByteNe,6a5365a912ab4e0d
t 18 237,4a3563dfff206495
5 DeepAt,1b74408d1bc83016
t  PosUn,7c208b4bd502bb80
k 39 392,be24f524d69e474a
 101020 ,a052ebacde9a27e8
GNMT  RL,c2144c47560035b7
 38 246 ,6cddd61299e8a1fd
3992 231,c852f51277183972
01914102,b1213070a9c196f8
0 ConvS2,d0f44d50978fa291
S 9 2516,8e7d84aebc6d01e7
 4046 96,d12f9a875637d27b
10181510,54a726627457f7c0
20 MoE 3,8b43e8075f724eff
2 2603 4,a214f90c00060f91
056 2010,6fbf1ee7ef099221
19121020,616515b1b71a981c
 DeepAtt,e87ab1c4eccd23d3
  PosUnk,5aa94873137a176e
 Ensembl,2ca8fe0a4f152785
e 39 404,a1b20f339fe969b5
 801020 ,8607246eed5ca211
GNMT  RL,c2144c47560035b7
 Ensembl,2ca8fe0a4f152785
e 38 263,4f59651dbd9058db
0 4116 1,55491798ee1a97ae
81020111,5f0e83e4fae19dbd
021 Conv,6055601c1f11c682
S2S Ense,97fd2e8549419f9f
mble 9 2,fafc5227181fcf2a
636 4129,3c2821dab7c1dcae
 7710191,4efc4b9166d40894
21021 Tr,9b1825423272f4b6
ansforme,01267634ec5c5be1
r base m,0044de6d94ef464a
odel 273,9acad2165ccc7d21
 381 331,7070433ed610cee8
018 Tran,79e64de02078c164
sformer ,b34d521e3efe529b
big 284 ,476b3985b4f90ba4
418 2310,ec74576e26f5cb5a
19 Resid,2b4b477faa5008b5
ual Drop,023b1e70f82ac270
out We a,654a2f04893e4a0c
pply dro,b0c7ad99668ab6f4
pout  33,e3cfd42da9dc3a97
 to the ,3bc3c92f53042411
output o,4b23272359e34257
f each s,4cc054ff831300e2
ublayer ,af449e1153a36a63
before i,03fa1f1e1ea9a2f4
t is add,ac19081f92b7ed41
ed to th,3ad92e0f13f85d5d
e sublay,9980881ae7c0db3a
er input,febda39b0f96728b
 and nor,47585d38aff09b41
malized ,c0637d9fa81d7c37
In addit,488a4b713075c511
ion we a,617b1b71ec38a8ec
pply dro,b0c7ad99668ab6f4
pout to ,3681ddef69f15dab
the sums,5da0da943b230f00
 of the ,c1dc216abfdc90fd
embeddin,de0b1305e9f9027a
gs and t,7da01d02cdc2d835
he posit,48af243de28fb55f
ional en,d2d5a227e26ac518
codings ,824547c851d506b2
in both ,f4621c317a9919f5
the enco,0d296e82f9c7e42f
der and ,eea99eca8e0d3763
decoder ,1fa547f6eded80c6
stacks F,71f06dd9bda38c9c
or the b,e64f67b06373480c
ase mode,e30cef291bc811b4
l we use,0da52e628b099b59
 a rate ,5a23e079aed1fcd0
of Pdrop,486d96bc02b1781b
 01 Labe,306f2bf408bff3d8
l Smooth,8cc9d8a82c522821
ing Duri,75e40bb9cc8edfa2
ng train,e65ef845e1206ae1
ing we e,c851b45b52514a33
mployed ,a2fee0a31b8a525e
label sm,ef404867c528b3f8
oothing ,17448c835deda606
of value,04b3a35091b9224d
 ls 0136,bf7029fe8b52e599
 This hu,478d3d025b8f182d
rts perp,9251fdb2d5f8a55d
lexity a,8430fe7979835136
s the mo,e90c7ab8c45d0367
del lear,ff6b533b090f9360
ns to be,ab0c38b84c402971
 more un,a6982b2bf6245719
sure but,70214122ff9340b0
 improve,56caa7b0d89b7988
s accura,504ee2a1222a09a0
cy and B,dbe8d57720783185
LEU scor,84651037aca6f6b0
e 6 Resu,2baa4f3cd3c7a20a
lts 61 M,ce2030dbb8a735ae
achine T,84a56bb772928541
ranslati,9939be6bd238a326
on On th,0bd3b6cb88e47d42
e WMT 20,3df3fdf365033712
14 Engli,9bc74690277013ce
shtoGerm,00eadae6686b3d5e
an trans,62a2235a6d0205f7
lation t,88fdb52848519196
ask the ,8a119488f0864d5d
big tran,b71c5da50429faeb
sformer ,b34d521e3efe529b
model Tr,797a5965931d0561
ansforme,01267634ec5c5be1
r big in,35e31c7f77fa1bf7
 Table 2,416ccbe8818070e0
 outperf,28d5d569e8ea0a6e
orms the,c4a6de2488fd5908
 best pr,7cee9d712f594efc
eviously,4e51d3f54a246ada
 reporte,19ea464639226dce
d models,56a596585eede029
 includi,a395b20aeb60527b
ng ensem,c1526c33658b6038
bles by ,fcb3d4ff272e077d
more tha,b9368a0e45301905
n 20 BLE,d7d25d28aaacd33f
U establ,8b634c42e798c301
ishing a,e95cadf2262944f1
 new sta,b6dc2113c7cc851a
teofthea,a9b7d341bcf7db8d
rt BLEU ,74448b45a21e8913
score of,c9350a3886370dcf
 284 The,ac8b25da720172d2
 configu,1a458aca6129988a
ration o,8977e40421714921
f this m,c88a577a4f5ee50b
odel is ,1c5c2a06c6b99164
listed i,8c4ef702098010bb
n the bo,8d2fc402f9143196
ttom lin,ddf0fb5159ca7e5c
e of Tab,d1d927cbe236efb7
le 3 Tra,74b67962ee278c5c
ining to,5e3ebe9de1d7c3b3
ok 35day,aca8e1b0ab354936
s on 8P1,41ba859c9c2f5180
00 GPUs ,119601e2bde65a00
Even our,b8c67cdb075fccd4
 base mo,05a9eb934d671560
del surp,d25c1331bb6f4adb
asses al,d0676738cff90568
l previo,b3a90bc0f0fa4c73
usly pub,16841491d81b96e7
lished m,2b49d292c5b8449c
odels an,30649987256b8894
d ensemb,1ee31081025b6f8d
les at a,0d4d68bb9728e26b
 fractio,8e983fa037967ffa
n of the,ba2933d62f8355a2
 trainin,e91f18a2c952f63f
g cost o,fcf4a4e0238161ac
f any of,d08b71e096900005
 the com,33617ba35ecfcaa1
petitive,614bd2269d1aae44
 models ,f00456bf84aae637
On the W,5cf50b966fce0803
MT 2014 ,3259dad53930be71
Englisht,4715befefa7753b9
oFrench ,8eabb2f8d1f7ca98
translat,cf578369251c77fb
ion task,e1d73ba0184dcfc9
 our big,59419c0ccc6bbec8
 model a,9b4a7153a9a559a0
chieves ,c19e9cad49e1d6fd
a BLEU s,ac83bb03e6c361b9
core of ,10c186393c1862b0
410 outp,13e49cf7597a8e9b
erformin,aa3876acc2c2393e
g all of,dca70427d2686f24
 the pre,1c075445b4238bab
viously ,f507b36c50c467b0
publishe,2c0fd2420d6f567f
d single,8ed5201ca1df1ea4
 models ,f00456bf84aae637
at less ,0d5722e360732a3d
than 14t,805aa551e81f3c43
he train,82560df7a9245182
ing cost,13d6a78b23d0c2ce
 of the ,c1dc216abfdc90fd
previous,a28969fbc8f30c91
 stateof,0d61d2847d246bf2
theart m,e3ea9b68c42f2bdf
odel The,5e2931baae3b9856
 Transfo,4b4595fa29f1bbf5
rmer big,e1cbd6e7ffedc861
 model t,6d2f544f8622f150
rained f,8e4243ac0fe628d0
or Engli,46851249c60ed2a0
shtoFren,3469c26b38617d0e
ch used ,ad169382d3834c91
dropout ,f0dd0a24ba7250ba
rate Pdr,4e6def8ba663e9f1
op 01 in,98f20bdf2c4d0777
stead of,210279050785b6fc
 03 For ,64d8047c518b8310
the base,758f45cf845431c4
 models ,f00456bf84aae637
we used ,75117328c02f9e1b
a single,b8e992181b23a9b1
 model o,7b3663508a758638
btained ,3b46415a2116c1c3
by avera,ab64edc38e3e0653
ging the,aabd28316144e23d
 last 5 ,e38c26e1bfab4733
checkpoi,0156182e618e00b4
nts whic,619b5a6a8e6f4674
h were w,2a347f8f4fc48ec9
ritten a,84e5d0b54f6b8074
t 10minu,fa6c5e5348f1a891
te inter,8ccfe8a0be4647fe
vals For,9a6be20ff38f7009
 the big,4a90b06e68ea2267
 models ,f00456bf84aae637
we avera,58035693729959df
ged the ,9c4b55a21243436b
last 20 ,08047b2a29bea100
checkpoi,0156182e618e00b4
nts We u,12bda6916186091b
sed beam,ff02bc1e37394631
 search ,edbbb41390bfd743
with a b,a218f9638798e426
eam size,0f499e2747683a8f
 of 4and,a6a87d50322755fc
 length ,917ef3f57a32cff4
penalty ,286189b7121bc549
 0638 Th,2054fe8e03b0b35d
ese hype,e58b36ace15fe3b7
rparamet,b738ef39ba46cba5
ers were,cd261c1a43c11f89
 chosen ,ae3bb63c849ec364
after ex,121ebc7353b7e733
periment,f9b45c2beda63c32
ation on,b19ecca1dde3db99
 the dev,9f9484f93934c2f8
elopment,846fa28a09d28d2c
 set We ,c14802bb91375eb1
set the ,b094e8524e15687b
maximum ,7b0ee32e1483f6b8
output l,088fa8923a7fa3b8
ength du,c6ebb018de84288d
ring inf,c5ea1b3725852302
erence t,88ebc4d5fe7f70f8
o input ,155bb72459e00314
length  ,2a7f78041de30b06
50 but t,148111b2c474b72c
erminate,6ae2251e8e0de099
 early w,cbc6d3627b1dacbf
hen poss,59e256ec8728a928
ible 38 ,697e3f420529c5dd
Table 2 ,00cdd3a0048a0bee
summariz,94c3520d5753291d
es our r,4233de0173fa97af
esults a,becc4b07d5a866d3
nd compa,1702f2ae1af942c4
res our ,9b0dc56fc8d1ba2e
translat,cf578369251c77fb
ion qual,6c94eb31928dccf9
ity and ,6ae449a8a31a421a
training,2044e7eaba172a35
 costs t,417b5ed8b11e3883
o other ,c4a2bfaf8237d648
model ar,1333d23a31e7702c
chitectu,31274f13456dbee3
res from,9a7768c72b0a11e1
 the lit,099e5a797f7a01ab
erature ,c695d57d9e745bcb
We estim,37563520a1306580
ate the ,5c7ca2a45b7e010f
number o,e4cbb31db4bef0b2
f floati,f8c03d1dcb5e23b6
ng point,0021ca15e2ead7a3
 operati,67287abfa2d09fea
ons used,2d7c17fa9f71745e
 to trai,dd1fd57f9d70eac4
n a mode,3ce062f3489bc6dd
l by mul,fe08817a929db62d
tiplying,a322d4251d8867ea
 the tra,5971c8f1fb3b01ec
ining ti,857015a1d66e6a40
me the n,2927d682de7a6af1
umber of,e4e8a5982b510d82
 GPUs us,1c51c81d57dc5475
ed and a,3b05d7835d083c02
n estima,c58ea62e3ea303ab
te of th,58efc72a2bf105b0
e sustai,176e4979ef32fc07
ned sing,acd0c762b2880cdc
leprecis,1d14950c1f670f9c
ion floa,05bd2368f77bfe35
tingpoin,0765293aab32f134
t capaci,f6b1f3e2c365ad4b
ty of ea,53dcf8c786fa0893
ch GPU5 ,0b3b545649bc37e4
62 Model,ec6c3f58511a3d6c
 Variati,ff22e9615b474bee
ons To e,463ed0e8a7f006ef
valuate ,5f6058eafb29f43c
the impo,4ebb208d9bfebd2c
rtance o,3f40c83f04b48fc3
f differ,dea9c8bcdd8ea4c6
ent comp,1b23cb119ff2df1a
onents o,85be5d0ad6fc7581
f the Tr,40eb5f3fe7c2f073
ansforme,01267634ec5c5be1
r we var,d0c2b5a2fb5e8b40
ied our ,f46e63196fb0f4c7
base mod,11d419de1f0f3800
el in di,d35c4b5861908447
fferent ,9f07e380948ca869
ways mea,12f426744c90c3a0
suring t,55b4f5578c6d8903
he chang,fe6bef3215855f57
e in per,f42e420a544db3a3
formance,2a0cba9e3becde9c
 on Engl,a3f3798b97d79168
ishtoGer,614134493d8aa029
man tran,817915437a8ebda4
slation ,6655b175e2630392
on the 5,3fd47a8f46aaa5d0
We used ,6c152ab4910bcac0
values o,8cd2b76b6318dd17
f 28 37 ,9c586b672fd76118
60 and 9,18ff9d0619f9db17
5 TFLOPS,355f686ba1006953
 for K80,8d299ab2e7b7368b
 K40 M40,d5cfb7df7430e817
 and P10,c5b6a2d94088c80f
0 respec,0c420672315e3adb
tively 8,8bdd6456ed09e85d
Table 3 ,945edec1ba701013
Variatio,5e1b4bc658da4b13
ns on th,cc0668b95173f76f
e Transf,82e167dbb6c209ca
ormer ar,11b34fd4fb4b8da2
chitectu,31274f13456dbee3
re Unlis,7e292c9cc1812f5f
ted valu,d757dfdc41927f9b
es are i,d7fae56e95152aa8
dentical,b927aac5722bc759
 to thos,59409b77123d5c5f
e of the,853b2454d09a4e3c
 base mo,05a9eb934d671560
del All ,445c679996c9f8db
metrics ,dda40970f6cd5024
are on t,d67d57d23663ea53
he Engli,5ecfaaa97019d1b8
shtoGerm,00eadae6686b3d5e
an trans,62a2235a6d0205f7
lation d,ff34c7b9c6957883
evelopme,ef0b8564d01fa6b7
nt set n,927f7ac3c4f902f2
ewstest2,4467f647aa7c384d
013 List,864f89545e953102
ed perpl,63b5bc58640236f8
exities ,2eed60d20972171d
are perw,bae6711277ba895f
ordpiece,45112c8fce4ee908
 accordi,7e06a8013fcb0e29
ng to ou,8664911950669f8c
r bytepa,b444316021c1d691
ir encod,d27a7263fe343cf3
ing and ,d282de1c617eaa9c
should n,ef99037f9188f5ae
ot be co,866ca257f726c596
mpared t,d7e0454355096c5c
o perwor,80b9f482c03b187d
d perple,dcb55984a50ad469
xities N,891771e4d45e048d
 d model,48c9c41b9659319d
 dff h d,7ed10c8e345b51a7
 k dvPdr,1873ee6ffed176b8
op lstra,73ae5a37de766cbb
in PPL B,227c6b4ef2769c5e
LEU para,da449a2ace06a31e
ms steps,9fe9a78bed81a129
 dev dev,9bab480ca7bcd767
 106 bas,754ed1ed1fc9c6c4
e 6 512 ,4e1067d10bca9e4f
2048 8 6,7ebefb92e95807ef
4 64 01 ,bc46d6d859f2b6b4
01 100K ,b0092ebdaa5a732b
492 258 ,be605feea95dbc79
65 A1 51,b7b162667dd58a8f
2 512 52,4eaed21ed4eef8f8
9 249 4 ,0f188af3527c1b9b
128 128 ,6cbe669525fe8eea
500 255 ,5028aa0c01994666
16 32 32,7d570584fd7bd1be
 491 258,caa9729c588778b9
 32 16 1,50cb8795ccc5e71a
6 501 25,5c314eacfd04a8c9
4 B16 51,9621c76feeaa115c
6 251 58,069d4d7e764eee93
 32 501 ,cc3c2cb82cfc9ecb
254 60 C,c6be328ef7dfe1b6
2 611 23,92f9613735fd5f6d
7 36 4 5,c54054f788055268
19 253 5,7dc68dc9fca205c0
0 8 488 ,d211ffa64508aab0
255 80 2,d8218a40650165d3
56 32 32,c1166f21cce0557f
 575 245,ccbe2ab6914b6162
 28 1024,5d07d49e1050af3c
 128 128,34b5fb029fad63cb
 466 260,b933a968e78a9b9f
 168 102,595cc495601d980d
4 512 25,35b76315d109b2f6
4 53 409,63fba7cde1369121
6 475 26,d7aec88ef2a4d742
2 90 D00,a1b01adadd818b5a
 577 246,6225838c7edd86e7
 02 495 ,5eba0a4b1a5736b1
255 00 4,709d1533cc236082
67 253 0,031f81fb64747065
2 547 25,3763129b7e6cae29
7 E posi,581d239a74c754a2
tional e,e9cdd3d85611182c
mbedding,df39a968e48c753c
 instead,713cd007300af4ac
 of sinu,3a543c179738ca10
soids 49,4ac42e3a88b57211
2 257 bi,2b0cb300405b6254
g 6 1024,357ee36e6ee6c3d6
 4096 16,a8df4583a54fe913
 03 300K,6e788e404202252d
 433 264,f58bd4dcafd7bc71
 213 dev,5fb1ba45122cacb5
elopment,846fa28a09d28d2c
 set new,1ba04bc872203523
stest201,352dbbef44dbd14e
3 We use,dcbfb77683fa420f
d beam s,96de01b834e194b1
earch as,a1419f7519f4dde9
 describ,a957067c43cad428
ed in th,1f48762c9f047974
e previo,c4a0522ec47bcb3d
us secti,b1a1c4fd45308ca5
on but n,2d194a0f94a7644f
o checkp,3175528f7be21aa5
oint ave,0c48574a8bdfc782
raging W,388ff88f8a422751
e presen,e330da983580d1e9
t these ,8d4df1e0471c665a
results ,6ffd4ea515d85aa1
in Table,f42203c74452b70c
 3 In Ta,902c121115a70e02
ble 3 ro,aba3cefc70c21d1b
ws A we ,d6bf2fbd26f57e81
vary the,e0f4698d1717bdf9
 number ,cc03ee7ba596df70
of atten,f9f4362cb4d61916
tion hea,682ef37c4b7e47dd
ds and t,e2dcf7ea60062bac
he atten,dd309c81b1e47612
tion key,17ee05aab2548799
 and val,7ea75361297bdf1d
ue dimen,c34ab5bd1af4794c
sions ke,b4a34190c0fd687e
eping th,ad0b7b7d1ca3320c
e amount,8ff5a2d7cfe9a5a1
 of comp,0b6bfb93bf3b9773
utation ,c18acbb8417fddf1
constant,0ec9ff9856dddcaa
 as desc,35754a2f2a108843
ribed in,fd9385ed067b3946
 Section,b98a633398447fd4
 322 Whi,6238b31011a5c5fd
le singl,fd1a4968181aa0f0
ehead at,eaf38ed14b87f13f
tention ,3409ec04d6fe3642
is 09 BL,298fe070a2778854
EU worse,839f1432fcfc443c
 than th,69eeaa1dca21e791
e best s,d45e6a981f9efcb2
etting q,60a3caabbae6d911
uality a,55d86a6601220256
lso drop,192a47c5fb983027
s off wi,f268b7b7d2f858e1
th too m,7017ca8e561abb71
any head,244a7c2368f09740
s In Tab,4d97c6b384968cda
le 3 row,aac80e3035ddeaa6
s B we o,afcd60088dc0e849
bserve t,557bfe1b3abbdb4a
hat redu,58c25c926e5365ea
cing the,10593b7c13716a7b
 attenti,50381f759cf0e340
on key s,003e668a924b69bd
ize dkhu,c4b432e91d04bc8e
rts mode,a7e8e11455d6d03b
l qualit,fca333d5c99732e8
y This s,f4d792bd50a67764
uggests ,f4f401d68f2e50c4
that det,3d341fec062cf0f3
ermining,bd2510a829428885
 compati,f9a425622d598d66
bility i,023acce27e2c74d0
s not ea,efeb10e64ed02d48
sy and t,b727e9aa0e315cdc
hat a mo,0fb7b7e2a58e1819
re sophi,ed0e0652a90d6f7f
sticated,fe5ba90b17c5422b
 compati,f9a425622d598d66
bility f,8ab6b8285b28738e
unction ,02eba15fc1e90344
than dot,60cacc07fcbf0fa9
 product,b60aaefc5efc5bba
 may be ,9a22dc1be68d37b1
benefici,cb1d8857aabc50b9
al We fu,68202f5bf52176c5
rther ob,6c0b9dca4cc8eafc
serve in,a7d19e31aaf87b55
 rows C ,9b288884329cfab1
and D th,3fb29e0275adcfcd
at as ex,ca6bc76e2339a986
pected b,f8e7ff14af2fe6a8
igger mo,a83f03556c8872ae
dels are,10e546e6494f4097
 better ,52c705e2e6b6ab69
and drop,74af02e92bd6f61c
out is v,37c6bbe29e74b7a4
ery help,eb168459f34c721e
ful in a,b836a0bbc4831ded
voiding ,e1d3c6209cd94653
overfitt,fb07a23bb69b46ad
ing In r,9e9305151c4ad459
ow E we ,f52a194faa2aa74e
replace ,7e6725865a5d3e04
our sinu,b2b3c03196be0ba3
soidal p,d02a242451d3fbab
ositiona,edd83bc76bc94d7b
l encodi,5b7679966f829a4d
ng with ,b800c36e2a8ed2b6
learned ,07b39b64e50a1ba2
position,cb52beb8bd24411d
al embed,b464967617858e96
dings  9,09654a3b5537e9d5
 and obs,73a834a19a8a52bf
erve nea,9f5ce5dc1add9c0c
rly iden,185419650c3f8daf
tical re,673e8c0fec93ad8e
sults to,7fa346da485c1a08
 the bas,2e3cb4c9a4b950da
e model ,32a69f24743b0b8d
63 Engli,2c3a45b9b7c0a9d4
sh Const,0eddba0a8285376b
ituency ,1edf738f36c28a43
Parsing ,cd360ee4a4d9b9bf
To evalu,a7933de916df4332
ate if t,d43f1394baa04661
he Trans,f81fbf6ab5c3cd8d
former c,95f314a2d8eb1d04
an gener,bd5fde4a5875655c
alize to,f742adf6783489d9
 other t,145a12862db69d05
asks we ,595ce12e2853ffd6
performe,14eba279071e3c06
d experi,7b86e2c6b60c5760
ments on,51e9ff3911709f0f
 English,c98dded8f3b24e17
 constit,a3c5368a3a08bff2
uency pa,309013cbc81a7066
rsing Th,2c56a97e33392fdd
is task ,ce8c750f31038eba
presents,f58062025c0bf5e9
 specifi,e00e7c2e4fbb122a
c challe,12ee1452b9825714
nges the,221df799b23b336a
 output ,5b9bef9eb26263d8
is subje,f79c9eb5741c3e67
ct to st,f972a20c9b82a808
rong str,dc6b6ac54d6155e1
uctural ,266af0800f2eaa73
constrai,4fde8f19a8d93b8f
nts and ,9813d965fafd2a21
is signi,d6e7311a88462c17
ficantly,b04409ac80070cbd
 longer ,8341b8b390aab1ba
than the,5238ab299e4e46b1
 input F,23e7e1d12ffa1fbb
urthermo,2b96a903e6d1f8e5
re RNN s,c6e8f707f21061ce
equencet,082790a0b209917a
osequenc,ad854de62e76aee2
e models,2535924aea9a60e8
 have no,cfac2e106d2c0c8b
t been a,e7c969081033f809
ble to a,1b9e34c4609d7d4d
ttain st,206f185f051ee1e8
ateofthe,1a63ebf62263b4b8
art resu,a9373c91d9e933e8
lts in s,7f53fe27ef4664f5
malldata,e49cb9f9e7128fc3
 regimes,5aa2136c0a38721b
 37 We t,09a41782bb634376
rained a,ab80bafaebfebbaa
 4layer ,9208a397f93632ae
transfor,70922342cc928bc5
mer with,59e41378e99f6141
 dmodel ,f2eb5fc7112326c2
 1024 on,4184a99ec0941583
 the Wal,c55fd086d4b28d1e
l Street,dcbc39e6bae63287
 Journal,e52fb614f3a49578
 WSJ por,4b7ea4ccf3c3152c
tion of ,763bc66e4e77e1fd
the Penn,3343e7f2f6c6a3a8
 Treeban,8f2f4822dc09297f
k  25 ab,80d7bf6b0b37f20d
out 40K ,eb06b867915a932d
training,2044e7eaba172a35
 sentenc,6739066107d8c85c
es We al,73a50b4bf5644d20
so train,b430be6d24dbb661
ed it in,59693b48f2aca200
 a semis,1e5db56198170151
upervise,67afd9364f2c6e84
d settin,20289af2007b27af
g using ,536032007be1f276
the larg,e83be973bc6ba8e4
er highc,066b893086056de4
onfidenc,084e60e5a8b61559
e and Be,6d310ae784345058
rkleyPar,f985267c1390f421
ser corp,bd5f7af5743c9574
ora from,a7db4b4d15189d9c
 with ap,73b5637ccaa95428
proximat,a497a0ae95582199
ely 17M ,79ff2e05dfb4a9cb
sentence,2245356e38ae6e3e
s 37 We ,6bb023cec0767eaf
used a v,a5c1321851614490
ocabular,1392dbdcd249bc41
y of 16K,080403f961e69695
 tokens ,623fa7747db24f6f
for the ,b65846d23dea8c3c
WSJ only,3347d181cf52e6c5
 setting,09c03476365d40e1
 and a v,7c19f99dc30c31c6
ocabular,1392dbdcd249bc41
y of 32K,e73750c8c26b1cb8
 tokens ,623fa7747db24f6f
for the ,b65846d23dea8c3c
semisupe,ed8aa3fce48a82db
rvised s,348a2a1fc7681128
etting W,aa4dabbac63b33a4
e perfor,2c70dce2f2169011
med only,b69036a60214038a
 a small,250d8cbedbc20f19
 number ,cc03ee7ba596df70
of exper,cd5e1995c60d0759
iments t,3899b9ccbc7593c9
o select,882a8d4f1b52a451
 the dro,573bb6b42b74c756
pout bot,bc7a4d4953fa8c06
h attent,d12dd4a8da24f75f
ion and ,b260db96cf27794d
residual,e5c9851c509bf221
 section,dc6b666a8f9280ca
 54 lear,b149b48812b5947e
ning rat,487d712ab91b4f3c
es and b,6b3392ca420ff9d6
eam size,0f499e2747683a8f
 on the ,c1d5a4deec883a39
Section ,be56f6e608a75ff7
22 devel,c0ab8b4e3141a7f0
opment s,8c1012782018dfa5
et all o,eea1b6c270e8d2ac
ther par,b1036f8bdfdd15a1
ameters ,6c3ab100a7c7c439
remained,963ded5da4943143
 unchang,e8ffa9686ab41ec6
ed from ,9ca29b9f46ccadbf
the Engl,142d60b7fbb78308
ishtoGer,614134493d8aa029
man base,4f6d56ca941e3e3f
 transla,a175b4c248fce1aa
tion mod,1cefb2f6e859cb7d
el Durin,74786cb7d5bfe9d9
g infere,33b83f9c17b39636
nce we 9,81f458d2f6c84c96
Table 4 ,2389e09525512f08
The Tran,ea6009a1deb97dc7
sformer ,b34d521e3efe529b
generali,12c6401087299433
zes well,e6515da4b041295d
 to Engl,1e8eec56e667afa3
ish cons,cdd315aa5b85cec8
tituency,f3dc5fae27b0705d
 parsing,a02448469b27b8ef
 Results,56df3dd006d0a8eb
 are on ,5d28911878c101f0
Section ,be56f6e608a75ff7
23 of WS,387d5aef462a33f5
J Parser,855a7d054eb1727a
 Trainin,d81f7ce01253ee51
g WSJ 23,1a2b74b7f5103f9d
 F1 Viny,4503598ce851d094
als  Kai,0ec242a41710b903
ser el a,2679b00e02062e34
l 2014 3,7e2b436bf5622e40
7 WSJ on,4033149094ead4a1
ly discr,1fa006789af654fb
iminativ,e9b9cf060e951a81
e 883 Pe,4e0a80312bf79f64
trov et ,eb749d7df4b1cae0
al 2006 ,b39e8091e972daea
29 WSJ o,26c6cc5b27259625
nly disc,9ea2813ee66b762d
riminati,2d7f1e7c801cd34d
ve 904 Z,fb17e85d08c25f8f
hu et al,8a40ba1b830c8248
 2013 40,bc00c3b6c9b4d4a3
 WSJ onl,a07c5f5f1c4ac798
y discri,2b43e14c4faaf15f
minative,ea068e12ccc9a644
 904 Dye,fc3e4039a2eafe94
r et al ,7d59bf7271508a0a
2016 8 W,6cdda2ac22902831
SJ only ,b813cff3182c7f94
discrimi,562a5ac19bfa5027
native 9,33d0fed6808289f5
17 Trans,309e9b8c502f63ad
former 4,25ca3955d1194454
 layers ,e7d149b14bc76abc
WSJ only,3347d181cf52e6c5
 discrim,3131be9b544ba544
inative ,e5fa26102a31c875
913 Zhu ,7fe7543ffa06a803
et al 20,5a46dcf39660cf27
13 40 se,0003219d3a6d0973
misuperv,19118292526b42d4
ised 913,9fa08c9b7fd61a1d
 Huang  ,559c7e0b18eea215
Harper 2,5cecb225afbc4f98
009 14 s,c68f89a93b0a96b3
emisuper,5e4d20723002a295
vised 91,ef7224e20f9db0e3
3 McClos,4699ce584b77c30e
ky et al,35f3f25fe92e94fa
 2006 26,9379a525840a51a1
 semisup,ab4fe503fcdf14c5
ervised ,1abeb59f7b964605
921 Viny,95391e857dff9ee8
als  Kai,0ec242a41710b903
ser el a,2679b00e02062e34
l 2014 3,7e2b436bf5622e40
7 semisu,63737c6f8fdbe9fe
pervised,23af6aba271e1296
 921 Tra,1bace16dd4b0a834
nsformer,256559e8294a9fef
 4 layer,b92ffe6cc749d94f
s semisu,da5fa7450e6a10f0
pervised,23af6aba271e1296
 927 Luo,96d541687c7c4445
ng et al,757888e32a61d299
 2015 23,5d3f976cfff5aa4e
 multita,7cf5dcfdd0988bc2
sk 930 D,e97b9c977dbd4225
yer et a,1fab6df9f03c2af1
l 2016 8,b708dd5e830cce54
 generat,8f6e8eb4dd182823
ive 933 ,e7e0c3412e017192
increase,2c0ccf1d5fca8ebc
d the ma,24ae11a5df7b5527
ximum ou,facae45f0fa92490
tput len,edf299db7b89e454
gth to i,c0cd294700b48bc7
nput len,5571f8dde3eb514d
gth  300,6b9bacbe2e30b381
 We used,8f8d916e683808e3
 a beam ,8329ce4cdcead7a9
size of ,45ef4b4b747d8bd9
21and 03,b746cdb5e900f856
 for bot,0bc6f9323db31024
h WSJ on,9743d4829c1cae61
ly and t,f57155ab3c914f08
he semis,368d2fa4ba18a9d9
upervise,67afd9364f2c6e84
d settin,20289af2007b27af
g Our re,491ed0f4c3911a04
sults in,8a6a79983f6f07b6
 Table 4,ecffb2d92a0ed9ae
 show th,4171473a9d3fd729
at despi,92ae1b013e75d297
te the l,63b93f8a2fe58d05
ack of t,46dd300257835e14
askspeci,0b209e43110a1961
fic tuni,6404c1a56fa7bf3e
ng our m,ec2d2b0ff9e3368d
odel per,f8e936ad9fab9105
forms su,8ae22dbf8015436d
r prisin,a4f97b9ce3bcda9e
gly well,1ca1e9dbdcdb094f
 yieldin,76fa93af7ce65853
g better,2dd974e522ddcfe3
 results,f83d66c07b9ef549
 than al,708591054816f155
l previo,b3a90bc0f0fa4c73
usly rep,961fea5f1c24eeb7
orted mo,8b101127a735792c
dels wit,12db4a7e9191a7fa
h the ex,e12203a336315f1c
ception ,5a2a62e4eb126afe
of the R,10255b90294613c5
ecurrent,b9b511edcc12d378
 Neural ,deece885c2adaa34
Network ,5a9df9785335b10b
Grammar ,51bc497939561b6c
8 In con,d4303d3ee89fd7ab
trast to,56a597584f7ce148
 RNN seq,dedc54ed10cb3b14
uencetos,ea3f3a0cbcc363d1
equence ,822b6068c0c99df2
models  ,f26f8aa4153a8a9e
37 the T,f282ffdea5f15726
ransform,89d47962cb9018a2
er outpe,ec8157f9356479a4
rforms t,d55ee553bcbfc5ba
he Berke,99e6af7482c65707
ley Pars,bd21791e0ea730e2
er 29 ev,01b69fb6a08e37ed
en when ,9fb0ced130edd3b3
training,2044e7eaba172a35
 only on,1c4046b716daa18a
 the WSJ,7adc072f4ec0fdb5
 trainin,e91f18a2c952f63f
g set of,42c8287bf50ac3d7
 40K sen,c255f7e0a389b3d5
tences 7,9857d35623bde243
 Conclus,beb8ee02a60e6154
ion In t,ef294ba5bd6fe76b
his work,61cef7aebb9ceca1
 we pres,6f8c187d936ceeff
ented th,c2609ddaf60571de
e Transf,82e167dbb6c209ca
ormer th,dc8786c0aaa30ff3
e first ,e6e89cf058d533fa
sequence,658fb9d21ca7eb92
 transdu,d2ce4a63067e0679
ction mo,75614ea04cace749
del base,4c5919b5b3d00a46
d entire,fd0f43657908158c
ly on at,23e90f55a57d1d68
tention ,3409ec04d6fe3642
replacin,ef9f4e26ae55ef7b
g the re,535add35334f6298
current ,40b70737dadc3415
layers m,41f638b775f87efc
ost comm,a44a5e2916d2f084
only use,be991ec36976e1ac
d in enc,8c75415516ee9a36
oderdeco,aa74e488cb06d436
der arch,5dc6bb3dae8b9d6b
itecture,516f7687e25cd866
s with m,d96286cd144befbb
ultihead,5cc148445bd5f352
ed selfa,7e22238f138cbeda
ttention,e69f1834259d920b
 For tra,dda482d89b5299eb
nslation,1a6ffc8eb891e5bb
 tasks t,bd95bc6b1a82888d
he Trans,f81fbf6ab5c3cd8d
former c,95f314a2d8eb1d04
an be tr,c5d0c255fff3062e
ained si,fc08f58085dbfb73
gnifican,11d2221cf8e3fd4c
tly fast,64068e55172f558e
er than ,79755f5ffe2dc4d7
architec,9d31f0c2b0c15fa7
tures ba,4618195d4d550c5e
sed on r,0df26c3681a332cf
ecurrent,b9b511edcc12d378
 or conv,a40d5d08f9f28949
olutiona,95a632c993eeb81e
l layers,a1a38a7f9dcc92a5
 On both,2fcc3d2302ebbb6c
 WMT 201,2112db57a4fb80cf
4 Englis,24829a72ea2036d5
htoGerma,a4833bd68494a634
n and WM,42c85fead5b21f0c
T 2014 E,3edd2546078e4edf
nglishto,f40472361f37c1a9
French t,c37843692b2d03e1
ranslati,9939be6bd238a326
on tasks,aa8b4a36e2e832ab
 we achi,c9ef7eb5b5ac7363
eve a ne,508d3a55429942d5
w state ,5a84178b1d4b8cdc
of the a,94b8b4d84dfa7c2c
rt In th,fddfdd96b3ef6fb6
e former,902ac404660703af
 task ou,7b61fb2bc3538202
r best m,04c25baf9a2e847c
odel out,790419538b034e14
performs,568617c886f7dce6
 even al,5d8c99c31451dc2a
l previo,b3a90bc0f0fa4c73
usly rep,961fea5f1c24eeb7
orted en,d3c5d38618eeb535
sembles ,b41c739177efd5e8
We are e,f33bdbc16fe45603
xcited a,0dd70b5a2dc53231
bout the,166747aca665d4ff
 future ,57596584cca01de8
of atten,f9f4362cb4d61916
tionbase,7adb413841493652
d models,56a596585eede029
 and pla,0ce5a1f42be94dc4
n to app,30ac083da3421a5e
ly them ,59759ed984fdd547
to other,90324326b8db55b0
 tasks W,654c9abc77463d3f
e plan t,ed814044880fb2ce
o extend,9e274ea7ddf3db73
 the Tra,7f8e05648143d27d
nsformer,256559e8294a9fef
 to prob,c2f3dc98a82d5272
lems inv,6568256bf572e30a
olving i,41b929f83c880d09
nput and,878fe64f54c54c1b
 output ,5b9bef9eb26263d8
modaliti,8bdf7d8b5337229c
es other,448e4f68a3013d42
 than te,de1e5b0bd3fdf903
xt and t,5a1b471d44c7f053
o invest,b3388007370e5272
igate lo,5c41a2899430ad0c
cal rest,5c90aefd0b72849e
ricted a,5c3072c3e7e83a4f
ttention,e69f1834259d920b
 mechani,cb2ec4824defc4f9
sms to e,3206558b0519d762
fficient,4b9b9ee6bb9a5d6c
ly handl,db09f0507b366062
e large ,723873e2045d425a
inputs a,d9dae1551df7e303
nd outpu,865901fb1dac4328
ts such ,d11ad2e4c89b1171
as image,ae3c9d5c35fc9ea2
s audio ,3ada19d825dd5db8
and vide,8cac84ec1ba0f472
o Making,4a97b0ffa901ecf9
 generat,8f6e8eb4dd182823
ion less,26f4faabfd428696
 sequent,71e14c02be5726fb
ial is a,19dc4ce99b1bae4e
nother r,2506fd167d460e8a
esearch ,0c436765d6cc103f
goals of,60f4e9527e9ae48a
 ours Th,1e67b32182f25f50
e code w,ed7cd26cbda5830e
e used t,93064725a495ea91
o train ,7fd495dcd87bb5c5
and eval,f5d9626440da7b39
uate our,4848532d399fcbe8
 models ,f00456bf84aae637
is avail,9f39d9b01c4a4b52
able at ,7bb14a9bcce6f8cc
httpsgit,e978a1b415e5f2b0
hubcom t,1cb81536a41793b0
ensorflo,0deefc70e8679f6a
wtensor2,74d97ef6e888f8ac
tensor  ,ca5ffa451cc06ae4
Acknowle,f8fbb2254401d2a9
dgements,01283c702c1b2545
 We are ,0b16e9ea007b633c
grateful,a499539f8a6699b8
 to Nal ,e7f465303c33205e
Kalchbre,677a17e5ba2ff86f
nner and,7e15231b6a4401b4
 Stephan,08fc1ecd5f1b301f
 Gouws f,4e95dd605ae64700
or their,f695ad67dabefc77
 fruitfu,c930e00d7e96c234
l commen,68fae2688be63ce4
ts corre,ff1e2c05a77208a9
ctions a,141d10fa8c339f11
nd inspi,c2a4eef49daf1ea6
ration R,6e2dd73f4be1ffb8
eference,e80db6c9223aaea7
s 1Jimmy,c580c203f40885d6
 Lei Ba ,00f6a0c8a49a16a8
Jamie Ry,3e5d09a032dfb644
an Kiros,9e26bd64552c327f
 and Geo,9410eb66bd064217
ffrey E ,39ce7b35602589a8
Hinton L,3440691056004b7f
ayer nor,7ade1a2cb755aa73
malizati,f9ee206cfe320ba3
on arXiv,3d2fa73e7cf8611f
 preprin,202789ad6e5a6c40
t arXiv1,23dd33db16acc9fb
60706450,7f2af7218c33c0a8
  2016 2,9e474e80e9021f31
Dzmitry ,78e9a3093101330a
Bahdanau,352b44c4dd5efe7d
 Kyunghy,3884b10d25b37d02
un Cho a,cb525495739f98ec
nd Yoshu,f826075bf7f98267
a Bengio,7d4fc91217f9f4c3
 Neural ,deece885c2adaa34
machine ,48f5a7bdf38be537
translat,cf578369251c77fb
ion by j,f4ee68ffa82a9eab
ointly l,df2cee758d5bdeee
earning ,639f296c96c7b12c
to align,20ea6f152a880cca
 and tra,482f810c8484779f
nslate C,0e9bff394b48a6ff
oRR  abs,733346b11f3f9077
14090473,78f13a251c538dea
 2014 3D,41795fddcb51871f
enny Bri,d2416e48c25a5516
tz Anna ,5891a8f04c6a6847
Goldie M,f9e1c1607ae29651
inhThang,d6af34e02ec6a40b
 Luong a,b71f6e89e2dec4c8
nd Quoc ,c5459a54b3676451
V  Le Ma,67cec07e0f5267ac
ssive ex,6a157b3f7fb537bb
ploratio,bd958c8f8d052d2a
n of neu,adaa2b283df2cf0e
ral mach,de029fdf6b772f91
ine tran,9b4aa9a2175fddb4
slation ,6655b175e2630392
architec,9d31f0c2b0c15fa7
tures Co,f70421852e052083
RR  abs1,d51110bee8db576d
70303906,f678f43f1ce5faa2
 2017 4J,1731030132a407a1
ianpeng ,393a36ab5a90ee38
Cheng Li,20ec540f63a04ea8
 Dong an,5a018615b05fc7f6
d Mirell,d07b3d249a2a94d1
a Lapata,de178e0f1412c08e
 Long sh,b88f2387345e07f5
ortterm ,8a8ac737bdd180ec
memoryne,e7a5e94e483e9957
tworks f,780cd6f38ddb7ab1
or machi,6f8a10b905f78638
ne readi,0b4e4591e012921f
ng arXiv,052629594cfc9701
 preprin,202789ad6e5a6c40
t arXiv1,23dd33db16acc9fb
60106733,a5cd3c0e334d4b17
  2016 1,12a74dbdc3d1621f
05Kyungh,4ba9b5813ecf3ce3
yun Cho ,e5f5f51fbe694c22
Bart van,a9b1692fe3297216
 Merrien,f5fd28e45aff4f56
boer Cag,7cc1089724e74f12
lar Gulc,724fbde1f153d043
ehre Fet,260fc618b942cb06
hi Bouga,6edef480127d5168
res Holg,7dd169685c2935ba
er Schwe,6414e91d7ef94a3d
nk and Y,a4fd2530beff922b
oshua Be,01dc06f379bb4fa7
ngio Lea,4025b2cf32bf40c2
rning ph,130a5f3505528e68
rase rep,597ab8237318e34d
resentat,fd5787065c0225cd
ions usi,32a91ab51e604fd5
ng rnn e,9dd15c1c9910feaf
ncoderde,2e5c4c10eff22a2f
coder fo,70129e74ff6930c0
r statis,44eeacbfcc924951
tical ma,8c6687c862e95098
chine tr,ae51107e3a29c71a
anslatio,56138a051f1762b0
n CoRR  ,fd712e9bbb6ca7e4
abs14061,9e3c2917f83f59ce
078 2014,20abf9842d355dfd
 6Franco,f560174ff87c4b8d
is Choll,09421ccee45633a7
et Xcept,fda6f702d2020d06
ion Deep,7365e2ddc0f6ac94
 learnin,05cf04154dc9f466
g with d,f283ebfe7b2805ca
epthwise,5e337f559cf5811f
 separab,5009f09139f8f011
le convo,40a55e3e82993fe7
lutions ,d4168275e0ce5769
arXiv pr,2d8b1430592bba0f
eprint a,d7a5c6452ebb88d7
rXiv1610,662f859474e7ab5e
02357  2,905411b211102e56
016 7Jun,7fbdcbeceb1b9104
young Ch,424ee449566b7981
ung agla,ad759a9d62adab4c
r Glehre,d00f50e9084b248a
 Kyunghy,3884b10d25b37d02
un Cho a,cb525495739f98ec
nd Yoshu,f826075bf7f98267
a Bengio,7d4fc91217f9f4c3
 Empiric,1aa57f91725b6227
al evalu,c07604a1311019f8
ation of,f7cf2f8a6e62199c
 gated r,4e0df52c646d0ffa
ecurrent,b9b511edcc12d378
 neural ,50bba818688eb69a
networks,0edaf8670ffb50a4
 on sequ,6cdbbe253d0b3c6b
ence mod,7261771785f6c799
eling Co,b7aafaf758daf931
RR  abs1,d51110bee8db576d
4123555 ,97c8eaf200dbe1fd
2014 8Ch,8ca4756fcf473152
ris Dyer,e88df312bea9866b
 Adhigun,3c2a39818c890e3f
a Kuncor,8d5631229aed4015
o Miguel,a363d0f7240b050f
 Ballest,4262f55d0201e215
eros and,05cee246e25fa2ee
 Noah A ,3070710b135e363f
Smith Re,a365ee7057a923a9
current ,40b70737dadc3415
neural n,89fbd56c14006238
etwork g,0227897127dedc92
rammars ,7f9c8daa8914991d
In Proc ,0f1d5d2773626b8d
of NAACL,534e041cddee5241
  2016 9,bc73526474b7f383
Jonas Ge,d60f17d6bb07c714
hring Mi,871a08423b6a10e4
chael Au,6750b165666da690
li David,914bdc7de8d4cbe6
 Grangie,f7b23ec8ce41a9f8
r Denis ,2164075ac1272381
Yarats a,86503200f2d936ad
nd Yann ,52c7524e7bee03bc
N Dauphi,0d78acc09137d36f
n Convol,7dca0572428d3657
u tional,6ef4d390bd9a53f8
 sequenc,bec16ac0f97df2ba
e to seq,571e1ad9e4e80009
uence le,7a8a64de43513dfa
arning a,7f493affec637d74
rXiv pre,c5068c335ace3de2
print ar,5c04076b80d1e654
Xiv17050,aa2c5df041b7aa57
3122v2  ,ceeaf6639b105285
2017 10 ,63c7412265fe463e
Alex Gra,8d71df8eb947220e
ves Gene,91b15f642b331f7b
rating s,57147557fcc4b3d5
equences,f319cc8f3bbe4ec0
 with re,3af5925d418e05cb
current ,40b70737dadc3415
neural n,89fbd56c14006238
etworks ,5cf7b95feb527120
arXiv pr,2d8b1430592bba0f
eprint a,d7a5c6452ebb88d7
rXiv1308,cc193bdf8d16506e
0850  20,d894467ae2f72c8e
13 11 Ka,1f9384bd42cbbcd8
iming He,a329f52f7acfa24e
 Xiangyu,78591c1e6fe6ef2d
 Zhang S,d9c162caf1020b88
haoqing ,ca18656d0e5b9ed7
Ren and ,287e9dff4fe357e3
Jian Sun,37c6603de43b71aa
 Deep re,ac855044d98a3f9a
sidual l,6a0601b98c887d0a
earning ,639f296c96c7b12c
for im a,afdb2361cc771469
ge recog,e848318b1584c1f4
nition I,eabeb17655776d7d
n Procee,056864bd1705a53e
dings of,e68beb2e3774441c
 the IEE,08956dada0a4a3ad
E Confer,1a852cceebc492ff
ence on ,ead11cb9b3943aae
Computer,f7c9d3cdeb2e375f
 Vision ,0229f136f93549bd
and Patt,dee1fc18865e1a8a
ern Reco,589034fccc8a3172
gnition ,5568e789e3a7231f
 pages 7,31fbac64aaaaf4dc
70778 20,626c5d2f34e12be7
16 12 Se,b913684fe60559cc
pp Hochr,ca89e7154a1ecec2
eiter Yo,b0a284a89461aa7b
shua Ben,d4a79059484a87a5
gio Paol,ef1015b07d60f697
o Frasco,5926bbbab01843f9
ni and J,281e56080c04051e
rgen Sch,4fd6e43b1a7edcd0
midhuber,84f19fa8d4b002c4
 Gradien,7c6e4f6f0dee21ce
t flow i,2ded5c60f1e19020
n recurr,fe79e33ccfcd343f
ent nets,5d21a623db4067e2
 the dif,98015a597af50107
ficulty ,ab6b4ed89fb78e49
of learn,d588baf4d1ef2d0b
ing long,43f8473b75668883
term dep,b011c6a0d0b2ff3b
endencie,310017ec7e61fd19
s 2001 1,58a222512774a86a
3 Sepp H,172fb9f9090583db
ochreite,a13f8081fea5f0eb
r and Jr,43a75f4c900d02d7
gen Schm,53e130de0b2ffcc5
idhuber ,4b527fa753ffc36e
Long sho,f8933e5764330ec8
rtterm m,42ca21e9bf616c42
emory Ne,ab230004a715bd8a
ural com,03b8c5e935810bde
putation,2f323a9c70ffc9af
  981735,906ab8c2b7cb8732
1780 199,19849fa1d8d529d6
7 14 Zho,a11e53b13ae4a5d9
ngqiang ,ce0e9083a84a5a3b
Huang an,3a5987b298123c3b
d Mary H,6f5d1d1e70be2d04
arper Se,4085b259efb372cd
lftraini,331603bd43c28fb9
ng PCFG ,c4427ecb72cf4674
grammars,1f49c20a567c8123
 with la,e894695a09f376d3
tent ann,f364ef8f9ed3c629
otations,7487ff03581c66a3
 across ,cb2805b24e9738e3
language,aecbcf7d457d36be
s In Pro,d5fb9d03f766059f
ceedings,5fa7b5fc07cdbd48
 of the ,c1dc216abfdc90fd
2009 Con,0b988506160bb7b0
ference ,874e77e860e22bcc
on Empir,d7b3d1a3af334b1b
ical Met,1865c9eac5bdf5a1
hods in ,c57c08f6fa4787f7
Natural ,cd45efa48f60f031
Language,7c5e85cf47de3005
 Process,f1d538da372cd053
ing  pag,1df86e90b7226290
es 83284,e30a95600151743f
1 ACL Au,f20e4b8ee73cccc6
gust 200,e21f87216e9dabbc
9 15 Raf,1a52dcb06327c531
al Jozef,393ed47fa55c7091
owicz Or,e495bfcf8a20bd9b
iol Viny,41ee8ddeeee04e17
als Mike,54c261455a1a9142
 Schuste,50bc80ee186c2a66
r Noam S,0a3e94f18b6b29bf
hazeer a,42687260ca32caa6
nd Yongh,97b7dca42ca021e6
ui Wu Ex,31852555f31c092b
ploring ,2f8e7202e5201ee7
the limi,28cea583b4223187
ts of la,244339bd9613051f
nguage m,082fa5371ea933a2
odeling ,4274c4602bb0997d
arXiv pr,2d8b1430592bba0f
eprint a,d7a5c6452ebb88d7
rXiv1602,42c904ee3494842e
02410  2,4696a1c7ba3baed8
016 16 u,83126574d186cd71
kasz Kai,b775e8170c64e37d
ser and ,bfa3c86b08941347
Samy Ben,9d3c74588813a6aa
gio Can ,1fecfc04654496e6
active m,7a25259fc6ae1596
emory re,0aa8777a64ec8a98
place at,9644b773594c7082
tention ,3409ec04d6fe3642
In Advan,1177998edc434447
ces in N,224b13fc6f3c0856
eural In,f82270d586c68ad7
formatio,798a62f667e27342
n Proces,b232dba1089468c7
sing Sys,bdc3290a08962cdd
tems NIP,44f4b12a7f079a7d
S  2016 ,0249f22fdee9c5ba
17 ukasz,0feb57c1c1969704
 Kaiser ,57d7c31b8dc422de
and Ilya,f2e6cfef57b07f8f
 Sutskev,117e336ae23fdf5f
er Neura,c2c5efdc66fe77fa
l GPUs l,60d86d31d99fd2d9
earn alg,3ac7bd293cee2978
orithms ,e03c7f6a403e1377
In Inter,e5124b551327e127
national,0c0dd6e21168e3cd
 Confere,699e72d7f283648b
nce on L,6d605e8297d0bdf6
earning ,639f296c96c7b12c
Represen,cfcee1c678ac8f38
tations ,dab31db273a43e21
ICLR  20,ffafa0dc5662dcb4
16 18 Na,27a81740e6d18ce5
l Kalchb,fe08c7de467c4023
renner L,7d6374e1c5b72409
asse Esp,8079fa08415be91d
eholt Ka,b73bcbd8f35c2b63
ren Simo,b4ea35cb3fff0e5f
nyan Aar,b92a63e001396382
on van d,a749f07313e9863d
en Oord ,f7c81c8d0a546eb9
Alex Gra,8d71df8eb947220e
ves and ,24538611f91b71c1
Ko ray K,63e981a23afa818e
avukcuog,c1848ff2749120cf
lu Neura,f45d22204d7c9c7c
l machin,988ef57784942b9e
e transl,3c36832e48883336
ation in,51a39454bc2f285e
 linear ,acc485ae7d41dd9c
time arX,843e09b72694ae21
iv prepr,bd49d297272ee471
int arXi,ab0b210588ef61d3
v1610100,af4d37802a87de44
99v2  20,4228a37b611e0c57
17 19 Yo,7e7cd25f5f4bd5cc
on Kim C,d056a0e7389f7ca7
arl Dent,4b6fb02d21bb7afd
on Luong,035037e6473dfc1b
 Hoang a,b02f897561c98313
nd Alexa,ad95e10977d88806
nder M R,a7e4c839ccebb0d2
ush Stru,f6c89a90315f2097
ctured a,4d9ce6e8db522bc0
ttention,e69f1834259d920b
 network,25a29fc988f88008
s InInte,7e633781c9475afd
rnationa,6010042ac39d58eb
l Confer,5a6f3dc6b3840236
ence on ,ead11cb9b3943aae
Learning,9d4012279d6ccac8
 Represe,66c98aba01d38ba1
ntations,c8be402e8e889d1e
  2017 2,2867d340c07d3c1d
0 Dieder,fbaa79b26958ba8f
ik Kingm,fb202a767e8cfda7
a and Ji,fcbb347fb7281f40
mmy Ba A,89c4c1a65b527624
dam A me,705544e88e34be4c
thod for,7475b572c23f41a3
 stochas,9da595067c0347aa
tic opti,48c6a35627a8ee32
mization,15a05b6130925422
 In ICLR,c64b71c4e3670f90
  2015 2,8aec003fea4d271e
1 Oleksi,54391cdf9a415560
i Kuchai,a37d71494e7a1149
ev and B,ca766280a0c6062f
oris Gin,da6cb73ddf8626a5
sburg Fa,70b8cdf4b35156e0
ctorizat,cd68e3b8285ec9a4
ion tric,9056bacdcf35a5bc
ks for L,b92a1811e32ba803
STM netw,1923af0d6115f738
orks arX,ff7c0cbb8f71c9c6
iv prepr,bd49d297272ee471
int arXi,ab0b210588ef61d3
v1703107,36d59df3338f8b07
22  2017,4afbefde79487689
 22 Zhou,0c30fe2450e0d580
han Lin ,7b7b0b49141ce36a
Minwei F,fd89661e46c909e5
eng Cice,5674f594e5dc4e26
ro Nogue,055b9339ceed2aa1
ira dos ,d183e75968652983
Santos M,dc6179f0231fdae9
o Yu Bin,c34187a09c0c373c
g Xiang ,c8732655462fd166
Bowen Zh,df59d947daf4ef0e
ou and Y,ac90e7ab55d62f81
oshua Be,01dc06f379bb4fa7
ngio A s,a74557af5fb3e887
tructure,67530aabd9cbce61
d selfat,39484af5336a5f32
tentive ,9c23fe7c493b2978
sentence,2245356e38ae6e3e
 embeddi,aa39a0e5dde7017f
ng arXiv,052629594cfc9701
 preprin,202789ad6e5a6c40
t arXiv1,23dd33db16acc9fb
70303130,9955a9778c9fb55d
  2017 2,2867d340c07d3c1d
3 MinhTh,d9ed1967993bc765
ang Luon,e0ab1350ae6acdab
g Quoc V,2c1ccad4b3989345
  Le Ily,1247d95d62d6bb9e
a Sutske,a4f92d063c8b1aea
ver Orio,c9aeaa60d23c9f6e
l Vinyal,54dc0b43f3fa61a0
s and Lu,b318070c4f09704a
kasz Kai,b775e8170c64e37d
ser Mult,cf9c072f5cc49398
itask se,b867b5212149cd1f
quence t,98a930ef74ca011b
o sequen,6cfda7c23790c2ff
ce learn,93e9125f50244796
ing arXi,ccacad77b33c62d7
v prepri,b3d5397f29a6e3d7
nt arXiv,8988d91b7046ddfc
15110611,034b7b630f6a659d
4  2015 ,e31ee101bb616414
24 MinhT,fc2dc7632d938f88
hang Luo,9bcd31ab7bde897c
ng Hieu ,a18f69d2def73376
Pham and,b9da6eb7f4f4d3c6
 Christo,e4385b2358e93f8d
pher D M,eac070d411c0a9c2
anning E,4b26a334130045bd
ffective,c75bfebc0a3c627d
 approac,7db3c17f161d4b48
hes to a,909eacf805cadb94
ttention,e69f1834259d920b
 based n,91a0b32f3dfe9132
eural ma,1aa057e01a4ba223
chine tr,ae51107e3a29c71a
anslatio,56138a051f1762b0
n arXiv ,6ebd8512009966ef
preprint,82541e2367ec5264
 arXiv15,83bddbda78c812de
0804025 ,ff506b6cb5c8438c
 2015 11,e8e368480d3b47c9
25 Mitch,a5369542b07d3a5d
ell P Ma,2db37fd8b3e03176
rcus Mar,97629c4290957d40
y Ann Ma,59c2513e9f7dd230
rcinkiew,b2d79cdb8c4120f1
icz and ,04fbe3ff31878868
Beatrice,6981894116b8e1e6
 Santori,a13c32a5ad1e343d
ni Build,0da61fb9008a9237
ing a la,da87f9905fc90f4c
rge anno,59bd243d084b244d
tated co,4d85e3d3ecaf662f
rpus of ,263e88844d528297
english ,7e465f38eb2fe82a
The penn,814f9bfaef2e0187
 treeban,37ce76937347ee50
k Comput,6b182dbade07a2b9
ational ,0b02910f08fa570c
linguist,f02e53e4d17252cd
ics  192,5d8a710ea442fe9e
313330 1,40b21401acb1882e
993 26 D,83721caafc1a59ca
avid McC,1940a9592dfb17a9
losky Eu,a9fb8c0af0b57b81
gene Cha,6b8f0f30cf339b5e
rniak an,e9f2cadbea4a375b
d Mark J,451475152e410fe5
ohnson E,40b28cadea6eeba1
ffective,c75bfebc0a3c627d
 selftra,121c1f8d1c6c70fe
ining fo,6320def789916176
r parsin,e0f8cd08f873f6af
g In Pro,281a30ec6875ac34
ceedings,5fa7b5fc07cdbd48
 of the ,c1dc216abfdc90fd
Human La,bd543da2d500daee
nguage T,5ac1bcc9c059850f
echnolog,80f455498c04d326
y Confer,e53b99c3bf7e1fff
ence of ,024587c3e46a5c28
the NAAC,99d365e0132d2c5c
L Main C,97a0e39bbe139e64
onferenc,14e72fdfe588de47
e  pages,39d9156b676fcf68
 152159 ,92a181fec6a796f5
ACL June,3c593209e017f10c
 2006 27,f2e908da4f603b6c
 Ankur P,0a4056f8b3e7cd66
arikh Os,7b88319d324ca0e3
car Tcks,48eb1f517960ebef
trm Dipa,4136d9f7cfcce828
njan Das,698c027078469887
 and Jak,e4df9d8735faba6d
ob Uszko,de3e28b75ed027d6
reit A d,35345d5a8bb9a6a0
ecomposa,8b4636ef4aa5a8f2
ble atte,fbff098877cb574d
ntion mo,187331d50f9e5088
del In E,340a30fa4eb0ce9e
mpirical,c2472425e479a283
 Methods,52c4ad1edf8bd24e
 in Natu,d48c9396c1f0925f
ral Lang,85ea99eb9c168093
uage Pro,01ab536786c64f0c
cessing ,a88b2152e73f8b1e
 2016 28,0f2ae91572f8e2a0
 Romain ,b0b1e952d7f96635
Paulus C,53b3b1d1b8bbb71d
aiming X,7f186549829276db
iong and,09320365b5322aaa
 Richard,1423de07f85b88dc
 Socher ,491cf264cca16322
A deep r,3ab6d6c7ffe86b96
einforce,e30d270fa749d365
d model ,633b693c5d500d64
for abst,d7a42c601b2310c7
ractive ,dda0398f340fd74e
summariz,94c3520d5753291d
ation ar,08eb497a825fbac1
Xiv prep,6a267ac8d9bcecf7
rint arX,690f50d9b01129e6
iv170504,e0175b46187db1a3
304  201,1335dc8cb6a4ef55
7 29 Sla,44d623cdd9e8851a
v Petrov,8dccc08977a67327
 Leon Ba,ee992a753e41e498
rrett Ro,22fa712ccd2ec032
main Thi,5b5b68e273fd77c6
baux and,946875e1f439d618
 Dan Kle,32f21fd7703c9d7f
in Learn,c49c7429320dbd4a
ing accu,834b22407cf188ca
rate com,5116bd02959280f0
pact and,17fac1b1c3aa6fbe
 interpr,4996a5033d882494
etable t,fe3e7223caff2906
ree anno,82965bf783c841fe
tation I,df9b2bdade069a9e
n Procee,056864bd1705a53e
dings of,e68beb2e3774441c
 the 21s,b6c4bdf02e468ed6
t Intern,7485f857ecc62947
ational ,0b02910f08fa570c
Conferen,a7ce6c10aa2381ee
ce on Co,6ef2ad919740ed48
mputatio,cbe0bedd4a0b492d
nal Ling,c6fa90426d24968b
uistics ,1ce29cf47670b068
and 44th,01904ca54f83b04f
 Annual ,64718607ab784ef0
Meeting ,4a8abf9e990ed62c
of the A,240e8fb2fa4f3e05
CL  page,28a42905876e3d24
s 433440,89348a403e83480a
 ACL Jul,906d515efd06e861
y 2006 3,7b597e1e36cba0a3
0 Ofir P,b86a148d5016545c
ress and,c463cdcfc250e551
 Lior Wo,d2cdff14a4a48b20
lf Using,350c504ffee7c295
 the out,72dac102a639caab
put embe,942ad78838c479d2
dding to,2388a7893641f277
 improve,56caa7b0d89b7988
 languag,847d3c4751889eef
e models,2535924aea9a60e8
 arXiv p,a27c4dd1a46deb30
reprint ,9d41f7ebe2778755
arXiv160,4326d35c219c59e5
805859  ,1efe5c1ba12f83aa
2016 31 ,b0f3fc160c783b9b
Rico Sen,0c58ec71bde56dd5
nrich Ba,b5f963583f6038ce
rry Hadd,60a0a691b575ccba
ow and A,a69b9d7720154df0
lexandra,6724c06ae5263934
 Birch N,1b01e3568083ee9a
eural ma,1aa057e01a4ba223
chine tr,ae51107e3a29c71a
anslatio,56138a051f1762b0
n of rar,eae7d05a687c0449
e words ,c31472b8ee2f2a6d
with sub,b8119560eb940779
word uni,dd68e0e5e17fac17
ts arXiv,513c58945e5ecd4b
 preprin,202789ad6e5a6c40
t arXiv1,23dd33db16acc9fb
50807909,8d429006b35ded3b
  2015 3,515f38aff1edac77
2 Noam S,f452c350f3c0c7b3
hazeer A,a88a048e8a941303
zalia Mi,784375ea7443ed33
rhoseini,961e3ff6e837c80f
 Krzyszt,631998e45d319721
of Mazia,7ba3eee0950091d5
rz Andy ,8ef0205dcb2a1550
Davis Qu,215229618686185c
oc Le Ge,03cbadb2e8eecc04
offrey H,3c7abcb095093802
inton an,de16d12172bc2bf9
d Jeff D,6794931c585d92b3
ean Outr,97e140ba924681ff
ageously,722c06b37bbcf8f2
 large n,eb70472d7c29978c
eural ne,9dd01c2a4accf0e3
tworks T,d48adc7d6dabbdce
he spars,c398afc8d66ec021
elygated,845f9e7302caae21
 mixture,a1de76e51b0ddd03
ofexpert,18b919f6e99d990b
s layer ,0b0de75694a5e593
arXiv pr,2d8b1430592bba0f
eprint a,d7a5c6452ebb88d7
rXiv1701,83857a55a13d8c8f
06538  2,85d859de5eb303a0
017 33 N,7a15722125862f85
itish Sr,3aecd828cb3aaca7
ivastava,26734f611b24e7cd
 Geoffre,05e8fab579007759
y E Hint,a5589219bc5885fa
on Alex ,d475436fed3a1090
Krizhevs,847904cf4b7b3248
ky Ilya ,2e467b5c19e081c7
Sutskeve,060a2d17aa08c505
r and Ru,b5fffd923ccca4a7
slan Sal,4035b6bccdcf49f6
akhutdi ,5b0350c0150d20b5
nov Drop,8895ebc4b935a267
out a si,8b63a1114cb07ed0
mple way,cef784e0e3a09c55
 to prev,b8c82d931038e7ac
ent neur,a778096f34b5fe70
al netwo,6947d19f6bb03207
rks from,4659fc1562e4526a
 overfit,7c5dd7f40aa7dd46
ting Jou,7fb6026828d86c44
rnal of ,6ef9707a45568803
Machine ,5a4d235574e906db
Learning,9d4012279d6ccac8
 Researc,f5a736d511d8aede
h  15119,e547da4fba7cd719
291958 2,cb3fe7bc714f8521
014 34 S,6e1c182e45de3f0b
ainbayar,7e7b1ae407f2db83
 Sukhbaa,0cb081e4794187b4
tar Arth,4f745d822e5e947a
ur Szlam,b44be3b6871b743e
 Jason W,143ef78955e538c4
eston an,ef90df352c2ce926
d Rob Fe,8f4d98ce4cd53955
rgus End,d13505357d766458
toend me,cb0a9a22286e9531
mory net,7d2654d207c44400
works In,52774d4e43f5a717
 C Corte,ab5068dce5cd4a27
s N D La,90ae7af2f6112761
wrence D,e9ebc3a27210e741
 D Lee M,a716a908d74518a8
 Sugiyam,6d1ba329d0f62a00
a and R ,781ecfb784ae616f
Garnett ,0db68fd2d078e7f3
editors ,2271761bceab2d54
Advances,bd2c0e39998c37a5
 in Neur,cba2b7df5fea75dd
al Infor,c128c2863b1f181e
mation P,0d2593311f5b4956
rocessin,53bf2f947936ebde
g System,efbeabfa0b52d108
s 28  pa,8148c929ad759dfa
ges 2440,9e613384131c3f99
2448 Cur,3f58183ab1a06d79
ran Asso,9327c6d4a43ba7ee
ciates I,e0d5c17b00100994
nc 2015 ,dc5380fd50eed822
35 Ilya ,c2e4794de1ea500e
Sutskeve,060a2d17aa08c505
r Oriol ,ee3a52cdabe0e857
Vinyals ,6fa234a6abd2f6c9
and Quoc,6c0bfd86df9f36e1
 VV Le S,8e1e71089175dc43
equence ,822b6068c0c99df2
to seque,2b175972a153a0d6
nce lear,ac4c74ddce1832d2
ning wit,6e2255bee21e4ea3
h neural,5edf49d6614b213d
 network,25a29fc988f88008
s In Adv,a7a38b56cdd0c061
ances in,2fa992655a1cb69a
 Neural ,deece885c2adaa34
Informat,bcd13f0144d24ef1
ion Proc,2689fe03caf2c566
essing S,401e23cd750c7e68
ystems  ,8fa4fd9077a553e2
pages 31,e68bdf7114ce871c
043112 2,c7618d544742db3a
014 36 C,af12240322100045
hristian,bbda5c1885707261
 Szegedy,973c6f64e0c68e06
 Vincent,2148594f72c919de
 Vanhouc,24bfad406b0c21b6
ke Serge,45fad92b165df963
y Ioffe ,1365efb8af6d989b
Jonathon,98706b98a2b7c4ec
 Shlens ,991693a159d58a34
and Zbig,5d89741c794f8e21
niew Woj,782dd83dee63dc36
na Rethi,2522b9399309af29
nking th,8c47f5f81acfe6d0
e incept,d210060c82d8b443
ion arch,4924bb5407b91e49
itecture,516f7687e25cd866
 for com,7a21e10434921d58
puter vi,aa31cece8b95d0bf
sion CoR,5de9791c0a612938
R  abs15,2a2c585ec4649335
1200567 ,aaeb2081e2da1f92
2015 37 ,288ab01ee739d0dc
Vinyals ,6fa234a6abd2f6c9
 Kaiser ,57d7c31b8dc422de
Koo Petr,c529c6ce732e959c
ov Sutsk,70706737627fedb7
ever and,426ea0db69c0ace4
 Hinton ,15d4f0aa5603a239
Grammar ,51bc497939561b6c
as a for,4c16271587e7b1a7
eign lan,950a5a1b02d1300d
guage In,9734fe9ea2d8885b
 Advance,8b0833bbf3c1108b
s in Neu,b599ea6d09af745f
ral Info,b8401d0cd0662448
rmation ,6fd5f2fabb202d6d
Processi,d3246deed26ffdb6
ng Syste,03920982716f50fa
ms  2015,6deb91fc21a93bac
 38 Yong,6af148cf89db0af7
hui Wu M,d45ef435196665ac
ike Schu,3dbec044329f5b27
ster Zhi,294576c5bd989624
feng Che,5d0d8a5ed033bb0e
n Quoc V,f71c8d6662aada7e
 Le Moha,06a9185d3ec840dc
mmad Nor,566ccaae1b5d1920
ouzi Wol,e493db4eb7519358
fgang Ma,a780dce44b718070
cherey M,1f33a2b642af1d51
axim Kri,365410fd1754c391
kun Yuan,ab3909930e1c5e5d
 Cao Qin,f18e0f49d5b62613
 Gao Kla,ee7dc5729d3789e9
us Mache,6230581c52e054bd
rey et a,3f300f9d66227fba
l Google,93ae97b159984db1
s neural,954e04c47fff3dad
 machine,c800ed469d2e57db
 transla,a175b4c248fce1aa
tion sys,628bc114cf6cb415
tem Brid,7e0c8b5cdd8e1b27
ging the,aabd28316144e23d
 gap bet,fdc3ba026c6f4713
ween hum,494eec8f34e78dc6
an and m,509653ec10170423
achine t,7f10a0919b923d5e
ranslati,9939be6bd238a326
on arXiv,3d2fa73e7cf8611f
 preprin,202789ad6e5a6c40
t arXiv1,23dd33db16acc9fb
60908144,fd4b6b5c2ad8de48
  2016 3,f90215820d4ca010
9 Jie Zh,d62a24cdbcd84dbc
ou Ying ,4ee66e0d87170518
Cao Xugu,8d922c56af9d26e9
ang Wang,6b6c6f5dcbcae0e6
 Peng Li,f8c60b1fb48c70d9
 and Wei,5d73c470c68a5d7a
 Xu Deep,cbe6274b5cda7c22
 recurre,1eb37689f3a43043
nt model,2a109abdb54a1331
s with f,8a4d9a9453530196
astforwa,ef74d041b3977645
rd conne,d54d127f5208dbf3
ctions f,eb2526427aa2dbc5
or neura,51fd5fc84fffc556
l machin,988ef57784942b9e
e transl,3c36832e48883336
ation Co,2d26d7c20b040c43
RR  abs1,d51110bee8db576d
60604199,1108656cbf538b34
 2016 40,8a9daf5034635a15
 Muhua Z,2290b105d9e57e19
hu Yue Z,48cd44904d9df06f
hang Wen,258ca3987f5ab1bb
liang Ch,d809911999a1554e
en Min Z,a7ee712f21f85d4c
hang and,d3acbaf0b11bfb35
 Jingbo ,97366bb2cd84c032
Zhu Fast,cb8bcbf7235a7524
 and acc,95706776db587b50
urate sh,33293039db265003
iftreduc,a20ecb15603fcb41
e consti,54fd59c96d2e8817
tuent pa,9616c1a92c7f9d76
rsing In,ac397f2d9a88eedc
 Proceed,05fd1d5db7e28bb2
ings of ,5a1c337387ac9fe2
the 51st,5fc83ff570967abe
 Annual ,64718607ab784ef0
Meeting ,4a8abf9e990ed62c
of the A,240e8fb2fa4f3e05
CL Volum,e951471f69c0ab98
e 1 Long,589e00daa1917364
 Papers ,a776c7e167a08310
 pages 4,bb3c6987792de690
34443 AC,b8255e1e97bffbc1
L August,889fa91069bd63e3
 2013 12,899dc3ddf604a1e3
Attentio,9816ccf5da3bc52f
n Visual,66bebaabc614371e
izations,7e822d1b50102622
 InputIn,fc7ceeb81c38b1d9
put Laye,efe27c9f612c98cc
r5 It is,09ce8edd4ecaf313
 in this,c348025b1e959dcb
 spirit ,2c8a1c2589c4ca47
that a m,475118b7d53a66af
ajority ,14c44c724e0f01b8
of Ameri,1f3732ddd99007e7
can gove,09349cdab630d733
rnments ,a066617c960775fd
have pas,099839f5f1e01640
sed new ,219feb5f3c98a176
laws sin,798dbaa2625b7656
ce 2009 ,ef6e541b1d00fe3b
making t,fc0b09c6bc820f1b
he regis,d53a541f989c765d
tration ,e129b91af99228c0
or votin,f4bbcff87b66b9ea
g proces,7f5692eb22910017
s more d,2bdd14435f7da8b8
ifficult,7982091534f3bd88
  EOS pa,7e9234943c339621
d pad pa,874e8a1de16a8938
d pad pa,874e8a1de16a8938
d pad It,6a2a8781c073f53f
 is in t,3fda20058b40988a
his spir,178764740a8f2b9b
it that ,f2b41d26945355f6
a majori,70baf4872394090d
ty of Am,f973db69a440d4e3
erican g,43d0e997ed77ca04
overnmen,7ef0fd57e8830d47
ts have ,7978851607efbab8
passed n,db81064815ef08f7
ew laws ,d280efc3a82a694a
since 20,d5e9664526cec291
09 makin,22c9ba221bb4ad6d
g the re,535add35334f6298
gistrati,5f245f6378856538
on or vo,34f0bfce36a4d331
ting pro,53327610155738b3
cess mor,2903c999295c0c15
e diffic,a39ad06cdf3d9d14
ult  EOS,ea034f72d36c7ea7
 pad pad,64da71777466314e
 pad pad,64da71777466314e
 pad pad,64da71777466314e
 Figure ,5b1ba5940ee1093d
3 An exa,9d474f74998f64ec
mple of ,5cb678d51489be97
the atte,da7ec2e3345d9184
ntion me,7543cdf1186f18da
chanism ,87bd81d29dfa0592
followin,8ce9e69b3ce3bb1d
g longdi,1ac2028b016d7726
stance d,e3b60ac2b3fc8f3c
ependenc,0d64cd4377bfbc11
ies in t,8ddc0fb903e440f6
he encod,c0bcedd457103178
er selfa,ca0356bb3fe01f1c
ttention,e69f1834259d920b
 in laye,21ca248fef3f204b
r 5 of 6,1dcc1a2110013df5
 Many of,76a9371fdb85e89e
 the att,aeffea769ef25412
ention h,9d3235dff0f073b8
eads att,0153e8293bfed6e2
end to a,daf6ac83be597029
 distant,3a538a6ce193b022
 depende,0ca0522fc2661697
ncy of t,a86a134902c2039f
he verb ,d1c61b74c691f5be
making c,73ee9020571a52df
ompletin,130784cbff575b5f
g the ph,78df2051131228db
rase mak,01ccdde3a97d2725
ingmore ,28df30768498fda4
difficul,e70d8f773c802d99
t Attent,ded3bf6c52513274
ions her,deebb851c24c17c3
e shown ,2e3991798d729c71
only for,e393d6d28a77cd18
 the wor,ce7bff264e5d1d1b
d making,58ffae9b8af9cf9d
 Differe,03f4a020ba4a3d44
nt color,8065234205065f53
s repres,6fde557d1f8a85b0
ent diff,cba79b058389c92f
erent he,ed7c91cb70993ec9
ads Best,48c8b8d9cc1d7819
 viewed ,fa16f2119e2697b1
in color,aa335e2b6617c449
 13Input,df24db28ff6e1eee
Input La,47c4724278d6e222
yer5 The,f4ffc8851aa506c9
 Law wil,a4cc55f271bb27e6
l never ,fe403ea2a22447c3
be perfe,7b7f7b7cdf9434a4
ct  but ,67f2213694fd65b1
its appl,ef01f2ab93807e45
ication ,04fdca75f821eff1
should b,7338fbe4c45f7d95
e just  ,e1eca6a962b66ee2
this is ,73bbd04ef3b0c9d9
what we ,79c94f2ec75de7ea
are miss,49a8134fc59e14bf
ing  in ,bcc68537f5e48ee6
my opini,187bd334f84a4b82
on  EOS ,0f79609ac4c20b07
pad The ,b29812889824a6e4
Law will,30074f1b5b0f8b43
 never b,0534f5bcecd858a5
e perfec,c3208515454c7462
t  but i,7fce086b46026992
ts appli,caff7beb4fd028d2
cation s,a5895708ad5f39bb
hould be,2e8dfa5d8d70ffcc
 just  t,5b63bb5d870b963b
his is w,1855b0941ecd23db
hat we a,2b13db1e68b5f74e
re missi,a6d8e953fdba01d6
ng  in m,e65320e8ae52bc8b
y opinio,b8cdb977d2f6b819
n  EOS p,dce5937b7dc8cac3
ad Input,ee257df682279f19
Input La,47c4724278d6e222
yer5 The,f4ffc8851aa506c9
 Law wil,a4cc55f271bb27e6
l never ,fe403ea2a22447c3
be perfe,7b7f7b7cdf9434a4
ct  but ,67f2213694fd65b1
its appl,ef01f2ab93807e45
ication ,04fdca75f821eff1
should b,7338fbe4c45f7d95
e just  ,e1eca6a962b66ee2
this is ,73bbd04ef3b0c9d9
what we ,79c94f2ec75de7ea
are miss,49a8134fc59e14bf
ing  in ,bcc68537f5e48ee6
my opini,187bd334f84a4b82
on  EOS ,0f79609ac4c20b07
pad The ,b29812889824a6e4
Law will,30074f1b5b0f8b43
 never b,0534f5bcecd858a5
e perfec,c3208515454c7462
t  but i,7fce086b46026992
ts appli,caff7beb4fd028d2
cation s,a5895708ad5f39bb
hould be,2e8dfa5d8d70ffcc
 just  t,5b63bb5d870b963b
his is w,1855b0941ecd23db
hat we a,2b13db1e68b5f74e
re missi,a6d8e953fdba01d6
ng  in m,e65320e8ae52bc8b
y opinio,b8cdb977d2f6b819
n  EOS p,dce5937b7dc8cac3
adFigure,a4c1460f83aa965d
 4 Two a,429761e33b203994
ttention,e69f1834259d920b
 heads a,d0fcc8448a9c6aa8
lso in l,6ec8f43303cc8446
ayer 5 o,e82eb26092cfce4e
f 6 appa,d55715afa4b2501d
rently i,164881b04a2b0c3b
nvolved ,9cb008afe3482d63
in anaph,d0842232e1c931d4
ora reso,2f8c0ffee32a585d
lution T,4042ef5676c43aed
op Full ,6f9b69c5e1528439
attentio,c015514542ace686
ns for h,064d2882d350e234
ead 5 Bo,329a765577130c9c
ttom Iso,a5a4bf70d773632c
lated at,089cb1a5e0169790
tentions,de7827c93b74539f
 from ju,36e375674007bd73
st the w,1d55c182f57b47ef
ord its ,797db6cb5d13e3fd
for atte,8167c87e43ff8d32
ntion he,c7798cd7e99a04be
ads 5 an,a169d5ef8fc2b368
d 6 Note,e157fbf3307f8412
 that th,44818c32e143f996
e attent,29997e4266f962e6
ions are,ddf15d14fe4e0fe1
 very sh,dcb807aa8d9c425d
arp for ,1ae30f6a737968bc
this wor,0c5b21ad67a4984f
d 14Inpu,a2f86e6840c7e2aa
tInput L,8797d7079a17ea18
ayer5 Th,964e46d2714136f5
e Law wi,e7da456dde59c3a7
ll never,e63219d3e82ef346
 be perf,94414fa044ffe7fa
ect  but,85e28af87d7753cb
 its app,896983e2622306bc
lication,7f222f0e4af7649c
 should ,e8814faf39d24e02
be just ,5eb19dbdb9c8ddaf
 this is,0ea3e5b7bccb2262
 what we,b6e072d09f2df14e
 are mis,1195b766024fb624
sing  in,de517079dff9d901
 my opin,b838cc514129a6c1
ion  EOS,f3ddc0799a2d8f0a
 pad The,e81c7e169f00b71f
 Law wil,a4cc55f271bb27e6
l never ,fe403ea2a22447c3
be perfe,7b7f7b7cdf9434a4
ct  but ,67f2213694fd65b1
its appl,ef01f2ab93807e45
ication ,04fdca75f821eff1
should b,7338fbe4c45f7d95
e just  ,e1eca6a962b66ee2
this is ,73bbd04ef3b0c9d9
what we ,79c94f2ec75de7ea
are miss,49a8134fc59e14bf
ing  in ,bcc68537f5e48ee6
my opini,187bd334f84a4b82
on  EOS ,0f79609ac4c20b07
pad Inpu,39a858cd4494ed6c
tInput L,8797d7079a17ea18
ayer5 Th,964e46d2714136f5
e Law wi,e7da456dde59c3a7
ll never,e63219d3e82ef346
 be perf,94414fa044ffe7fa
ect  but,85e28af87d7753cb
 its app,896983e2622306bc
lication,7f222f0e4af7649c
 should ,e8814faf39d24e02
be just ,5eb19dbdb9c8ddaf
 this is,0ea3e5b7bccb2262
 what we,b6e072d09f2df14e
 are mis,1195b766024fb624
sing  in,de517079dff9d901
 my opin,b838cc514129a6c1
ion  EOS,f3ddc0799a2d8f0a
 pad The,e81c7e169f00b71f
 Law wil,a4cc55f271bb27e6
l never ,fe403ea2a22447c3
be perfe,7b7f7b7cdf9434a4
ct  but ,67f2213694fd65b1
its appl,ef01f2ab93807e45
ication ,04fdca75f821eff1
should b,7338fbe4c45f7d95
e just  ,e1eca6a962b66ee2
this is ,73bbd04ef3b0c9d9
what we ,79c94f2ec75de7ea
are miss,49a8134fc59e14bf
ing  in ,bcc68537f5e48ee6
my opini,187bd334f84a4b82
on  EOS ,0f79609ac4c20b07
padFigur,61a7eca17da487c6
e 5 Many,c91d92845d980135
 of the ,c1dc216abfdc90fd
attentio,c015514542ace686
n heads ,1c7f6ceb92b67a82
exhibit ,e4ea793d8d7fda64
behaviou,c805cabd0b088341
r that s,66c0e2086d0d9e52
eems rel,4332def5ed4d628a
ated to ,4f012589b0678e37
the stru,b7e8af21c4797e9a
cture of,f8d77acb6b972ef2
 the sen,fb7c9c8734130149
tence We,b2671eec0f20f02a
 give tw,a65b839d3f87981f
o such e,5038e9e58f2ac053
xamples ,e3bb445083d98132
above fr,09c037d3d8ec7ae9
om two d,d8ea4ed146c28667
ifferent,67735b921f3f3268
 heads f,ef6600270e7c1290
rom the ,f1b237a5ed3ce1c6
encoder ,f05ad29c69f5cfba
selfatte,1a451e80a9b734a9
ntion at,eac0ac8acfa6883e
 layer 5,069e04d212f9f566
 of 6 Th,e548be6dd351ddb4
e heads ,7148aaba6b362c74
clearly ,118eaceb7fadbf25
learned ,07b39b64e50a1ba2
to perfo,f45d592f892902cb
rm diffe,6ab6f2dd3c831a1d
rent tas,d7e7dafeff42b6a0
ks 15   ,cc05ad9a164dc9b3
