Plaintext,Ciphertext
aaaaaaaa,c7fb03f562254c86
bbbbbbbb,6c8c9c70a1daad8e
cccccccc,2011068b561a3f10
dddddddd,d86babf6f8058a78
eeeeeeee,efe936756ac18325
ffffffff,072355d12b7a0a06
gggggggg,ab9a398a2ac12ecb
hhhhhhhh,482aaa4b157172ec
iiiiiiii,3046d7a0588709e9
jjjjjjjj,bc2d6747f3c103f2
kkkkkkkk,c0ab0aca7e90d86b
llllllll,e8b2d5fb554061eb
mmmmmmmm,7b9c934d01d07477
nnnnnnnn,346ba5315f46ffec
oooooooo,d6b24fedaf8f5f84
pppppppp,7a91124f770e4ac7
qqqqqqqq,cacb64d1e8bb991f
rrrrrrrr,0e7ada93343ecd67
ssssssss,8bd19b26e40feb94
tttttttt,4899fc4d78de42a2
uuuuuuuu,8bcf6c0a823f67e5
vvvvvvvv,a100d2dc51437601
wwwwwwww,d5db1c1075c45674
xxxxxxxx,57102bf03ba660f9
yyyyyyyy,95d8af72ffcfdf15
zzzzzzzz,6a67001d2054f1da
00000000,1492f7eb25048259
11111111,778747e4bbd635ce
22222222,dea6a285f255d2c1
33333333,df0d9257a47e3031
44444444,abbdd86ae8ce15c6
55555555,e4d8e90a35a4617a
66666666,d91aed93bcd9432f
77777777,69a066b69773dedd
88888888,d738fae745d27e45
99999999,81c3adeaf6cd9146
Provided,3fc999bf4acd062e
 proper ,39b09b691d7a7304
attribut,7744ba72ef3b5cf8
ion is p,5ddae4d0cc18dd65
rovided ,16aeecf0e37d2299
Google h,accbc7537fa3bc80
ereby gr,ef4f847ff22fb1ac
ants per,6508eae2a6f812e3
mission ,444e2086f03beb6e
to repro,d28b6c7c3b854596
duce the,89f3d63edfb7f563
 tables ,c831b7212a498bb4
and figu,2b31e44ba5e8cb9d
res in t,b6ea01e63b6be68b
his pape,b81faa8624368cec
r solely,4aeb0016778bad91
 for use,cf6e08f9eba47942
 in jour,52674cde0fbeb30f
nalistic,f98931da2018a567
 or scho,9cec4eeaf618c65e
larly wo,1485746a0d37e69e
rks Atte,2237634f90351c50
ntion Is,dbd67b7aeddc7d79
 All You,c78d80bee5e523e6
 Need As,9fa683635dc249a1
hish Vas,dbbe02da1b3d7378
wani Goo,5651ddf65c93dfad
gle Brai,cb06584a0921b019
n avaswa,467712a624f0ad02
nigoogle,1834005582bab25a
comNoam ,87c3cc19961a7947
Shazeer ,b16efdbf6d13ec97
Google B,b4d14b217b6209d1
rain noa,329457df8ad46b77
mgooglec,b2459e998354649c
omNiki P,980d78fd52f8c425
armar Go,00db740c8500d437
ogle Res,5746f3c818003a27
earch ni,96acc384eee22bf0
kipgoogl,f2fd712db89efc30
ecomJako,921901a85692b2ca
b Uszkor,859131e8f5d1df80
eit Goog,b9036ce79e802cb0
le Resea,ff1fbb5b42b23c16
rch uszg,f03d96d9b7f32108
ooglecom,85e9f39349baa573
 Llion J,6e08dc6f285f4bd1
ones Goo,4e5ed6ec9a16e667
gle Rese,793cd5bd530a8ead
arch lli,21a2c83e22421767
ongoogle,19330055086f1347
comAidan,2e1957c8c4bf6a3f
 N Gomez,273f684bcb337736
  Univer,7392fcd5a1b0319b
sity of ,0db1b90461b96d72
Toronto ,9dfcc42f7a1cee09
aidancst,593ba15676885230
orontoed,d4381974fd2f54aa
uukasz K,e151acec1c19d83f
aiser Go,00c06a08008a3cf2
ogle Bra,c14f9a5c0203c830
in lukas,e14fb90600bba3d9
zkaiserg,5d74d1f52085bb18
ooglecom,85e9f39349baa573
 Illia P,bf8643b42ef7c6aa
olosukhi,9526a737dbc0da67
n  illia,5b33df712b8d29b8
polosukh,0bc94d5bcc5e7b48
ingmailc,27df041d7516b225
om Abstr,cddadde978e40f17
act The ,45b83fb3637b1059
dominant,d2ba9f9faacbacc5
 sequenc,d85b4926607b7ed7
e transd,aa1606438fe71c86
uction m,f9c9ad28e16f64b0
odels ar,5a9e14448af089e3
e based ,bc8cc7dfcb4799f5
on compl,a5293e3728763b6d
ex recur,f8385a988d849b41
rent or ,065bcf532656a2a2
convolut,9945d37c3795eee4
ional ne,7ccc512b355ae7e6
ural net,3b33574fb68ec786
works th,7ea2a3b339f70fc0
at inclu,bc567cddba5ce138
de an en,9c137a2d0efca119
coder an,3ea975e1cf51f901
d a deco,2a13cc26108cfbf5
der The ,40be39b3975718c1
best per,6603ede5363d42d4
forming ,4853c94218c0ba7d
models a,752c1754bd468975
lso conn,0adbebce47e7c850
ect the ,0378133f1ab6abe0
encoder ,38bb3d65fbb3f510
and deco,2f5dc926caebe20e
der thro,d396d817aca669a5
ugh an a,3f996806044b2e4a
ttention,5bd229789c9185d4
 mechani,3869994ca8082feb
sm We pr,9a9857395d12879b
opose a ,049e63278550ae41
new simp,56895a1f2df8a704
le netwo,bd266f74ba9a32fc
rk archi,e3577b5b97a6cd45
tecture ,163ca0334085556c
the Tran,ec86b9c6481cacac
sformer ,b1f6ca1069cacb23
based so,59fd466786f50cd6
lely on ,2ffa806337c869b8
attentio,13e7099318e6f80b
n mechan,a302abb9ffa057c8
isms dis,2d3c69faa71cd59b
pensing ,5e59d55cb9929cdb
with rec,74c6bf87ea559514
urrence ,119616a4bd3fb1d1
and conv,625e4d4e3d224170
olutions,0ce3f7818aff6839
 entirel,b226fdd3789718c9
y Experi,136c8be52a075ab3
ments on,56c233c1b381506e
 two mac,19ac5e1c05083f8b
hine tra,045081d49b0ba17d
nslation,41d520775f3add43
 tasks s,a9d6d2e1e3bd4f06
how thes,e8d122a03b007c13
e models,b234b85fa61bb147
 to be s,d8a653dddc707528
uperior ,dd89a648336cdf45
in quali,58d929d91a7c577b
ty while,b84ba51b7dbbfb36
 being m,c162e6230e3de079
ore para,a7f03971ac3a8966
llelizab,c115e02fa9f687f1
le and r,a112499c9b46f7da
equiring,37356f4028e8eb14
 signifi,218a0368da825c37
cantly l,47cce09930b62188
ess time,257cfe0839fe302c
 to trai,1faaaacd60a46a65
n Our mo,5d28d1f695780054
del achi,578f866e17ba87d6
eves 284,2119bdbf8f078db4
 BLEU on,55667f805680278e
 the WMT,246eadab31473ba8
 2014 En,b848a794480863ea
glish to,62e3f3a8e00ad3c6
German t,4f847404af3e7013
ranslati,3f208135dfae5457
on task ,fbd7b734235bf2cc
improvin,477f1a4575d00acd
g over t,25d8dbb7532e59c5
he exist,059f9b81003b3698
ing best,60ff5561829dc523
 results,7a5ccf3aea00a072
 includi,a60e5373bc2c8e5e
ng ensem,ddc900371dc4391a
bles by ,cf19b1e0491be7f0
over 2 B,f63b1e6e3d26cabf
LEU On t,0eae001797541281
he WMT 2,d71733ef361d7820
014 Engl,a8e1d38a9c53f025
ishtoFre,808c3c5d1a048fa1
nch tran,fd8ebcdc254ff13a
slation ,5a4b3281f3ffa1df
task our,5730c460b153594b
 model e,f2d26953455e417e
stablish,75016501b34fd34a
es a new,64ad1b1c52d6a076
 singlem,cdb6de14df0138bc
odel sta,ccf028ec37e775b6
teofthea,6b6c842b668266a0
rt BLEU ,ae71fefd723f766e
score of,ee64e15d6837c328
 418 aft,35ec5ff948cbc4f9
er train,44c2d5df477fe673
ing for ,b575b2fc8829bb1a
35 days ,e4bd7c1fa9008533
on eight,bc2e475befb472e4
 GPUs a ,d7023a79d92562f4
small fr,eba4c3d42b5b486a
action o,33bc21c354f8b987
f the tr,b15bb10040b7fc2a
aining c,233fe9ec9602a1bc
osts of ,11abb90e081b6f4b
the best,7df957614da45d8f
 models ,aa0d0f81738c4540
from the,8bf4da364f5adaeb
 literat,3d96c9a3fba8f923
ure We s,8f36777e2826643d
how that,417c471ddf2e186f
 the Tra,a1336533558aaac0
nsformer,cfe6c1d444f879c3
 general,0c46793494e2e33a
izes wel,5c622931cce8c99b
l to oth,7148ce3e4f1bf228
er tasks,f21e602fb1786396
 by appl,12e933668fced041
ying it ,ddcd5bf37a627e62
successf,ae20d203412bed51
ully to ,1ba72d34dde892e6
English ,7dcb9b9618128076
constitu,2f4bbdc336a108e7
ency par,d3218629ec77044e
sing bot,0820390374b0f545
h with l,13aca45221dbf352
arge and,9b749f976815d215
 limited,d2f9eb4ae355c7bc
 trainin,440139295b1c0d8b
g data E,47e6d727a2c3543f
qual con,f12c4e4204e9dcd5
tributio,f2d223b2cc6002cf
n Listin,ff56b625cef52c5a
g order ,3af53178fc73cadd
is rando,7ff9d7da7ed5dc22
m Jakob ,2fff9d2e0966e754
proposed,72a5ed782085cc03
 replaci,e70fd6a4af37e99d
ng RNNs ,5b3e1a2b5e979bca
with sel,6f727b5e982febd4
fattenti,879d4ae467b251ff
on and s,8c8068eb700f273f
tarted t,ed290aeaff98a3d0
he effor,39d2b178491bff29
t to eva,b701a34fa7c6769c
luate th,46ef8cc0832771a3
is idea ,9456b1b95b55bcd8
Ashish w,e2061cbe34362390
ith Illi,de1e922ba9f43081
a design,06f49a8242abb912
ed and i,0cf509141c142e56
mplement,241314ca5f88ba79
ed the f,41d0e70743404cca
irst Tra,e8357e2233179ef4
nsformer,cfe6c1d444f879c3
 models ,aa0d0f81738c4540
and has ,b120a0f500ecdf94
been cru,16d9566911b6aa7d
cially i,fea64341cfc41323
nvolved ,a8433f64c11ad596
in every,f5334cd3b51d250f
 aspect ,53a6684165552fdd
of this ,a3c2580957b310b7
work Noa,e7a0d9269b061bc4
m propos,29f3a1dd13a9cd7f
ed scale,6f134222065dd791
d dotpro,2165dc9ef37913ae
duct att,1e09b6b14ce94115
ention m,e9c4ad285998f317
ultihead,37eaf55e33a7c31e
 attenti,c19d4ae4e69ddeeb
on and t,0edbf5ab145a08b1
he param,ea264453967bfdb5
eterfree,0edaae2927803ec6
 positio,49ad090c15294014
n repres,08fa199f96e7db46
entation,4ac838774b2a015f
 and bec,ea673c63c6b0caee
ame the ,0776023f1e3fed5e
other pe,74cb204b2109a901
rson inv,6c62acac57b5c6eb
olved in,f9b8d9ea3113fdb0
 nearly ,1b7093785cec12bc
every de,a06323e75a8c1d36
tail Nik,75ee82d7ac66ed38
i design,0ef49a821197ded6
ed imple,39008c7027b87428
mented t,f42d16ea0308deef
uned and,8f689d9669dcba00
 evaluat,046ea5323504e12e
ed count,81581948727cf908
less mod,e5f3dbb34bcf27ec
el varia,5217be9e8b18ccaa
nts in o,8f3abd79b681267c
ur origi,e976acddedd1e4b9
nal code,17ad03f66a809f67
base and,98678b972a7b9225
 tensor2,7c394f0fff511879
tensor L,c9116071a4f07ab0
lion als,06d6afbf2f553eeb
o experi,056cabe50941dea7
mented w,a70446538dcd3ab7
ith nove,9940b67e68f0f35e
l model ,c4630adfb6c8d067
variants,be8679919b64a6e2
 was res,ba0cc2b2dfdd1204
ponsible,3c35511b31ab7809
 for our,0337d8792a852d99
 initial,1da0cf0c908a3f59
 codebas,720c9cecae62d144
e and ef,f8e1ae06ff090017
ficient ,57221485e0c14f2e
inferenc,4b115781ae799567
e and vi,7b0ac6b6edeb7840
sualizat,74f899fd25e78055
ions Luk,9f32a01ed6b3578c
asz and ,991f3520c56cfe51
Aidan sp,72bdee913e5cd4e3
ent coun,fd709e9076e2dcc7
tless lo,9b4b1505aec3876a
ng days ,b9ef7c1ff8d234d4
designin,b311af6eb03c1765
g variou,d6cb1df7c4b175ea
s parts ,6b08e6743c933fbf
of and i,06f709145f38ef52
mplement,241314ca5f88ba79
ing tens,5071d74ba98e3a21
or2tenso,56988a046ec32d7d
r replac,8b5b3085b464d117
ing our ,5027ca35df31141b
earlier ,867611e9d485945d
codebase,2f28cc3b0d0a809d
 greatly,cde6835f6ab6d502
 improvi,65794cc2b4f20026
ng resul,da07950f98b39052
ts and m,8f305a47f14cf696
assively,cc5bdeb2f6fe4ee0
 acceler,1e286db940eef61c
ating ou,ab171505b174fef6
r resear,14e119aa51c3fd47
ch Work ,4c652596d05a4a89
performe,75233e902c89e888
d while ,46c8aa600724b25f
at Googl,f8e0210d900b3efb
e Brain ,eca3762317546154
Work per,5309ecfa97b26943
formed w,ac0e5a4a2e2f2bfc
hile at ,96373c60fe85c71f
Google R,452032231c4fc336
esearch ,81d360bb674a720e
31st Con,9fb077d032e99aea
ference ,028116a40aa096fd
on Neura,74e4c35105712bb1
l Inform,a1ac142bffda8542
ation Pr,1358f6ff70f09c06
ocessing,235afad5e96164ef
 Systems,cc9bb9a68b53fd4c
 NIPS 20,104e9b7b8fd8f7c1
17 Long ,749dc643163212f4
Beach CA,216b2f592343bb89
 USAarXi,e7fe2f042cfb5201
v1706037,ba62456b4f433a0c
62v7  cs,eedd07d53722edf4
CL  2 Au,39380278325ccb4c
g 20231 ,ff91b4e29a0ebace
Introduc,893c7581d08eb9d0
tion Rec,e530bb252dcc4d4c
urrent n,1017d93cdb4609b5
eural ne,70d64d2bef48d727
tworks l,7f60e64af07ebb1d
ong shor,4b2511bad6fe0371
tterm me,3e5460b5bf121ed9
mory  13,193357d9e7828d94
 and gat,02f1db38a8dbe650
ed recur,f8245a98c090a376
rent  7 ,cda8e941685e75e2
neural n,81a57b08c74b16c3
etworks ,106536224a4104da
in parti,c02c2c30e0faeb38
cular ha,b9df8c39563b80fa
ve been ,000541a15db9a5c4
firmly e,422e2ba0d745862f
stablish,75016501b34fd34a
ed as st,4511d2713de7fec5
ate of t,6b2eeaffe30c4b97
he art a,50793e837bd0bb73
pproache,b3abdeba2286b3cc
s in seq,9645bd284787e07a
uence mo,9d4e642d49b93c4e
deling a,1ea7abe88537f884
nd trans,2f06e85fe3a9f249
duction ,4d523081265172b2
problems,c3e9dd2922826b8b
 such as,e3837744888c5742
 languag,1d0e3954613d8107
e modeli,1b5d38b857c482aa
ng and m,95245a4746bed4b1
achine t,a59f56715dc45952
ranslati,3f208135dfae5457
on  3525,63c080052ea9d31e
 Numerou,7e46fe5440871ee3
s effort,7f68ea31ed59d9dc
s have s,f4dd309ed9ce5302
ince con,e9374c4b43943aee
tinued t,ed2116eb735b9d08
o push t,e2039e296be85ffa
he bound,cf8536d276d8f21a
aries of,ee1b7a9cf0d08bf8
 recurre,67c24af6b010a585
nt langu,a0cd828e888c0712
age mode,9fdac37470e17d1e
ls and e,1da067df5d2e57d7
ncoderde,3d344fb217303a65
coder ar,7a9c29870742a372
chitectu,91424a91a42a531f
res 38 2,67fc31520e8cbabc
4 15 Rec,a579e57e4bc1630e
urrent m,78cdd207c1eeafce
odels ty,9a81681cd25946a2
pically ,a493ce3f5bcc87a7
factor c,b75ab8a91e81cb9a
omputati,15a2567e3a18406e
on along,060aa8e60af59329
 the sym,301622865a2a3011
bol posi,84c1c266a85396d9
tions of,fb007c977b1f7348
 the inp,18db5ce419fe233a
ut and o,b5654efe783372ab
utput se,c1d8488e703e2559
quences ,6a5995ce90f82c07
Aligning,8643d82b20ebf36c
 the pos,382f347342ad86e4
itions t,5341146773f6c788
o steps ,959afad91250f177
in compu,af3afb3caf6a69a3
tation t,4828cf927df61ecc
ime they,820e5c0eba406f87
 generat,3d9dc5b9896edd24
e a sequ,037a4fc4cb21c8fd
ence of ,1bb6ae187019c3d7
hidden s,badd60905d2dd30f
tates ht,7110713d2addd53e
 as a fu,6137b4b608a46e8b
nction o,3cbc21c393846416
f the pr,8fd5030613f7a841
evious h,27043c59f77d8f61
idden st,e1d27d6a58d561e0
ate ht1a,238d575858fafcd6
nd the i,94e9e84e77677eb2
nput for,be52ffa8369d7831
 positio,49ad090c15294014
n t This,13ae70e4e5c79c82
 inheren,78ec694ee98e5b5a
tly sequ,123657c47f843072
ential n,8aae7a13c10b1d6f
ature pr,8881021c78247d18
ecludes ,f22b3f2ebdc544dc
parallel,fe8d050342743ac4
ization ,405d328104d7e15c
within t,b3e606ae68efd6bf
raining ,5c5dd241ee13d60b
examples,fc1bbddbacdc454a
 which b,9e6abc1a01245c2d
ecomes c,62f2b65d25ee18eb
ritical ,d3aa0ff9c618c299
at longe,b4847b9cd41181bc
r sequen,491bb6535d0f477c
ce lengt,a9957c366eb2ff09
hs as me,10dc30568fcd72ce
mory con,ed365d5701198d7f
straints,83d74c63bb117c9f
 limit b,3046cf051e8abcbe
atching ,4f48d8477cd2a965
across e,e9cc23f74190e53b
xamples ,9024bb33d53f271a
Recent w,8a248cd737f1c3eb
ork has ,bf3caff56cc4c638
achieved,75dabce80af6016c
 signifi,218a0368da825c37
cant imp,b21c083dc87e7c2f
rovement,3b0c0eca9dac9762
s in com,4ed2278876b7613e
putation,5fd33877058482b6
al effic,b221b4cfa2e14490
iency th,adcba9085e116100
rough fa,7c41ff68ed62d7fe
ctorizat,64f997e397803639
ion tric,65c3e6d541d669d9
ks  21 a,6f987c05a1e68876
nd condi,b267726fcc2a4aee
tional c,b7d42288d016cc3a
omputati,15a2567e3a18406e
on  32 w,b2602fb6ca35d0d0
hile als,02d6acb46403242a
o improv,4455b795b57f5caf
ing mode,97d3c174aabb5795
l perfor,a5bc3b8bb4a13d4b
mance in,c0485610647aa80e
 case of,bd64ef5c041dcc4a
 the lat,8da35a4bc8c8619a
ter The ,50be39b36d0010af
fundamen,178084fa46cc1960
tal cons,0746ce1821bd0051
traint o,998b411d7bea5386
f sequen,5d1bb653bb927679
tial com,499b2f8adb23aaa1
putation,5fd33877058482b6
 however,03a90f2237ccd4ec
 remains,27818096fd97869c
 Attenti,c1bd4ae47f216500
on mecha,79e8474013657bde
nisms ha,513ca1f2a2969b6f
ve becom,9ce3b49d1b842b5c
e an int,8a88a1c65f8d1648
egral pa,bf6b0645aab53f1a
rt of co,2a04990f7d1f3025
mpelling,96db5a4e346b8304
 sequenc,d85b4926607b7ed7
e modeli,1b5d38b857c482aa
ng and t,0fd2f5ab96d51673
ransduc ,cab3f1bbf5339a1a
tion mod,fdffc7aea60ffb3b
els in v,77292e4281898260
arious t,da414d2f7d20b7ca
asks all,cfc81028e6528483
owing mo,1a94a910f1463c08
deling o,61fabed5b77d4e64
f depend,ffdba74e10a713d1
encies w,85d87fb4f457b62c
ithout r,21555ea89e557bf7
egard to,034f126e561ac5b3
 their d,ec04d869a8538e01
istance ,0d9710a09eb3a938
in the i,93e3e84ebe1812de
nput or ,1a4ed453e6b07484
output s,fed297c368caad8b
equences,a342f9d75b380011
  219 In,25a890acf50dbc4b
 all but,add2d69b5c46ef77
 a few c,4607e5a8e5a35023
ases  27,c129a9f45e39fb87
 however,03a90f2237ccd4ec
 such at,d878c4c653b16f8d
tention ,5d423d813e49f1f6
mechanis,1ff3e5dacf99871c
ms are u,4dac07833b01d88e
sed in c,eb6da3953bd5f58c
onjuncti,4b5f7a8e644b8a3b
on with ,8fc14e2c08d4c046
a recurr,6de022d73a605a5b
ent netw,89f9a59b01bc1395
ork In t,a526fa64be93fb19
his work,718e23ac344c90db
 we prop,0169a8cb47f1a474
ose the ,0968023fe3f12b1f
Transfor,2ca9496f7c9b1301
mer a mo,1d858ed2eee9d207
del arch,436b3f398729ed50
itecture,8c01bc66beecbb01
 eschewi,0b5e5fcac88d9ae4
ng recur,f3275a98a340bb5d
rence an,5f3e958800a3716d
d instea,9d0d2c673a28a7b4
d relyin,56e8a65d3cd5100b
g entire,bb2579c058ff368c
ly on an,ea5a75baa4c5d4b0
 attenti,c19d4ae4e69ddeeb
on mecha,79e8474013657bde
nism to ,00a232208dcfba11
draw glo,f88ec33ba73f9b49
bal depe,1e4aaa9e8a7a8f4a
ndencies,2e492c48d5ff396e
 between,1a11d192ae97dc32
 input a,4700dc4db783e70d
nd outpu,b6d6233ee0b042ee
t The Tr,2bae848e6c1993bb
ansforme,64283f90e11012f0
r allows,318c98a6ce7609e1
 for sig,eeb75914e2578201
nificant,7a9a8db3bb182008
ly more ,e1cfa82ca67dca7c
parallel,fe8d050342743ac4
ization ,405d328104d7e15c
and can ,32389d962b43cc53
reach a ,906717a9b625c84f
new stat,0bcee17add76ce56
e of the,88a6da3d231b9d15
 art in ,14713f80f65f833d
translat,dee146088c04e612
ion qual,f0330c86fff48760
ity afte,e35a6e9f04d49fd9
r being ,5c1cd94a9587c094
trained ,ff3f79ede379f1f8
for as l,08f5b0a307c05bba
ittle as,209d58c391c5b356
 twelve ,8642da93f8505900
hours on,53c828c73f95d084
 eight P,64135d28569edcc5
100 GPUs,989a43496101fe6f
 2 Backg,6f7a1205ddbd4511
round Th,d3120b4f5783767c
e goal o,27a6e6d650f4d798
f reduci,fd5f1fd8d71e66b3
ng seque,7ab9f47c21fd27b2
ntial co,f002fd8e2c776c3d
mputatio,2c0c0a8d772a4b80
n also f,f59e3fe608fa2859
orms the,82f4d828925d5c19
 foundat,28a5f8ed890ac199
ion of t,6335e1ff2e3cf5a0
he Exten,f471eb2fb4c17ef5
ded Neur,a4b48e473fd680d1
al GPU 1,3806b2b8eba0e073
6 ByteNe,4f47dfd7fb694713
t  18 an,06692c23bde5cef5
d ConvS2,6ef038ac9ccdf335
S  9 all,fd9b5b62a7b02b1e
 of whic,606a96360da54cee
h use co,f8875ae4338bebdb
nvolutio,e8d625bc956f239a
nal neur,2b097f605f6fe5c4
al netwo,b02f6f743b51c63c
rks as b,b544a0dfa0c552c5
asic bui,8ebe96c3c56da92b
lding bl,b8f5268aad1e73d4
ock comp,91df0afad28268bc
uting hi,086a84eac882dd62
dden rep,5a1eb0cc54c15b75
resentat,c8bdfaa6750bf636
ions in ,5d7f2387207a1a72
parallel,fe8d050342743ac4
 for all,8edd142949b7cb4c
 input a,4700dc4db783e70d
nd outpu,b6d6233ee0b042ee
t positi,ca7d3aad29be6e0b
ons In t,a53ae264b2e211f6
hese mod,e1f3dba529731112
els the ,0377143f69981e0e
number o,1c17dbc61f436328
f operat,7bdacfa78fd10792
ions req,28eeefb71e8be8a8
uired to,13410179b5a1b178
 relate ,1991589a6c178740
signals ,e9efa59cab488a6e
from two,9188dc96afa51c90
 arbitra,5fa196918ff29e90
ry input,d4ce16d56abd17f1
 or outp,3bedceeae804f7c3
ut posit,866e28fa99517a94
ions gro,f94f48150abb84d3
ws in th,266b1a31ade870ea
e distan,1527029acebe7b88
ce betwe,3886f53bd32e1793
en posit,967428fa4eb3c9c8
ions lin,17bd9d225006528d
early fo,ba60a047d2d045a6
r ConvS2,78f038aca28cd41b
S and lo,9f8a28443ece98f7
garithmi,0f0f6082f03dc11c
cally fo,bc60be4715d22a43
r ByteNe,0b47dfd704704981
t This m,90d2428dba8284a5
akes it ,c5cf50e7397f55e1
more dif,9eb9ac2f84f93b23
ficult t,4a8aace90a7b1c74
o learn ,614edd55e8d4b5c8
dependen,1e812acbe5d55f03
cies bet,5fc2f459f2ebd286
ween dis,332a61e7311aeace
tant pos,6c3a32622491855c
itions  ,c70e8a54a38f5dbc
12 In th,602a1a11b91071d0
e Transf,58f26f5a77e75040
ormer th,39aeb817fb6afbdd
is is re,c62315a558782f63
duced to,025d10792a6b9f4f
 a const,621639225df86871
ant numb,00e6973d171ac2df
er of op,3adade4a862dfe2d
erations,06fde38199385572
 albeit ,cb09cdaacba27bd4
at the c,29643003099bde4f
ost of r,8c830a6030732dc2
educed e,1e3236119f43929a
ffective,5eff3314dab8edf2
 resolut,da58d87902b3401c
ion due ,a885188b30a65477
to avera,ddb35221dff255ea
ging att,1d15bba2b7e931ba
entionwe,bce5f9c6f5975593
ighted p,c534d414cc5c2950
ositions,0cfceb81ab2b7fbf
 an effe,51cbff355984c5be
ct we co,f3d30fe0b8ee320c
unteract,c1c3c812c2c55c5d
 with Mu,d630dabb1749d4c3
ltiHead ,b5d0e897ff6a6d47
Attentio,33e70993efdddff6
n as des,140c6a9f7eaaf453
cribed i,ad74d83c20307e13
n sectio,671394d6c4111da5
n 32 Sel,f247988debe37e30
fattenti,879d4ae467b251ff
on somet,df5de6f15cfeb02e
imes cal,032606d87426cf62
led intr,9502eaa494a0ef55
aattenti,809d4ae4d590ae7e
on is an,a04c6153d95912a6
 attenti,c19d4ae4e69ddeeb
on mecha,79e8474013657bde
nism rel,9fa6d2294960e78c
ating di,013e4d457ac55bb2
fferent ,572d129e40ea6a48
position,5fc93f7fb6bd7883
s of a s,fbd1d9e35ff580a9
ingle se,2d6dce942bd3699f
quence i,6a8a34a36af00b09
n order ,33f531783a371002
to compu,b23bfb3c5725417d
te a rep,4a1ff5c3a9254fa9
resentat,c8bdfaa6750bf636
ion of t,6335e1ff2e3cf5a0
he seque,7cbbf47c463098f4
nce Self,c302c43fb1ce422d
attentio,13e7099318e6f80b
n has be,29eae9186e8958f4
en used ,bcc285cb11144fb2
successf,ae20d203412bed51
ully in ,417c218d90678331
a variet,87c072dd8a4acd1d
y of tas,53c008fdf6fa1d11
ks inclu,b6517cdd717ab3d8
ding rea,b10aeb483f0c6873
ding com,599b20815dfad488
prehensi,0714dd1be7039da8
on abstr,cdd9ddc9b4da9858
active s,e69e2c9639227d48
ummariza,08b9a2bfc6cdb3ab
tion tex,4fc6fe4c6be4e522
tual ent,95fdbc6e64161ded
ailment ,50221b8171c21992
and lear,1db24ca219c2c7dc
ning tas,448909fcf5603342
kindepen,55b9cd628349514f
dent sen,2c42b74452e65c73
tence re,f5664706ad394d24
presenta,1bc4e4e0e9e210ef
tions 4 ,88cda50a83f8c9d7
27 28 22,7ac23614e6fad5c9
 Endtoen,9d6e1ffdbc62593f
d memory,cb84a1041e6ad6d1
 network,398935f810034ab8
s are ba,58bf2bc7de3dcb24
sed on a,994eb7cb692e4037
 recurre,67c24af6b010a585
nt atten,4258f0036d12e585
tion mec,5925b7d5f007878b
hanism i,0f4d74c83d42442c
nstead o,991c56953cc75a19
f sequen,5d1bb653bb927679
ce align,6fb913a2e4340ab4
ed recur,f8245a98c090a376
rence an,5f3e958800a3716d
d have b,0487d84949c30e7f
een show,237ff0633dd24aa3
n to per,6a46eafe742de95b
form wel,53773e2fa1b31ae6
l on sim,5e672c4df5fc9c75
plelangu,bed5c78e8d1f6531
age ques,dffbf8b554e6c380
tion ans,8031d28ee8e7538d
wering a,0da7b5e87d26325f
nd langu,a0dd828ed8b0f964
age mode,9fdac37470e17d1e
ling tas,468909fcc88e98b5
ks 34 To,19a24dacbb37ef65
 the bes,390692c72921dfa5
t of our,5771d86d1484b334
 knowled,abaf48d30890c37e
ge howev,412c3c07b6c20943
er the T,4f28925e044cd549
ransform,bfed33366e4cb692
er is th,6cbff1b1ddf02d66
e first ,f4e587067ef82cf8
transduc,889c963098672f0a
tion mod,fdffc7aea60ffb3b
el relyi,d4c04ebf221a954c
ng entir,f2836947409dca91
ely on s,2128756f05da9b6d
elfatten,4940b6036ea2c097
tion to ,1aa22e230a3e0333
compute ,574f7f0905e349ad
represen,a5577e1aa24f69d9
tations ,80dab12c2470f6ee
of its i,b1356dcce94fd178
nput and,94768d86d0150793
 output ,f9b031ac1e625f75
without ,7a67b894b9fcf81c
using se,b9c8ebde70d88c57
quence a,9823a16b43ca13a3
ligned R,65822f6396c9d89a
NNs or c,9f75a8fd58b8362e
onvoluti,fc911c5de0b05d30
on In th,3e761a11bd560e76
e follow,06cda3c7375d6af0
ing sect,ecb2d33bdf432abe
ions we ,3effbaecdca95f45
will des,0d4567807b8172c9
cribe th,49e884d6b34d15ae
e Transf,58f26f5a77e75040
ormer mo,5c7af3e64f85f5cc
tivate s,66b79462739c03e7
elfatten,4940b6036ea2c097
tion and,8e6f979cffc4245d
 discuss,1ebd6d9ad754cac3
 its adv,a312dd0e13e545cf
antages ,ee15e92090e6ea1e
over mod,e6e0cdb20d86ce87
els such,2046e1fd6a01ed50
 as 17 1,07ffb517b17f6c52
8 and 9 ,b61d0dfc8a14156d
3 Model ,9b632adf8784c77d
Architec,e0635edd506dedc9
ture Mos,445224ed5fe15d50
t compet,e96c680c2c6d113c
itive ne,befc70cf6d2084fb
ural seq,9017b52a768d3f3b
uence tr,a21eab0b53527970
ansducti,1f2600deaafafe8a
on model,9600d093839a8f5a
s have a,669053a840a549e9
n encode,17ec0ab8076cf08a
rdecoder,26a80c24e65df519
 structu,630b1da9deb8cd25
re  5235,63490d58a688f583
 Here th,0ad288c64f8524a8
e encode,1cec0ab8b3ce7c13
r maps a,a111265bf624e154
n input ,b7ff2db6e73bf58d
sequence,05b98952b789dc4e
 of symb,504f87e9fd66b407
ol repre,cb22b231221f1a6f
sentatio,3219118d01f38b4c
ns x1  x,eea5866060e4a73c
 nto a s,a89fc2ea06e1efa9
equence ,019511a4c978a963
of conti,db6ec1898e5e2f37
nuous re,c1255ab90803f756
presenta,1bc4e4e0e9e210ef
tions z ,0f0e6280cb2d1532
z1  z n ,5fff705a858cab88
Given z ,e2a4a9a905e4fa29
the deco,3a5bc826e0adc172
der then,5688f9bea50912d8
 generat,3d9dc5b9896edd24
es an ou,f1de675c9ae6084c
tput seq,9115a132c6ae259e
uence y1,594bb06caf7cc869
  y mof ,e6d75b629caf0c20
symbols ,95f257e034dfcd4f
one elem,ec6901ac1275b43a
ent at a,e58745b050bc310b
 time At,cd613b04a06b5293
 each st,e95a914eda6800c6
ep the m,6c198a5b53e6b4cc
odel is ,49fb12f64e5150ba
autoregr,7946b5126e38513c
essive 1,b604461f84c58d93
0 consum,0aafd89680dd84a7
ing the ,0f75003fa3f39101
previous,e77abd7923dbb3f8
ly gener,2b8d878126f7f817
ated sym,71162f87cc7fa30b
bols as ,cc614722d52df637
addition,4ec2287fa4c6353f
al input,c7db16d534df2ed0
 when ge,8360d4c147ff2c89
nerating,a555816617e16ab5
 the nex,77c59d084400a3ed
t 2Figur,c2abbd6963c186b2
e 1 The ,41fb7ab39b775817
Transfor,2ca9496f7c9b1301
mer  mod,e4f3dae04fcf0804
el archi,f4507b5b812d168a
tecture ,163ca0334085556c
The Tran,cc86b9c6df43accc
sformer ,b1f6ca1069cacb23
follows ,8f5959a57a19cd67
this ove,c06d4466bb19dedc
rall arc,e8d35386072cd057
hitectur,f1bfa8894a7d919f
e using ,4b1cce5c54a0485c
stacked ,b79eda8802a9b5ee
selfatte,dd0702738f607a32
ntion an,e8573cba4ff5d869
d pointw,ee41dff4d58985b8
ise full,7cd09db5e99f6f32
y connec,5bc11fab3edbecb7
ted laye,330b90b8c79cd7f1
rs for b,b8724e64d944fad6
oth the ,096f0f3f34774a48
encoder ,38bb3d65fbb3f510
and deco,2f5dc926caebe20e
der show,227fec63ce7146f5
n in the,83a6dc3512075a41
 left an,4004821f6e61edfe
d right ,b4467c449114da8b
halves o,e236ed5324e061a5
f Figure,f477b8d97b08ff99
 1 respe,d8b33e2e5c4d3414
ctively ,afb7aa1762762885
31 Encod,76347d9c94c5b7c7
er and D,5f70560a798763b3
ecoder S,bc8cc9b34560b9e7
tacks En,81dbbc5074f1efb5
coder Th,777b9959c055fa7d
e encode,1cec0ab8b3ce7c13
r is com,4fd2279528d1fef9
posed of,a20e00729dca5df4
 a stack,587b8cbc556cfcf2
 of N 6 ,edb30bfd5ad4530a
identica,b455fbf48e121006
l layers,b1f44ed840bc3bb8
 Each la,1d921687279ff191
yer has ,a92bb6f5428d410a
two subl,ff305627528ca23a
ayers Th,a3f4122d5822dc93
e first ,f4e587067ef82cf8
is a mul,8dc50a73854304db
tihead s,bd26ee2c50881ebd
elfatten,4940b6036ea2c097
tion mec,5925b7d5f007878b
hanism a,715bdf4f8c0cf34f
nd the s,705448b565bd426d
econd is,7eb1fe50d773d7b3
 a simpl,f76d13a708d6e758
e positi,db7d3aad4e36d725
on wise ,e0b2962764bd6c8e
fully co,58636a865e3db8c7
nnected ,8282cf210766c95f
feedforw,9f6d238d445e3f3c
ard netw,8de5b59bddb00a6d
ork We e,afe0f5d58eaded23
mploy a ,61050f5c0f5dcad0
residual,66e68afb068fa22b
 connect,cc8397fe185c69b7
ion  11 ,a89ab75b40d90447
around e,10a128cb9230c691
ach of t,6b39e7ff5c665b58
he two s,22b490fd0b3481de
ublayers,a8b64ed840700651
 followe,161421f730f5ac70
d by lay,13776d04e4028062
er norma,92426d8baceed360
lization,43cf36776a79fb15
  1 That,6ad8561225d0976f
 is the ,4672143f8c08b374
output o,f7875390bb2730ee
f each s,160d99047f1dd9ae
ublayer ,57b764190eda02c5
is Layer,2efd10ab53edc12c
Norm x S,1fac3d8ccba1a838
ublayer ,57b764190eda02c5
x where ,7972210864015ec8
Sublayer,14fb528b2139e94d
 xis the,cdfedc28c7b8995e
 functio,295592dd1a6da6d2
n implem,1576ed1bd99bcb0d
ented by,24f13a038b234efa
 the sub,47639c908e1f8b31
layer it,dc726a0fa8a58e5b
self To ,3886206aefdbd871
facilita,ddda681743635cd8
te these,8c77450d82907798
 residua,c4887847e5644870
l connec,4ec11fabe7d606fa
tions al,5507ff83ba5984b2
l sublay,80d7d7a921ff3d6f
ers in t,a1fd01e6e5a1b74b
he model,910bd093b5081546
 as well,2a6c82d998118f89
 as the ,467a143f4d99ff88
embeddin,109603d68ec724f9
g layers,baf44ed86ab304be
 produce,00bc064af4bc5061
 outputs,ea815076c11af4f6
 of dime,b5c826ba7b1f94f7
nsion dm,4b3a7182da5e717e
odel  51,0a4d087fd742390d
2  Decod,8e1573657fdee1f8
er The d,4fbf2b25375e8433
ecoder i,d47cbbb20c73a3f0
s also c,ac1409388c9eb4c4
omposed ,b6c1d5d10ac1df08
of a sta,ccf26de1cfa97237
ck of N ,cafe7551aba700f8
6identic,c4416cd9a2784c40
al layer,26e2108b873e6d0a
s In add,b37948ba668ab36e
ition to,2c95e56ad09f6ea7
 the two,d78edb9ef8a6186c
 sublaye,671d81fa8286a7a8
rs in ea,43d4a692a46df4ac
ch encod,266d7dbcec2e4629
er layer,22fc108bb79df92e
 the dec,2b3ed539cea47a15
oder ins,177b5ad8a9d7c61a
erts a t,c082b64c1a3c31f1
hird sub,0f7e8691d91dc8e0
layer wh,87f40bb868358831
ich perf,cdb72ef876fb00dc
orms mul,8bc44761627d01ef
tihead a,d4333cbbc5b4f2f5
ttention,5bd229789c9185d4
 over th,76b3a317d1d6f4c5
e output,7a0d0927e3ef4963
 of the ,4674013f0da199b8
encoder ,38bb3d65fbb3f510
stack Si,02e6980d734243ee
milar to,eccca228dc4537df
 the enc,9ba343c7883f8fc7
oder we ,38f4b1ed6855caae
employ r,0347d9052fbd3358
esidual ,1b2b6eeab77ac27f
connecti,390751667b1c423a
ons arou,558b7b9f5af0b288
nd each ,0ae8366415ab8840
of the s,715648b54f0a7dbe
ublayers,a8b64ed840700651
 followe,161421f730f5ac70
d by lay,13776d04e4028062
er norma,92426d8baceed360
lization,43cf36776a79fb15
 We also,a55857f2969e580a
 modify ,6beacea0997f4075
the self,8e351921a11c4f4b
attentio,13e7099318e6f80b
n sublay,82d7d7a98048d10e
er in th,346a1a3131b5482c
e decode,1cec0bb3765fa83e
r stack ,ab49c590d5e8065b
to preve,f2364868744bd5e1
nt posit,9d6e28fa4a583b6b
ions fro,9ea6b158cb5687ff
m attend,9881f52de8b254b6
ing to s,5a42ad82524a2abb
ubsequen,4e59b653e619f6d0
t positi,ca7d3aad29be6e0b
ons This,12e077e48dcc4150
 masking,870ca8ecdcedf574
 combine,7fd166b11a7078c5
d with f,ee04c8ab85f40971
act that,4870441df0c43c86
 the out,4590729f85275b18
put embe,9d40db7348f129eb
ddings a,190630cd85cfeabc
re offse,c45480d2861ab2c3
t by one,6863d2a1fee79928
 positio,49ad090c15294014
n ensure,46202f3a3ff89c2f
s that t,05212bafeb7dfe02
he predi,538290b250bb80b2
ctions f,5d536c349a3cf2cb
or posit,9c6828fa38d5377c
ion ican,d15898ae743cb448
 depend ,e2e30346c4a266f0
only on ,2cf180632cf61ee0
the know,771dc18365116e23
n output,710d0927d99257fe
s at pos,6b7b3d62685cbd9a
itions l,94872dfba283448b
ess than,059f0dc23b45f88c
 i 32 At,f71f946b1175a324
tention ,5d423d813e49f1f6
An atten,6d42f00354ab9219
tion fun,395dbbdd989f4e39
ction ca,f2909e10fb8c7f44
n be des,140c698976761cab
cribed a,27d30ac4c0d9af1d
s mappin,7f14eda86f0547c6
g a quer,7df0bffbdf11ecb4
y and a ,c4f1a4161cb0a5d0
set of k,1c4f2268d940db0a
eyvalue ,4c17585a77667c34
pairs to,c7395cec6a50eedc
 an outp,3be3d2eae8ed088b
ut where,969ead5c82bfc859
 the que,fe9273f837c003a2
ry keys ,90332a5cc40785f3
values a,9296f230d1d5981c
nd outpu,b6d6233ee0b042ee
t are al,d935b25233cc2b28
l vector,cade8c95e132882c
s The ou,a43e65e13d007267
tput is ,52ef02ee37a1ad5d
computed,2953768f46a22e11
 as a we,8916057e85dd0934
ighted s,657aa5173d7d2e6a
um 3Scal,98ed4752be6323bc
ed DotPr,a3961c162335da11
oduct At,37a20b615810b847
tention ,5d423d813e49f1f6
 MultiHe,e1a7e654c5da81ad
ad Atten,4d48f023c927e0f5
tion Fig,af604c103d877108
ure 2 le,5f7124b47067b420
ft Scale,6c0342022675f395
d DotPro,aa219374757e2029
duct Att,ed5a9809215f2122
ention r,dc7200bfa4f600ad
ight Mul,b661c3b7e86c89e7
tiHead A,ec7ad452c85fb644
ttention,5bd229789c9185d4
 consist,bbc9026bd54c4492
s of sev,a440190f3420bba1
eral att,1f0eb4a951fc4bf7
ention l,80e0bf783f8c18a4
ayers ru,ad034dae1442abaf
nning in,e0b476906d822287
 paralle,95c6c0c50ce25d72
l of the,81a6da3dd1b19e4b
 values ,1653c89135fc8fff
where th,5df288c6a3b8c6e3
e weight,b660105b18b465a6
 assigne,81f8802aeba620b1
d to eac,4e8fd98c06ce18ac
h value ,414e585a032e0e0e
is compu,af27fb3c93953b1e
ted by a,062a8ff72df87f62
 compati,a690c47d8191b82f
bility f,6a9db84e02859f8f
unction ,5c493081ed3536a8
of the q,25a0d38d77603bd5
uery wit,8db341dc0391d115
h the co,f8875bff61a1b0c6
rrespond,4cd3e45484178019
ing key ,e678283ee12617f5
321 Scal,deb25641aa8d6499
ed DotPr,a3961c162335da11
oduct At,37a20b615810b847
tention ,5d423d813e49f1f6
We call ,62a37eb89a7f96e0
our part,6a2394ead7fa3184
icular a,3c0eb6bfcc87bb64
ttention,5bd229789c9185d4
 Scaled ,b82820dc947b6ea7
DotProdu,1af9cd6e71ba837a
ct Atten,4f58f023eb511132
tion Fig,af604c103d877108
ure 2 Th,28ee5889a6a87b31
e input ,bcff2db6e7b9c221
consists,6ce6d2c8ec4bf44d
 of quer,3abfb8fbcb91cf2f
ies and ,91093c20a86bca7c
keys of ,15bdb40ebf7619d8
dimensio,201ebc2bcf948eb3
n dk and,94269c998143e7b2
 values ,1653c89135fc8fff
of dimen,ed11a7889e3a365b
sion dv ,1631b93b09637c4a
We compu,9131fb3cbedd7f66
te the d,5ea82b05f5a5421d
ot produ,31e2994ef29c4e59
cts of t,692efcffce6e21e5
he query,ded4a75aaa5ba03b
 with al,26842767749d602b
l keys d,b10032afe9dc5097
ivide ea,73f9215589170bf2
ch bydk ,6755f763d63d76e8
and appl,53e52e66662a8b23
y a soft,d4144f813ff19034
max func,51ae3aa050c433c6
tion to ,1aa22e230a3e0333
obtain t,abed06a7bcd9bc9c
he weigh,de6fe222a21cc96c
ts on th,256b1a37989a9afa
e values,5a01202fa52547ab
 In prac,ddd12a6d76f74263
tice we ,23f9b7fa358a1770
compute ,574f7f0905e349ad
the atte,da0a0b35d1512333
ntion fu,4515a283fbfeb999
nction o,3cbc21c393846416
n a set ,392c7e84e0bd5f48
of queri,e00c40aefda49430
es simul,91a958c4771a3e50
taneousl,bc99385c59135dcf
y packed,f40d87cbb7c754a6
 togethe,23c1f56fa96c83e3
r into a,066a06d9c8bbd999
 matrix ,671d3cf3e1886fad
Q The ke,68924b47a7b8c088
ys and v,98baba4534f9ba10
alues ar,5496044d2e9f5fa4
e also p,1b66bc3a067076d1
acked to,074b187984b256de
gether i,d67aa0be5b8b878a
nto matr,9c45d1fa5192e68f
ices Kan,4011e522b8703367
dV We co,f4f10fc0d1a7d3fc
mpute th,47ea98c0e9c7ed65
e matrix,49080f00998db680
 of outp,3beddaea4ad7bb69
uts as A,682e52f6fd1aadb9
ttention,5bd229789c9185d4
 Q K V  ,a120d8b9ee55cd0f
 softmax,9c9bb0c9abc8f655
QKT dkV ,e6c7b74fd8827df0
1 The tw,9abf60358a65d712
o most c,1c02bd5b75d7a755
ommonly ,c078838e6ff08d26
used att,0f0fb0a17af72ad9
ention f,c607d4b18f8af922
unctions,16e1e181df1b4c84
 are add,e03873b18e697382
itive at,0f64b5a275eb2f5a
tention ,5d423d813e49f1f6
 2 and d,5018517dd65d8d93
otproduc,af2671811e300f18
t multi ,0673fcbf0b0cba47
plicativ,c1cad5a56f10179e
e attent,7ed7f22616e3a62a
ion Dotp,1a4c51baa632afb0
roduct a,ad6c82f379cd6a91
ttention,5bd229789c9185d4
 is iden,7b88bfe5a0d53819
tical to,c51ae16ece4f15c9
 our alg,e8c8e24cb1c7229d
orithm e,0a1ae7c70def618e
xcept fo,2cfcda60e8b506b3
r the sc,033bad60695aec49
aling fa,887429cb193eef4a
ctor of1,fc217d6c02490a2a
dk Addit,54fd4982840956b5
ive atte,c7140b352aa6d804
ntion co,7d87aaf4ce2ed914
mputes t,77360cc08dc2ce16
he compa,6046af842606d485
tibility,2965811d4e9df77c
 functio,295592dd1a6da6d2
n using ,401cce5cf0f4d8a1
a feedfo,3cd08e141f249898
rward ne,b50b48f1082066fa
twork wi,4e4d49ba7cee77d7
th a sin,6c1bc6170252088b
gle hidd,0b811fa232a8d0bd
en layer,22e0108b86f5b8fb
 While t,aba7792d292ec270
he two a,0fd8512a2d2758c0
re simil,63b371986ad9fd02
ar in th,306a1a3166327251
eoretica,b85eecff42c41b48
l comple,3044cf766c73a759
xity dot,3daf461868e22053
product ,119cfd93712f1742
attentio,13e7099318e6f80b
n is muc,10d8147e7e0bc3f0
h faster,7cc1b5bd95a148da
 and mor,c1aedb2fd4261a93
e spacee,a8c8ecce8123db16
fficient,829a916472b85702
 in prac,ddf12a6de5642b2e
tice sin,6c1a85136110f205
ce it ca,8faab16eb0479a07
n be imp,bf5d042c9357c20e
lemented,bdbceea23d1863d0
 using h,9830457a50ce714b
ighly op,ed53e68ce43e69ba
timized ,09651d6324418fee
matrix m,818927b3299c37e1
ultiplic,06436f9e34c2b20c
ation co,7287aaf452246e77
de While,a857a53b98e6c604
 for sma,7035062588e4379d
ll value,a6532156e76c5302
s of dkt,bd8bdc99c137b35c
he two m,5cccd959cfa305bb
echanism,0dbedb8f8da9070d
s perfor,babc3b8b4b2e682a
m simila,eb96251cf9d56b26
rly addi,3012f53cbcf157b3
tive att,0e15a3a0c3c5c670
ention o,37b121c390374562
utperfor,bce83b8bb4a9d063
ms dot p,12166d78a0ede1a3
roduct a,ad6c82f379cd6a91
ttention,5bd229789c9185d4
 without,d60ff93171d4416b
 scaling,dbd85c431bdcf086
 for lar,de2fd613263d5e0c
ger valu,a299727ceae19a9c
es of dk,c38998239890bdd6
3 We sus,cd0a5e23cc173f50
pect tha,5f8c033591ae57d0
t for la,0346cfa106907c06
rge valu,b79b657c50860c79
es of dk,c38998239890bdd6
 the dot,65b25a04d25dc2fe
 product,d7382b3317ace32d
s grow l,36ca8d6696862430
arge in ,55622a914f3d5441
magnitud,3fecef0682125553
e pushin,5706cab581a568a6
g the so,b47755c3734e8e1f
ftmax fu,bb1398052925547b
nction i,3113db967ed50d50
nto regi,87fec8905959939e
ons wher,171446854c82ae94
e it has,b82dd5e677a2b6d6
 extreme,6eafc022ac774755
ly small,b51d348626e05459
 gradien,9d56859262bba1a0
ts4 To c,82756e87f2031cac
ounterac,d3028e5b984c8e69
t this e,186d8f318bb51f0b
ffect we,f65c6ac4a260e58a
 scale t,ab8372254105ee94
he dot p,17006d78d92443ef
roducts ,2b99d13ff716813c
by1dk 32,7d98872ce83c4efb
2 MultiH,5510f33b20438fac
ead Atte,353d744f71205d41
ntion In,c493634039017b02
stead of,a11516766234845f
 perform,edfc3837c57f719d
ing a si,58351ee447cd55c4
ngle att,141bb9a0ea689b2f
ention f,c607d4b18f8af922
unction ,5c493081ed3536a8
with dmo,a3ae347f4eb1353d
deldimen,e612eb88c4f27671
sional k,6973a9ab7644b6d6
eys valu,a085737cfaa2e43e
es and q,bf42b0b387564412
ueries w,95d36eb49848d2a8
e found ,0525d738a33abd98
it benef,0d83ef2577d4407c
icial to,d810eb6e96f8a5d6
 linearl,ab1c11629755d0f3
y projec,9c8446449565830b
t the qu,bbb8ecf6e2e791e9
eries ke,f366c06d9b652b0c
ys and v,98baba4534f9ba10
alues ht,641d703dbbb2a2f8
imes wit,91bb56d6580e649b
h differ,18156b148b780922
ent lear,19b25ca2778c4866
ned line,f5b11f7a860a0038
ar proje,12aaad0615ebbb0a
ctions t,594114674ee3075e
o dkdkan,00ae9f8a5a18bb7f
ddvdimen,e613f1881527e5ae
sions re,dc395aa26846eb9c
spective,4be933143a2f9cd5
ly On ea,5ddea6b488528131
ch of th,5afa122272da1002
ese proj,f4d5625696608f91
ected ve,5146a4d52a66d77c
rsions o,b79de4562314ef29
f querie,93e797435e8e9c0b
s keys a,faecc74a54ebc003
nd value,a45b215625525498
s we the,9ea6c23e0c5c7b17
n perfor,a7bc3b8b47d5e5b6
m the at,0b30a8bc3c3313f9
tention ,5d423d813e49f1f6
function,49d3227533877cb6
 in para,e8eb32714b318e57
llel yie,419113c37af986cd
lding dv,1e9466092043075b
dimensio,201ebc2bcf948eb3
nal 4To ,8d24f8a17a4a6800
illustra,df2e9fcaad5dd1e2
te why t,91273f827d8d079f
he dot p,17006d78d92443ef
roducts ,2b99d13ff716813c
get larg,3903326e0673705d
e assume,c0e5e1618d037965
 that th,f2024cd95d1e767f
e compon,cce8fb38e02e40b6
ents of ,1bb6b90ec9761ce9
qandkare,b4c0385fa1220803
 indepen,1eb9cd626f3f3bd1
dent ran,3013a52adbcebc93
dom vari,b61a7a5739e05163
ables wi,aeff6580c2d045f6
th mean ,ba0e0d6579196d8c
0and var,e9b1651bf3524c49
iance 1 ,df68035994c7331b
Then the,b9eed03581bfa87c
ir dot p,16176d78453443a3
roduct q,b38f6132fd43a7db
kPdk i1q,279bb373256ca544
iki has ,b925adf532928dd5
mean 0an,a7d51d06f8f11157
d varian,253ab7c94ec9649c
ce dk 4o,c5bf61c698819720
utput va,9b09730157f66e81
lues The,d81bb18dcdfd6ddf
se are c,ba0c6adc6f12155f
oncatena,7327c8b125efd2a6
ted and ,8c092b20df74c479
once aga,5c1f9258960ef12d
in proje,1ab6ad06baf68ba2
cted res,f90fc6a580b0e16d
ulting i,def157d632e7addb
n the fi,33c1a95ef61690a7
nal valu,ab9d6c7c12acb4bb
es as de,73bc74d213309253
picted i,be6fd22a6360ab9a
n Figure,fc77b8d9238dd5fe
 2 Multi,d0fb1c777003b5e9
head att,1219b4a1af280a96
ention a,8f45a782eefbc28b
llows th,65a1beafe1e70102
e model ,cd630adfd4b70969
to joint,d1a848e17396bcca
ly atten,4055f003edf28046
d to inf,dedf5ad0a1e462a3
ormation,40d42177583f0da0
 from di,12e9de0ecc0996f7
fferent ,572d129e40ea6a48
represen,a5577e1aa24f69d9
tation s,30257826f9e1122a
ubspaces,33f046b9ec32df8b
 at diff,408812826b6d0deb
erent po,a2e2979d11fef933
sitions ,87d2b12cd6be2bd1
With a s,df98c2edb6c8a18d
ingle at,0f7ebbb830ee1b34
tention ,5d423d813e49f1f6
head ave,7bd964ad31c38f91
raging i,d9fc44d6086c4824
nhibits ,e3d391b6d6cbabf2
this Mul,ab6ec2b0e62d3335
tiHead Q,757192fddbeff060
 K V   C,7b8164ab93acf185
oncathea,7067882c665f179a
d 1 head,26a6b017e348b2a7
 hWO whe,37422e443aea18dd
re head ,abc1a1b78906592a
i Attent,72d7d2263e81f98d
ion QWQ ,7dc6e649675fb3e5
i KWK i ,660b854427e1150b
V WV i W,6349cd84f6f2dc3d
here the,85e3c73ee41cc347
 project,8e2fcb8811d94a19
ions are,d48c1fa4e0d424d5
 paramet,2cd60f1cc4f0a10b
er matri,57a8f263876e62c8
ces WQ i,fc87b75052a5002b
Rdmodeld,6bfbcde58cae0363
kWK iRdm,545594905d8580f6
odeldkWV,49fae56b6d7edc37
 iRdmode,ded4f430e3530bf2
ldv andW,eb35931a7b375b6c
ORhdvdmo,b0c4e5ccc9bb7fdc
del In t,ae31fd649e8742b7
his work,718e23ac344c90db
 we empl,1ca65aa342efe3dd
oy h 8 p,1985f14562f702b4
arallel ,4a6442bf2a47b34b
attentio,13e7099318e6f80b
n layers,b3f44ed86dc8f6a8
 or head,62e9f31735a97a4a
s For ea,1ea30bd4ca3aa90d
ch of th,5afa122272da1002
ese we u,349d6431eab33437
se dkdvd,38aba638fe19a51b
modelh 6,0bdbf0dd6e220bf5
4  Due t,4e689d911e346e1d
o the re,ee235d0dd19f1d71
duced di,0b7dfc6b8e41b6b7
mension ,44423d86729c0e5c
of each ,0bea366430e13a9d
head the,85e3d43f808e3034
 total c,e3c92292e687c8d8
omputati,15a2567e3a18406e
onal cos,ae0155f3b39b9ecb
t is sim,46672a50675fab00
ilar to ,07a7203f87483cc2
that of ,0ab0ac09b899acd0
singlehe,3b1201010a475ee2
ad atten,4d48f00374ae53fc
tion wit,8cbf5ccb0994704b
h full d,3966d70cb9856de2
imension,27d8c3fce8b1d16e
ality 32,4f9ec9a132cb3bbe
3 Applic,400f5a87619d896f
ations o,a49ae45690fc27f2
f Attent,7dd7d226ae6a3ed7
ion in o,8821a0790ecc32e5
ur Model,8c1cd0b3ac4eaf8e
 The Tra,a1136533f739940d
nsformer,cfe6c1d444f879c3
 uses mu,2355aaf65f330457
ltihead ,b5d0e8b7f55b66f4
attentio,13e7099318e6f80b
n in thr,50cb71eff955ac92
ee diffe,e5e470caa870fb47
rent way,799f99da12677747
s In enc,c8f762cc90d0a267
oderdeco,2157c8746d88a4b1
der atte,ca071c35f6f57371
ntion la,b50c1849deb625d8
yers the,94e3c7283931d165
 queries,ddcca4b6de964ff7
 come fr,17477918b43cbaca
om the p,82f4d188a658a952
revious ,ea27551fd6ca9308
decoder ,39b03d65fc2ea670
layer an,31a768e153860455
d the me,d7cee5ff3f03a75c
mory key,3f44648d2903fd89
s and va,6b826f1c1bcfd1af
lues com,51872b953e36afa2
e from t,f9e303d6882df7bc
he outpu,b0d7233e3a8bfa52
t of the,99a6da3d64051e24
 encoder,74a9072491056269
 This al,013af88472757638
lows eve,03de12a22df16f26
ry posit,816328fad195a185
ion in t,ade01ce6b982c281
he decod,d4507345d0aca1ff
er to at,92fafde7732c131e
tend ove,c0604371dd73f9b3
r all po,4de2a48cc6f31a46
sitions ,87d2b12cd6be2bd1
in the i,93e3e84ebe1812de
nput seq,8b15a1328344a311
uence Th,fa0b72aabb865b5a
is mimic,09f94b75d4f65f3c
s the ty,f66a6cb1d41ff88b
pical en,4870ee9adf00f67f
coderdec,f79b78c735740171
oder att,1518b0b79a97d952
ention m,e9c4ad285998f317
echanism,0dbedb8f8da9070d
s in seq,9645bd284787e07a
uencetos,6b81b5ce7852b2de
equence ,019511a4c978a963
models s,a7ab34cc39b73ef9
uch as 3,c2c7e0105a418e0b
8 2 9 Th,9b481a87bfacd065
e encode,1cec0ab8b3ce7c13
r contai,857f5dad005a6460
ns selfa,56f9b972a2ffbf26
ttention,5bd229789c9185d4
 layers ,dece28d11155c700
In a sel,51752f57ab2010a6
fattenti,879d4ae467b251ff
on layer,28e0108b9a677ab8
 all of ,5eb9a111054b6754
the keys,ebecc558ea336cf5
 values ,1653c89135fc8fff
and quer,7bbebafb502ee366
ies come,1023a58e0114ac43
 from th,5f41bdc5d4b85153
e same p,b66c9bb0548721a7
lace in ,58712e911ebbaeaa
this cas,f94bc1846361de49
e the ou,b23e45e115b72063
tput of ,0aa8b809b451ccde
the prev,fd37597b0d1e96e2
ious lay,1e387a0e221eecac
er in th,346a1a3131b5482c
e encode,1cec0ab8b3ce7c13
r Each p,8293db6ff0f6c34f
osition ,46543a81fcd55ed1
in the e,0c59194633732688
ncoder c,0d572845ae9fe2b6
an atten,4d42f00340eabdf2
d to all,ca9b0f34419326a4
 positio,49ad090c15294014
ns in th,3f6b1a319fe3e37d
e previo,30297d7eab1d22e6
us layer,32fd108b5ec98170
 of the ,4674013f0da199b8
encoder ,38bb3d65fbb3f510
Similarl,d32a3147fa6570d1
y selfat,c2f464111254d44e
tention ,5d423d813e49f1f6
layers i,d1afa9a51390e748
n the de,3dba95b404270431
coder al,807bbbc81ca35221
low each,5031c36c69235f4d
 positio,49ad090c15294014
n in the,83a6dc3512075a41
 decoder,74a80c247d7c254d
 to atte,8e160135ca29d3a4
nd to al,2b2cb178cb647614
l positi,d27d3aadf37f4521
ons in t,abe101e65803783d
he decod,d4507345d0aca1ff
er up to,c7c2544ec954b7be
 and inc,a764ed8717354e3b
luding t,487e860e37cdb1a4
hat posi,8ecfda66077d66ff
tion We ,10e8b692774700c4
need to ,00ae24293a89f47c
prevent ,4139129a5ed987c1
leftward,801948268e20ad34
 informa,d75923831f9fa570
tion flo,a4001f94a7e4567c
w in the,9aa6dc353459b549
 decoder,74a80c247d7c254d
 to pres,46ae04da97e8bd96
erve the,88f4c33e071153b7
 autoreg,4d8cef519aadb74b
ressive ,69f5d7a7d1f5cd11
property,b2eafe85f664f277
 We impl,f75b56f49681068d
ement th,b71b41d6d04358b0
is insid,149364cd7c348ab6
e of sca,fb36398df2752a67
led dotp,2a2fc5f16d69dce2
roduct a,ad6c82f379cd6a91
ttention,5bd229789c9185d4
 by mask,a1f25d441333f545
ing out ,6460abdc9ffb122e
setting ,5d59cf5bb2e67eb5
to  all ,41a97efbc1920f9d
values i,98f6663af5790d92
n the in,c3094c1b006bc46d
put of t,7a2ffbffd09d5a20
he softm,7da1a5d9f4c86858
ax which,30ffb71e53bb7c91
 corresp,866cc98f319214e2
ond to i,a73f52a2d8494ae0
llegal c,afd12881ae9288a4
onnectio,665d89d61a96c134
ns See F,8c70e292c7510b3f
igure 2 ,139a636f969053f9
33 Posit,c02928da111205e3
ionwise ,e6b3d8276ea291aa
FeedForw,8076158181b8e7ce
ard Netw,bd1e7f82b8987db4
orks In ,69ec2c43ce9f95a9
addition,4ec2287fa4c6353f
 to atte,8e160135ca29d3a4
ntion su,d43c98632592af29
blayers ,9cce28d1677fd0ef
each of ,1bb9ae1507269211
the laye,330691b86cc37895
rs in ou,e6de6754007e7080
r encode,0bec0ab80ed94705
r and de,75a62c5e94a5d41a
coder co,1a0728912340f877
ntains a,ade82a35ad45a9df
 fully c,410d0961415f2e99
onnected,d7c864c6ab2f0374
 feedfor,1c95a1c8ebd99fdd
ward net,392044477a37bb18
work whi,85bc4d6e056730d6
ch is ap,3f0043a92689ea33
plied to,16441a795f6572e8
 each po,3aa5c9b2a3380ea1
sition s,372d7826dfcae659
eparatel,fb6bfdba809c9e7f
y and id,07c50e22f9fac2b7
enticall,c68851f88e32ec0a
y This c,f38623e5dc3629f4
onsists ,909e96a6cc0e0ad2
of two l,5f15dd43f1ce7337
inear tr,b0c7dedd38752a24
ansforma,965e3e835ce6bc66
tions wi,bbf4668b1722b5fc
th a ReL,130715b8cdf1eacd
U activa,f1451c4e85fdb75e
tion in ,4079229a1baff6dd
between ,140515b4b6b775e5
FFN x  m,466f169dc576e990
ax0  xW ,3b907545428e3caa
1b1W2b2 ,25cffcdf6ad39dc3
2 While ,10c88a608afbd297
the line,efbc1e7af981d979
ar trans,2010e85f597f89fe
formatio,27130d943c7a6f58
ns are t,68340d80144bab42
he same ,a01c1fca20460681
across d,a3263d01d399ad9b
ifferent,aada511d93ef5314
 positio,49ad090c15294014
ns they ,3f18b32dbc3c68dc
use diff,159a0382eb7b476f
erent pa,2c881e483e9c9ae5
rameters,b49f3a4eb04ca5f0
 from la,3e3091caff1e5fd5
yer to l,a7ab8e7ab6c2764c
ayer Ano,78ac1e5003562c53
ther way,7f9292dc73a01769
 of desc,a307f7e1ab88c1e5
ribing t,5662800ee5848dc6
his is a,038111d1989e0a85
s two co,dd386af870944a66
nvolutio,e8d625bc956f239a
ns with ,8edc4e2c160d2e34
kernel s,18afcd5e51b1051c
ize 1 Th,633dc23503c2d397
e dimens,0ec90a7b2b482a8e
ionality,34638d15dd5c4a68
 of inpu,ec4ed3a5213cd78b
t and ou,d33bf766222292f4
tput is ,52ef02ee37a1ad5d
dmodel  ,f2bd0572c5dc4d75
512  and,cf37cad24532bf01
 the inn,a96ccb9b0cf4ced2
erlayer ,47a7641979016d55
has dime,fdc633bae4b63e63
nsionali,f72e20f45afd77e4
ty dff 2,573d9deb3cb0726c
048  34 ,afae43ffa0e331c7
Embeddin,309603d6a9e6a6c5
gs and S,9d97be86518fd23d
oftmax S,aedf5e5fb5a9f5da
imilarly,721759f4c81178d6
 to othe,8756cf127afcbb09
r sequen,491bb6535d0f477c
ce trans,2207e85f2b5a7a09
duction ,4d523081265172b2
models w,b0d8b3f21c5ea79a
e use le,4ec873cf66a24e78
arned em,5d32e2cb5c27ed04
beddings,9b62d8f69910e958
 to conv,2344464e15d51d31
ert the ,0369133ff7c2d50e
input to,4b5d580742f3a27c
kens and,916396819c39692d
 output ,f9b031ac1e625f75
tokens t,4e5a166db39e330b
o vector,c9de8c953cf9b4d9
s of dim,6a84441b5501fd9a
ension d,5deb46952fefe118
model We,c8209c2c57506a73
 also us,3fa725f9fbf11d6e
e the us,358aa0c55effb13c
ual lear,09bd44a2ca8b77fa
ned line,f5b11f7a860a0038
ar trans,2010e85f597f89fe
for mati,9aa4a9aff7cb5756
on and s,8c8068eb700f273f
oftmax f,334ea564853d1c85
unction ,5c493081ed3536a8
to conve,ff1652473641a62f
rt the d,58b92b0553ccd110
ecoder o,1701d9c05fc6676c
utput to,5747580795f61d3a
 predict,38bb5c715ce91ed2
ed nextt,2de75d79cd018981
oken pro,7cc4561040ccdf7a
babiliti,a2162722606bce82
es In ou,f1de6774174ac608
r model ,da630adf0a43238b
we share,2e663d1a46bd18d7
 the sam,974793f3e9b879e5
e weight,b660105b18b465a6
 matrix ,671d3cf3e1886fad
between ,140515b4b6b775e5
the two ,ff4c43cafcd89e62
embeddin,109603d68ec724f9
g layers,baf44ed86ab304be
 and the,cde7db3f24e525c8
 presoft,8d445cc4f8b4e198
max line,f6b5037adee55a6b
ar trans,2010e85f597f89fe
formatio,27130d943c7a6f58
n simila,e896251c3acc535f
r to  30,7e13553a25e7bc28
 In the ,4652093f89885e76
embeddin,109603d68ec724f9
g layers,baf44ed86ab304be
 we mult,72dd8b249cd1ded8
iply tho,9cb8254e4de92897
se weigh,c56fe222564b5f73
ts bydmo,4611b9e291b2bfbb
del 5Tab,63fa1708bcb2d137
le 1 Max,00e0040ed0020fcf
imum pat,e27d85266a7b018c
h length,ec64ca5bd897bd7e
s perlay,5b23c4a15c75ca3b
er compl,af353e37d1dd296c
exity an,9748e415b3982caf
d minimu,288a6bb3d990eab0
m number,20b603b5022f55ac
 of sequ,463548c469dc0d66
ential o,27e8f5d044ddc878
peration,5fc33e779eb6106e
s for di,c8361806d35439a8
fferent ,572d129e40ea6a48
layer ty,fab2b2df56438415
pes nis ,3c663ba0e96c890f
the sequ,12324bc4e093cb6c
ence len,8fd76bd054cfb681
gth dis ,c30fed4da61eb042
the repr,e796a1db5a5422ca
esentati,1fbc4365a263d465
on dimen,ed19a788f1b541b1
sion kis,680c654b03898804
 the ker,a8f92bcac8d41693
nel size,21f8399d198eec08
 of conv,235f4f4ec31af8d7
olutions,0ce3f7818aff6839
 and rth,97d2f63c843705b5
e size o,bac3599b6c505c77
f the ne,b1a86dd186dbc05b
ighborho,78451e068e51db0d
od in re,e540f3535227a7e7
stricted,cbd278cab2395a07
 selfatt,da01d75dc4afa29c
ention L,dafb5b1ebb42d3dc
ayer Typ,608a03e240965de1
e Comple,3944ef76317a8d58
xity per,7c0feae8b0bbde79
 Layer S,f9a3c7aec816b32d
equentia,6ec454c9c5cca148
l Maximu,a2d3b44806156df3
m Path L,3ad8d8c40c45c863
ength Op,83bb57039f72d34e
erations,06fde38199385572
 SelfAtt,7295312cb917c46e
ention O,ad8cb7d4d8d66f22
n2d O1 O,ab549d6518822fe5
1 Recurr,3de002d77fcae793
ent Ond2,1af48c67870e0c89
 On On C,225a478050fd61c4
onvoluti,fc911c5de0b05d30
onal Okn,2efbbed780d93d26
d2 O1 Ol,31b80b3e7a923c80
ogkn Sel,f300c0d1e9ca3e78
fAttenti,87bd4ae4507625f7
on restr,5867386f8145ca74
icted Or,1c9d6688d30bed35
nd O1 On,02667b8152f303b1
r 35 Pos,d4d254e745cabb30
itional ,956ede7021b6bc14
Encoding,6e5a746cd7a60f81
 Since o,a6ca47bee37b119d
ur model,8c1cd093d7062754
 contain,e7d417c55a0f9f1c
s no rec,708fa580fad20945
urrence ,119616a4bd3fb1d1
and no c,a1f33efc80704c29
onvoluti,fc911c5de0b05d30
on in or,c49193ac6a86d428
der for ,b87ea7fc607209ca
the mode,8ad5c374ea22c7dc
l to mak,71d63331caab21c3
e use of,f827fb5cda6c210e
 the ord,0781e97875aa868b
er of th,5ce012229d085301
e sequen,5e1bb653d02e13e5
ce we mu,de92cf9f9811c094
st injec,8cbafce8896229b2
t some i,23b7f968fb13676f
nformati,92adb4fd8e14be4f
on about,abfd280fcaa32101
 the rel,d1bbc921672691a2
ative or,2f0b01598e0e681c
 absolut,da4bdf79fd594a1d
e positi,db7d3aad4e36d725
on of th,56fc12227e46b674
e tokens,8b15e8a8d87184a7
 in the ,4672093f0d121cff
sequence,05b98952b789dc4e
 To this,f34d8e2030de1604
 end we ,77f5bafbea4b9d7c
add posi,87caca66c43d56a8
tional e,c0bfe3d3e12ae121
ncodings,9764d3f69a0fb6b2
 to the ,466f083f1283c63f
input em,2738cadef682571a
beddings,9b62d8f69910e958
 at the ,467a133f3f59c844
bottoms ,07eb9ad86d3181dc
of the e,0a511946b08f88b2
ncoder a,a3ec862dcb87d565
nd decod,d2517345510d778d
er stack,1d688cbc32d10507
s The po,f0e5fe6c378df14d
sitional,ce63eb58ad775890
 encodin,39e78cc468a458c7
gs have ,487e39284e80ec2a
the same,f785d46d99ef8a4e
 dimensi,5702d11edcbb7457
on dmode,91d386300cbda40b
l as the,81a6d428a671242a
 embeddi,12fea722d84619f2
ngs so t,07fec8c1e7b796dd
hat the ,0e7a133f15344ea1
two can ,2721969609efa61b
be summe,c7a7b72ae7022877
d There ,6572020897e5f009
are many,7f1d9aed8666248b
 choices,4e41f6e8741ea600
 of posi,c6c1c86683242f3e
tional e,c0bfe3d3e12ae121
ncodings,9764d3f69a0fb6b2
 learned,3c1d81b7d6560ed7
 and fix,10aa806765450371
ed 9 In ,63fa67090926e496
this wor,d4be530cea299456
k we use,842810ee06668b07
 sine an,0d2892855c2a5324
d cosine,1d2eb597cacde964
 functio,295592dd1a6da6d2
ns of di,e8351f2e040734a1
fferent ,572d129e40ea6a48
frequenc,9e5a492691aad548
ies PEpo,b554d95cdc1d9b97
s2isinpo,af9c862296fba446
s100002i,455e674ca5314ce8
d model ,cc630adff8a360b6
PEpos2i1,fdc1ef5e0ae7712f
cospos10,752e626d2d5552cf
0002id m,b5a8c31628cf6ca5
odel whe,784e1c67d45e8ea8
re posis,4065deb855630a6c
 the pos,382f347342ad86e4
ition an,ef573cba43f952f5
d iis th,6dedb8b1969e7eb5
e dimens,0ec90a7b2b482a8e
ion That,239709124c4d57c9
 is each,1c37c76c1175285f
 dimensi,5702d11edcbb7457
on of th,56fc12227e46b674
e positi,db7d3aad4e36d725
onal enc,d4b94ace23a6d6c7
oding co,0d29a9680e5102a5
rrespond,4cd3e45484178019
s to a s,fbd1c2eaae8fd774
inusoid ,f66e5e290fea0f9c
The wave,a0362353698f4033
lengths ,fe10866ed04b946f
form a g,a43bd66a14054a9a
eometric,69c3e59036d2e045
 progres,e04a46acd7d2b545
sion fro,84a0b04547b535cc
m 2to100,e09a9943a956cc89
00 2 We ,54b1f9ce8b0f0b20
chose th,49f282c7c07411db
is funct,b3d4895a03aa3e81
ion beca,d1c259f50d16898b
use we h,a8ae119a6c0f3756
ypothesi,0084b820816873bf
zed it w,689335a729b0ab56
ould all,c1ce173f3bb12438
ow the m,661e8a5b488bc89b
odel to ,01af2421d08cab98
easily l,41ccfd843199a178
earn to ,0baa33230ac2d481
attend b,c6c74f1f549c5662
y relati,34619d2391668cb2
ve posit,857f28fa42b75047
ions sin,711c880560999c3f
ce for a,77ca12905606a663
ny fixed,ed0b8900cdb7381c
 offset ,776379c258ebe9db
kPEposkc,9e5b7cb37cb0f4ab
an be re,e06d0907f06056d4
presente,cfb7bbb7c6e824d3
d as a l,589f234a1d30815e
inear fu,3077dc0b27bba0e6
nction o,3cbc21c393846416
f PEpos ,666256b4924dfa0a
We also ,13a3e380c5396fda
experime,436a4240d737776a
nted wit,96a256c138d3a1d7
h using ,461cce5c7b018fb6
learned ,e72879f64ed38ada
position,5fc93f7fb6bd7883
al embed,466c9946ef8f2e79
dings  9,1254384cf49dfc9b
 instead,e39639814cf1fe4c
 and fou,2b8a34abb5939871
nd that ,3211b5d6ba63803a
the two ,ff4c43cafcd89e62
versions,15eaf086a9084895
 produce,00bc064af4bc5061
d nearly,7f5a5efdbba0469c
 identic,d2416cd9cc934d6c
al resul,d50c950f4fa5234e
ts see T,092b92040cdb2e04
able 3 r,d6227ffef0317179
ow E We ,0bf6f9b95b932d15
chose th,49f282c7c07411db
e sinuso,47f5d5dc8ca757df
idal ver,1b8321b5d644833d
sion bec,b96f3d69d0220e74
ause it ,c5d146f1b97aa651
may allo,a1547a901b3b2729
w the mo,9f0b7e265bc692e6
del to e,81e322d07a4b3329
xtrapola,e9252ca42ee6c7f0
te to se,f1968c0a839f3c0c
quence l,0030482042d48fec
engths l,58f9049448e676b3
onger th,39b2b217598d0214
an the o,0e0185d4831c43c2
nes enco,d228770f6fda3e31
untered ,25d906f619b94e8d
during t,407e900eb4e72727
raining ,5c5dd241ee13d60b
4 Why Se,bbaeb8313f6c7624
lfAttent,7791d226b71a4b59
ion In t,a33bff649dcffcd5
his sect,edb5c73bb787bc96
ion we c,825ed002cd364f0e
ompare v,5554263f42227f6f
arious a,70f20a4fd65554d6
spects o,e3189fea64a644a4
f selfat,ddf4641132fc07ba
tention ,5d423d813e49f1f6
layers t,3e7a9b7ff8f092de
o the re,ee235d0dd19f1d71
current ,523e059e2dc259d2
and conv,625e4d4e3d224170
olu tion,40ca3936a334ad09
al layer,26e2108b873e6d0a
s common,c7428631c194dba8
ly used ,b5d585cbea245c5c
for mapp,c797202b8e27d6b7
ing one ,cceed0d38b549c9c
variable,243954c1e61639da
length s,fe08291538b34dab
equence ,019511a4c978a963
of symbo,312a697d9f020c63
l repres,0afa199f2d7bb10e
entation,4ac838774b2a015f
s x1  x ,2ae0672f9de638b0
nto anot,728d558ee724831e
her sequ,0e3f5cc4174dc80b
ence of ,1bb6ae187019c3d7
equal le,67e1afb408aadf7b
ngth z1 ,c16aa6e68d2def7e
 z n wit,d8ac13cb0635d9f4
h xi ziR,a23b5535d953b244
d such a,c0a6289256316925
s a hidd,1fcd1ba23ad13120
en layer,22e0108b86f5b8fb
 in a ty,3b192e522af356dd
pical se,8aec87d04644c324
quence t,7472e5e18738db8f
ransduct,8529372f121f7b16
ion enco,d5226a0f256fffcd
der or d,34573ed82f73f34d
ecoder M,334fbae89524deaf
otivatin,95458e0284544668
g our us,26c1e3948852901d
e of sel,7d3b60506d806a58
fattenti,879d4ae467b251ff
on we co,ffc90fe059843727
nsider t,2c8bdda5328c9464
hree des,125e6e896fca755d
iderata ,54e12e0894c3622a
One is t,0c239d89714549d3
he total,03baade2456077b6
 computa,90f90d6a1d185251
tional c,b7d42288d016cc3a
omplexit,e0b664c83a3a5343
y per la,0e46d9ab76c96d30
yer Anot,553945e363cd4e59
her is t,2b288a894295d075
he amoun,8017e4322a65b2ae
t of com,49d22180655dca21
putation,5fd33877058482b6
 that ca,ccbbf966173baca3
n be par,d86f87350e521bf6
allelize,78765a6c683bc79a
d as mea,49a549496d13f6fc
sured by,32ea3c03bbc6aff5
 the min,5468de5fb367b46b
imum num,953b21f03f3e611c
ber of s,c63064196d34af57
equentia,6ec454c9c5cca148
l operat,71dacfa773ffbb99
ions req,28eeefb71e8be8a8
uired Th,d4140c441c3d8fb5
e third ,aed7297dcf09b547
is the p,84ead188dde0d04c
ath leng,b8a22ed1f57ca7d4
th betwe,2f8bf53b0e6dd0e9
en longr,0e5d1535a265770c
ange dep,245f00cbf0fba321
endencie,451bab656e775b80
s in the,9ea6dc3590d8c3f0
 network,398935f810034ab8
 Learnin,e117e8fdbad18bcf
g longra,b31787cae2f13c57
nge depe,124ca39e2a8501e8
ndencies,2e492c48d5ff396e
 is a ke,ff8aad03fb310088
y challe,cc96c2df79eb0ad8
nge in m,1d37c4267fa8ccec
any sequ,073457c4922c7f69
ence tra,09578cd4418d7c66
nsductio,674083c6780620b4
n tasks ,691fb8fd982dda08
One key ,c0782a3ee284b003
factor a,72ce5182e60388f3
ffecting,ad5696649f3abb09
 the abi,96b1eea7b6c689ca
lity to ,02a23534e395a6b3
learn su,d62d907eefacd9a1
ch depen,5db8836239809183
dencies ,7834b7b26b6d9655
is the l,5083eeba4944d50d
ength of,d18b89285526382f
 the pat,ab64982eb407e727
hs forwa,18cb03a9cfb84de1
rd and b,d5d71b1b3d9931c5
ackward ,b983a27ac70af3b5
signals ,e9efa59cab488a6e
have to ,06aa37284b7a28e2
traverse,8416fee42baed4a7
 in the ,4672093f0d121cff
network ,416871b62bae1b57
The shor,702313ba9b7c0a4a
ter thes,f4db27a070f3964a
e paths ,f75598680ab6c046
between ,140515b4b6b775e5
any comb,be8532d61d7fa47c
ination ,404932814f8fb8de
of posit,9c7c28fa07ebe521
ions in ,5d7f2387207a1a72
the inpu,b849d0a5b0fb5b0b
t and ou,d33bf766222292f4
tput seq,9115a132c6ae259e
uences t,6f2317d7817d09bd
he easie,f820eac544bc0bad
r it is ,54bf1eee37c36044
to learn,b2e8ccbe1ad1c52d
 longran,01f56809b55d3c0a
ge depen,59b583624fd97184
dencies ,7834b7b26b6d9655
 12 Henc,ddd297099dbadd6e
e we als,0f9fb7b4dfcf5760
o compar,ba7e68398e73c0ce
e the ma,ecf656d455ce9ac7
ximum pa,f6ed474dcf2b9a82
th lengt,be987c3619cdefdf
h betwee,01bac10a2c6e0a43
n any tw,39078bba0aa64377
o input ,b6ff2db645ffe54c
and outp,7aecd8eaa4358159
ut posit,866e28fa99517a94
ions in ,5d7f2387207a1a72
networks,5b84762edf3cca9f
 compose,537613378106b99a
d of the,89a6da3df4e87cee
 differe,df14b4412724b328
nt layer,29fa108b3cca0848
 types A,6f53ea21baf2f5f4
s noted ,9fccc42d29821388
in Table,3b3606fcc8932227
 1 a sel,382a2f57832ec1dc
fattenti,879d4ae467b251ff
on layer,28e0108b9a677ab8
 connect,cc8397fe185c69b7
s all po,4ce2a48c0398555c
sitions ,87d2b12cd6be2bd1
with a c,7afc7727c2a837fb
onstant ,c89e6381cfd90643
number o,1c17dbc61f436328
f sequen,5d1bb653bb927679
tially e,502e38a1f9e0af0d
xecuted ,9489c9377f667270
operatio,2e0c1a8bf2814c25
ns where,8d99ad5c4470587b
as a rec,62dceb8e5321b7be
urrent l,49a77a41f0415fc1
ayer req,20f8e4b6752cb4c3
uires On,03373855be123bfc
sequenti,92994fe5696a4aae
al opera,68333cb60adcc389
tions In,d496090ee5677974
 terms o,a522b3de9c5981b8
f comput,00494e39b5c8bb80
ational ,9d6ede70763f1c64
complexi,bf9a390935996047
ty selfa,4cf3b972a822dcbe
ttention,5bd229789c9185d4
 layers ,dece28d11155c700
are fast,61968c555d4506c0
er than ,6311d4486d6f4eee
recurren,88949e31b27132cc
t layers,a9f44ed8e86c6b00
 when th,716f523d932da6ee
e sequen,5e1bb653d02e13e5
ce 6leng,bab366c78284619b
th nis s,634da46e1aa96832
maller t,2f99d8ad991fe5b1
han the ,0e7a093f1e65a24b
represen,a5577e1aa24f69d9
tation d,4ce44195bb8afca5
imension,27d8c3fce8b1d16e
ality d ,cf1d5ab7bac15714
which is,0256ebd863d5682c
 most of,b62a2d9930bc16f7
ten the ,127e093f5cfc9d33
case wit,9bb740c083f50ed4
h senten,380be16056f6111b
ce repre,c72bb23118cfa478
sentatio,3219118d01f38b4c
ns used ,b7df85cbbbefb4c4
by state,19d994a850a7849d
oftheart,23ea261a2a017285
 models ,aa0d0f81738c4540
in machi,5a84ca23b84eb7cf
ne trans,2f07e85f0932d1ce
lations ,98dab12c3cc1f33e
such as ,dd7b48390537d982
wordpiec,651b170d51db457d
e 38 and,9f26cbcab9b5de7d
 bytepai,aca1543a68c9a21b
r  31 re,e0147148ede65f43
presenta,1bc4e4e0e9e210ef
tions To,d3ce2cf6fcc00dad
 improve,6fde754af527e575
 computa,90f90d6a1d185251
tional p,4c0d480631e00172
erforman,8a47c9f250417bca
ce for t,d35fa60d1598f812
asks inv,7f62a8b1dc9ebd73
olving v,cf8ab1f5128e6be5
ery long,0c16f1a7dbfafec6
 sequenc,d85b4926607b7ed7
es selfa,5df9b972ce64d4a1
ttention,5bd229789c9185d4
 could b,2538b2bcf00992a1
e restri,964ea318ef8da917
cted to ,0dbf2429a8a72af5
consider,e91a3056379627e3
ing only,174c8612fbfa05e1
 a neigh,966be23b2ef6b2d8
borhood ,59478bb2b647af66
of size ,db3068722a7062e0
rin the ,1472093f70135889
input se,ddc2488e9c06e215
quence c,a987b4fdce72f7e6
entered ,35d906f6803952c8
around t,00c7babf1b21282e
he respe,90e73e2e588d9423
ctive ou,b46a58ffd2aa15a0
tput pos,6c2b29620c674625
ition Th,2758baa0d50b17ae
is would,00a6e5ed97ea5055
 increas,7b523fd674b0f4d1
e the ma,ecf656d455ce9ac7
ximum pa,f6ed474dcf2b9a82
th lengt,be987c3619cdefdf
h to Onr,66abbf77e36678fc
 We plan,7f05d33c2de53a9e
 to inve,513c2659372681b3
stigate ,4a975491b473bdab
this app,53190993545987f5
roach fu,3ef6b821cb2cc314
rther in,7b90edb2924d396a
 future ,423fb633546360f7
work A s,9fbc018497e2191f
ingle co,f9c948fbc9bbe3fc
nvolutio,e8d625bc956f239a
nal laye,290f98b8ebc5bc68
r with k,8acf159648ea225a
ernel wi,b878c19f6aee198c
dth k  n,d5643f177f3b252e
 does no,de351fb1714ba201
t connec,56c11fabd310c357
t all pa,ae2c15481782ed7d
irs of i,856c15e936374aaf
nput and,94768d86d0150793
 output ,f9b031ac1e625f75
position,5fc93f7fb6bd7883
s Doing ,5d1cff40b2bf08bb
so requi,d4653ab987316c10
res a st,6edde4c81b9bba66
ack of O,66acf285fe5e3f02
nkconvol,6abbd756fe3c7e52
utional ,896ede7001d5ce51
layers i,d1afa9a51390e748
n the ca,14a8f6fe88197451
se of co,2b15990f4efba24a
ntiguous,2ae0612a9272087d
 kernels,af646949a8bad128
 orOlogk,161aef09db380ce5
nin the ,0872093fc406a623
case of ,1db9be18176c70b8
dilated ,8885c623dbd6c864
convolut,9945d37c3795eee4
ions  18,97a0f3ff5906aa20
 increas,7b523fd674b0f4d1
ing the ,0f75003fa3f39101
length o,4e052b424dd68a6f
f the lo,3d0de3648639a503
ngest pa,279d1e5543076590
ths betw,553a5a0e1ed2db6b
een any ,1d4c0b363dfb8c81
two posi,92d9c1663781b774
tions in,e4a75465dcbbd7c5
 the net,6e355e46b54821a1
work Con,dbee76cf4c7eb5c1
volution,59c920637cf3b79f
al layer,26e2108b873e6d0a
s are ge,7904e0490a955041
nerally ,ba9fdf3f9bad720f
more exp,3f082b75fd338d5a
ensive t,640d7288ec477788
han recu,0a86bbe101ba6a55
rrent la,9d0fce8ebf2fa38b
yers by ,d410a6e0b775ea6b
a factor,c7de9c91d7db3898
 of k Se,a3cc333bc6cbddc1
parable ,b577bb36a29d952b
convolut,9945d37c3795eee4
ions  6 ,85ac3745858de687
however ,6573b21c03c5f36c
decrease,da659da50c03241b
 the com,1d862683e5a31e5c
plexity ,ba942b41196d9463
consider,e91a3056379627e3
ably to ,0fa92d3490a626f7
Okndnd2 ,53d4462f592da630
Even wit,bda056cb04dddb9b
h kn how,1903d12ae6435d06
ever the,88f0d0296c5370c3
 complex,ef7a5b83917fa07b
ity of a,a288fcc6aac6cf50
 separab,c9e67de315826178
le convo,f94470feb243378f
lution i,3305db96b633609d
s equal ,0d7862ff0548ed79
to the c,3c7f3003e77fc80f
ombinati,8a9041f078cb896b
on of a ,7b00c1e7c29cebc5
selfatte,dd0702738f607a32
ntion la,b50c1849deb625d8
yer and ,81093d20c7cba86b
a pointw,eb41dff48541f09f
ise feed,5493a493696514ba
forward ,be8fbb7acdfc99a1
layer th,3abdac17d48f986d
e approa,99ac23d9431d0453
ch we ta,a0d5b45109f44916
ke in ou,ffc867541ffbd31b
r model ,da630adf0a43238b
As side ,1d2fd5d4fa7c2fd6
benefit ,4a6e0d193bcf65c0
selfatte,dd0702738f607a32
ntion co,7d87aaf4ce2ed914
uld yiel,d7f2f8167d37f123
d more i,9583ba5397f0a72d
nterpret,e45e6f134bdabd61
able mod,e8f4c4a5cf553d8f
els We i,ae5689e7b3e68712
nspect a,b17096e3aeca9aa2
ttention,5bd229789c9185d4
 distrib,985665aff0db97d7
utions f,4b536c34a80ba7a2
rom our ,4b26c03508f24d84
models a,752c1754bd468975
nd prese,fc0bfd918c299038
nt and d,1e5e517d8e5e4e51
iscuss e,e1dc32ed3497c08d
xamples ,9024bb33d53f271a
in the a,c76f9728ac4e6e99
ppendix ,4f3b7bc3e6900cb5
Not only,304d95126d26e4c9
 do indi,ba71292e8197a972
vidual a,4734d0d4f57da819
ttention,5bd229789c9185d4
 heads c,46c1e8b9bd88b85d
learly l,48c8ef9f6f9ddcd2
earn to ,0baa33230ac2d481
perform ,abbc1f9487ebdcb8
differen,3cec6140e31b46d3
t tasks ,731fb8fd48d8da2f
many app,4a100e99e374a5b1
ear to e,80e73cd04066cff4
xhibit b,6842cf0ac999d274
ehavior ,cd91a24c67da4fc4
related ,9e89c62311a70c40
to the s,6a5f48b569218736
yntactic,67ea461ac618cd1a
 and sem,e21721a2c0a8a115
antic st,5cddaec293355bca
ructure ,102ca03357ca54d0
of the s,715648b54f0a7dbe
entences,a35df8d7337da333
 5 Train,0185d5ff91b78a9d
ing This,14e063e449a45f1a
 section,0fd5297560c816cc
 describ,84348b45b7c15e34
es the t,54c3b2b524472232
raining ,5c5dd241ee13d60b
regime f,4f4af106063d6a34
or our m,c3a4167ffaa31587
odels 51,1487eb7346022299
 Trainin,442139292bcd29a7
g Data a,f45765dbe90d8a2b
nd Batch,066f561534d1aa9c
ing We t,3ffe382df8fa5064
rained o,8be796fe97dc0063
n the st,2040ffe7a8d1b720
andard W,f80fc507e7a6f5ec
MT 2014 ,61022d0f79beb366
EnglishG,66f56f729906d8db
erman da,74b100c9c8416f98
taset co,71ac9b2100c7762c
nsisting,a5439a74cf7a6b0e
 of abou,970846053d419510
t 45 mil,3a1b96209ec1fda1
lion sen,244eb65e7de63fd1
tence pa,d77fee60a0f06691
irs Sent,263537edb4acf4e8
ences we,67d81d0079a8629c
re encod,37607dbc564c8a26
ed using,295dbfd3c8ae5c8d
 bytepai,aca1543a68c9a21b
r encodi,2b36d2baa5d1faa3
ng  3 wh,b04231af1f0bd375
ich has ,b92dacf5e57cc0e4
a shared,b846954b639078fc
 source ,3d4db726a5b23fca
target v,1eb44b5e94b987bd
ocabular,179c1084b7795af3
y of abo,0b2e78cb4aecd78d
ut 37000,1d11f7acf433b0a5
 tokens ,11cdbc7d1bf17b0b
For Engl,debf958a3aeec371
ishFrenc,4b0c59a2219bbcde
h we use,872810ee0238e13f
d the si,fcb7935abf68414c
gnifican,df599fe87eb1b0f4
tly larg,2a0a3f6e5727f801
er WMT 2,da0033ef2a25ba7a
014 Engl,a8e1d38a9c53f025
ishFrenc,4b0c59a2219bbcde
h datase,64fb04586c7a3468
t consis,85d9cdaf28437358
ting of ,0ab1a31a07ae42df
36M sent,abb5577e9e3f9a99
ences an,aa4c225ff3c9e8ed
d split ,0820c55777d2a848
tokens i,87aa0b64d8d1e8e8
nto a 32,ee6f7542f59e13ce
000 word,ca830fadb3461d96
piece vo,3fda0bf1d3f4c961
cabulary,d67a3af10e284477
  38 Sen,5d803691e6366f8a
tence pa,d77fee60a0f06691
irs were,bae9ff1ebb590b3d
 batched,abf695d460389e1a
 togethe,23c1f56fa96c83e3
r by app,55510299722a04e4
roximate,f7000d999007c60d
 sequenc,d85b4926607b7ed7
e length,e164ca5b00d03ad5
 Each tr,fa479cf30fd2e01a
aining b,49456be210539fb6
atch con,e12d4c463f975971
tained a,30c00ac8527e671b
 set of ,5eaba809569508d2
sentence,05b99653ca0ab6ca
 pairs c,68c4d708f2b4974e
ontainin,0b1b3f29f8790f15
g approx,3597f3d28401e2c8
imately ,a5aea215fd4e8bde
25000 so,5f32e073395b7701
urce tok,b218f841965f2411
ens and ,9d023c20c32a2d12
25000 ta,bc596d599d05a070
rget tok,b50dfe503ef036fa
ens 52 H,be0ef4840460906a
ardware ,8910194a271bc260
and Sche,bfb9607efe53f8b8
dule We ,00f4b59942924210
trained ,ff3f79ede379f1f8
our mode,91c8d474c6a13d3f
ls on on,6ae6870a46465696
e machin,d015ace94642a877
e with 8,2b8a3949995ae806
 NVIDIA ,8622da26c096988f
P100 GPU,ff8a124d2c2bfcab
s For ou,4fdc0d90a0f703b3
r base m,38d365468d31196b
odels us,6f78507d40ddb130
ing the ,0f75003fa3f39101
hyperpar,6da05ce390fac9c6
ameters ,9fcf2cdce9196d29
describe,2a7ed7c6d60b8680
d throug,d526a73c6780d9e6
hout the,85e9c02f8e0d50bc
 paper e,6d244deeb8e9d6f8
ach trai,5ebdadcdb4949221
ning ste,b919d58f88509b7b
p took a,d72538150162f39d
bout 04 ,49604b6479a818e5
seconds ,85409ea365d79802
We train,76d5d5df5edc5d54
ed the b,34c428ed9e433805
ase mode,9fcec3740af8a1a5
ls for a,78dc1290f4ca49a5
 total o,62f2eecd37c4e724
f 100000,4282f6eb221d684e
 steps o,afb8a0b3301599d2
r 12 hou,4722fb2d299d4e2a
rs For o,a45c923ae6116be0
ur big m,bde727dbb178fca0
odelsdes,02ae8263d5b4b9e0
cribed o,9af496f277c98003
n the bo,4b4da335d24224fa
ttom lin,0aa69c3c7e2621ed
e of tab,e652ec454e20f05e
le 3 ste,bb159bdb93c0e4e2
p time w,fc598db83d004df9
as 10 se,3fd78995f44a8a92
conds Th,a1e2193b1907562a
e big mo,10c3a21703360f32
dels wer,5d9e948e8a728bbf
e traine,9be421bdfef6d8a5
d for 30,b6b42f1d48d4a3aa
0000 ste,e7408bd86ab0bb3d
ps 35 da,53d3cd90fd8763e1
ys 53 Op,a1b3a74ac1b70504
timizer ,5e31c7d5403a222d
We used ,8ec985cb1829fa75
the Adam,424b9b1c18547431
 optimiz,d90716c5fb530737
er  20 w,600cb7fe3bc469d2
ith 1 09,71001e82b4a6321b
2 098and,de8faef501054ccb
 109 We ,44b0e9c570e84484
varied t,ef290af7cff3586c
he learn,aee2ccbeb4cbb482
ing rate,97ddfc25a9a2b7e4
 over th,76b3a317d1d6f4c5
e course,348618bbe3204879
 of trai,1fb1a3cdc016a1a5
ning acc,cd8f1f5080a17778
ording t,4b79860e4c919f85
o the fo,c8b83b9552aed5d2
rmula lr,45769d4d0876526e
ate d05 ,5307b93453261483
modelmin,121d062723a8d932
stepnum0,75b100c5c7809b9e
5 step n,5101a3093338d2ee
umwarmup,931ff411a5c78182
 steps15,5a875611c26db5c8
 3 This ,ec975829c2f8ef1c
correspo,5cca3add57db07f8
nds to i,a63545a20bcfc5e4
ncreasin,6cf188991796d6fd
g the le,4cc872d4980db658
arning r,b55222b30df7484e
ate line,faa01e7aae676502
arly for,b150e6a5ba3ee9fc
 the fir,6ffe9bb5010d8a60
st warmu,ba8307906ff134b7
p steps ,8a9afad9bc05f5cb
training,b35dd025116ee845
 steps a,f3423f5f0b4a3add
nd decre,34975240a3495f94
asing it,604de7c4f0946523
 thereaf,1464db183a680b9a
ter prop,557bbfcb0b2ad46f
ortional,d278eb5819f9f838
ly to th,151eaee20557d2d4
e invers,4d3f46995abb96ea
e square,d067196b6e55a872
 root of,b6352d8588a01896
 the ste,f704d38d6db67400
p number,3db603b5d9591713
 We used,6ab6e1820f6d2e29
 warmup ,0ea55bba80d6c7be
steps  4,b727ce0625eae390
000  54 ,bd8c63d7464c7b07
Regulari,2fdc87bd8d01151d
zation W,831f38dd551cff9c
e employ,3b92f8bb829d9631
 three t,8c157a3c3bfee08c
ypes of ,07a8a80e61a69658
regulari,0fdc87bd6ccaa419
zation d,42e44195c3772e89
uring tr,b24798f8a10ab981
aining 7,fdf3c73f7f6467e8
Table 2 ,2e9c747120238b47
The Tran,cc86b9c6df43accc
sformer ,b1f6ca1069cacb23
achieves,8005ed2d09ea1098
 better ,88d5a9fd67462a1b
BLEU sco,e506f2d80ede6a5d
res than,12890dc23f976953
 previou,5a6f8d0433933122
s stateo,48c06d9dc4e5f5f7
ftheart ,f91b519c01ae9f64
models o,1f94648af5d5a16a
n the En,dd20e2f5c6c464b4
glishtoG,bf188c31d67b505d
erman an,e35138b4d0b4ff28
d Englis,d43c5363eea3a2f0
htoFrenc,4a0b5ea2e47938e8
h newste,172e040d869c1184
st2014 t,bb584d2ecc793f8b
ests at ,9b2d24762fd5ddc5
a fracti,3bb9e50c4e3f97ab
on of th,56fc12227e46b674
e traini,44cff54e3684a116
ng cost ,a679ecdf2e754e7f
ModelBLE,ead0fde59b60629a
U Traini,74cfd54e168a2376
ng Cost ,a679ecffc1bb9cb2
FLOPs EN,9a19d044a926d5cd
DE ENFR ,11b8e7ea405e2f2d
ENDE ENF,6dd0fd997a105550
R ByteNe,2b47dfd70ae04de6
t 18 237,183a6dbc32663680
5 DeepAt,67bf16f0dfaa14fc
t  PosUn,488d54bdaf76998f
k 39 392,079d2d62f8b1d27d
 101020 ,f5115e4cb08d156e
GNMT  RL,b0617dea6406158b
 38 246 ,e4b76bde083b9f07
3992 231,f0f6b2c2374fe004
01914102,ef5278f4bdc95381
0 ConvS2,3af038acea2df3dd
S 9 2516,0be5e25051dcda72
 4046 96,04e888710c38e104
10181510,34be8ef9d993bc5a
20 MoE 3,be87f5e00a0ba6ba
2 2603 4,355d13be21939ac5
056 2010,68e2f5d0b3234b4d
19121020,90fa8002352b6110
 DeepAtt,5df1f910423e9a20
  PosUnk,5b01f54db8ce5cf8
 Ensembl,6ea751c5594520b6
e 39 404,2b7e1b707f6b2a09
 801020 ,f5185e4c048be103
GNMT  RL,b0617dea6406158b
 Ensembl,6ea751c5594520b6
e 38 263,20858b09f7b6895a
0 4116 1,2a470caea3d2c8a1
81020111,f5d3e4ec5e28371b
021 Conv,6ce49b1fbcedbc7c
S2S Ense,d92a8d5c55c5d2a8
mble 9 2,6fb9a27c3bad947f
636 4129,1229ed30a491131c
 7710191,a03bebd43cce226e
21021 Tr,854b0a05a303f8ee
ansforme,64283f90e11012f0
r base m,38d365468d31196b
odel 273,30f53b5f5e3d636c
 381 331,fc4c088b89b1e402
018 Tran,a8dfe4c67c1884eb
sformer ,b1f6ca1069cacb23
big 284 ,a3bc27867f1885ef
418 2310,599b9c7c8394203a
19 Resid,952060ad316c720c
ual Drop,cf0b71103828e3c3
out We a,8508982c4e40b3a4
pply dro,3cb5b0fd1b81660b
pout  33,ec76167f478cc7c7
 to the ,466f083f1283c63f
output o,f7875390bb2730ee
f each s,160d99047f1dd9ae
ublayer ,57b764190eda02c5
before i,93c6b153bdc08f09
t is add,b47968a76b5045db
ed to th,1c03aee25da7dc43
e sublay,89d7d7a9d479306c
er input,c3c516d5fef9e607
 and nor,dd68800afe55f09e
malized ,106d1c63dccaf60b
In addit,79f849a2eaee002c
ion we a,315f7e68c349b9c8
pply dro,3cb5b0fd1b81660b
pout to ,1ea4343997abac4e
the sums,29b88761b0b2bd21
 of the ,4674013f0da199b8
embeddin,109603d68ec724f9
gs and t,06c6f5ab6381e484
he posit,9b7f28fa8b220256
ional en,5176e39a8d8a4930
codings ,5ac1c59cd336da37
in both ,fb2e56c2049c0e1a
the enco,c825610fc98c9a70
der and ,9c093d20a59b89bc
decoder ,39b03d65fc2ea670
stacks F,80052f5e2246fe1f
or the b,3ed228edf7014ea8
ase mode,9fcec3740af8a1a5
l we use,832810ee2d7c69cb
 a rate ,19821d841a4ed71f
of Pdrop,4c2d2cccdd2cddeb
 01 Labe,60800772f0d48aeb
l Smooth,8bbec9b74a7d45b0
ing Duri,56f5ec595e32fb9c
ng train,4fd7d5dfea419dda
ing we e,889c1ed5b3d19571
mployed ,79dbc1b62c789879
label sm,080ea4dd7833d0c1
oothing ,4153cf4717349906
of value,a5592156e1cd9a42
 ls 0136,af99864d0fd7139e
 This hu,e29455dfb7fce086
rts perp,5d7af1f7136b4173
lexity a,9895c3bbaba860d0
s the mo,9b0b7e265c3cc473
del lear,18b944a2b75311f1
ns to be,0a5d44dc70139fc3
 more un,0ae1cecf3e850e09
sure but,fec6c892539411dc
 improve,6fde754af527e575
s accura,cbac8fb890e12696
cy and B,b42fcc8b3a6a7f53
LEU scor,380eab0fed301526
e 6 Resu,e68877e9f2fe4673
lts 61 M,9b278bf160ae3c2c
achine T,f665d42e88c3cb1b
ranslati,3f208135dfae5457
on On th,3e761a17dc693c57
e WMT 20,fcf1df08323c2acf
14 Engli,3d1c82662ddd118c
shtoGerm,e84440eb5a611230
an trans,200ce85fc57f3ac3
lation t,5028cf92be1892f7
ask the ,07680c3ff30fec6b
big tran,f184b3dc6f56ed51
sformer ,b1f6ca1069cacb23
model Tr,ca8949b4ce030333
ansforme,64283f90e11012f0
r big in,fcfa7d97ce982fe4
 Table 2,14de2875d04f8184
 outperf,84bb33acf4446aea
orms the,82f4d828925d5c19
 best pr,18e3de0858cc2a5c
eviously,fed790fdaf5cd7d3
 reporte,8d2a7c9bb3255ef7
d models,b334b85f61d909a0
 includi,a60e5373bc2c8e5e
ng ensem,ddc900371dc4391a
bles by ,cf19b1e0491be7f0
more tha,42861224b562f4d3
n 20 BLE,22186cf6ec976380
U establ,2dfde58c44ff069c
ishing a,13b1afe84f731cc2
 new sta,83fa28f7562e00cd
teofthea,6b6c842b668266a0
rt BLEU ,ae71fefd723f766e
score of,ee64e15d6837c328
 284 The,945cecca4a309bb3
 configu,6a3cef050b25b007
ration o,20be21c37df3c9e1
f this m,82d2628dfdb411fc
odel is ,49fb12f64e5150ba
listed i,a26fc22a80d8d15b
n the bo,4b4da335d24224fa
ttom lin,0aa69c3c7e2621ed
e of Tab,795a31453546b4da
le 3 Tra,ed222d6562a34551
ining to,f6a3e8304284563a
ok 35day,4850a76ee676a672
s on 8P1,139ac0649d8fea84
00 GPUs ,db9b705ac4417dc7
Even our,6627d26599b375f3
 base mo,c8496b3d496c2853
del surp,21a3f31ae7fd6248
asses al,401de3881c49daa1
l previo,39297d7e08b551fd
usly pub,0f24ccae80c28ca3
lished m,4ffcc76162cf2572
odels an,a046245687a64a4c
d ensemb,8019a8ce1bf3d594
les at a,ec8c42b0347d5f84
 fractio,295595d2c1cafd61
n of the,83a6da3d4430cc3d
 trainin,440139295b1c0d8b
g cost o,5e3801ac8d34d161
f any of,3c59a29d3232a119
 the com,1d862683e5a31e5c
petitive,48fc221ef42265f8
 models ,aa0d0f81738c4540
On the W,b584afa2fd267434
MT 2014 ,61022d0f79beb366
Englisht,84818293d676cea6
oFrench ,f43725d200c6512a
translat,dee146088c04e612
ion task,f417eab35d182875
 our big,2da5d8588a4a7b38
 model a,1c28e74b99b1d9ff
chieves ,c80b7a6d49448f0b
a BLEU s,835006196e1227c7
core of ,1db7bf185ee7471a
410 outp,2fb38ceaced97a89
erformin,10ec772eb611cef1
g all of,13cdc047c53d9810
 the pre,6a033a32f17199f4
viously ,e59f71e01e5404cd
publishe,d2854106acf4f428
d single,2f7015773390f4c3
 models ,aa0d0f81738c4540
at less ,65055f03a5b287e5
than 14t,94d75905210ca542
he train,49d5d5dfb544d32e
ing cost,e1c8a82aef666878
 of the ,4674013f0da199b8
previous,e77abd7923dbb3f8
 stateof,cd185049b81256bb
theart m,13f13dc4917b1edf
odel The,db0ab192ae73a0b2
 Transfo,36ecfec2ae555347
rmer big,7fa7c858a32956a8
 model t,964517d7f29a8cb4
rained f,82ba596ced74667a
or Engli,635a82668aca59fd
shtoFren,3b3244d797767d11
ch used ,bac485cb20821cfd
dropout ,697ca38c8d9a6a2f
rate Pdr,444db18c2b9f5e66
op 01 in,ee262818f9d85cdf
stead of,a11516766234845f
 03 For ,ff05267717627e70
the base,382fcd7ec6206481
 models ,aa0d0f81738c4540
we used ,aec985cb97cc4cd1
a single,2a70157706862822
 model o,35887a66cd5f71c2
btained ,e93979edb5ee53ef
by avera,cba55221da3205b3
ging the,8aefdb3c0cbc776e
 last 5 ,6c572a338b09c6d6
checkpoi,1097fa7612cbab39
nts whic,2e7183368c19fd81
h were w,3ec9d434597d2176
ritten a,1f4028de95effa00
t 10minu,ed8b8326e66d35d3
te inter,2efe67d73c8bade0
vals For,dcad5ccda2a8f98d
 the big,2dbec54fd0f1ecd9
 models ,aa0d0f81738c4540
we avera,deb95221db9f5f02
ged the ,017e033fd5cd4c38
last 20 ,1c45665eb303d3f5
checkpoi,1097fa7612cbab39
nts We u,a30233e60f23f32d
sed beam,836efd06dddbc6e9
 search ,c4d360bba944435b
with a b,ca2f3e0a66ec564d
eam size,2afc389d88c401f7
 of 4and,8c72b3ca3af57851
 length ,aba4e6068b84a75c
penalty ,35d8e4043aa3ec58
 0638 Th,184f7be3e2f08a20
ese hype,98fb42f5b143b360
rparamet,7ed60f1c88393424
ers were,b6e9ff1e480f719c
 chosen ,f7409c2ad829c37d
after ex,576e7b7393d7de0e
periment,39060ac662cbc86b
ation on,67e1ce0a10e7d6fe
 the dev,95ebacbb435111c6
elopment,2c0f17df072702d9
 set We ,44f2bc88f9b7ec40
set the ,157e133ff413a0fd
maximum ,a0ec3950c2cc5a7f
output l,2cb4d7aaf060a12f
ength du,353fb65b21ff96b2
ring inf,c89640d889d8d003
erence t,6075e5e11e01d210
o input ,b6ff2db645ffe54c
length  ,24e80ef8255c9294
50 but t,ae0e3bb45969f618
erminate,e47202125f3d5e85
 early w,35b7d9336f26e477
hen poss,c7de9c726de1a92b
ible 38 ,a17956f886ffdae1
Table 2 ,2e9c747120238b47
summariz,b3d50eaf5d09ac2e
es our r,f99d6ecba637ce41
esults a,0133db2fb2c89d7c
nd compa,6647af846cef94fb
res our ,4b2cde359ab70eab
translat,dee146088c04e612
ion qual,f0330c86fff48760
ity and ,911836209847dee1
training,b35dd025116ee845
 costs t,22dc2e35b7d5d769
o other ,0ca05b51f707a10c
model ar,ff123f8b4ee13662
chitectu,91424a91a42a531f
res from,c04750b6898c27c2
 the lit,97387edb25cd3770
erature ,072ba2333002be45
We estim,ce38cb0f41304e48
ate the ,076f023f8978c4c0
number o,1c17dbc61f436328
f floati,7b46704ac24e4de3
ng point,cba048fb5626c484
 operati,f99469e7bf06ab80
ons used,258ff782613a4e30
 to trai,1faaaacd60a46a65
n a mode,909dc774f0fc0f06
l by mul,8896486b0fad586a
tiplying,411d3e6ad2f9c10c
 the tra,4c4d87d4685b69f9
ining ti,a6623eb6cf16558a
me the n,4d15f334f43c290d
umber of,16a28bfd7770dcc2
 GPUs us,205b6544e26c8d67
ed and a,8e56af362c4d461d
n estima,6f2dac29a84a4d87
te of th,4df71222f6a4203f
e sustai,d7399a191275da16
ned sing,225cfb860d8c4002
leprecis,3684cb45783db284
ion floa,c2fc08e773738ca9
tingpoin,0025646b2f01b093
t capaci,1c07947ab3d3367d
ty of ea,bb5f3eaa1d5b9d67
ch GPU5 ,73e3f0eb2153993f
62 Model,cf5cd0b3bc60a24d
 Variati,9ca7cbaff821b22f
ons To e,1700a67139bf62c3
valuate ,4f82518305131573
the impo,8a16eb4cd831c0e7
rtance o,f4ed4fbe9670efb7
f differ,16156b1457c62726
ent comp,9bd215faa974a7ad
onents o,ff069fe7ec69c5fc
f the Tr,39aea48e468c64fe
ansforme,64283f90e11012f0
r we var,abf07c1abd695dad
ied our ,502cc9354981e29d
base mod,ebf7dba507ab55c4
el in di,bff55a44c06afe58
fferent ,572d129e40ea6a48
ways mea,5ae4514915fbf09b
suring t,577e900e6230b42b
he chang,3f733a75c17944de
e in per,6146f7ff1b00a81a
formance,4a521e7565e53c49
 on Engl,b8bf898a1e964d35
ishtoGer,13b45dd9deca4a77
man tran,fe8cbadca70a7dea
slation ,5a4b3281f3ffa1df
on the 5,285631587571c564
We used ,8ec985cb1829fa75
values o,fc36ed50a9b6960b
f 28 37 ,89a2fd7dd3af1a0c
60 and 9,4c449b49ecb91b6f
5 TFLOPS,41b98201dcbfc763
 for K80,a56ffbfa1dc99905
 K40 M40,2bd09d6748a1444e
 and P10,b37417817f48a016
0 respec,3c31c27348f3de16
tively 8,444f02750c57cc8a
Table 3 ,a66de204c95e21d5
Variatio,171d0d90974193af
ns on th,3f6b1a3723922c48
e Transf,58f26f5a77e75040
ormer ar,7681208786410200
chitectu,91424a91a42a531f
re Unlis,7cccf85083a47bca
ted valu,b199647cf4dd8c35
es are i,94d0f75d0d57d487
dentical,6ead7c1b0510f5f1
 to thos,06e9273401a2230b
e of the,88a6da3d231b9d15
 base mo,c8496b3d496c2853
del All ,c1e2de12fe425ed4
metrics ,0c7b27e902f0aab0
are on t,5d3bdedb32de7115
he Engli,644d82665e393022
shtoGerm,e84440eb5a611230
an trans,200ce85fc57f3ac3
lation d,54e441954b9ac65b
evelopme,9bc7fb3dbf9fc8b8
nt set n,a378ba991afb97dd
ewstest2,30c4f2b19d114e97
013 List,eaff556604d3b812
ed perpl,405ccf7c5953c127
exities ,7929b0a5badb2549
are perw,770b27b275217ff6
ordpiece,5a406af3c39edf7c
 accordi,9dd855e55cd3b37b
ng to ou,8e4e6aecbe4fe35e
r bytepa,4330502bef3a37c6
ir encod,2c777dbc1d5bbf33
ing and ,910228205d3a74db
should n,4d0ff40edc6155ac
ot be co,ffd30ff5bd9a008c
mpared t,f43819ecbd7147de
o perwor,35809d9ed18a0aef
d perple,80894608a7631971
xities N,55a6317f7f2d7bb9
 d model,d90ad09361fa37a9
 dff h d,d538605772827441
 k dvPdr,22af411b37603302
op lstra,d932d3d3a22e9314
in PPL B,9ea51d9e6088bb9c
LEU para,84c709713abd0b22
ms steps,5e0d2d4143e03821
 dev dev,95fba1a8a178a7e8
 106 bas,99a0be5dc3265b74
e 6 512 ,d0921d68366a4f89
2048 8 6,6f764b03d929aae6
4 64 01 ,4dd1842b3ad9efbd
01 100K ,9243a56b1120223d
492 258 ,ed8023412592e2a9
65 A1 51,b2cf6a5462098257
2 512 52,3deffac0609782e3
9 249 4 ,9263b399ea1f9559
128 128 ,5ef631aeb0885091
500 255 ,68b50408d0bb97dc
16 32 32,c57f819bff81afb0
 491 258,8ebe74340a4b8480
 32 16 1,3a540abf461aec60
6 501 25,ee038e0d14d2bc59
4 B16 51,9df654de6d89a334
6 251 58,ec3604bbdfcd2cd7
 32 501 ,8d2790eb3e4560f4
254 60 C,1f94207f2356aeb1
2 611 23,065579d4f8a26ee0
7 36 4 5,063a1d937e4fdd7a
19 253 5,5abfd6d7216fc726
0 8 488 ,17d7092820738dfd
255 80 2,724119f092c10bb5
56 32 32,c17f819b20fd9f26
 575 245,637ad8b1997aadd6
 28 1024,f51e475990d067cb
 128 128,658e2f87c5d09f97
 466 260,9ec210198b755e4d
 168 102,8424f489d5165b6b
4 512 25,9a3de0f46521abd0
4 53 409,6d7c628e3c2ed3b5
6 475 26,f5d4e99bfaa040bd
2 90 D00,33ec7841eb0299d0
 577 246,8032aa2dc56e3053
 02 495 ,761649c19e303c78
255 00 4,28a8f62a7161d107
67 253 0,ac13db2c65be7f25
2 547 25,869eac51524b731b
7 E posi,d18eeb660614c1bc
tional e,c0bfe3d3e12ae121
mbedding,46567267beda2315
 instead,e39639814cf1fe4c
 of sinu,ecae99e91168e0f2
soids 49,968e4a60faf575e0
2 257 bi,de0328eea32e052a
g 6 1024,b20c4959dcfc8a5e
 4096 16,5dc0f16eecb4f650
 03 300K,4d802d8094bf38fd
 433 264,226d381fb84f1d5d
 213 dev,95adf5edce022e36
elopment,2c0f17df072702d9
 set new,21ad5e098ec2baad
stest201,608b088a4f87a8d6
3 We use,dc2830eee65260af
d beam s,ce14c0c54ab40814
earch as,a6917044706e4540
 describ,84348b45b7c15e34
ed in th,347c1a3180ebdaf0
e previo,30297d7eab1d22e6
us secti,2f1b1f7ba296bc98
on but n,41e53d54828d1075
o checkp,f4d812fdd9429f09
oint ave,7cd56bbdc8caebcb
raging W,b78782e8abdbbb9e
e presen,b2127e1a95c60b9f
t these ,2be7055fe68ce6a0
results ,d39fcab4f47a1d0b
in Table,3b3606fcc8932227
 3 In Ta,1dbffd27f7651470
ble 3 ro,9c534e385951ea6a
ws A we ,20e3f4de6ba54e13
vary the,9be7c7223ba551cd
 number ,7affbd46e9eddf2e
of atten,434af0035db19218
tion hea,9afb248cfbf6dd35
ds and t,05c6f5ab43b651a5
he atten,4449f003d8bc37b7
tion key,2642799afc87990f
 and val,a2e4449fa86164ac
ue dimen,f712a7887eaff764
sions ke,e57dc6662521c4f9
eping th,9ff0bbbdab1cc484
e amount,811c584664bf2a46
 of comp,ded307fa584169df
utation ,5c533281c09f6269
constant,641f7676f6c7deeb
 as desc,a309e2e1f33b50ec
ribed in,e4bdcdea0ba97cbc
 Section,0ff52975bb7aae6b
 322 Whi,a4a8174a3e2d02fa
le singl,d704ff00714eaea6
ehead at,ff153dcbf91391ea
tention ,5d423d813e49f1f6
is 09 BL,1f1f8870ca51cc6e
EU worse,9934e86b13f1454a
 than th,716c5239ea91665f
e best s,9831bba2ad1b82d6
etting q,1760427d9ca5aead
uality a,8191d7bb7955af61
lso drop,4f3863bc36d90164
s off wi,fc59a84299f2dbf2
th too m,6dd4bfb531f18d87
any head,23e8f817538c7f70
s In Tab,6f5a174d406866ce
le 3 row,ebe40f2f6435afde
s B we o,22c2009909a1a21c
bserve t,63106493884b2313
hat redu,a7c40b796d9fc409
cing the,8eefdb3c4caba8cb
 attenti,c19d4ae4e69ddeeb
on key s,68d6bee537889d6c
ize dkhu,65bd38f43795c81e
rts mode,8cc9d574e4c7509d
l qualit,2e6f9cc60a739dba
y This s,6e05d06893a6ea29
uggests ,8a9782aa84c549af
that det,10f29fc6b8e68c89
ermining,a25ddc25ffb41cca
 compati,a690c47d8191b82f
bility i,7c0147419b9940b2
s not ea,0cb0af2b7eb7759d
sy and t,12ccf5ab15fa2eb7
hat a mo,188188d2e0346967
re sophi,593c8b30114f0807
sticated,c9539ce1771352df
 compati,a690c47d8191b82f
bility f,6a9db84e02859f8f
unction ,5c493081ed3536a8
than dot,31ae530f28b45fe4
 product,d7382b3317ace32d
 may be ,f59cd80947ac45d3
benefici,3f3c1b152e296237
al We fu,85c987f7455f93d1
rther ob,c8d9ad464d67f65a
serve in,de4c4a05d9a40ab6
 rows C ,f881f8eaff2d6418
and D th,7756b9df4429dc1f
at as ex,b9adbb008fa4e823
pected b,c4ec908b30c08646
igger mo,5a6ff9e6e022d0d7
dels are,d9861da44cc99562
 better ,88d5a9fd67462a1b
and drop,422568bc7186f521
out is v,8859762f454ecf7d
ery help,db3a967b9d15bacb
ful in a,882cc10170bff4e0
voiding ,5853d24be8807142
overfitt,8b71c8d0e4ea003c
ing In r,3554d787ac07dfae
ow E we ,38e7f4dab2da4938
replace ,a3cb4218c445479f
our sinu,a3b48de97f05f3bd
soidal p,4b0b4e0cf593aaef
ositiona,e6d7732085a1e7f5
l encodi,3536d2ba21d17d0b
ng with ,8ec84e2c375cb762
learned ,e72879f64ed38ada
position,5fc93f7fb6bd7883
al embed,466c9946ef8f2e79
dings  9,1254384cf49dfc9b
 and obs,d06d994dcf3a279a
erve nea,4d06a653f11a392f
rly iden,298db5e505ec2126
tical re,9f601cac6012285d
sults to,c42d59ea368b3758
 the bas,99e5e60e118c5fc7
e model ,cd630adfd4b70969
63 Engli,3a1b8266657e7710
sh Const,311f3902656e137f
ituency ,884249c8021096e0
Parsing ,7e5dc95c421aee01
To evalu,91932039b58c77cf
ate if t,07957e9d119e123d
he Trans,2907e87f905e1a5f
former c,055b354ca055afde
an gener,269a87817a9c47da
alize to,222806f6826b22f9
 other t,6297c0a95746a59c
asks we ,36e3bfececf298e5
performe,75233e902c89e888
d experi,0e6cabe5e0d9e478
ments on,56c233c1b381506e
 English,26306a04f075aa0b
 constit,f67f704976e76d3f
uency pa,bc1661a4d7c390ee
rsing Th,7c62065d1432f135
is task ,fdcab734af8daad6
presents,f1a72f0a3dd3a1eb
 specifi,71caa03ddc706cd8
c challe,d696c2df1faa9b47
nges the,83e1d028d78fc31d
 output ,f9b031ac1e625f75
is subje,60e9e6aa1595ce65
ct to st,e7e43fb98c7b42f1
rong str,ca0f05c84af1448d
uctural ,da8626bc3cbbc234
constrai,5cb1ab9ef5b7d08d
nts and ,96183c208b76266f
is signi,0be544a52d60421e
ficantly,7fbd993ce2fb529a
 longer ,9bd0019e16e705e2
than the,99eed435ca2af7dd
 input F,47a41c22472bb7b7
urthermo,7dcf34974442eea9
re RNN s,6a1c1c113a50e66f
equencet,caa5a63b16caf593
osequenc,975b492607908ab4
e models,b234b85fa61bb147
 have no,32e514595453b19b
t been a,19093ecfafdd4e1b
ble to a,16260a97cf22c558
ttain st,fcc27866202298f0
ateofthe,790c207aa0c767af
art resu,67aca0598d0dff7a
lts in s,584b61e0b81c6f83
malldata,532ca4e202e64be6
 regimes,4a25e03fa958f71b
 37 We t,76a3682dcb512f54
rained a,36c00ac8c6a4a752
 4layer ,02e16419d5970a01
transfor,0ca9496f5e23e1a3
mer with,2d7712c7be0b0253
 dmodel ,88270adfe5c06124
 1024 on,3e43bcb3d25e1097
 the Wal,6a2c49bcf77bef55
l Street,ca4a750a0eb52b71
 Journal,d69a99e20d96acf5
 WSJ por,e50b639c34ac1599
tion of ,0ab1a213294b3107
the Penn,db90e1147ec22557
 Treeban,4b9dd76978dca244
k  25 ab,1af05293aa63390e
out 40K ,2b69034d2816546c
training,b35dd025116ee845
 sentenc,8df5c8345122488c
es We al,c866f377cd7dd858
so train,52dfd5dffaba28db
ed it in,7177850c86791678
 a semis,efa7c80a1d9a29b5
upervise,a32d8cc6a08d4665
d settin,0adf7ab547763875
g using ,491cce5cc140e8d6
the larg,2a0e236e32bb0a9d
er highc,db360ad79e2e9f0a
onfidenc,8a33f8023b862f12
e and Be,9ed36060b13aef6f
rkleyPar,19a7d5510c08c794
ser corp,23fb2d9d53ca73b7
ora from,dd5042b63113eeaa
 with ap,80bd480009ac4d1b
proximat,22c18e21c016b6e0
ely 17M ,cbba84adc927d631
sentence,05b99653ca0ab6ca
s 37 We ,17a1eacb54741a6f
used a v,ece3bbb618491763
ocabular,179c1084b7795af3
y of 16K,eb9cba19de55a7ad
 tokens ,11cdbc7d1bf17b0b
for the ,0074153f4e3ff64a
WSJ only,2971ab124654ab26
 setting,eb4396736bf316f4
 and a v,b9f1b0b667e788e8
ocabular,179c1084b7795af3
y of 32K,f3f123e1bb1e09bf
 tokens ,11cdbc7d1bf17b0b
for the ,0074153f4e3ff64a
semisupe,5bc83b64a4be31c6
rvised s,7e6ba410a398ff8f
etting W,a09291e84baee13f
e perfor,acbc3b8b80920951
med only,134785122865b543
 a small,f905348651c73e43
 number ,7affbd46e9eddf2e
of exper,3b081854a200e6d6
iments t,6bd2242820000610
o select,8235989cd3d0d2ae
 the dro,6cb1b4e1d4b1daba
pout bot,0b2622103c3004ee
h attent,73d7f226e00554ba
ion and ,9103212060b668d9
residual,66e68afb068fa22b
 section,0fd5297560c816cc
 54 lear,5ce91ca2ac08f203
ning rat,385bfc5ff926f8ac
es and b,c2c01b1b3c5ee0ca
eam size,2afc389d88c401f7
 on the ,4674093fba48cef0
Section ,7a42308114dfa14a
22 devel,e43521c103013c48
opment s,a40c45748369c234
et all o,3d69abe6c71cbd2b
ther par,c22780220bf888a5
ameters ,9fcf2cdce9196d29
remained,7dc78ef489f89f1a
 unchang,77637475ec511a81
ed from ,a2c79790a32afb06
the Engl,ecb8828acd125e9a
ishtoGer,13b45dd9deca4a77
man base,2126c67eb5f344d3
 transla,67013d08133f5c82
tion mod,fdffc7aea60ffb3b
el Durin,f646f4a4318f3e21
g infere,9850b44994d0dd17
nce we 9,d2d7ae967ac8e6b2
Table 4 ,8beef580c5f00492
The Tran,cc86b9c6df43accc
sformer ,b1f6ca1069cacb23
generali,53eaab1a8e53ac93
zes well,706882d95ee91f4a
 to Engl,b8a4888a96ad4894
ish cons,1a54ca185cff0f86
tituency,a80e0745d47c861a
 parsing,6c49fed48b58d795
 Results,7a7ccf3a77e266fd
 are on ,63fe9e7f75cae0eb
Section ,7a42308114dfa14a
23 of WS,5f11dc7fd743bbb1
J Parser,dda5b21f652fc0f3
 Trainin,442139292bcd29a7
g WSJ 23,a79fd39a189cac73
 F1 Viny,857051f86031fd97
als  Kai,7c1b69e2da34b8d7
ser el a,4f20fa0f183ce167
l 2014 3,96a75ba8d22b1e88
7 WSJ on,26dfbc1a4084dc87
ly discr,b170101b8f96cd5e
iminativ,d8cbd5a8af7f8a4a
e 883 Pe,eeb12954029fc664
trov et ,0cffdd82093f70f7
al 2006 ,3f19b21db89e3b90
29 WSJ o,8d6754ef9a08a8a2
nly disc,c3691932bb4a93c0
riminati,97944ef080df03ba
ve 904 Z,2afc8f0bcfaa2bd7
hu et al,1538a0d52eb71cc1
 2013 40,3c0d8ff6ceae3872
 WSJ onl,12f6256cffcdd88d
y discri,5a5e3b18cf248adf
minative,55f03816450a6d0f
 904 Dye,316635fdaa5cc06c
r et al ,6573b5c76595df05
2016 8 W,7abf316b24adf5f0
SJ only ,fc5fce8e12ed8d9f
discrimi,6b9fe88611e8a2e4
native 9,ac531f9a6108b5d0
17 Trans,7055e87f87593679
former 4,38eab73e52992a5e
 layers ,dece28d11155c700
WSJ only,2971ab124654ab26
 discrim,488e88661bfcc9e3
inative ,72fec5a0189d942c
913 Zhu ,69514f3e382ed782
et al 20,edfe9a3d644389ac
13 40 se,6f978990b0f24f73
misuperv,7aee45517c4f6ace
ised 913,61af9db6d5b06a0c
 Huang  ,69ae63ec5e0536e1
Harper 2,6fd41c176d3dbda1
009 14 s,43ff88ed25e0536d
emisuper,ede371d1a2779fb4
vised 91,147533ed3690e589
3 McClos,4c7f07667001f2d5
ky et al,1634a0d5e6734822
 2006 26,c3a229f2ca50bd0d
 semisup,4f622d38fdd675df
ervised ,bcded3d7c25a2a41
921 Viny,9c0451f872794fb0
als  Kai,7c1b69e2da34b8d7
ser el a,4f20fa0f183ce167
l 2014 3,96a75ba8d22b1e88
7 semisu,50fa301a4d1b9942
pervised,8b4048b026e95a18
 921 Tra,a17e3f670f3f312d
nsformer,cfe6c1d444f879c3
 4 layer,67ba108b08a31516
s semisu,14fa301abf551a16
pervised,8b4048b026e95a18
 927 Luo,1e265e53b6e9ffda
ng et al,132aa0d5ab5ea3e8
 2015 23,06bb08a2895a3199
 multita,83c733c148f6b885
sk 930 D,6505458f71bb1aac
yer et a,fd148d29e8d6274d
l 2016 8,c9ca6c2ef084ba8e
 generat,3d9dc5b9896edd24
ive 933 ,8894d1242b471b0d
increase,d76e9da5cd914e12
d the ma,edf656d468a081b7
ximum ou,38a243051e35647e
tput len,9ec97dc1a5766260
gth to i,af255ea2df0be96c
nput len,84c97dc171b911ad
gth  300,9bd57becb79f4719
 We used,6ab6e1820f6d2e29
 a beam ,2babb7592488e30f
size of ,0db1b718f85d4968
21and 03,25f8336b4c72ff0c
 for bot,5b2f3816f6679678
h WSJ on,79dfbc1a89b14138
ly and t,0dccf5ab571e959b
he semis,a7a3c80ac2ce11c8
upervise,a32d8cc6a08d4665
d settin,0adf7ab547763875
g Our re,f38bcbfb4eca98a4
sults in,e3bb577fb098c9e1
 Table 4,25cd2fcd6088dfc1
 show th,6e463214ed5ed3bc
at despi,0ee595a4842ae356
te the l,4d95eeba1efa092d
ack of t,6b39e4ff06e51e26
askspeci,bf729145664fc97a
fic tuni,85cbec737a5c7642
ng our m,c2b1167fe3f6f171
odel per,6b02fbfd22d2ad0e
forms su,73490f34e548f3ff
r prisin,14cbe9eff220df29
gly well,6d6188d9b51ddb76
 yieldin,5dee78fd9a4d8b5e
g better,3bdb72e53e384343
 results,7a5ccf3aea00a072
 than al,eda168f085204131
l previo,39297d7e08b551fd
usly rep,4b09b9db0a61254f
orted mo,b577f7644084b53f
dels wit,9cb35fd623cce279
h the ex,7582d26408a3d97e
ception ,4a422381852a3231
of the R,163faee770cea983
ecurrent,a6df420acb2cf4b2
 Neural ,8fab37bc60a422a4
Network ,616871b6ccf71c2e
Grammar ,91022b6fd942ba73
8 In con,b87966408a3bf2a5
trast to,5641490112bf0d78
 RNN seq,c5379a087ea9d258
uencetos,6b81b5ce7852b2de
equence ,019511a4c978a963
models  ,22e208af22367741
37 the T,196d925e4ec194ba
ransform,bfed33366e4cb692
er outpe,29e421341a281a6b
rforms t,02fe06c8e0209f78
he Berke,fd86867333e71570
ley Pars,4eeb93d1a77c4c8f
er 29 ev,ca702803d7cf2c60
en when ,bf14c78a686daca2
training,b35dd025116ee845
 only on,52eeb82cadd5be10
 the WSJ,381d7a68f235f616
 trainin,440139295b1c0d8b
g set of,f167318fcbefd303
 40K sen,6813e97b1fe3e22c
tences 7,0fcaa56f8c4145ed
 Conclus,6cb0951bbaeda95e
ion In t,a33bff649dcffcd5
his work,718e23ac344c90db
 we pres,46ad0edaf278d859
ented th,c9d5a491404dcd00
e Transf,58f26f5a77e75040
ormer th,39aeb817fb6afbdd
e first ,f4e587067ef82cf8
sequence,05b98952b789dc4e
 transdu,414d01757a0f8eb9
ction mo,64f5e6ccf0b1fe5d
del base,2822c47eeba4e32b
d entire,b82579c077026841
ly on at,b8f80c4d3be55dd9
tention ,5d423d813e49f1f6
replacin,7661bd4f54300804
g the re,e6235d0d747e05aa
current ,523e059e2dc259d2
layers m,a29f033eca0fc3e5
ost comm,9308b73cfd801f53
only use,80660bf2e8db9df0
d in enc,dff742cc678e59ef
oderdeco,2157c8746d88a4b1
der arch,436b2139956423df
itecture,8c01bc66beecbb01
s with m,9298153558719888
ultihead,37eaf55e33a7c31e
ed selfa,5deeb97218992935
ttention,5bd229789c9185d4
 For tra,4c7f80c36a02c494
nslation,41d520775f3add43
 tasks t,d68adbbed03bda3e
he Trans,2907e87f905e1a5f
former c,055b354ca055afde
an be tr,b615e50add1c9284
ained si,e4ea5cd3309b1336
gnifican,df599fe87eb1b0f4
tly fast,748890551c6674ee
er than ,6311d4486d6f4eee
architec,c0635edd0ffb2ef9
tures ba,f5d88a2392dad570
sed on r,ca7910f6fd5ddfa7
ecurrent,a6df420acb2cf4b2
 or conv,235f5b4ea63bb3f0
olutiona,e6c86f207b67cdb7
l layers,b1f44ed840bc3bb8
 On both,9e473e4e2554ed5c
 WMT 201,1fb2fe963b6955dd
4 Englis,843c53634bcaff74
htoGerma,04576e9b565ccf93
n and WM,44741d9ed129daf6
T 2014 E,2e75653f85408711
nglishto,301307581f0200fa
French t,327eb8aed865b298
ranslati,3f208135dfae5457
on tasks,f802602fa88781f4
 we achi,139d8f6e071c9436
eve a ne,882bac40cf658292
w state ,4ec34e8247e7f0dd
of the a,c16797288939c201
rt In th,236c1a1187b05e32
e former,c4b5c1d4689ba045
 task ou,6e21e80e03ff2e16
r best m,dea477c16ba0601d
odel out,0a807f96592d5743
performs,da98e33b44a46a6d
 even al,edb076f4557cdac9
l previo,39297d7e08b551fd
usly rep,4b09b9db0a61254f
orted en,d49ddf9615756746
sembles ,9b20bb21beed2bbf
We are e,72c888ffeebf6208
xcited a,3cc20ad2a6ad1c02
bout the,8fe9c02f8a7a0126
 future ,423fb633546360f7
of atten,434af0035db19218
tionbase,382ec7303ae6a080
d models,b334b85f61d909a0
 and pla,dc6ff3a7a9d8daa0
n to app,4951148f49180b94
ly them ,981c743800fe3a26
to other,783c777009e5451c
 tasks W,f41a71804024bba5
e plan t,6dc176057d07bc52
o extend,9a81f12187ac295a
 the Tra,a1336533558aaac0
nsformer,cfe6c1d444f879c3
 to prob,c9666c1c5cc8e27a
lems inv,7274aeb1c1f215d2
olving i,c4f155d6e61583e1
nput and,94768d86d0150793
 output ,f9b031ac1e625f75
modaliti,ad18212aec5f3d20
es other,6920777021e5fa2b
 than te,9e7a43c52952c288
xt and t,19c1f5ab3b7298ab
o invest,da92f2ab8a91aba8
igate lo,324af678671fc525
cal rest,b94908f75b78ad13
ricted a,36c800d214a23da2
ttention,5bd229789c9185d4
 mechani,3869994ca8082feb
sms to e,96eb3dd022cddf19
fficient,829a916472b85702
ly handl,99cc5134c5181889
e large ,d1f670b4b78c3303
inputs a,0d2ede3697deca9e
nd outpu,b6d6233ee0b042ee
ts such ,4a594acc37c4ea8f
as image,37f47dd9978cf920
s audio ,612026338a15e47c
and vide,1f46772f861d25f8
o Making,c84184fe4e212fc5
 generat,3d9dc5b9896edd24
ion less,a7a2628e3524d255
 sequent,da3029f03aa20269
ial is a,02890ed16bef098c
nother r,e452beef30682bb8
esearch ,81d360bb674a720e
goals of,e80672951872416f
 ours Th,e2e2022dd73ed4f3
e code w,9663463600349a8b
e used t,fc680dedd205b0d5
o train ,e6a34023a7592182
and eval,27fa186ad0c7e04e
uate our,5630c36e3e0bd83f
 models ,aa0d0f81738c4540
is avail,2c3d75cec00aa4ec
able at ,9f3c3c60eca86f16
httpsgit,3abbfc3314fb0239
hubcom t,f4b607c7d9bc611b
ensorflo,d65c2cf1d731bab9
wtensor2,2b394f0f2b809acc
tensor  ,48a14c3768cca68f
Acknowle,7557a579348d7bbc
dgements,e5b22f1410d68edd
 We are ,c835181d7c78ba09
grateful,3ffd8a36ef7c751c
 to Nal ,08687103c2587b14
Kalchbre,8326071b2b8906e7
nner and,94689d80163580dc
 Stephan,0628ddc011c7a7ec
 Gouws f,1e2f9469f07b966b
or their,b0294340586ef9d8
 fruitfu,c4957b78bf6d98bb
l commen,86dd0d3766025619
ts corre,5f2ccb630ceece70
ctions a,a0e82233e53ea896
nd inspi,7aa400e56b459702
ration R,9b57e6a218990cbc
eference,13ba9d55cd1f8e92
s 1Jimmy,09e9690750831ab5
 Lei Ba ,0276c27d951c8a91
Jamie Ry,7efc26de3ef84ff7
an Kiros,17ff701b4e110ceb
 and Geo,a6782341eb101621
ffrey E ,3b7949c6fa9f9291
Hinton L,f7fc41034d1f5dcb
ayer nor,9c708b1c1dce9231
malizati,4538814c5883f9e2
on arXiv,c789a610ef478b06
 preprin,25755fd24096665f
t arXiv1,5bf2accda5b8dad0
60706450,87473f39730854d0
  2016 2,c71746efb5f59b1f
Dzmitry ,812a7d52ec3f42fd
Bahdanau,4b7dd42d8d9017a8
 Kyunghy,c264a4517489c9e5
un Cho a,d009cc896eb534aa
nd Yoshu,6e0ef3b3ac799738
a Bengio,856f818d9cc92a59
 Neural ,8fab37bc60a422a4
machine ,d5498a7d7939fb8f
translat,dee146088c04e612
ion by j,dcf0c9301ea28004
ointly l,4bc4e09923cc61c6
earning ,4b5dc9416d86ed99
to align,78b313a291a1cc18
 and tra,4c5881d5792f6eae
nslate C,1288177522d8074a
oRR  abs,e2d1933161c8b821
14090473,8664841fedefee04
 2014 3D,79c0155cd642c86b
enny Bri,b6682ba9d1477ac8
tz Anna ,e35d64b9f6732db2
Goldie M,0d119223d6a26a2d
inhThang,3e787242f74cbd3d
 Luong a,5a8eb2eee38c2adb
nd Quoc ,26466e1f0cbe0090
V  Le Ma,1846cf3dd3fc9ec5
ssive ex,6ed1cf7ac7f781f0
ploratio,3110108bc57ac59c
n of neu,ca51ecd79ad4d57d
ral mach,2691fe28e849c1fb
ine tran,fa83b1dc2e046913
slation ,5a4b3281f3ffa1df
architec,c0635edd0ffb2ef9
tures Co,f3aa460cb1daeb2f
RR  abs1,65ca554b6cb6d0d7
70303906,5178506e12181f1e
 2017 4J,b3344a849dcd9f95
ianpeng ,bf192c8b8e398231
Cheng Li,dde5da2ba2ed81fe
 Dong an,ad38c566d9591cfe
d Mirell,84f1fe815a6bc392
a Lapata,69bd28ba7636a44f
 Long sh,3392dc4c70c1c01e
ortterm ,aed6b8e88759894a
memoryne,aad8f09146b2fab6
tworks f,068d8433e3b58f83
or machi,5c98ca23ae2ddd26
ne readi,31bb19b4df35d99a
ng arXiv,c680a6106108d4e6
 preprin,25755fd24096665f
t arXiv1,5bf2accda5b8dad0
60106733,520422a0d89b2f2d
  2016 1,3a470aaf1026fa86
05Kyungh,8884abb09b41293a
yun Cho ,c85fedd6c117a257
Bart van,c4e961b557225b18
 Merrien,cee44690b25fc9c8
boer Cag,1f4890776ee15cbb
lar Gulc,92d6b0b200c5c2f9
ehre Fet,420fb88e1ebdc73a
hi Bouga,625819dff2697d2f
res Holg,89bf253c6516ff20
er Schwe,7c561bad5cadc9d2
nk and Y,d69ca02e34ba5078
oshua Be,f4c4bc4d02c602ed
ngio Lea,c058b482712f980b
rning ph,53f6cc7695df757d
rase rep,4c1ba6c7eff9bfbd
resentat,c8bdfaa6750bf636
ions usi,dddb28372c7ce888
ng rnn e,df697af6fe1f1d14
ncoderde,3d344fb217303a65
coder fo,6d9f934cce5db34c
r statis,e78eab7195671ced
tical ma,87b6b4b02d6b8e96
chine tr,b413ac06afcd5cbc
anslatio,20120c9597ae7995
n CoRR  ,e3bf5cb50fd09111
abs14061,5efd398c820cfedb
078 2014,7952d2343819dc14
 6Franco,2c8a8b47fc920249
is Choll,462b0a3e19bee9e8
et Xcept,c98764662b88c1aa
ion Deep,e9ff5751b11699d9
 learnin,e137e8fd38cb0f63
g with d,03c9356009af1d15
epthwise,7143d1b93d58610f
 separab,c9e67de315826178
le convo,f94470feb243378f
lutions ,98ceb12c6fcb514f
arXiv pr,9a9c0f36b284e695
eprint a,868cec816cb7517b
rXiv1610,c64fe563b7928d9e
02357  2,8e12486e07674c9c
016 7Jun,758f9f21e306708a
young Ch,b904c36c018d72e2
ung agla,acd4df7af9974015
r Glehre,cd260547bfdb1551
 Kyunghy,c264a4517489c9e5
un Cho a,d009cc896eb534aa
nd Yoshu,6e0ef3b3ac799738
a Bengio,856f818d9cc92a59
 Empiric,a627ea6aa5999ed8
al evalu,a4902039fcc33131
ation of,77f42f59048c9275
 gated r,cc3fd9e850a6263d
ecurrent,a6df420acb2cf4b2
 neural ,8f8b37bce834fbfa
networks,5b84762edf3cca9f
 on sequ,463540c4577a9579
ence mod,ecf8cba54fcf61f8
eling Co,52f4d48ffb059392
RR  abs1,65ca554b6cb6d0d7
4123555 ,d5886ef46c11617a
2014 8Ch,ed7e4da1d7a5f797
ris Dyer,44e76f4e7f4cf651
 Adhigun,e094c1c7babff722
a Kuncor,2aed675192ed32a1
o Miguel,aaf058527acfa3e7
 Ballest,f6708dff6738c3ba
eros and,9f749781e41562fb
 Noah A ,78e35d7c01071e82
Smith Re,0e4e5efccaa5ff04
current ,523e059e2dc259d2
neural n,81a57b08c74b16c3
etwork g,6fc1cb3e0ea112df
rammars ,afea5c289dabfbc6
In Proc ,d3971b2b87efa1c3
of NAACL,e838b097e39600bd
  2016 9,6a6b382c257f05e6
Jonas Ge,3da0852b22070f50
hring Mi,844073c9d9be0b59
chael Au,404d478a973b3dc8
li David,a84e7f028e16be9c
 Grangie,449ddedfd2c031cf
r Denis ,3e230ce59d52672e
Yarats a,3d21dc22941cbafc
nd Yann ,276b1a54d9dc2dd5
N Dauphi,169ccacfedc578fb
n Convol,6af0f756e4e6491c
u tional,c82aeb58721104df
 sequenc,d85b4926607b7ed7
e to seq,8045a02988bb3dce
uence le,5e8d68dfca6343d8
arning a,1bb0a9e801d8a4f7
rXiv pre,382f3b2164f0b6ee
print ar,c90a5abe21f2aa8b
Xiv17050,a36c4bdcbb1d660e
3122v2  ,c3202b81b753d3ea
2017 10 ,33d65f064fad9568
Alex Gra,f779b01bc087c39f
ves Gene,c8c9377bf50253c9
rating s,5f25a127fe214c61
equences,a342f9d75b380011
 with re,14d87a4f3f0546cf
current ,523e059e2dc259d2
neural n,81a57b08c74b16c3
etworks ,106536224a4104da
arXiv pr,9a9c0f36b284e695
eprint a,868cec816cb7517b
rXiv1308,fb8857a9951d9708
0850  20,e0e66cf577121524
13 11 Ka,e52763072cc8f142
iming He,21f587c66911b811
 Xiangyu,05a65166645e3e20
 Zhang S,22ef3e7bd1385cba
haoqing ,465dd45eb8b377f9
Ren and ,aa0921207d0129e4
Jian Sun,38c1210d8c830742
 Deep re,6dc001146341cee6
sidual l,64c219a1b622bd4d
earning ,4b5dc9416d86ed99
for im a,9d7ef3d2e7a5bfa3
ge recog,3a4eebc6726fb141
nition I,bcc1a331119dd5d8
n Procee,6a0ae17a510ad9a4
dings of,eb007d9e7e3c3c57
 the IEE,f402257f965cfb9f
E Confer,3a0949d1fecc3b01
ence on ,26f18f7ff729c9cf
Computer,599e5c878851caa5
 Vision ,09713a8645e9f270
and Patt,7c4b25ec9bab1c66
ern Reco,4e9bc8671043e55c
gnition ,4e493a8121f45a83
 pages 7,5bdfaa6b16a18269
70778 20,dec1a4a0a8b23450
16 12 Se,caff3e8fda868fa2
pp Hochr,b89cb6250ca8d086
eiter Yo,17deaa87a33b2f95
shua Ben,c185f0200c170bd1
gio Paol,8ac1cebca92c7ea2
o Frasco,31cb3e89baa517dc
ni and J,d392bda36c3ea79f
rgen Sch,91d2461c798890b9
midhuber,8495be104dc3082c
 Gradien,9d76859201e3c11e
t flow i,94ba22f14478569c
n recurr,62e022d759af99cf
ent nets,ced41aa8f6f13ab1
 the dif,d3a2b62ffac1bd90
ficulty ,23d4e910782600b5
of learn,a9e1ccbe9e65e7ea
ing long,000aefa76cebc1a6
term dep,315415c3604e0ccf
endencie,451bab656e775b80
s 2001 1,8313e6a990bac4bb
3 Sepp H,a0844f2d1b872c65
ochreite,49dba53c180308e8
r and Jr,28d6c2debedada98
gen Schm,cef5919b1f8e3754
idhuber ,33f5a05e7b3fff4e
Long sho,e4fee7d139a7cb51
rtterm m,6b9f75a50e969b19
emory Ne,facdcfeb9963b7fd
ural com,48802f8a3658d003
putation,5fd33877058482b6
  981735,cc06ee4df01beef7
1780 199,e28ed35f5f1cd5e3
7 14 Zho,2fa7ca8276a63268
ngqiang ,755f300d9351fa0c
Huang an,c509cb662d8959d1
d Mary H,9e8d3c46a317602c
arper Se,423b502fa18e5820
lftraini,4d89f54e579c7e02
ng PCFG ,d33eaf090fe4e517
grammars,1d9ffd45b1352ea2
 with la,1da01e90be061dfa
tent ann,e6a0054daddad9ba
otations,0cfbe381818124eb
 across ,8caf031b1c36e2c1
language,06a38278bec99965
s In Pro,233b01e4075e7d19
ceedings,9a62d9f68390943d
 of the ,4674013f0da199b8
2009 Con,9eb1349dc458a124
ference ,028116a40aa096fd
on Empir,203ab173956955d9
ical Met,205dc7275fcec44b
hods in ,5c7f29873de77653
Natural ,e18426bc7356c073
Language,26a38278014017ee
 Process,6142574b1cc0754a
ing  pag,3cc8a3d0be53731d
es 83284,73c81f75d2f075a4
1 ACL Au,82f86cf5d6d4ccd9
gust 200,50a223394e19a9d3
9 15 Raf,df2abcdf65acc72f
al Jozef,332af85f6dd6c66d
owicz Or,7739ba8723b1564c
iol Viny,cc590cf8934ab3c8
als Mike,ccbbc4129a4d94de
 Schuste,bc5967b1fc02f7b2
r Noam S,a8adc827329d6ffe
hazeer a,a5ee932c28c8c374
nd Yongh,593c9c59e0777457
ui Wu Ex,992a717b6bd3bc73
ploring ,5e50d45df39daa48
the limi,9d7c99c20dc129ea
ts of la,62f0c960135ad3bb
nguage m,47e7c2666e24e998
odeling ,4158de43ae27674b
arXiv pr,9a9c0f36b284e695
eprint a,868cec816cb7517b
rXiv1602,fd2247b8a6200674
02410  2,522fd367e7222707
016 16 u,b50994a28e77c15b
kasz Kai,761669b80061e1eb
ser and ,8b093d2002513a6d
Samy Ben,e18ce83809f2ace9
gio Can ,3afbd194d82679e1
active m,5bdfc4446b4fce37
emory re,82c936dee045aa5c
place at,167cbdb7ff2970e3
tention ,5d423d813e49f1f6
In Advan,87b1d15042660c1f
ces in N,17616bdbd0246d06
eural In,fdd744d26d016901
formatio,27130d943c7a6f58
n Proces,47cd4c74a5dff802
sing Sys,905cad596b5f4712
tems NIP,2c04e334d17ec627
S  2016 ,4b8297135fea0076
17 ukasz,94d46ac135617c83
 Kaiser ,ed15e731649f4400
and Ilya,ae4ebe5d05d3a87c
 Sutskev,d5bdf1ff9b9ebc79
er Neura,7ef8c3517562ee1a
l GPUs l,08459255af241bbd
earn alg,adc6e550c7f0c138
orithms ,88a321f2093d2839
In Inter,13f567f768264148
national,d36beb582e517561
 Confere,df33b2494630615d
nce on L,d1f64a57c97ddb8b
earning ,4b5dc9416d86ed99
Represen,85577e1ac72e8d8f
tations ,80dab12c2470f6ee
ICLR  20,999d1597761f6d5a
16 18 Na,7c2286c5c22205b6
l Kalchb,9586f421f749a6f4
renner L,a7c0a5b8ca254c01
asse Esp,53ee6e884dc2d928
eholt Ka,b2dce9d626f97d84
ren Simo,58b122cc895d7c26
nyan Aar,bba34d3d5576eb66
on van d,66952978fd13eedb
en Oord ,e3806a023729d46f
Alex Gra,f779b01bc087c39f
ves and ,8e093c20f6b667f1
Ko ray K,bdc4eade21e18561
avukcuog,405c730e58ecb7d8
lu Neura,77ffc3510d3fe128
l machin,d915ace9aa9f9a4a
e transl,511538f3c3b427b4
ation in,9f6cce71a42b72c3
 linear ,c758b9f28938432a
time arX,49a6aa6942f2a5e9
iv prepr,fa88e48b058b5646
int arXi,aec50865c466974b
v1610100,f300635a6b731fc7
99v2  20,e9e72ff79e679f94
17 19 Yo,ed881cb404347d5a
on Kim C,dbf8d709ab58b7af
arl Dent,c51f6acdb7043385
on Luong,27c51a3387f7c7d3
 Hoang a,5a8aa8e0ed41a5e3
nd Alexa,d64ae054c89bc15a
nder M R,0aaf034a03f91ee3
ush Stru,2e47db722814db27
ctured a,27d516d4c819f85b
ttention,5bd229789c9185d4
 network,398935f810034ab8
s InInte,06b5379896e97f26
rnationa,fbca7b2005d57439
l Confer,130949d1b7a65ecd
ence on ,26f18f7ff729c9cf
Learning,8b4ad03e441320cd
 Represe,b23db8912bf33545
ntations,0dfbe38119b33711
  2017 2,c239236b4d15702f
0 Dieder,f7e31b6fa3d11a67
ik Kingm,b4a411e00325f230
a and Ji,1beb79f4a3c18084
mmy Ba A,bfc953f8c4252626
dam A me,e0ccc4f9a67536da
thod for,a44ae5b875ec18cd
 stochas,2b659be24536dce8
tic opti,e7c8153f38d0f8b0
mization,42cf3677163cd05a
 In ICLR,c72684a3b734717c
  2015 2,71b9c3dfe1cec269
1 Oleksi,adf7ab25b9b3b20b
i Kuchai,dab3c6e3c22d860e
ev and B,b220cc8b782e7474
oris Gin,b62ca39fd6e2f1fe
sburg Fa,af4d292caf2ef61d
ctorizat,64f997e397803639
ion tric,65c3e6d541d669d9
ks for L,d6072e64536a6a59
STM netw,bfc39c9b62954692
orks arX,52bdac7f1c827bc0
iv prepr,fa88e48b058b5646
int arXi,aec50865c466974b
v1703107,823eedc3d5889461
22  2017,376130b959a863da
 22 Zhou,8a6b7ea99eb80577
han Lin ,b1a52f449564d41f
Minwei F,4faf32239d45cb25
eng Cice,59682f19b8eaec49
ro Nogue,8666c844664d7fef
ira dos ,342561e036cf682f
Santos M,3f3b2f06edf17eed
o Yu Bin,bdad1e26a7f60d81
g Xiang ,7c18190daa3177b8
Bowen Zh,6755d8b320ae4d7f
ou and Y,d782a02ef378ad18
oshua Be,f4c4bc4d02c602ed
ngio A s,86b41a8028fc73fb
tructure,9107ac66c995e44c
d selfat,dff46411fa9dedba
tentive ,6ff5caa01353f289
sentence,05b99653ca0ab6ca
 embeddi,12fea722d84619f2
ng arXiv,c680a6106108d4e6
 preprin,25755fd24096665f
t arXiv1,5bf2accda5b8dad0
70303130,8503fe021ba6a81f
  2017 2,c239236b4d15702f
3 MinhTh,199281a79cb23168
ang Luon,227b34b3054a65ce
g Quoc V,37388a7626ee1640
  Le Ily,9ef0f1bcef1553b1
a Sutske,e0078053439e593d
ver Orio,eb0fa3a1fd538e40
l Vinyal,83da8681f19312b2
s and Lu,c17b547834c28e28
kasz Kai,761669b80061e1eb
ser Mult,5937b33dbfc4ec0e
itask se,44bc2e8ec602cc5b
quence t,7472e5e18738db8f
o sequen,541bb653d3fa8a0f
ce learn,a5e2ccbe534d7678
ing arXi,aec51b6556e86ef0
v prepri,8b90d45de3eaccb8
nt arXiv,c693a61017f2be0a
15110611,d96a0bf1bb2baa18
4  2015 ,eb097378392f199f
24 MinhT,6bb4c198d5ef6355
hang Luo,567e0203cf25525c
ng Hieu ,632f1f10a3d6e09d
Pham and,aa6e999f2151234f
 Christo,25e8f020484b250d
pher D M,e06468954e60e1b5
anning E,0b6002b99023e01a
ffective,5eff3314dab8edf2
 approac,c09751718e5db212
hes to a,1c2f1c97e67cd6bf
ttention,5bd229789c9185d4
 based n,1976152e5a30e17f
eural ma,96aaa5b07e4e5af5
chine tr,b413ac06afcd5cbc
anslatio,20120c9597ae7995
n arXiv ,2908d0484c24d7cf
preprint,003fe62789f45573
 arXiv15,abb1a65b7cfaf372
0804025 ,073eef4b9b24e354
 2015 11,243cce109cfe231e
25 Mitch,27ebfc60531240af
ell P Ma,2cc0d15a844c0d32
rcus Mar,9b2d5c9cc5a9df82
y Ann Ma,6f12a9f19aa25f78
rcinkiew,7755ce833203d262
icz and ,910f35200fdd2353
Beatrice,8309dac8d3ab4945
 Santori,b20a68fcfcd05c43
ni Build,56d80b307dfdb211
ing a la,7173106c879d6a06
rge anno,eaf449065c45a952
tated co,f9ae6505d39386c9
rpus of ,0ca8b80eb977dff6
english ,5dcb9b966620a1e3
The penn,b8a235bfaab90e79
 treeban,4bbdd7694d98fb69
k Comput,0d496e39fef14b2b
ational ,9d6ede70763f1c64
linguist,9df6913baa918bde
ics  192,52050d211b43c4a6
313330 1,cbd304e492d30b49
993 26 D,67bf8c8c77ac8d3f
avid McC,1d2bebfead28122c
losky Eu,e50f8aeea31e169e
gene Cha,a38613fbaf421b30
rniak an,9d7993332d7b7f25
d Mark J,43f004fe25740fa3
ohnson E,4e4a80481f43d633
ffective,5eff3314dab8edf2
 selftra,9b9681f9892b5696
ining fo,d4f4d2019e17f503
r parsin,bc2c949b7d513a4e
g In Pro,373b01e47fb7be63
ceedings,9a62d9f68390943d
 of the ,4674013f0da199b8
Human La,6c832cb2b7aa1f43
nguage T,9d2880698007b2d0
echnolog,283a967f56c01ec1
y Confer,060949d18cd91638
ence of ,1bb6ae187019c3d7
the NAAC,ef1aaf1173c0eb03
L Main C,3f4b6b4353c4922b
onferenc,4d115781d6b8ac00
e  pages,e5449670c3eb8c4b
 152159 ,40b151f8a295ebc2
ACL June,8e6e451740141c81
 2006 27,1184d4b8701a9237
 Ankur P,fd35af461e923205
arikh Os,a90a5eb2bf603110
car Tcks,d3f7176c57df1e5a
trm Dipa,62a734d8677fc852
njan Das,db0dd9664c835e78
 and Jak,096a90e08ac5d16a
ob Uszko,a00889c8dc8ffdd1
reit A d,6c3483e9a190c53f
ecomposa,7caee57070d60da4
ble atte,cc0e0b35a7455f7e
ntion mo,69f5e6ccba9fc963
del In E,a6cb1b19b1c9d6fa
mpirical,67b87b1dddf2bc84
 Methods,c41912e86181bd4d
 in Natu,105068f3da5479e3
ral Lang,31eef2b1e20f91e0
uage Pro,257a2fef980e425e
cessing ,4d59c85c09e2075f
 2016 28,4978b14c41e2cebc
 Romain ,a9d15b3c623112b7
Paulus C,5a1196582dfc0c4f
aiming X,dbf84ad433bb5fe4
iong and,936996952ab14420
 Richard,6e97e7e5cb266123
 Socher ,43d35b46e5adfaff
A deep r,9bd076de8eebec50
einforce,7048ffa4c03952e2
d model ,cc630adff8a360b6
for abst,666ddd6551e81cb2
ractive ,69f1c7a0867928fc
summariz,b3d50eaf5d09ac2e
ation ar,086fb75d546e53c9
Xiv prep,085de262392d42cc
rint arX,4fa6a978ea2c2a4d
iv170504,60ad4b18a811a580
304  201,0cd587e2356fc8f9
7 29 Sla,2cc6b466b30c0ca0
v Petrov,394aa0359847e68b
 Leon Ba,af70e5bb77c2ff01
rrett Ro,2766eef45e0e6e0c
main Thi,da369c69b2718d71
baux and,98678d8a08219611
 Dan Kle,24eb6308fe97775f
in Learn,afe9cc9e97794eb7
ing accu,d55b624a21a242c9
rate com,4f933a832f6cb271
pact and,8a679b86d2dd3f69
 interpr,842d83a57dabccf9
etable t,ee847026f53c6df0
ree anno,eaf64906c2c462ca
tation I,a6c9a331d3842891
n Procee,6a0ae17a510ad9a4
dings of,eb007d9e7e3c3c57
 the 21s,62c858f839623653
t Intern,7620a2b3ef04a739
ational ,9d6ede70763f1c64
Conferen,1bea69401a7cba34
ce on Co,6d6930f2502c52b0
mputatio,2c0c0a8d772a4b80
nal Ling,bddbfb165170f251
uistics ,147720ef6ae3acb9
and 44th,fa76cc57e1b5de77
 Annual ,5e1969e0e65aade5
Meeting ,6359de5b76eadf70
of the A,f90fa86ea3db8444
CL  page,0fc1ccd1d452b07b
s 433440,ab458b5b1344c189
 ACL Jul,12ec46dc5057afc3
y 2006 3,884f992992e0f46c
0 Ofir P,fc29a90fa19c6ad1
ress and,88638b8141876dfd
 Lior Wo,c5f04d82b6bdd870
lf Using,205fbff35a69e5c2
 the out,4590729f85275b18
put embe,9d40db7348f129eb
dding to,fba9e8302fa5c034
 improve,6fde754af527e575
 languag,1d0e3954613d8107
e models,b234b85fa61bb147
 arXiv p,591c9f6ec607d082
reprint ,e3b121994803820b
arXiv160,1d548d8fe179ebd1
805859  ,2f3326b2d4b3082f
2016 31 ,25cf554e80b7db5a
Rico Sen,2fc966c6ad4cb957
nrich Ba,6fee4516b50d12a6
rry Hadd,44009e2259ab7848
ow and A,ca37300988a1bcd5
lexandra,b4bcb417bcc7a3da
 Birch N,7cdb9dfb732a956e
eural ma,96aaa5b07e4e5af5
chine tr,b413ac06afcd5cbc
anslatio,20120c9597ae7995
n of rar,798ff222e4ac61e0
e words ,0ec1a3807e3f4d9e
with sub,107e809de07bc426
word uni,e80bf3ba91240d81
ts arXiv,dc94a6108999f161
 preprin,25755fd24096665f
t arXiv1,5bf2accda5b8dad0
50807909,6f02785adcba68df
  2015 3,b3a78386d4bbd872
2 Noam S,e8adc8270821932a
hazeer A,8c39b3441b46f90f
zalia Mi,6c008a099748adf6
rhoseini,90e17edddff74c00
 Krzyszt,124f9db180899bc1
of Mazia,cc973260a346a2b8
rz Andy ,17c4da1bfebd1db7
Davis Qu,89bf1b319f1c9e78
oc Le Ge,904a22b7b302fc89
offrey H,77116cf2376a4ff2
inton an,ef4d21ba33d041af
d Jeff D,d7d0403de4847281
ean Outr,3a0511cc19e9f726
ageously,fac69cfd91c506a5
 large n,752aea39e160cce2
eural ne,70d64d2bef48d727
tworks T,73ac9346de5a7a66
he spars,22ae8c9b24f3cad1
elygated,df4b8ce5c3352fbe
 mixture,c518b07d8488f827
ofexpert,d6096354420cf143
s layer ,51f56419b6ac8449
arXiv pr,9a9c0f36b284e695
eprint a,868cec816cb7517b
rXiv1701,49f4b4402020215f
06538  2,e331639f1619459c
017 33 N,749a91888d00eb43
itish Sr,6807b63fd1807376
ivastava,b60deb20dd05d9f6
 Geoffre,7d7b431ea9375c7d
y E Hint,c1590af49089b14c
on Alex ,ca4584faf6c7fba2
Krizhevs,e767aa1b7afb469c
ky Ilya ,84cc6712ea0fba35
Sutskeve,474f6d37947c5662
r and Ru,a00d451aba3c252e
slan Sal,b1fa016621463f90
akhutdi ,77838edab0fed481
nov Drop,d4056b1002f0c53b
out a si,5e2e0de4db88510e
mple way,668a9bcb6afa057b
 to prev,a92b537b64d7f930
ent neur,20066760594dff4c
al netwo,b02f6f743b51c63c
rks from,c04950b6e364074d
 overfit,8fec171f2679b4a7
ting Jou,73cbf1c90af4ce28
rnal of ,0cb6ac11000cabf8
Machine ,f5498a7da52fc4a1
Learning,8b4ad03e441320cd
 Researc,e4e287d4fad59853
h  15119,a1fc02879956e1bf
291958 2,91d21a27ca985b61
014 34 S,aefeb8afb6d6d0d9
ainbayar,bfbc4952ff8b2737
 Sukhbaa,02f4eabbf6f10128
tar Arth,b28493229b5b9a91
ur Szlam,0757c1846b56ee59
 Jason W,d9342dc7212e9bbb
eston an,e35021ba7728da6d
d Rob Fe,c3173892fbce7122
rgus End,75e69cfe3c3be78d
toend me,d31846a610cc450d
mory net,232e445aaf2722c2
works In,d790140b025f25db
 C Corte,8d1b39a8a6016505
s N D La,3b9cab4b9e7014e2
wrence D,b2369de886a24fde
 D Lee M,b2f8d3d92a571df4
 Sugiyam,3fe2f44f70dfa93b
a and R ,c4ca3ee6d2add974
Garnett ,6ac1da3c082b05bb
editors ,ff7f1d47634d6de2
Advances,8757fad3ef7d8a6e
 in Neur,e0b8844769488c2f
al Infor,35165bd69ea969ae
mation P,6d317269e48857fd
rocessin,17fa56acc5e327b2
g System,663ad8b9c781f32a
s 28  pa,52fb83bb1f86f2c4
ges 2440,cb0e76602a219d91
2448 Cur,15940899e8eba837
ran Asso,19d162341983633c
ciates I,14d3126b7c968ab7
nc 2015 ,b14a737862ab670c
35 Ilya ,dc8067126cceb1af
Sutskeve,474f6d37947c5662
r Oriol ,84a1f991026a7792
Vinyals ,ccefac8bea57a1aa
and Quoc,c3484a5d3079e20a
 VV Le S,5373515bd2d8e1ff
equence ,019511a4c978a963
to seque,60b1f47cc12e69bb
nce lear,12bf4da29d05e51f
ning wit,96bf5dc2c0fc90d1
h neural,fdafd5a2a98aa981
 network,398935f810034ab8
s In Adv,66b17ce4408a307b
ances in,f1a0586eeb503da0
 Neural ,8fab37bc60a422a4
Informat,9f8d160dd88495f6
ion Proc,ff3d8e08fa94c6f5
essing S,67c6257354db7381
ystems  ,68e4c4f9596ee196
pages 31,b8511befe6144a5a
043112 2,e400cfc98a19401c
014 36 C,79078027ff9401ae
hristian,9d8dcbb027ef473d
 Szegedy,b6264b1161164c5d
 Vincent,7d4f1064daca6fa2
 Vanhouc,20c1887869e8659b
ke Serge,e8c86938ca88ae65
y Ioffe ,f257e6f0d97d314f
Jonathon,d3258dacfcd9da80
 Shlens ,11eabb7a46485f28
and Zbig,fb5f62bac883a355
niew Woj,ecde4e7262e547f6
na Rethi,07551f2f4bfff542
nking th,94ebbbbd0a4ae627
e incept,c9d32d505290be8b
ion arch,4e613d398170de41
itecture,8c01bc66beecbb01
 for com,1d942194bbf314ef
puter vi,488630c313fa2ff2
sion CoR,6be6ab91d55c8d55
R  abs15,1cb39ca3c83c2cb5
1200567 ,03a8320b5f9c32e3
2015 37 ,ddb2fe706274e283
Vinyals ,ccefac8bea57a1aa
 Kaiser ,ed15e731649f4400
Koo Petr,54a39bde88aacaa7
ov Sutsk,7fca185b9b5ed967
ever and,9f709d80862d69a6
 Hinton ,503a90e6c801ebe1
Grammar ,91022b6fd942ba73
as a for,b151aabdd3f1841b
eign lan,e7217bcbec5458ff
guage In,bb68956e15a0fd24
 Advance,0c7c086eb039b2b5
s in Neu,d491129f906e9d0e
ral Info,ba58fc11c5d7ad37
rmation ,5b4a32818f41d101
Processi,ec539e14a785ee28
ng Syste,63ca548c4bcaeed6
ms  2015,c32e055b85949170
 38 Yong,cc076864c7b7bfac
hui Wu M,3ac563035b4cf735
ike Schu,5c75c05e93004724
ster Zhi,3678d9505724999f
feng Che,dbdbeca2eb0657e5
n Quoc V,3e388a76a2456ce8
 Le Moha,e76b18edf1182ba5
mmad Nor,d25f81ed9f2d79cb
ouzi Wol,b00216582f5d45cd
fgang Ma,073c4b79c3016640
cherey M,696d2a156c058686
axim Kri,e610936d8fe34f25
kun Yuan,7f2b8ddf298ec562
 Cao Qin,9a4ef41eff47b049
 Gao Kla,b22f66f25eae601e
us Mache,b6a88c9827777d86
rey et a,f6148629ad5ad6ba
l Google,1a7d20550f335be3
s neural,e6afd5a28971495c
 machine,9cf6aa39fff9cfbb
 transla,67013d08133f5c82
tion sys,92395375f864b2b2
tem Brid,36c580d25af51b09
ging the,8aefdb3c0cbc776e
 gap bet,1cccf05a4613ff65
ween hum,4e4dbbdbe012ab07
an and m,9a2d5a47910ab78b
achine t,a59f56715dc45952
ranslati,3f208135dfae5457
on arXiv,c789a610ef478b06
 preprin,25755fd24096665f
t arXiv1,5bf2accda5b8dad0
60908144,693fcc803769d284
  2016 3,6b6451d4822374f8
9 Jie Zh,bcbe616742aec17e
ou Ying ,41499b7654aedf43
Cao Xugu,9347bd7724160de6
ang Wang,68ec92542a4b5b96
 Peng Li,beddda2b84e62c7e
 and Wei,f969be7100875388
 Xu Deep,a0c84c51b39317c6
 recurre,67c24af6b010a585
nt model,971ad0930c9b10d0
s with f,f904c8aba60987b4
astforwa,11cb57a9bbede7b2
rd conne,0335aa0a7a614ad8
ctions f,5d536c349a3cf2cb
or neura,74f8c371773a3385
l machin,d915ace9aa9f9a4a
e transl,511538f3c3b427b4
ation Co,6f7879f2ae1725ea
RR  abs1,65ca554b6cb6d0d7
60604199,a10d84df686c7aef
 2016 40,a68a33eb8216bed9
 Muhua Z,d08646b5ecb5cf8d
hu Yue Z,e08eecd326395422
hang Wen,b702d9a086aa80d3
liang Ch,ac02d76c2a01f9c3
en Min Z,2ec111add948b2e5
hang and,92679695979967a4
 Jingbo ,50340d825138f753
Zhu Fast,d7450489b9ebc373
 and acc,83871f534a3a71e1
urate sh,b97cdc56c378ac59
iftreduc,81c9af4ace82d06a
e consti,39571ac05d8c4447
tuent pa,3d8f1e4804ab3cb5
rsing In,649e5d55faddfdc8
 Proceed,5f288ae78c766d64
ings of ,17b6aa0eba83a5fd
the 51st,acaacf532853f164
 Annual ,5e1969e0e65aade5
Meeting ,6359de5b76eadf70
of the A,f90fa86ea3db8444
CL Volum,1cf8b80b4de80b4b
e 1 Long,1cc526df9a4f6a0e
 Papers ,def228d84be6ad52
 pages 4,27b34f765f136096
34443 AC,4d0e1e81edc7810b
L August,40e7dcb9efdea52b
 2013 12,ff2921132460eab0
Attentio,33e70993efdddff6
n Visual,f6bcbad0ecd262ed
izations,0af5e381f48377c8
 InputIn,d52507458cdc967e
put Laye,6a36c6995514ca71
r5 It is,01afcd5204d250ee
 in this,f3708f204f91a1ec
 spirit ,ae09411ab8c82443
that a m,c2bf1697f3d4973b
ajority ,ab92214bd80d4d43
of Ameri,b356b4862cb9c36d
can gove,918defcd79f44909
rnments ,76a0d91adae1618c
have pas,4a01bc4b15bed2c6
sed new ,52a9a4c5c04ed4c9
laws sin,74129105341ff3a7
ce 2009 ,bc80dd74584360d0
making t,496a890e0a7f41f3
he regis,4c9e3226c1228c4b
tration ,5d55328151fdd178
or votin,58b36f9dbabce9db
g proces,4ecd6c744c932e55
s more d,b681acc3b1bd8b57
ifficult,b6edc5c18c474af8
  EOS pa,99fc1216da94485b
d pad pa,9735455dca28099f
d pad pa,9735455dca28099f
d pad It,c46eda63ee8f3a28
 is in t,e4e601e68e7cd98e
his spir,e07fcfe4c52942a9
it that ,3501b5d6f9b7484e
a majori,bc9a0135810a9a08
ty of Am,e09c29d3a5f3fd70
erican g,5a925e1dac3847cc
overnmen,2d1e8c31bc0d8666
ts have ,5b7e392821672d0e
passed n,4975072e951a776a
ew laws ,978db6588cfb5a44
since 20,371df3a448e86b4b
09 makin,14b3dfb4e06682d3
g the re,e6235d0d747e05aa
gistrati,be926af678de2ad6
on or vo,e25512f19b1f278e
ting pro,67c65d19aaee82a3
cess mor,82aac6382d16e9c5
e diffic,b66df0c323b5516e
ult  EOS,24a3547e49f5f263
 pad pad,13ee71b7aec63cf8
 pad pad,13ee71b7aec63cf8
 pad pad,13ee71b7aec63cf8
 Figure ,421faa20ecc5e028
3 An exa,e933359fe702dc0d
mple of ,13a8a118d19221dd
the atte,da0a0b35d1512333
ntion me,ac2554018f93b43b
chanism ,c1791ee68f10d286
followin,0748d06953676255
g longdi,04480e6e1945de95
stance d,177de847620e3e54
ependenc,802dfb05fc5877ef
ies in t,adea01e61d3b3cda
he encod,2d607dbc044e80a4
er selfa,5df8b972729b4425
ttention,5bd229789c9185d4
 in laye,67079ab85cd8a53b
r 5 of 6,28558a8d71d1e576
 Many of,7a34a29dd6bdf5fc
 the att,5a08bda0edb0a266
ention h,66d638ab4c9175ab
eads att,1f1db1b6934af666
end to a,11240b97ed4db03a
 distant,2714717664812787
 depende,fee01c03fde365b6
ncy of t,6439f6ffa543e918
he verb ,99df470cfaa04d46
making c,2f37ececa8a937f6
ompletin,5484a9a4126ad076
g the ph,2e6de435ec5cfae0
rase mak,6f97343b3298892c
ingmore ,e4d8ef2cbbd52fe7
difficul,10815fd9f8e94e29
t Attent,6fd7d2269a5d7085
ions her,227b3049e7289ccd
e shown ,86f96f8abdead729
only for,bf4ce6a560614d76
 the wor,80a2521ab0d91256
d making,c341a4fea9d4c779
 Differe,df34b441096c24b2
nt color,e47198ce62a321fc
s repres,15fa199fa1f571f3
ent diff,058712829d6a3437
erent he,539dd563cc6c7dad
ads Best,4164beae0283ed11
 viewed ,81969bb5e1469288
in color,e36b98ceadc3f014
 13Input,868605f54d4b5703
Input La,e9477c39fb91d98e
yer5 The,cd0ba6cb0d6e9f32
 Law wil,3664b1286a940c40
l never ,613cab1c60582b1c
be perfe,536cab55f36cfdb8
ct  but ,353a7c5737af37b5
its appl,5bff3966cbc2d6b4
ication ,40443281c282bfb9
should b,7633b2bcd32aef33
e just  ,074d1571d48ac746
this is ,52f71ee9cfebb918
what we ,20f8b5eba58c8b76
are miss,564d036ef112a8cf
ing  in ,5d7e2ad450ad86c9
my opini,464632a20249c513
on  EOS ,97e535cecd495db5
pad The ,54ba2fb3d360875f
Law will,ee6977837f5afc7f
 never b,bb66573c0477fcaf
e perfec,258af9b98c943e63
t  but i,d4de0525a51fe0a9
ts appli,269a0160e5bf263d
cation s,27257826e6bf9438
hould be,2d07000f9b8ffd48
 just  t,7c08b057f3dfceca
his is w,c2314643d7e9fdbe
hat we a,3051646860b878a7
re missi,3a5dfe69cede28ce
ng  in m,1d3781260887ef45
y opinio,080e3b9f4ea76f06
n  EOS p,141419fcbf93dea4
ad Input,c7d316f57f5cc7ce
Input La,e9477c39fb91d98e
yer5 The,cd0ba6cb0d6e9f32
 Law wil,3664b1286a940c40
l never ,613cab1c60582b1c
be perfe,536cab55f36cfdb8
ct  but ,353a7c5737af37b5
its appl,5bff3966cbc2d6b4
ication ,40443281c282bfb9
should b,7633b2bcd32aef33
e just  ,074d1571d48ac746
this is ,52f71ee9cfebb918
what we ,20f8b5eba58c8b76
are miss,564d036ef112a8cf
ing  in ,5d7e2ad450ad86c9
my opini,464632a20249c513
on  EOS ,97e535cecd495db5
pad The ,54ba2fb3d360875f
Law will,ee6977837f5afc7f
 never b,bb66573c0477fcaf
e perfec,258af9b98c943e63
t  but i,d4de0525a51fe0a9
ts appli,269a0160e5bf263d
cation s,27257826e6bf9438
hould be,2d07000f9b8ffd48
 just  t,7c08b057f3dfceca
his is w,c2314643d7e9fdbe
hat we a,3051646860b878a7
re missi,3a5dfe69cede28ce
ng  in m,1d3781260887ef45
y opinio,080e3b9f4ea76f06
n  EOS p,141419fcbf93dea4
adFigure,f333b8d9dd460bc0
 4 Two a,4789510ae02cd072
ttention,5bd229789c9185d4
 heads a,3e12616f0b6d86bb
lso in l,f1bddd0b0c870274
ayer 5 o,c4808b07c5aaf395
f 6 appa,8da36de04b9863db
rently i,efaa4c590f9c91b0
nvolved ,a8433f64c11ad596
in anaph,f7b0494582ee8094
ora reso,30a6a18941aee1e2
lution T,beb5016f4abca942
op Full ,d34e0d0d1b1746f2
attentio,13e7099318e6f80b
ns for h,8269d225a5b44ed2
ead 5 Bo,98126f01425de5c9
ttom Iso,062e9aaf8bee2caf
lated at,f61c2ccf9dba68a6
tentions,17eaec81d2e5a6fa
 from ju,bb77347d3a1ac08e
st the w,347a151e0b6c1725
ord its ,e2c99cf4539427da
for atte,c80d1c35ae75b93e
ntion he,89229c02e5a3daf5
ads 5 an,59109e1bb0c18872
d 6 Note,745c539c9d3e0ad8
 that th,f2024cd95d1e767f
e attent,7ed7f22616e3a62a
ions are,d48c1fa4e0d424d5
 very sh,fb05e122699923a9
arp for ,bd69a5fc026bece5
this wor,d4be530cea299456
d 14Inpu,a769f3cbfdbacb52
tInput L,898386b12f91e523
ayer5 Th,f0bfe72a06c4352e
e Law wi,63f91991d897566a
ll never,4fad403be71bd47e
 be perf,84b623f81810a6a0
ect  but,e8d0ced739c39664
 its app,07181493fe1c68cb
lication,43cf2f77f4bd4b26
 should ,a723a23bfb1a5a0c
be just ,bb4c4ce8157a4c63
 this is,77f25b665cb46f31
 what we,b04d67c6d677718a
 are mis,a4bd366a6e75c2f4
sing  in,c2a2de5a16a2e0c8
 my opin,e129d2903e424a82
ion  EOS,38a04e7e4eb087da
 pad The,941eb59af76e255c
 Law wil,3664b1286a940c40
l never ,613cab1c60582b1c
be perfe,536cab55f36cfdb8
ct  but ,353a7c5737af37b5
its appl,5bff3966cbc2d6b4
ication ,40443281c282bfb9
should b,7633b2bcd32aef33
e just  ,074d1571d48ac746
this is ,52f71ee9cfebb918
what we ,20f8b5eba58c8b76
are miss,564d036ef112a8cf
ing  in ,5d7e2ad450ad86c9
my opini,464632a20249c513
on  EOS ,97e535cecd495db5
pad Inpu,b328a6dff975c089
tInput L,898386b12f91e523
ayer5 Th,f0bfe72a06c4352e
e Law wi,63f91991d897566a
ll never,4fad403be71bd47e
 be perf,84b623f81810a6a0
ect  but,e8d0ced739c39664
 its app,07181493fe1c68cb
lication,43cf2f77f4bd4b26
 should ,a723a23bfb1a5a0c
be just ,bb4c4ce8157a4c63
 this is,77f25b665cb46f31
 what we,b04d67c6d677718a
 are mis,a4bd366a6e75c2f4
sing  in,c2a2de5a16a2e0c8
 my opin,e129d2903e424a82
ion  EOS,38a04e7e4eb087da
 pad The,941eb59af76e255c
 Law wil,3664b1286a940c40
l never ,613cab1c60582b1c
be perfe,536cab55f36cfdb8
ct  but ,353a7c5737af37b5
its appl,5bff3966cbc2d6b4
ication ,40443281c282bfb9
should b,7633b2bcd32aef33
e just  ,074d1571d48ac746
this is ,52f71ee9cfebb918
what we ,20f8b5eba58c8b76
are miss,564d036ef112a8cf
ing  in ,5d7e2ad450ad86c9
my opini,464632a20249c513
on  EOS ,97e535cecd495db5
padFigur,c6eaeb695be303b5
e 5 Many,9f7fa0a47f8da38f
 of the ,4674013f0da199b8
attentio,13e7099318e6f80b
n heads ,56cbf57197dc95c1
exhibit ,627aebf927f81b78
behaviou,187a9700d09a8996
r that s,212dcb70cd2072f7
eems rel,94aacc37006a3ff8
ated to ,0fbf2429f79b1aba
the stru,65383068ee5de513
cture of,fe73fb5d2fbe910a
 the sen,6853b1552a9fc1ea
tence We,9f5dbe186088cb02
 give tw,8bf85d2b49b489ac
o such e,d652434f16bda4c0
xamples ,9024bb33d53f271a
above fr,56467903d9750a6c
om two d,52ac2533de99a3ce
ifferent,aada511d93ef5314
 heads f,11d621787204f6d2
rom the ,14740a3fca71659e
encoder ,38bb3d65fbb3f510
selfatte,dd0702738f607a32
ntion at,baf5454d786e3608
 layer 5,27bb47a8f8f748d3
 of 6 Th,3df9a128e595d7d7
e heads ,5dcbf571ce759f13
clearly ,5872937860840dd7
learned ,e72879f64ed38ada
to perfo,2abac1d16c0f6b60
rm diffe,f2ec70ca6d1debe0
rent tas,588509ef7fcaf68f
ks 15   ,0a7c2bc70ef8e5d5
