Plaintext,Ciphertext
aaaaaaaa,0148bc6e0e369699
bbbbbbbb,bf3c0413f339bfa7
cccccccc,d5273ea8d76de8b2
dddddddd,65d0c21d181e450e
eeeeeeee,a8c29ecc8cde46ea
ffffffff,81d446d8479835bc
gggggggg,4d7748f8baea224e
hhhhhhhh,ae25040c0c744c97
iiiiiiii,169479aed2cfea76
jjjjjjjj,42daf4f766bde7fc
kkkkkkkk,7c85ce3ab6976fef
llllllll,948c8c38affa5612
mmmmmmmm,60f84e6b6bd54fc7
nnnnnnnn,813b11c395d2f7d0
oooooooo,429f50f64f08ccb9
pppppppp,08439c097e4cc97f
qqqqqqqq,03f1be376086dfbe
rrrrrrrr,864fc24ba01d219b
ssssssss,99974112c4904b8a
tttttttt,9a0d2bcda657a3f2
uuuuuuuu,4b0efc011e194e25
vvvvvvvv,d0c9142c69e22e72
wwwwwwww,aede5820ddac0fee
xxxxxxxx,1d24835864535dd0
yyyyyyyy,73de1b3e50df73d6
zzzzzzzz,82f4bebb33340ca8
00000000,a3fce7c59eec8a19
11111111,f6818d3cb70d2350
22222222,f54f07eed857a77c
33333333,1fb95c74e7648d83
44444444,a3cc0f17f4435439
55555555,6bddc3511e2c106f
66666666,96ac660288d17444
77777777,60bd5bd790804479
88888888,b6be4551ef8f982a
99999999,640946ee984b5f10
Provided,61aae57ed56726ef
 proper ,31ce20636b2aae2c
attribut,c445c58ff4916ddc
ion is p,033fe27521ba71a7
rovided ,477b9fe62bb4ed89
Google h,1431acbd95a4af6a
ereby gr,0cafcbf9869caf8b
ants per,230d74dfa4d2d8f2
mission ,442c34cbe5f0001c
to repro,ea918e88d5585489
duce the,d64dca067bef6f92
 tables ,f1580ddaa05f4a3a
and figu,c4f36f476d5d3f99
res in t,e7b4b20a7a224c0d
his pape,1e50d43da97cefd0
r solely,8b30d2fee43a27b1
 for use,90292350ff7c399c
 in jour,5b273a42e7361694
nalistic,5e52756106181ba4
 or scho,85f2a4c1f380e8a5
larly wo,ae911d1f1cf1ddc9
rks Atte,4c735dea031b13ef
ntion Is,1d2c7c9f24c3ebea
 All You,8efc8524662a4c11
 Need As,60253cbeb2c4b665
hish Vas,746bb14b0797f141
wani Goo,2fb3c593a3c36561
gle Brai,a225e11067858816
n avaswa,3a8e96e36286ccf9
nigoogle,2e6bd8f63da3e5e8
comNoam ,111fd280f3f1c54a
Shazeer ,6595e1906d04997a
Google B,8c61a9f06e0d0b90
rain noa,94458f7067ec473c
mgooglec,8be216c3df9a0c80
omNiki P,2498d36af18a7ecf
armar Go,c991346d9e450ec3
ogle Res,bef240b105067ec0
earch ni,dc15ee69de49f718
kipgoogl,b89929390ee757a9
ecomJako,fb8dc26c9c1338d3
b Uszkor,fdbcb11d2a12ea6a
eit Goog,a20d52d4180e022a
le Resea,6e9634a7279049e0
rch uszg,b2a1a50486dfb77d
ooglecom,498288901897d098
 Llion J,f422b1a5d29ce90c
ones Goo,63ba6c52ec623ef2
gle Rese,f7c2b879201dc60f
arch lli,e70eeef082321e08
ongoogle,be7f8d40f3e7528d
comAidan,9a422cd216e8506a
 N Gomez,dab5cb1029fc02c0
  Univer,8460d80d394b92a6
sity of ,9b25c85330ab424f
Toronto ,e892c2351a89bf35
aidancst,1fb594f134347bdb
orontoed,0c5c1e94b1f4552d
uukasz K,ae2032b9811aade0
aiser Go,0fd33ab50470b6f5
ogle Bra,8e08573560cacc5e
in lukas,484fab2d2ad35a2a
zkaiserg,9ef5235d83988ce3
ooglecom,498288901897d098
 Illia P,a5adff5b227f9869
olosukhi,fdf867fa3a2058f4
n  illia,67c6fee84da11950
polosukh,903cf9148eec408d
ingmailc,723cfcd3aa8551c3
om Abstr,e0df31922ac00f4b
act The ,adebaf7a20edddb7
dominant,cbcbf3482460a806
 sequenc,9bec22c44375cda3
e transd,56a47a0b012ffb39
uction m,f3568179b5f8d5d1
odels ar,546608167fb0958a
e based ,b24cf48792f98b67
on compl,2536dc932d15ae45
ex recur,3a9e9f999da86aee
rent or ,247d2ef2679a73de
convolut,5dcea194a8c3aa2b
ional ne,de8b81283a56a367
ural net,e5da9adf1e77a087
works th,5d9b45b5e7025bdf
at inclu,9536f869665825f0
de an en,2cd0c469ccf8b234
coder an,0fa2cf6e7f49ea8c
d a deco,44f7d64ee4767b2f
der The ,66de755247fa6bcd
best per,9ebeaa14ae083119
forming ,61196d9615ccf0ba
models a,2ee32718fe38acb9
lso conn,f387f00aa0ce79a8
ect the ,dd3801bf076b1dc0
encoder ,f20ec47b94405e1f
and deco,55bd3718cad0db3c
der thro,5f2c4fb9d214b4dd
ugh an a,de06ed265bd9d068
ttention,d632f39d81199274
 mechani,19f85f10f8d57477
sm We pr,5a37c760cf445ab4
opose a ,5efa35cfe0cc01f8
new simp,430cf02ac01e1e0e
le netwo,18fb7fc57cb13b66
rk archi,3f4b9aeb382c4adf
tecture ,3f27ccc757f5f935
the Tran,b4911608125a13a7
sformer ,6ec9b65f8a7e351a
based so,c3fc871fe4702c52
lely on ,c23310de88181266
attentio,549a01a8b23483b4
n mechan,201404be244395cf
isms dis,2afb79f4e6a036de
pensing ,8711db37f2bda3ca
with rec,f8d176260e1de3da
urrence ,f7fd16090ec2054f
and conv,34845f913a891bfa
olutions,088354f56f6bcf45
 entirel,865d567374085b2b
y Experi,9236ad0f8cb61581
ments on,a049654864f160cf
 two mac,5ce009f33f0bdce1
hine tra,b375d43f5e5dfcee
nslation,b998feecf2fa0567
 tasks s,7fa41dbdd4a684e6
how thes,3c7d575aad0ec762
e models,7a51c6a247f49f2e
 to be s,2bb53cae75a6e2d3
uperior ,41b0598b6b2de7c1
in quali,1bb85b09ce937e0b
ty while,c54edfe3d234febf
 being m,2d1ae0b113abf081
ore para,73d5c2477e8a1e9b
llelizab,49b6f44e7de6fc3a
le and r,c8da9884f3c6bfe0
equiring,d832f650161a858c
 signifi,36922c282660d75e
cantly l,af052a93b4f8e8de
ess time,7536fe7add377794
 to trai,3d4ca1a64d95be41
n Our mo,d199a2964ba3d9e0
del achi,065203e588ced12a
eves 284,d2166dd264985d10
 BLEU on,be7658281370fdfb
 the WMT,f305b9cddb9ac652
 2014 En,bee98eefc3873d5c
glish to,6ddfb9a625462b7c
German t,4a6ef0d3f97c371c
ranslati,0a58ca6f37e02f17
on task ,bf7da608bd845d0a
improvin,9e0784f253e964fd
g over t,a67f11d725bd3f5a
he exist,3506dc94ae352523
ing best,87831503033fae45
 results,d1ed2ba0b60093ce
 includi,eced828512bcfd79
ng ensem,39e89a6cf2642646
bles by ,ec0e2c86a6171ccc
over 2 B,06797699bfd20b2b
LEU On t,4978b79267c18159
he WMT 2,cc9e274a35a50e83
014 Engl,a99ed301e200dfd6
ishtoFre,2edbfa88a5b9b3cb
nch tran,d7643943bfce234e
slation ,d4579de8bd5abb6f
task our,b1e8c893ea9f9a45
 model e,669abbeddaf9a3a1
stablish,b517128934cbe0f7
es a new,0ad4747a65c4cf26
 singlem,7817d640de93e929
odel sta,93ccb5cc63cf6f51
teofthea,a4e2af9bf7bd8031
rt BLEU ,dcb5c4d58f7685ca
score of,b53879daf64c0911
 418 aft,0d42de1512a878c9
er train,b6d866eff6cd8aef
ing for ,0d81e2e6477ea4bd
35 days ,f23eab845c19845e
on eight,f9e8ed4a60ee935a
 GPUs a ,6af0025320699cca
small fr,ba0e91eff3052375
action o,86a73112795196ae
f the tr,718d84a943cbd189
aining c,9081578b2c026b4f
osts of ,64d8912dbdea6ed8
the best,ea258735c497af30
 models ,cf680de7b6f9886c
from the,15898ef3ed657fb5
 literat,dee68dcc5c85cd28
ure We s,b38ef088ba369f80
how that,2eae4829563d47c1
 the Tra,a993cd8744588023
nsformer,cd4ed0093aa4b616
 general,87292927e1a506ab
izes wel,69adc7efcee5e555
l to oth,e9fda1c91d37ea61
er tasks,b0d3cb2986e08aa0
 by appl,4c9b6b321b5ca42e
ying it ,669499962a7e42a8
successf,09ccc9da4c4ed932
ully to ,e1fc066cad69d3fc
English ,6763f53c65115104
constitu,154a45d745656924
ency par,7ef74d54eeb31fb1
sing bot,11b644444905685e
h with l,9cdaff71b5443dad
arge and,7c1f360e0268fe85
 limited,62172c73f673c99f
 trainin,c9d2eaf0a8baaa07
g data E,b1de41a2338ad68c
qual con,bea3524ca0ec5527
tributio,b68351e4fb6101cc
n Listin,b0cfd7f0427dc3af
g order ,33cd692b4d62a75f
is rando,de44b2681621f415
m Jakob ,c90972fe87dbdffc
proposed,0c95c07d4f29f34d
 replaci,8516fd910f9a8133
ng RNNs ,a59487aac224c545
with sel,ffc3800bb414d009
fattenti,da7a08b562dd1d28
on and s,08da4d880ab1974e
tarted t,b77a575a0bbb067f
he effor,7e8b64d6776c5ad6
t to eva,2531864a60ec8b1d
luate th,b94082d271e3fffc
is idea ,7581532afc3202ad
Ashish w,153d2a8927685a3a
ith Illi,24f01d8194af7244
a design,8590bdfd81c10898
ed and i,ee8b8f1a65fdda8f
mplement,e05cbda6477f9026
ed the f,0f7090d7834d3e5b
irst Tra,83aa2c99d0185901
nsformer,cd4ed0093aa4b616
 models ,cf680de7b6f9886c
and has ,6c679b3cb0d5cc1f
been cru,725e7fe38158583e
cially i,9a49daac64418e91
nvolved ,9794643a45bcb568
in every,52fa93f1218087d8
 aspect ,d08738abf4a911cb
of this ,7da9dd2d78d381cc
work Noa,f79203974ac06db1
m propos,06826f59e700ea0e
ed scale,953fb58de866be57
d dotpro,cd25fb02b6593cac
duct att,3f2247722bd8919a
ention m,e98c8ea9a1e03734
ultihead,1c0c32ab0ff2f780
 attenti,2a613c5538bee95b
on and t,dd73d920011179ac
he param,9cc4fae2cecd7445
eterfree,7a82cf05e0bf5d81
 positio,a918b54ca6df23d0
n repres,7d3e62f341de6250
entation,f03a7949e79d0012
 and bec,b409164956e9ba8f
ame the ,e9b763d62d68297d
other pe,4a16a86f7ba5eca8
rson inv,aae76759f6167a72
olved in,a6dafa0ee36e3f30
 nearly ,7493f301af5f3b5a
every de,a6f15f434f600184
tail Nik,ebce3c584cd838d2
i design,992ccfe7a78a5312
ed imple,f684a352af9d5658
mented t,a6bfdcc3e4ceca03
uned and,17b940bcea912005
 evaluat,21c9ca3e1858e319
ed count,709abd73456f07cf
less mod,8da0fc25f6a0fc36
el varia,d2ea51517ef74f4b
nts in o,549ddc9824d14be0
ur origi,a82e9792daa82fc5
nal code,a1d75c60c4fca3c9
base and,21fa38753f00c403
 tensor2,99a1489540d4c45b
tensor L,f246d367b03df8ed
lion als,51063ff8834cbd9e
o experi,4fb9ce7b0474cb1d
mented w,c760a1938d1c2755
ith nove,8fd78efdc4b8f7bb
l model ,4bff37c78a3bea37
variants,d03e2488e407c85f
 was res,aeccb1b3219608b8
ponsible,9cb63b666114a8e6
 for our,e8292131558d9e39
 initial,0fc5483247ea1d19
 codebas,53d84703fe71dab3
e and ef,f3a28a27e10968ed
ficient ,d5eb2cd0631263ee
inferenc,8ce0a80879c16357
e and vi,a054d5398f3d4135
sualizat,c15d2d552dd210e8
ions Luk,5bd78eafe8ad68bc
asz and ,2b5ea8f5ceb9e796
Aidan sp,55026be94322b9c5
ent coun,074a4ee83585b4be
tless lo,3fb98d264d1da200
ng days ,37d4392249d63d40
designin,68f566f08810d261
g variou,ff2538a866dd2ea3
s parts ,ccfe371672303bb3
of and i,6d15ecba2ba09e66
mplement,e05cbda6477f9026
ing tens,fe7362de2a2d77d3
or2tenso,2cbeac5cdf76f4ba
r replac,6417d8fc3063f71f
ing our ,fea56dd232fd8c22
earlier ,570154b901f4c871
codebase,1770a86d23b16aba
 greatly,6d4f69bf2db00e60
 improvi,c311af70f38f98cb
ng resul,473e9c0b440655a5
ts and m,3e4e83cad1c28b06
assively,97ea5ed7b9d800f5
 acceler,35f4b2d9332566c9
ating ou,be5843f9c60ab99c
r resear,39113c1fc2dc9cf3
ch Work ,8c13eb90956a1c19
performe,834a6f129469a556
d while ,8061b158eae4bce9
at Googl,dc1eac533cf7c7f4
e Brain ,68dc9aa1195f1a76
Work per,ff74d2d8668aafb7
formed w,c371bba752aad69a
hile at ,ec3e77e43bcdabe9
Google R,67402499c28833c5
esearch ,5a43dafaa3cff7b3
31st Con,81ac5be9a257303b
ference ,bae3972cd1f50dcf
on Neura,5f8b256d81f5aa8c
l Inform,652b9720e94dae93
ation Pr,032d1ee4a4b43969
ocessing,ff62ea0a276b337d
 Systems,fa98ca92fe8b1bcc
 NIPS 20,5470a9efb43d74f2
17 Long ,714e85363559cdf2
Beach CA,d81b86dc9b43d255
 USAarXi,ecf75679a46e4dbd
v1706037,0342375038662da2
62v7  cs,0e6d2fbe803d08ee
CL  2 Au,5255a027c28d90ba
g 20231 ,a1f2c2e4ad7afaac
Introduc,fd3cddf44f4c0c48
tion Rec,1854efcd413059fa
urrent n,e225751056ff898d
eural ne,6a304feeefc57c53
tworks l,c034db700ba4168c
ong shor,55f5197ec1602772
tterm me,6c6aa7befae50ed0
mory  13,18c0ecc11c9c50ae
 and gat,3ee9162a98d71d95
ed recur,9eb259e60c4f20ee
rent  7 ,d0cf0486c728d703
neural n,49bfe65facf4c814
etworks ,f4a3c09858b23bed
in parti,a9cd667f9debb65c
cular ha,f04288e6364be0ce
ve been ,e361061857112c11
firmly e,f07bd8426072e160
stablish,b517128934cbe0f7
ed as st,03affe40570fec6c
ate of t,f82be71d52efdf02
he art a,0d9bdc47740a12da
pproache,3388a263734c4cab
s in seq,105e8bde3bd8e4f8
uence mo,550d97d19cc8aa4e
deling a,edaf65f85b1f652a
nd trans,348815858fd77d05
duction ,f159f51a60664cda
problems,a8f6fe44f8aa734d
 such as,be73e218e67b4fe7
 languag,8137251b2ac39d0d
e modeli,c48099afcfdcd33a
ng and m,d7889f959de2d7ca
achine t,de08e3b04a6cf473
ranslati,0a58ca6f37e02f17
on  3525,49ddbf68a7c9e13c
 Numerou,a5c725842203df8d
s effort,37dfdb9cf5e27090
s have s,3c7d1b2920ff1dea
ince con,f442cc435dd321be
tinued t,a6aba829ed296cf1
o push t,863bb51116b141b7
he bound,f4499d6c839b65d0
aries of,c2f5880f2db93929
 recurre,886ce89a821268a5
nt langu,8287dc2d34580fc9
age mode,096e4d8cc20a5e7b
ls and e,06ef5a4f6f6a1462
ncoderde,f52e8debe2ab18e4
coder ar,a49a139839101554
chitectu,02d3fc05738878a5
res 38 2,12892243163e85e8
4 15 Rec,b075d996a8c83ef3
urrent m,9c30734e12210980
odels ty,d066ed2c0940e32b
pically ,c9efcd934830e2ad
factor c,a4044ad683f4c16a
omputati,e02579c620cf4984
on along,8b9b6b075c619346
 the sym,fb257de5a87d1f89
bol posi,4dcf8ecb3c2fa6d9
tions of,e0964027520adf29
 the inp,38d47e90484f319e
ut and o,7294a35b0481e2a4
utput se,cd9162e7d89bf1c2
quences ,95667345b05e79cb
Aligning,a3e6300115148a0a
 the pos,7d5aa0a3b6fecfe0
itions t,2e5b2564b015771d
o steps ,c2bd1e2c65e96122
in compu,4cec11a0a595a986
tation t,dc136fc8697df6cd
ime they,fb4972568c6087f3
 generat,078e82635649e4ce
e a sequ,7b75fff49aa74874
ence of ,5f14096fbceaad0b
hidden s,15cb6a7e3668fb9c
tates ht,26d44cdfebe392ec
 as a fu,f0419050c5562aa2
nction o,0089a2c84348903f
f the pr,2b2e1b44c8a47910
evious h,7addbb7117444cb1
idden st,12eef8f02514bee7
ate ht1a,72ae23a8b3d0363e
nd the i,0f5b1522b2043d45
nput for,c7e4f6a83d419aec
 positio,a918b54ca6df23d0
n t This,a8204ed95ad75e94
 inheren,7313cc38d736ec16
tly sequ,2c3de37bc00c43d0
ential n,72cf4919449493b6
ature pr,b9f2ca15c7320afd
ecludes ,3ee97ff11ef9d482
parallel,87e9541e9fee07c3
ization ,aec0627c2235a4c1
within t,275694aaf4f788e3
raining ,7b5ec7d1ee693cd3
examples,066036abc87c63e2
 which b,a8eda2c7b3dca1c2
ecomes c,aa9410ecb8cd0a7b
ritical ,0ae8b62419c3244c
at longe,0ac69306f11fa7e5
r sequen,61402ebc8b8baf1f
ce lengt,44e2afe6fbe62dfd
hs as me,75c76552511786df
mory con,203be85aa9e303a9
straints,07cdf948f64e3b50
 limit b,03277d4d9570398b
atching ,0bad09ea9facb8c9
across e,d585bbe194367b90
xamples ,fa6ed4bede391e04
Recent w,148c7d51eee083fe
ork has ,f48fce8a41f79fdb
achieved,0ff64549600d42f9
 signifi,36922c282660d75e
cant imp,19a7f3a8293029de
rovement,1c2dfe82ba87d899
s in com,4bfc23ac4c541120
putation,7c1a357ef24d0ea6
al effic,717eb3c8daac798e
iency th,1a49e988dc6a0f2d
rough fa,637746651ba01c35
ctorizat,8f6810240c80e9cf
ion tric,c8ab2fad59aa35f3
ks  21 a,bbdd23ed73e58c61
nd condi,a73f1908ec33b67c
tional c,0ef0bca9d8914d44
omputati,e02579c620cf4984
on  32 w,7ff85f351123db48
hile als,5c91d8aace43db99
o improv,491bf00993053018
ing mode,96fe23f631cfebd5
l perfor,d38e84475e2e0896
mance in,55cbea58b21ab3f3
 case of,c58cc18f996499db
 the lat,dfa98ef3d849f33f
ter The ,dcc9e0eca8f990d8
fundamen,b2452ffa8ec1109b
tal cons,43c2eef00b9cc719
traint o,97eb25f6fc63a7e6
f sequen,e69eb5916887c8d3
tial com,b80f39c93b649bb1
putation,7c1a357ef24d0ea6
 however,5180849872846a23
 remains,9d82ec75cb852a05
 Attenti,53949ed58cdef5a6
on mecha,6886796538d6c9df
nisms ha,d4f4285b50e2c30e
ve becom,a120e5ffcd052871
e an int,33537ff8462c40b1
egral pa,a9e2d34fde275302
rt of co,0bb36f5ae176c019
mpelling,8a94cb2fb107dc90
 sequenc,9bec22c44375cda3
e modeli,c48099afcfdcd33a
ng and t,f10fd2995e099b81
ransduc ,5913375199d79174
tion mod,12540168ea451e6f
els in v,63f82a6a19204db3
arious t,377928c0b0e694ab
asks all,e543ef18b495eb37
owing mo,35d25d5a21f206f7
deling o,0fc3d259adc35530
f depend,2c41bd4cd2dcbc0b
encies w,2923b6391baab465
ithout r,43a305db8122365c
egard to,9aa02d526b93d0ab
 their d,632217c663203e3e
istance ,5c03ceb4f425f45c
in the i,3ab8dcde0dbd98ff
nput or ,a48a6225dc652d12
output s,0fc462b638fa9c90
equences,6673c2354e18697e
  219 In,6cf6919560fdfee4
 all but,84ce449389cd0ea2
 a few c,7c7a612e6b3478f9
ases  27,5f8a0238651cd43f
 however,5180849872846a23
 such at,1c701a92116a4179
tention ,bec8bff240e01117
mechanis,00a2f6cfeaf9c055
ms are u,867b14f2a03effd6
sed in c,7e3f48897e930966
onjuncti,b8dc8e8c9e66d23f
on with ,3f13bc9cbcd9d1da
a recurr,3bc73af0a9e3558e
ent netw,6772d227f264ad6a
ork In t,8cbcfb3814550d5d
his work,85625939ae095a2b
 we prop,fe225c14d2a5f2cd
ose the ,6d27eac81d462d62
Transfor,c1859f198512caf4
mer a mo,1f58ba048dcff87d
del arch,01c609150add38b4
itecture,d7bd1451cc7a6f19
 eschewi,b3b3092ebc4f2680
ng recur,d0466a094a832738
rence an,da8e201eb05d7f71
d instea,fb1c220cc09d0d93
d relyin,ed9a5943ad2e9782
g entire,5a01184c5c85dcd8
ly on an,0f855a3f289aeddf
 attenti,2a613c5538bee95b
on mecha,6886796538d6c9df
nism to ,7f7f023299716e0f
draw glo,adb6d74d407138d1
bal depe,843d3ce6fdeebe0b
ndencies,d7ba09773377df94
 between,8dbec0e7eff19476
 input a,cce2ca70d9147524
nd outpu,4b7d74c0ded098ef
t The Tr,61744b611c9c6581
ansforme,337e97281c95d1bd
r allows,e1405a179767f37d
 for sig,6637a22d118fda61
nificant,769b982e76fac55c
ly more ,2951538ec56f6baa
parallel,87e9541e9fee07c3
ization ,aec0627c2235a4c1
and can ,cfabc437930f3b66
reach a ,6f18e4df311f488b
new stat,02645e4ec3590f95
e of the,519fef2e192e8cba
 art in ,949a478592068f7a
translat,86badb342fe4e9ca
ion qual,e641c1ca20a9035e
ity afte,88e6120a2901c429
r being ,ae057acc2a18d22a
trained ,d8bb12b1b50e3fbf
for as l,e1ea675a856cc6af
ittle as,94aed3605baf54b7
 twelve ,92b2b85661359516
hours on,7f7d7e67c9144ac1
 eight P,abb7ddc1b6d433ca
100 GPUs,8e171f0492e01c53
 2 Backg,5bd4105e7de9742b
round Th,02f7460003d71239
e goal o,f7ba41b347c96e63
f reduci,631e0dd11fd98832
ng seque,d0944154374d756f
ntial co,b0b05d4fd2da239d
mputatio,98249c37d1389ec0
n also f,807b8b0d74d51c08
orms the,bdc7bd1b550da184
 foundat,3d40b7cfc38cbb9f
ion of t,547275afa763bb57
he Exten,24e98c915ae81fec
ded Neur,aeaad6bdc7a169ff
al GPU 1,44355eaff483a414
6 ByteNe,3e8eded913e8d87f
t  18 an,2b5d9eb843a79f74
d ConvS2,0f1279906354cb35
S  9 all,8a594f01a92ff6de
 of whic,addc32150c6e3e53
h use co,960f1503cb2ecc28
nvolutio,039451076306471b
nal neur,9b826810b372cd1a
al netwo,cd8bf77cbfa6111c
rks as b,d8aa23bf46e80a74
asic bui,91a4bb1529c870b8
lding bl,2daac1362869f3ff
ock comp,594c78fe1207d968
uting hi,94a4ac650a8374f6
dden rep,bf67fbee940aeda7
resentat,f2c753f209ee84f9
ions in ,5edf05fca03d0f34
parallel,87e9541e9fee07c3
 for all,ceb23d5c2c884e31
 input a,cce2ca70d9147524
nd outpu,4b7d74c0ded098ef
t positi,8ca68008f7946011
ons In t,83bb8d0484a1f7a0
hese mod,dca876fac2013e9d
els the ,cf2f0e6526d0d4a0
number o,526045a3f12021c9
f operat,f0fc390f42782fb9
ions req,c575aaa771f8a223
uired to,79cc847a9f53c3d3
 relate ,b02a5c431c7fbf1b
signals ,4d2d658e68a5f5ef
from two,6142ec1dd3345716
 arbitra,7f9a107d107ca421
ry input,07c3fd69d5138c3d
 or outp,9fdd32b48e03c63c
ut posit,f27113accc75b43e
ions gro,5888ad4a11fdeb7c
ws in th,2d2745b1a46a3760
e distan,f62c340e6ea79e4d
ce betwe,b2fbf555deebde60
en posit,e60b1e503d8c7f66
ions lin,74eebbfa424661c1
early fo,fe6496db976f1466
r ConvS2,a3c601797abc217e
S and lo,93ee143665eef51f
garithmi,488a3db362441a96
cally fo,6e642c3fdf0f127d
r ByteNe,c53c0fd5f9333242
t This m,4d5a74e810f71fea
akes it ,01411a63bb002dbc
more dif,ffbd3b524946c0b4
ficult t,4121a822bc5a2b28
o learn ,378b7842560e5dcc
dependen,28da3f76732fddbb
cies bet,234970b687256634
ween dis,0d9a9d0bea67688c
tant pos,b27f7d607b1137bf
itions  ,a2408d58a9701505
12 In th,e8373714bddaef73
e Transf,48cf60388107cdd9
ormer th,d257802a4d9045af
is is re,e0628f11776f9d25
duced to,00959914f379e078
 a const,a5853ee95fafb39a
ant numb,5a5f5a1542a79c72
er of op,8f3db373e3836ff9
erations,f3701fc67c8d2a11
 albeit ,0919e74c0bd82f98
at the c,d05aa1ca36a79d19
ost of r,c2bd5e5eb9b85c38
educed e,dbe3238b3b97b503
ffective,571ac4f57e28e6e5
 resolut,32f515cb597f7962
ion due ,9e3ad2853cf17de2
to avera,26590867a734526e
ging att,fe75321dab9a9560
entionwe,05158455bf1a227a
ighted p,00c9bf436672f3c4
ositions,59456cccd2c18ceb
 an effe,16db261750f1dbf9
ct we co,703ab1f8b9755157
unteract,cb879dadc649411c
 with Mu,1cbf8c616809c4ed
ltiHead ,b2902596c5a1bc73
Attentio,6bda02b56237d930
n as des,8eb3fb7bb739a718
cribed i,91977ba26b2b7bf1
n sectio,77730656d94d8b3c
n 32 Sel,614a31793db93e28
fattenti,da7a08b562dd1d28
on somet,b71cc9489b9d24f8
imes cal,42f95edb6452cedd
led intr,70a78febf51cc3e9
aattenti,a1959fb5ab18a5b8
on is an,508dc4f314bf7bb8
 attenti,2a613c5538bee95b
on mecha,6886796538d6c9df
nism rel,f13a05032bbf48bc
ating di,b70dd5bcebfa1094
fferent ,2b3e3189fba65958
position,d12c4d53185a2e7a
s of a s,7d7dc4e15ac2da44
ingle se,48f62fbb7021b99c
quence i,2ada3a288d15bb06
n order ,4c8480b4c94c90e7
to compu,a47a15a167f29b7e
te a rep,4769943fefc49659
resentat,f2c753f209ee84f9
ion of t,547275afa763bb57
he seque,ffe92a6def2fdf88
nce Self,f95a1a5ad7888fd8
attentio,549a01a8b23483b4
n has be,9e64d0b74c046362
en used ,ee50924d28acde2f
successf,09ccc9da4c4ed932
ully in ,75130d3bc669364b
a variet,fd492a0e9aad94e7
y of tas,c381b2104b322a18
ks inclu,7060476936d6bbfc
ding rea,217e4cd9e31f4385
ding com,4abfa7da19f0e584
prehensi,a9741de827fffce5
on abstr,1a98ca5bac71d120
active s,24485de8c3fc3a02
ummariza,8a0f161ea834a2c7
tion tex,7f4484e59452eed0
tual ent,35e15ac2e7862745
ailment ,eefde18c469519ae
and lear,4ee4362dcfb392ca
ning tas,57b704b4e942e91a
kindepen,81d6dc6acc2b3f5b
dent sen,248c4482fc8e0d77
tence re,469ed105998db7b8
presenta,d79ad95b83e07df6
tions 4 ,ccf5830c963f55e0
27 28 22,1f579de9b3a459d5
 Endtoen,e8a9d1e64adb77bb
d memory,305a10ce35249f09
 network,a8c83ed3d8a067cc
s are ba,e5b77de10f94050c
sed on a,3e1323a43eb9c95c
 recurre,886ce89a821268a5
nt atten,2a9eaf0c8710a96e
tion mec,143a83989c8c4cc1
hanism i,b0210236c3ea672e
nstead o,f36564ea8ed534c6
f sequen,e69eb5916887c8d3
ce align,62e9dcb40bfcfb19
ed recur,9eb259e60c4f20ee
rence an,da8e201eb05d7f71
d have b,1a33d09e38290db1
een show,6ce19f55b46871b0
n to per,5c23b9c4b0132b08
form wel,60bfd281e5db149d
l on sim,92aeb4e1cbf257b4
plelangu,588ef10fabffdcc4
age ques,de5252c4bcf565ea
tion ans,a0ceaeb92c5ac1bc
wering a,cc9fed2bdb1d6ad6
nd langu,8af41fca6acadc87
age mode,096e4d8cc20a5e7b
ling tas,f2ee3ab9921203c2
ks 34 To,9bc33bc186d08437
 the bes,dbb93a1d712a03a3
t of our,278567902b0a0767
 knowled,d7a0a9f821422df4
ge howev,28c8d6843c595a87
er the T,fa784c20927d4e63
ransform,8950306042eee614
er is th,0951e6187a1918c3
e first ,4b77e9829a26f4f2
transduc,2aeac00c665d66e6
tion mod,12540168ea451e6f
el relyi,88d2e9b76ba5eb3c
ng entir,bdc62bdd83b7fece
ely on s,a122f41a9bfc712d
elfatten,3236e55e7562c6d9
tion to ,4821eb9037b802e4
compute ,d865ad42999ba25a
represen,5d294d1250df0ca9
tations ,a480faa375e06797
of its i,e976062de8f02ee3
nput and,fa9fd5ef6fbf0c66
 output ,7ef4e9f81371c5ee
without ,e71a52812047e761
using se,567092fe79ae7617
quence a,a9b51e2db7ca3835
ligned R,830f95ffb5bed6eb
NNs or c,cc26dda7bb794042
onvoluti,ec375c620062fd7b
on In th,b898d7905dd2deca
e follow,098ba01fb5ac88a1
ing sect,52b96d83d87e1541
ions we ,89d7c378c6a07595
will des,1e2fe7ac1fea41c1
cribe th,0bc24dc34f67f5fc
e Transf,48cf60388107cdd9
ormer mo,478fe32ab33eae83
tivate s,7cbc1fb15ed21302
elfatten,3236e55e7562c6d9
tion and,e70049ea2483e536
 discuss,2dc2d7cbe4b2f07f
 its adv,679135c4876e89db
antages ,6488a5663ee5cb1d
over mod,889acc28a3719c0c
els such,6f76b372d20d036d
 as 17 1,2fffdc0ab13bc37d
8 and 9 ,3bcc0d9378b96f39
3 Model ,7705f9c2ac86c30b
Architec,0f70666425a3369d
ture Mos,f396f7e154cbfde9
t compet,2aa6e2ced420e5ad
itive ne,06f64a6e82a83796
ural seq,0b260d094e8c8f3a
uence tr,d7b85dddff82287f
ansducti,9ea56a430584c0a6
on model,0c3e9ef1dfe7bfe0
s have a,97492e0780f09af9
n encode,ab1c93e7cd247d45
rdecoder,69755a886bfd1fbd
 structu,65291cc45c915a73
re  5235,2bbf549013924280
 Here th,6acaf8faf70b94b4
e encode,3faba8a0e3e32f1b
r maps a,d8f5013956da30a0
n input ,65e3577d9e1955fd
sequence,3678a68ad50f63bb
 of symb,be042ce2d5fee11a
ol repre,35adc8f68139cbfd
sentatio,ab6753b38d11d8ee
ns x1  x,f0620632e4d43f5b
 nto a s,c88f5687877a3198
equence ,a6c68f905666e694
of conti,3c4905c1411e336c
nuous re,96379eb04e41756e
presenta,d79ad95b83e07df6
tions z ,502917f37d2ae1dd
z1  z n ,e49c0e32c5186dad
Given z ,80dd7aad3ef15881
the deco,2fd49b48ca649ac4
der then,8ad89e2126df3fe2
 generat,078e82635649e4ce
es an ou,c1d385d3efabfe50
tput seq,c6604c52bbfc8e02
uence y1,7dbc26f775f2d42b
  y mof ,4afe461d842a94c2
symbols ,fd2c4253018b6302
one elem,c023a5de0cc7358d
ent at a,e67bd90891bddc58
 time At,e91965a209bbe9c1
 each st,010dcc1713a8afc6
ep the m,0e811d009f67d8ea
odel is ,4ae0b83fd3078c9e
autoregr,02e129d58ce7069b
essive 1,47cc8545352d208c
0 consum,4d61ec17bc3ca9d0
ing the ,3d2826fec7edcdbf
previous,c9ce33cca7276db7
ly gener,2aa75c16166e0647
ated sym,80cda2ae3ccb2b31
bols as ,4694a714ebeed063
addition,b7c718e9b3631d52
al input,a346371d8e8915dd
 when ge,994575a46528f3e1
nerating,3425037a77580e06
 the nex,159c9f2eb2e37f4f
t 2Figur,f67435afe67982b2
e 1 The ,9dfe60bfe4412154
Transfor,c1859f198512caf4
mer  mod,edc34ef2d8bc559f
el archi,0db483b3fae10022
tecture ,3f27ccc757f5f935
The Tran,2b6e776a8f016df3
sformer ,6ec9b65f8a7e351a
follows ,561f848ba566de28
this ove,cfdce0311f1b7ead
rall arc,232aabe03404e0c2
hitectur,c53a0d083686635d
e using ,5debb55e2888bb4d
stacked ,b8ade04eda61c8e6
selfatte,47b9ec92fd258150
ntion an,3bdb1e400d8c1165
d pointw,bb218b03a2c21a62
ise full,d00910f57ec5b7ae
y connec,b257199130cc9a4f
ted laye,5af80f0b5efbe774
rs for b,2b9da4b3f0c5a20b
oth the ,019f945d05062339
encoder ,f20ec47b94405e1f
and deco,55bd3718cad0db3c
der show,6c46dafe2575abd6
n in the,a808dfd533f44f3e
 left an,3a469e560921d32b
d right ,9079b35ab70958f3
halves o,335fc55e49217e5b
f Figure,ee0bce88f002b0d1
 1 respe,cf4eec32177fbc76
ctively ,238d2232d66a36d1
31 Encod,42f30013cc21f0cd
er and D,6585855917f00153
ecoder S,76a0d4c6534eaef7
tacks En,134438a744b2efc7
coder Th,4ab49acb3fdaa124
e encode,3faba8a0e3e32f1b
r is com,66663c9949edf6bb
posed of,400c7b85a3813c52
 a stack,cc26226a5a498571
 of N 6 ,b3e28d6418875bd2
identica,ba9214ca6b38bd9e
l layers,0866320c0ba48cba
 Each la,0866d3231a62fde1
yer has ,aaa8241822ae05ef
two subl,4ec70c1cbef7d047
ayers Th,673497368abcca99
e first ,4b77e9829a26f4f2
is a mul,aa6d5b57d3d52a70
tihead s,0a5612f648e18231
elfatten,3236e55e7562c6d9
tion mec,143a83989c8c4cc1
hanism a,e8cf0c9ce612d5d1
nd the s,29a649bb367bc9f8
econd is,992f26f9756213f3
 a simpl,a0f078c909db359e
e positi,1d228f50555720bd
on wise ,9dc89bb94d2e24b6
fully co,3edfb8cff01c7433
nnected ,12f1ff670641fe62
feedforw,ebb095cdc1915fa3
ard netw,5fbb88094c1103db
ork We e,6064988e1f4f9657
mploy a ,c854dad88f90de65
residual,f75a2f6300b3833b
 connect,781415d16f2059e3
ion  11 ,3c0adab4f03cc154
around e,305c9a46610177ab
ach of t,e71fc9106bd9c113
he two s,16acf6d23dfb7aa6
ublayers,9cc1c8b8b60d52c6
 followe,ceb8dafcea6c8777
d by lay,9847dbaacdb0fa05
er norma,694d030bd3abaa5f
lization,b123b1a886d54534
  1 That,eb3ced1296f719fb
 is the ,28ac30af53fe518f
output o,36486d2aae7cce3b
f each s,6cc5cba3316a71a2
ublayer ,c7f5b605dec79cf1
is Layer,ee59b1df40e9b462
Norm x S,ac1d8c9d9f71feac
ublayer ,c7f5b605dec79cf1
x where ,c925327bf8fed149
Sublayer,0e2b5fecfc0fd2bc
 xis the,f867e7dd77183ddf
 functio,9f90c2ce24c495f1
n implem,1f4221a98fcc2b8a
ented by,2f6cfb8f2316e327
 the sub,550f4c5df04eea2c
layer it,5fc4c0baba349b89
self To ,b878dfe644cd25a2
facilita,77ffaa27daae517b
te these,f8cf95c640362848
 residua,7c65f9f0802fc7c0
l connec,c8ac8cd925a6a4d1
tions al,ae797dd88ca75fd6
l sublay,a96a294b6dc26e19
ers in t,af06612dd6039115
he model,58197348a3d98c4e
 as well,fd50de8ea81d9e82
 as the ,30f1754568dc97a4
embeddin,9f8cab5b650c94cc
g layers,2f500300c45da62a
 produce,6822fc68938cf124
 outputs,b97ef4b984a16a8e
 of dime,d86cf6edcbb857be
nsion dm,7393ffaa1f68a0f1
odel  51,f819670a69677e99
2  Decod,80f07c83cfe08d0b
er The d,cfd65d7381f48c25
ecoder i,a8f7e1c860914e41
s also c,b8067dc1051937eb
omposed ,a34dbcc6b6d3e523
of a sta,dbc64aef67043bd3
ck of N ,af8ef955d584f472
6identic,b35f99f1d80d48b6
al layer,2ff4c6da2f10e9e7
s In add,33dcb0e910f4f3fa
ition to,ca30cec78dfc04b5
 the two,50d5628a2330c1a6
 sublaye,f89e6777ea4b6152
rs in ea,7ecc52ecfed1b5a1
ch encod,883ab8f94ed41355
er layer,10ce803753720e26
 the dec,e1d188808abbb81d
oder ins,9fd9a56fc9ea6843
erts a t,fefd38307c2ba23f
hird sub,ae84cc47756209cd
layer wh,96f2d230c4c2d53c
ich perf,e9f249d3a2b95a48
orms mul,7cb9d11d3c88f237
tihead a,a9572286619444e1
ttention,d632f39d81199274
 over th,14c60fd0fdb8c4d8
e output,636ec55b62e7ea9a
 of the ,cbc6510a2493d347
encoder ,f20ec47b94405e1f
stack Si,1b16f6460baf8155
milar to,e4383ee14cf5c62d
 the enc,564129fcc0996a1f
oder we ,a265393e0ec10869
employ r,db30c3e0f230acf7
esidual ,08e315a94a65d8f9
connecti,36880609627400e4
ons arou,14c52707d58bed67
nd each ,10010a485e321822
of the s,da8e317ff9b778be
ublayers,9cc1c8b8b60d52c6
 followe,ceb8dafcea6c8777
d by lay,9847dbaacdb0fa05
er norma,694d030bd3abaa5f
lization,b123b1a886d54534
 We also,104b4ad6ee2e62a0
 modify ,2bb7b31e31025050
the self,c64f2b707f194669
attentio,549a01a8b23483b4
n sublay,196ad57816635fe7
er in th,69bcad200fa4c314
e decode,aa19ad0cd78dd30f
r stack ,e4a119b4289ac757
to preve,b64744a57f47ae80
nt posit,85bb45df2588c410
ions fro,3841980f7e55d7a9
m attend,e397c91e75dcdef6
ing to s,bc68c5ec40687390
ubsequen,7db1eeef1542a133
t positi,8ca68008f7946011
ons This,3ceaa288150a15a9
 masking,f0a7a601c7edb964
 combine,8ee39be7e27df113
d with f,035b96520926d36b
act that,63de23196a9fcc58
 the out,d1a8019dd4a61c58
put embe,682f261e806995d2
ddings a,8be53e5a64c55105
re offse,4c7f5d92703fb0af
t by one,e48420fbeef34cec
 positio,a918b54ca6df23d0
n ensure,1c171e3208c90672
s that t,5a227d3dfac4b8ba
he predi,37269ad03a4c08df
ctions f,25cca70775324dc2
or posit,235b3153e9039eda
ion ican,f9b675663d8fbabd
 depend ,b6088de0a0febf8b
only on ,cfb4201b3dd4604e
the know,9d91c288cb4f1c70
n output,e1a7067e6b4cc3a1
s at pos,2c73040c71b9b2d5
itions l,9e961c69c5a7deba
ess than,561d163654a0c58f
 i 32 At,0cf7ce6241ef3c23
tention ,bec8bff240e01117
An atten,2f596a0c399910f0
tion fun,b93d4f80d9dea705
ction ca,8b870cbc8eae22d5
n be des,2a4d2385fb535d2f
cribed a,218fefd0d4017e2e
s mappin,ec03771492a4e811
g a quer,3126a8b0e2bd8fb6
y and a ,ac112bfffb223471
set of k,5f7f6276d99a2181
eyvalue ,fa91755ab285d471
pairs to,3f10e68fec93369c
 an outp,48b51b759ca47ff7
ut where,d114b7541aee4d37
 the que,0a77ce6718b37e72
ry keys ,05f6384d31abf8ac
values a,b401c4b3b41409d2
nd outpu,4b7d74c0ded098ef
t are al,aa2661633bbceb72
l vector,94201651c3342c4c
s The ou,0de81cfe389cfd5f
tput is ,752bcdd7afa6d79d
computed,d5cb4c425f193321
 as a we,28e620b45101a8a5
ighted s,8de8c72f8ec9b963
um 3Scal,0ee821de4c57ea28
ed DotPr,e18e172009109234
oduct At,5550c4b84a95a7e2
tention ,bec8bff240e01117
 MultiHe,508ebb1fb57c569e
ad Atten,f72dbde9ae023ff7
tion Fig,1f94dfdee763bb9d
ure 2 le,9baa7ffc118152c1
ft Scale,b53f49312e054b5d
d DotPro,7bdb09eefc380b9f
duct Att,cf02c9d55027f381
ention r,e8769003d9007dd3
ight Mul,419c2a5c2cce9155
tiHead A,b18ffc26fde2a6bc
ttention,d632f39d81199274
 consist,dfe21ab58ee1610e
s of sev,d83a943f0c01f524
eral att,f675cd387b065dd3
ention l,c8d3c61ca71cc48c
ayers ru,0f592c64a4637fb8
nning in,7083125d7e40b2bd
 paralle,e3b6a95a2d2910ed
l of the,652af447ce2dee8b
 values ,5c3df1c7f9f1c526
where th,f809961d3eae107c
e weight,e99aae6fed551975
 assigne,b96e1cc6ab310d1d
d to eac,6efdf56e81d528ee
h value ,2ebc9af8719462b5
is compu,499ca91775c2c53f
ted by a,1a1cde9496ad33f9
 compati,604deb1f5b489905
bility f,4ad6a5a03452e5c5
unction ,c41f9b7a2a2ac97b
of the q,349ff61d6e6158a7
uery wit,ee8d2a999327a173
h the co,eafa51399dd3fc4e
rrespond,4f98e1f328625935
ing key ,0154a72ce9cc2178
321 Scal,64586dcbbef3598a
ed DotPr,e18e172009109234
oduct At,5550c4b84a95a7e2
tention ,bec8bff240e01117
We call ,023cd1c49d9221bd
our part,926f8b34b82adfc2
icular a,72ee0281268cea25
ttention,d632f39d81199274
 Scaled ,08fddb6f345551c2
DotProdu,33a500943b4ce769
ct Atten,6dc015514b90dce9
tion Fig,1f94dfdee763bb9d
ure 2 Th,d5776578ea2776b1
e input ,e6a49407b1e87ceb
consists,ddaae736e5f9a795
 of quer,8853c70901f28343
ies and ,68d4986faea53e3f
keys of ,98260a5d076772e7
dimensio,d662ddf8ddf9b0a0
n dk and,1b3d2189de6e4f32
 values ,5c3df1c7f9f1c526
of dimen,df9b32b7ec620d27
sion dv ,5ef47f55e925731c
We compu,c0173578b2034fc5
te the d,aa70addc6a282803
ot produ,18df945f12404805
cts of t,6e0d12598ca6233e
he query,64a2a9c0121d77c6
 with al,0526a975b66cc2ad
l keys d,ecce73dc36431b92
ivide ea,a10cba75a2c6f63e
ch bydk ,5bdc06789da86d64
and appl,0142cafa6989b608
y a soft,a91a97ae6a1cc97d
max func,0f30c0fb2d17f89d
tion to ,4821eb9037b802e4
obtain t,64a2b6dc0e9f1508
he weigh,b305642b3b312135
ts on th,8c94ddb995b5e5c0
e values,0aba4304bdfab882
 In prac,4b4f7c37148ec9dd
tice we ,2a5c395e76d2e085
compute ,d865ad42999ba25a
the atte,f47054e40d61387b
ntion fu,9a231e3812728bfe
nction o,0089a2c84348903f
n a set ,ebe5e16c7a1786c3
of queri,2a4b549f40f4aeed
es simul,e1f1950e839fbc0c
taneousl,949705d882bac01d
y packed,d9c78943f577d1ee
 togethe,042ee8b3ca76a5c4
r into a,e292a128c7a2ad77
 matrix ,7305cc793ed05f97
Q The ke,5c6fc4252b3b8ad6
ys and v,5eea71803e9a17d2
alues ar,2a5f2a8510f9b088
e also p,e67ce0d84fc4bccb
acked to,e2a21e61f496a68a
gether i,58329a492c12ee7f
nto matr,eb26ef468eb7593b
ices Kan,6b29a6871e215435
dV We co,2d34fd1b08fe46f2
mpute th,37550cb069504542
e matrix,25541ab4df5d55fc
 of outp,7b029cbc3f5101bb
uts as A,f7df181d47976747
ttention,d632f39d81199274
 Q K V  ,f8ab76b07e9d4b67
 softmax,a6844401de0c805a
QKT dkV ,d189a8a16f94cec1
1 The tw,7a5bb931b1976399
o most c,4034e87cd574bc19
ommonly ,a296ed7868039679
used att,b0c641272756f68d
ention f,958de64122d2c9a1
unctions,044eabefdeea730f
 are add,09a4b712e7ad1576
itive at,344f09ad61c63530
tention ,bec8bff240e01117
 2 and d,d44051fb3e1acdf5
otproduc,93416dac2b9437fe
t multi ,4a2d93a66f72288d
plicativ,545c69dd532ae10e
e attent,711d530753f74ef8
ion Dotp,8973e77ba961755c
roduct a,5457785ed9a5e6d6
ttention,d632f39d81199274
 is iden,42e90128e20490fb
tical to,928a7eed2c110e5c
 our alg,2a89e6762b89d29c
orithm e,2e120275d9b56580
xcept fo,14b253a0ac68309a
r the sc,2d44ed1d6f8d6afa
aling fa,98b4e4eb8c66f101
ctor of1,d5338e500b2de736
dk Addit,a8174399e619bd24
ive atte,5b068afebb4827b8
ntion co,8130816a7983a0e8
mputes t,5d1771c6024eb3bc
he compa,c40b732b9428a6a1
tibility,b23f36bb43d8e8cb
 functio,9f90c2ce24c495f1
n using ,cc0843b3987dfbb8
a feedfo,95cb70fbcae5dc97
rward ne,0938da91b9b7be03
twork wi,db25cd2b3b3480f4
th a sin,f88f6fb97c80544c
gle hidd,f41b04b4e9a22bd5
en layer,fb5573f851f66bf3
 While t,4978bc269833b24b
he two a,21d1cff2677726a2
re simil,eab8f5f17790e822
ar in th,ed69746c24f7943f
eoretica,e189ce2d11d763d2
l comple,68579534fcbc76fe
xity dot,a71bcfdad8c6ce86
product ,cbc1984d88c68086
attentio,549a01a8b23483b4
n is muc,3d1e5dc2f592a5d3
h faster,739d171b8cc11590
 and mor,59b8c79e0d812d48
e spacee,c8fa93a3a320828a
fficient,e1afb8b736329c83
 in prac,7c114d791f00fd87
tice sin,d5ba140062f24580
ce it ca,bbf84a1856fa1cfc
n be imp,4d4e37e6baec1024
lemented,fab974e0c5eda099
 using h,e0f9f5ce8ae89f41
ighly op,fe5deacc00b68ccd
timized ,496c5fd86b755b4f
matrix m,915d3295fd378822
ultiplic,add039eb310822f3
ation co,7428fbd3311b09d3
de While,29f91851d38ec2f7
 for sma,0565d06362ec5f23
ll value,1428ff916e62189b
s of dkt,03fd5218dbb41e86
he two m,39d8415762b1b54a
echanism,83033e2f6aa06ba3
s perfor,566d651e94769c44
m simila,8df2a3eda9906bbc
rly addi,a83748fe372bd87b
tive att,c7accfd3a9cd6566
ention o,fbf381dc069cc143
utperfor,e0902a62c3e7fc5a
ms dot p,3dd8ab0385430138
roduct a,5457785ed9a5e6d6
ttention,d632f39d81199274
 without,aa0d773111729723
 scaling,30d39d7340945b73
 for lar,7d532f612f7454a1
ger valu,702d985ffa9819eb
es of dk,700036eae95571d5
3 We sus,8045cf57730d4b48
pect tha,42887e0c12cc1d08
t for la,1344bf52b84b0574
rge valu,3ddfd88d57d8bbc4
es of dk,700036eae95571d5
 the dot,70dfafe4528d5d91
 product,22c30c8941041e14
s grow l,5e967d90a66d30db
arge in ,be0833e6562bed49
magnitud,1e06b51aa21063dd
e pushin,9a71f16085d84bec
g the so,82000ab09786b6ab
ftmax fu,ee32f361589c850a
nction i,c0e25563787489ce
nto regi,d292941128917399
ons wher,a33ac35bc5f11f27
e it has,26f25594e1dd3451
 extreme,7c7c52dba1142a95
ly small,aaae468ef636bb2c
 gradien,c0203717652fe960
ts4 To c,7d81fafdb0958f4d
ounterac,e09bb26491d2bc3e
t this e,0bee744988ec9beb
ffect we,0762048132155561
 scale t,61b97bbd96af946e
he dot p,09e5dcbe7292c0de
roducts ,173a835255476131
by1dk 32,0f8132e53abc2f1d
2 MultiH,ea8998de7f41224f
ead Atte,f5c6d69b24381b02
ntion In,7205604cedee2d65
stead of,529c50d39cc00a18
 perform,506814e73ab53193
ing a si,8760a16aa6305273
ngle att,b6a30c87bbb81457
ention f,958de64122d2c9a1
unction ,c41f9b7a2a2ac97b
with dmo,bf910fa68eac065c
deldimen,6d4f2a5935c138b7
sional k,72c06d084c057f67
eys valu,ac583f85f8dae2e4
es and q,c292708bd6d24f02
ueries w,8244b32df29d042e
e found ,9f12ba1879b33c75
it benef,4c993de9dadd6e63
icial to,3a75e7da0fa5d79e
 linearl,48f70e1f34b18603
y projec,d1c627bbae95950d
t the qu,b735f0980346f13f
eries ke,8b474281193d7122
ys and v,5eea71803e9a17d2
alues ht,905df41c61202526
imes wit,3339e0c6f2a514d6
h differ,d6e4a2c12762dc6a
ent lear,fdf9c5b77cbb11f2
ned line,d06b31869114fb60
ar proje,941cf44be15dfbe9
ctions t,b2c2e974545de477
o dkdkan,e2454aea8dd1e51f
ddvdimen,43c2ba4fecbe5fdf
sions re,f277843a8478d98e
spective,99a87e5fd1675155
ly On ea,5ee52ea5ffbaad43
ch of th,53455ebef35f64f4
ese proj,8f0c23a4e375303b
ected ve,03df74c08b6f59fd
rsions o,33c886ca214f9887
f querie,3ba6818b1947641c
s keys a,b4db3ec751353856
nd value,f5a1160ae5cc9d5f
s we the,def09c9721a0318f
n perfor,741c0330f1dab60b
m the at,070a12941e8bb3d4
tention ,bec8bff240e01117
function,1415dc93b9147745
 in para,d16f24331796844e
llel yie,3ce50ba211667858
lding dv,ae60b4107203bc4c
dimensio,d662ddf8ddf9b0a0
nal 4To ,7225616253758645
illustra,000cd9493f151c71
te why t,c5f9bb855ece9101
he dot p,09e5dcbe7292c0de
roducts ,173a835255476131
get larg,5cd28250124b8d93
e assume,1e6e7a42ea893362
 that th,b15b347c1807be97
e compon,8a8efcf0cd393238
ents of ,26cbcbf070ff16dd
qandkare,b45896f5b643e04f
 indepen,ecac116a7de6502e
dent ran,497b8121a129be53
dom vari,86f90079e24d1ce2
ables wi,b03dbd1ab9906d24
th mean ,8b50a8a9aedbb4a5
0and var,a8ae68834a5da785
iance 1 ,1a3055897ff5d60c
Then the,32dbb93b6e0958cb
ir dot p,ec75e9f3f0d4a1c5
roduct q,49bb7aafc14727e7
kPdk i1q,8b457e1c6f66905e
iki has ,675d74ffed7f9373
mean 0an,8fde03d053e61552
d varian,2847ff2d43456d97
ce dk 4o,be6f8100af2a2d6d
utput va,bdb1287792a623bc
lues The,fb896480c8af8647
se are c,2d29b0b03c557199
oncatena,33145b0779e6c377
ted and ,a0809fbaaa8b9b78
once aga,d750b249c12f47b5
in proje,2e3da2b84a837351
cted res,62eaa24618cb43a8
ulting i,6ac76590ae5e6e40
n the fi,fc7725b3ec3e9502
nal valu,73d74dd1e96bae11
es as de,63fcc4fec6682b62
picted i,a00148c2387b58b8
n Figure,707c4394df094d1d
 2 Multi,2b317d88e24d253e
head att,771c97e535f95e6c
ention a,5d1f0270d930ee59
llows th,d6913df1d37a828f
e model ,e3fa9b3b51683905
to joint,2517a4aaea726292
ly atten,74b81866018e3e76
d to inf,09260382c1b64fd8
ormation,0522b2f3366b7018
 from di,91f24e634908b77b
fferent ,2b3e3189fba65958
represen,5d294d1250df0ca9
tation s,b91b9b4f3ef92c74
ubspaces,1e2a6827ebc931ac
 at diff,64a1e409f5a7d53a
erent po,cabc7d0469165933
sitions ,7ac75e55d9000da5
With a s,d5990d43b9fbb633
ingle at,68c953f1fdc76a4f
tention ,bec8bff240e01117
head ave,f1e87fdf95c0d78c
raging i,e7de790f06c4b3ee
nhibits ,c1804763208e6d35
this Mul,54832d3c0e623af9
tiHead Q,eac60e974ec0afb7
 K V   C,03663b0078b713c5
oncathea,2cdcc70aa273c24b
d 1 head,c881705469524627
 hWO whe,7ba8ba92029e8720
re head ,4fd8c84f9cc3f5ed
i Attent,7289318f2ad42d50
ion QWQ ,1f60c6c21517b560
i KWK i ,d43b76e6f1edfe90
V WV i W,2ed8c4d165325750
here the,a0035504ee158296
 project,228aa73ddbc4fd36
ions are,7a1a373fe72abf99
 paramet,0a3262434c6afbce
er matri,b3ad7f63c33a4794
ces WQ i,c39ecd36c6d3126e
Rdmodeld,85a65ee82da5d58b
kWK iRdm,898e055de7864872
odeldkWV,d617b3116587488b
 iRdmode,d8886ba3163558d7
ldv andW,d7124d5e6d52a93c
ORhdvdmo,96cdb3c63f3bee2f
del In t,18a48bbe41957b1a
his work,85625939ae095a2b
 we empl,b923908820a10c61
oy h 8 p,30b0038fe39cb125
arallel ,78442771fb3e70fa
attentio,549a01a8b23483b4
n layers,f7b60b7653cefce7
 or head,0a2afe9bbc75ca89
s For ea,6a7efcba42acdc81
ch of th,53455ebef35f64f4
ese we u,3b5e59aca95780cb
se dkdvd,4030b6eaf0657682
modelh 6,00f5dd0499b443ad
4  Due t,b07eef755bdd0d90
o the re,37b8e7ed04d0ddd5
duced di,074429a43a73f33f
mension ,91567a10c7b6141b
of each ,5bf371ed66818237
head the,55bcbb1bc095165f
 total c,9070306b80106e54
omputati,e02579c620cf4984
onal cos,73ff10ed99631955
t is sim,cf555de02b4ca37c
ilar to ,40d871db8df7d09b
that of ,3988151645109e41
singlehe,30cbc97967ac9623
ad atten,8619f86afbff4e6a
tion wit,98d6e370f4f08ad7
h full d,77b55fb82f2d2bcd
imension,e79c1d01c09b27f9
ality 32,5f9dddcaa07378b1
3 Applic,9b60f8a647a7a82e
ations o,cdfe8fe9bdcd2ba6
f Attent,ef34a15e8a47e189
ion in o,ff9a6eef0c2d5fb7
ur Model,bcaf3eac85b8f1ba
 The Tra,2dba7d89b015b969
nsformer,cd4ed0093aa4b616
 uses mu,cc39871244d3d80b
ltihead ,808e780d215a8e4f
attentio,549a01a8b23483b4
n in thr,a52611d03d969468
ee diffe,7278c1f90ca59d0d
rent way,284c4144c0b83683
s In enc,4af61bf204a4c8b0
oderdeco,9596b8aeb15c38d3
der atte,66cecdf2b8e723e4
ntion la,af95ea240be31246
yers the,8e394737143904dd
 queries,3bf95ce7b757516d
 come fr,f1ba0f277e53c172
om the p,8a962d8c6fd7acb8
revious ,2c6c49acbdb7c06b
decoder ,e503b3720afc7761
layer an,957fb4899b920b35
d the me,95f012e3d8d56222
mory key,3b56883721f3863b
s and va,c5763fc72aff480e
lues com,6e4cedf378cbdb54
e from t,30aa566b3e5c346a
he outpu,9587c7787d5617d5
t of the,3e2742b814165c28
 encoder,d0607a13e2f6c409
 This al,8d07c92d81ea6444
lows eve,6280da9fedec5889
ry posit,af11b1bd14279787
ion in t,fde0059040afb424
he decod,0adf0253c375b515
er to at,3b74254b7eae3a6a
tend ove,738945063b368e3c
r all po,417edeae460de5e0
sitions ,7ac75e55d9000da5
in the i,3ab8dcde0dbd98ff
nput seq,76fd8d75b9beda6d
uence Th,ff32734b838a1c22
is mimic,120390bade694ba3
s the ty,c56795b531202444
pical en,99624527a35d151a
coderdec,6df75aa38a950c7e
oder att,2fe1e5ca45508326
ention m,e98c8ea9a1e03734
echanism,83033e2f6aa06ba3
s in seq,105e8bde3bd8e4f8
uencetos,12b2f2c5e01886da
equence ,a6c68f905666e694
models s,e7ee156b69b1f537
uch as 3,50b2701e813f684a
8 2 9 Th,be78cbbf9ffbf4cc
e encode,3faba8a0e3e32f1b
r contai,8483bd0cf3c9e116
ns selfa,962dfdc7bea15648
ttention,d632f39d81199274
 layers ,6ef8502c82b2e267
In a sel,593c8aa154e0b694
fattenti,da7a08b562dd1d28
on layer,93f864e9d7e67816
 all of ,40bebf5456facd65
the keys,819bef1439dbed41
 values ,5c3df1c7f9f1c526
and quer,d40203f7e71cabb6
ies come,01254029f0963aec
 from th,eee6e5ba6f9c1b21
e same p,11fd9f56da8d99b5
lace in ,66d09f72c3a6a8b3
this cas,4c2a4e029c959e9e
e the ou,2f93020705de6186
tput of ,4c5f9a20bffa3c8e
the prev,db5b63ecc19ed9c5
ious lay,e448eaca8cebfc9d
er in th,69bcad200fa4c314
e encode,3faba8a0e3e32f1b
r Each p,94e1e1eb59e7638f
osition ,42f8fadad812b057
in the e,83af818548bd30b6
ncoder c,330f2a280236b614
an atten,d44be26e475117cb
d to all,a200947b091ae026
 positio,a918b54ca6df23d0
ns in th,82d75271a6946b26
e previo,5a41c3454cd8959d
us layer,8f180cdfbdf3623b
 of the ,cbc6510a2493d347
encoder ,f20ec47b94405e1f
Similarl,e77371543ee7d6d8
y selfat,6891f13be7c8712a
tention ,bec8bff240e01117
layers i,5659bd774ae5da88
n the de,50a430ceb108cf45
coder al,005d53425808a3a7
low each,e639974764918251
 positio,a918b54ca6df23d0
n in the,a808dfd533f44f3e
 decoder,b7a9d3d2460ae2fc
 to atte,a07c99e71835fa67
nd to al,359da95a42735760
l positi,cc09d84a58faea2c
ons in t,ac5e29ecb1c49d92
he decod,0adf0253c375b515
er up to,cb03d45ddb439688
 and inc,7b263c66a665ff32
luding t,041fcc87531af331
hat posi,66e8932059ccbed3
tion We ,0f718598960d4ad3
need to ,322e3739bf212288
prevent ,246177d73c30b30b
leftward,379b0d8a25ed5646
 informa,e4cfa467188c75db
tion flo,bf20e633e3de0f61
w in the,10be67a8586d0e06
 decoder,b7a9d3d2460ae2fc
 to pres,60354aa40e5aa07b
erve the,2e493f7f78a328df
 autoreg,c305631be64f5045
ressive ,6b8a6c086eec98bf
property,1171f19f6101dfc3
 We impl,a18c989a1a6d3db5
ement th,43edc92aa3863c6f
is insid,acd70e84d7f75c55
e of sca,787d95fdae7f7697
led dotp,fd97ea0f8ef9d682
roduct a,5457785ed9a5e6d6
ttention,d632f39d81199274
 by mask,a6b18d16c4a52faf
ing out ,b24733a2ba33c988
setting ,6fd770c1df720154
to  all ,cb308aaa7917c382
values i,ae5afa1609059418
n the in,54b5789a657d65ca
put of t,9023062e194d98f2
he softm,3a6a71734bfdb2be
ax which,0ef27bf4698589f1
 corresp,f7dd66ca04a1563b
ond to i,c1b5981d32c9a52b
llegal c,54a2aed18d429f77
onnectio,33139c3cb834ab04
ns See F,5649716aeae7685d
igure 2 ,a8e59e89d2fa195f
33 Posit,94df27b55f01c416
ionwise ,f0da3f470f173d27
FeedForw,077f96017c18f049
ard Netw,ee739261be12530a
orks In ,bb51eda9e325beb3
addition,b7c718e9b3631d52
 to atte,a07c99e71835fa67
ntion su,300aa43812bc4238
blayers ,bbb7dc8779b69a93
each of ,224ed2241397d7de
the laye,158f884779cbd12e
rs in ou,0b9b92e52da18675
r encode,b1378914f73177e0
r and de,c6834c2130c66035
coder co,4d39b9e1d07e2090
ntains a,310d0d41e69ca15a
 fully c,9a01239feec9e4a2
onnected,87efbe8d7d478a29
 feedfor,92c3eef10d6d75a7
ward net,cda9ca48f384cc64
work whi,5e01e6045e111d2f
ch is ap,22a45fe16c9dcf49
plied to,ac15d841a79c39eb
 each po,c3e75e1253f1406d
sition s,786083610d8d95f4
eparatel,f3df5e3430e90f43
y and id,91c69ae8ee462845
enticall,ce3f432a2ba9116f
y This c,39320fcd3ecb2e7e
onsists ,ca5ae7b537e01071
of two l,26b721251fed8812
inear tr,128c67d812cfeb60
ansforma,b257c3bd6b90643f
tions wi,9287eeb59324a6ab
th a ReL,7a0f053d8eee0aec
U activa,c70d6c058335320c
tion in ,99b7d9c280310a73
between ,478d9c774f01de95
FFN x  m,6ef0d7361c41c87b
ax0  xW ,83a4926cdb0695ae
1b1W2b2 ,a4cd60582bddf776
2 While ,f29385b82eebf8b9
the line,0b0889831f01d022
ar trans,eda0e6f75dbca830
formatio,94807bc035b92076
ns are t,2559adc04dc04dc2
he same ,aed3a8266fe2fa35
across d,5f756deb86ad9cc9
ifferent,b3d5753a8bf63f6c
 positio,a918b54ca6df23d0
ns they ,d7ed0cee42741538
use diff,f59a0d317c26d3f6
erent pa,ef5eb38e042491bd
rameters,e2bcd963b301085b
 from la,ae6bf7c0d880483c
yer to l,117cb670d7ed8dcc
ayer Ano,ca08b9966b16aea7
ther way,25ae3b2c5e793715
 of desc,4703d8217990acce
ribing t,08c07ee9b849d000
his is a,ad8eab7ae4f8bc77
s two co,913fa0afa7bf836e
nvolutio,039451076306471b
ns with ,b1be3b8f44e65b6b
kernel s,eab553e26f84664d
ize 1 Th,50e317bd70a0dec9
e dimens,5aa52e2a16a0ee21
ionality,8934263df82e912c
 of inpu,321bf05ca56ba0eb
t and ou,c2951ff922bea70c
tput is ,752bcdd7afa6d79d
dmodel  ,90768379f16a33f4
512  and,c66556c1c7674522
 the inn,8f4ccd02ff79442b
erlayer ,16792f95c78bd05f
has dime,9bc6528867d6d80a
nsionali,d427811e3dfc4791
ty dff 2,3e0e75cac0fee8be
048  34 ,9fbdef0c28039a94
Embeddin,051a320d7427126e
gs and S,05e02846acc1c6c8
oftmax S,7580e1ab92bc4d1f
imilarly,2bacef3264052ca7
 to othe,5604d13326db837d
r sequen,61402ebc8b8baf1f
ce trans,11d1c4d001715ed1
duction ,f159f51a60664cda
models w,e523079f1f1ad0fb
e use le,9011b9a350708789
arned em,01c03878871d67f6
beddings,30d61dd2163920c3
 to conv,594af0c366dc44f3
ert the ,ee67a6de183a5d30
input to,c88751406d7c0ead
kens and,c52c0d7194c7181c
 output ,7ef4e9f81371c5ee
tokens t,fc53f781ea7877d3
o vector,c6d6a7701604c135
s of dim,d197583bf9caf073
ension d,70fe8b839ffdc606
model We,32e5957e24dac4a0
 also us,e14b6ca82617e0fa
e the us,74b5bfe20057626b
ual lear,2685f314798c6bf2
ned line,d06b31869114fb60
ar trans,eda0e6f75dbca830
for mati,f1d07bd431beccf6
on and s,08da4d880ab1974e
oftmax f,84872247148e416d
unction ,c41f9b7a2a2ac97b
to conve,94351f5d42e299b3
rt the d,b942c36565da6b2b
ecoder o,c21f0e3669b605f2
utput to,cf7afcaf4c6a55be
 predict,87352f9ebd388f60
ed nextt,b6fb4567a733dbb9
oken pro,b5107a96ee1ccdb6
babiliti,432646ce7dda1c31
es In ou,875326a0204772c2
r model ,0c649b03c5927b1a
we share,cb982a9c04d72e29
 the sam,b48941ebc2c4c997
e weight,e99aae6fed551975
 matrix ,7305cc793ed05f97
between ,478d9c774f01de95
the two ,88a01acf48208366
embeddin,9f8cab5b650c94cc
g layers,2f500300c45da62a
 and the,2dedd9fbe0ea924d
 presoft,e063a534466398f5
max line,25d0306b81c0a0a6
ar trans,eda0e6f75dbca830
formatio,94807bc035b92076
n simila,f3f2da20c5382b06
r to  30,cbca69130da2f96e
 In the ,811e0aadd018471e
embeddin,9f8cab5b650c94cc
g layers,2f500300c45da62a
 we mult,de816f0efc7debd3
iply tho,2da550100ce72a27
se weigh,14e6009d3f8c15a4
ts bydmo,ea8cc572a45dc7b6
del 5Tab,49adfa42bc11637c
le 1 Max,9eff661de6b10cdd
imum pat,a5761f592f69be70
h length,7be568d9b7c556c2
s perlay,cc4cac2b51d25054
er compl,c2e16e9bc087d324
exity an,52bddf035e32ddfb
d minimu,7c37a4b6ea5cac70
m number,50995dea22006cd8
 of sequ,c19d7dab23d21abf
ential o,c09daed1d181d322
peration,266e3666427ab166
s for di,fd0110bd10054f56
fferent ,2b3e3189fba65958
layer ty,4db30dcb5b402e7a
pes nis ,41d5caa57b68a310
the sequ,aca9a3a645aede9d
ence len,149eed873c2db49a
gth dis ,2d95fa9fd8e3dc28
the repr,c15ee64e63b8bee5
esentati,345faffe5b7c989e
on dimen,e393eacefd6dd791
sion kis,3923f0edb64cdf57
 the ker,ae86add442b0d66c
nel size,6cf35ec5d61365ac
 of conv,d0c6f0bfd34b8f94
olutions,088354f56f6bcf45
 and rth,d1168b29e3e8fde6
e size o,d37687749bfc8ecb
f the ne,10b3d60261724251
ighborho,f0f85b92b6ab991e
od in re,2fbc9527712657ea
stricted,c3e7ba305759c5be
 selfatt,d4aad2c05127a98a
ention L,206423b8f368ce17
ayer Typ,a6aa412e7f5f9564
e Comple,aff70363d0b7ea04
xity per,19fe7d35b14e1ea1
 Layer S,42e266e855511dee
equentia,1ee931d0e48921db
l Maximu,0ab86ab88ce5783e
m Path L,f5536b786780d1ec
ength Op,cede69d0cfefd742
erations,f3701fc67c8d2a11
 SelfAtt,aa883942cd8a199e
ention O,0729382d3c5b0042
n2d O1 O,8b40349232ba4245
1 Recurr,6284db03b0db60b3
ent Ond2,9b7ae479d27c8faa
 On On C,302fdecc27314c73
onvoluti,ec375c620062fd7b
onal Okn,a61bdeafafd54d1e
d2 O1 Ol,721b265f15dfd186
ogkn Sel,5a473cd48383692e
fAttenti,b21fbd713aa8b9c0
on restr,a271ef8d9dc529c8
icted Or,43e38cd3e0ea66c0
nd O1 On,d7f0c2e40840d5e4
r 35 Pos,1401939da4387378
itional ,7ee82ea8a199d34b
Encoding,46170254524ae691
 Since o,9895ce51dbd64db7
ur model,7a33a588180c034a
 contain,435eda9ae5bfae75
s no rec,fdf5522d98eaefff
urrence ,f7fd16090ec2054f
and no c,ac9c1c38e84fb9eb
onvoluti,ec375c620062fd7b
on in or,dc5d4af51ccab6ec
der for ,35623d805c653c45
the mode,c333259465f26b10
l to mak,69aa163dc67d12e3
e use of,31a2292463133c35
 the ord,18cb46baa9bdef1a
er of th,258ad03291f0cd3b
e sequen,f200ed8feb124a26
ce we mu,a3811486a92feacc
st injec,fca28609a6785032
t some i,74d4c6897c29ee75
nformati,a76804021ad73401
on about,13cb267b7b03b145
 the rel,bbf078c806088faf
ative or,ff239d03973c3638
 absolut,81293d869065d47b
e positi,1d228f50555720bd
on of th,22b480bc8287556e
e tokens,0da14786e57b08f1
 in the ,8edec9554e2ff103
sequence,3678a68ad50f63bb
 To this,8ff904651a602fd4
 end we ,f35abe02ae801c55
add posi,3a008c3408c6ddd6
tional e,0ac523af2d2ea915
ncodings,9a325e1c6462a65d
 to the ,2bf3490d74f6719c
input em,efcad92785fce1b7
beddings,30d61dd2163920c3
 at the ,6ebf5f4d4d930662
bottoms ,b666c9610757afaa
of the e,0a85bc2fa2c7db76
ncoder a,c65b0adf5224709d
nd decod,335a80cce83bccd2
er stack,4e3ee9d116ff3589
s The po,00c23bd60ad4d62d
sitional,3870fbd9eea82b58
 encodin,d76056ba200dc641
gs have ,f6e2da55afb7693b
the same,03226760bb41e9c6
 dimensi,4f7daed50f94fe17
on dmode,27784321eb080988
l as the,e29a471d2661171c
 embeddi,81d5361e19cd5c61
ngs so t,49dbd35065ea3fe5
hat the ,80e02cd067c58aa2
two can ,5426591c94de90a6
be summe,333b458e0111f593
d There ,95884a4f6acf16c0
are many,7a7a594ca928d665
 choices,86010c9acab4ba20
 of posi,0cb90423be64e99b
tional e,0ac523af2d2ea915
ncodings,9a325e1c6462a65d
 learned,12b7419ddffe978e
 and fix,a7590ce3ff0c44b1
ed 9 In ,bc45cdf9c16f2775
this wor,a84fc30a71a2fe9e
k we use,20afc9e80a1a8fa3
 sine an,61fb193107bde48a
d cosine,6550049d2f1525cf
 functio,9f90c2ce24c495f1
ns of di,4e1ec4ded4443044
fferent ,2b3e3189fba65958
frequenc,fadc5ea61c674aa5
ies PEpo,d98453bd182ddf46
s2isinpo,9a1a4cff95840315
s100002i,58a65da4a60979cd
d model ,4084647f7c996b71
PEpos2i1,dddef0db4d8baa97
cospos10,fed50d5c43b97568
0002id m,ca64b4d7c56743aa
odel whe,aa0a31b3b6563b80
re posis,0734302c5bb2fc8d
 the pos,7d5aa0a3b6fecfe0
ition an,af1a0e8415284631
d iis th,5527a0b1695a71c8
e dimens,5aa52e2a16a0ee21
ion That,51be52406c4b7d16
 is each,a88f78ba69ba83c5
 dimensi,4f7daed50f94fe17
on of th,22b480bc8287556e
e positi,1d228f50555720bd
onal enc,829a9b997789481d
oding co,1e91ed1922482cfd
rrespond,4f98e1f328625935
s to a s,6f3add25c1614808
inusoid ,1130501feba1ff67
The wave,109e2c18347fd2c3
lengths ,1a123933d384fed3
form a g,d7588759e7c6eb52
eometric,0473d764980377aa
 progres,ea6c9c4f4278f791
sion fro,032f87086542da7e
m 2to100,6e152ed7188cb27c
00 2 We ,c4d03fb64eb017db
chose th,19e235abd4a9fd3d
is funct,d686c9e8ded4e72a
ion beca,51b1eabbef9b01f7
use we h,78ea59526f3d8cbf
ypothesi,2c05062b72fc249c
zed it w,d132667b0c3aa707
ould all,444cce4775de73a3
ow the m,3d363afe05cfa283
odel to ,7f6d388a7600999f
easily l,6ffd44b401f72e90
earn to ,ddc9b1ff1a747ee7
attend b,2772b69a2df3bf0d
y relati,7e923d228e10ce5f
ve posit,e624de6dd0aa3bf3
ions sin,c329f1d0dab208c9
ce for a,a46a91d96d0d2bd0
ny fixed,b29c4e7e0273b22b
 offset ,3444d22ecb5a2295
kPEposkc,54fd3537acfbe09e
an be re,7589bff62c7938e7
presente,c3d1934d2ecea773
d as a l,3c8f2e2b9d00d8b8
inear fu,8b8eb37dbf3f6b42
nction o,0089a2c84348903f
f PEpos ,abe842c57538e0c3
We also ,81cba5cb928727ee
experime,34ead7ce52f41b30
nted wit,7b9c15d49fe0a44f
h using ,2d0cef38abf898a7
learned ,c3406248c0a01d09
position,d12c4d53185a2e7a
al embed,bb5223602a394697
dings  9,c97e49627a83757a
 instead,de46dae39e6f2ae3
 and fou,6961ceea5e2d50ab
nd that ,9b8fa93f4652eac8
the two ,88a01acf48208366
versions,7cc1da9ac44a8896
 produce,6822fc68938cf124
d nearly,c55b33087252e6dc
 identic,f6ee950290e23af1
al resul,b4c5610c6569542f
ts see T,2cbdf19751e434c3
able 3 r,a0dc25d425a968e7
ow E We ,45ec53786baf18c4
chose th,19e235abd4a9fd3d
e sinuso,ab2c62cff0b72aa8
idal ver,07c7cdb805b6f380
sion bec,0f5d44d59ee33fac
ause it ,3f475ecb11ef0500
may allo,ce1648eafd8dc80e
w the mo,8e501c3e75b15632
del to e,fe491e02be6102cc
xtrapola,9925dc7f09655368
te to se,46b1a7b6b339d4f9
quence l,1a0d46c5b5c78b8a
engths l,af1ed359d0554a17
onger th,babe5646a973bbd7
an the o,cc76996d44aa9541
nes enco,5d04cfbe976a1a5b
untered ,3222ce3ee77ef505
during t,7f8b1136fa538e8d
raining ,7b5ec7d1ee693cd3
4 Why Se,473fc65b17cb3935
lfAttent,2e73f422b03c21b8
ion In t,b2e7d235a6fb0147
his sect,71e95542fa2d3c46
ion we c,2f57ada3f70a5fdb
ompare v,0c882c851288e56f
arious a,de52bd90342e7aea
spects o,08b27e3f1d7c25ca
f selfat,9bcefaf42ba80d47
tention ,bec8bff240e01117
layers t,9b51d838abcf9f1e
o the re,37b8e7ed04d0ddd5
current ,13eb3a8b991fc92d
and conv,34845f913a891bfa
olu tion,1344e1a14992e2b9
al layer,2ff4c6da2f10e9e7
s common,7640b4323c7d5829
ly used ,e26f6dbdf700faad
for mapp,6efc81bfd1fdc08d
ing one ,967e834f01b31d24
variable,779a667190346c22
length s,421d50ae90aecce5
equence ,a6c68f905666e694
of symbo,c96d363832f65c62
l repres,b0ad8ab9d87c8572
entation,f03a7949e79d0012
s x1  x ,c8dc94d1aa1e03dc
nto anot,11ba928fb65f49b2
her sequ,1378e2a7a51927fb
ence of ,5f14096fbceaad0b
equal le,3f66837d128d4090
ngth z1 ,b98ba4750555d803
 z n wit,b72582b530f779b6
h xi ziR,398373f6afee85ca
d such a,e612ac65972b2633
s a hidd,fccd1f7afde9968a
en layer,fb5573f851f66bf3
 in a ty,e85b5ae3ac7df542
pical se,dbcb25617349abdd
quence t,91f0ac55c4444946
ransduct,1d270ef27814788a
ion enco,807eaa1331b252c2
der or d,bf1a82b19f61361c
ecoder M,23724e6d85c47a4a
otivatin,e4441fb8d5363d98
g our us,774294cbbdef432f
e of sel,74d2bd4575dcafd4
fattenti,da7a08b562dd1d28
on we co,51fcf1071947e550
nsider t,b8436bfa1fd3dcb8
hree des,4f9ec32868abbf7d
iderata ,19647c96584ee8ed
One is t,87d3871bc250be38
he total,09d3a341bf8c4452
 computa,4a36864c9d566691
tional c,0ef0bca9d8914d44
omplexit,8a56f5b7f782e203
y per la,6bc911e751ae2fb7
yer Anot,93f2ffe3d11dd89a
her is t,1ae15ce02d8ca69b
he amoun,5712440160320c76
t of com,203d3fcec09a0eea
putation,7c1a357ef24d0ea6
 that ca,62771b4227672356
n be par,1aee43be0fe83787
allelize,08404dc0a12a0058
d as mea,d64cc0332ae7f93c
sured by,536b3ccf8eeabe71
 the min,13da2abe90da80d6
imum num,9411dbaf83cc2ff0
ber of s,9a86ba7cd56b32d0
equentia,1ee931d0e48921db
l operat,658d8e56666b2858
ions req,c575aaa771f8a223
uired Th,105807095ae40207
e third ,ab5435f5746894b9
is the p,3c55534df05cfac9
ath leng,c688a122aac7cbb7
th betwe,554d2687f0ead775
en longr,b33808dcb874de9d
ange dep,61256a4e0b1f2612
endencie,6e0b25307d5d95da
s in the,9e5a6531c0dc1375
 network,a8c83ed3d8a067cc
 Learnin,3424118a5f60262c
g longra,e15e5fe817a1124d
nge depe,9ee55ccdb78a5ff9
ndencies,d7ba09773377df94
 is a ke,a3fc1ba8d13d05cb
y challe,38b16f7bd04da41a
nge in m,e92d12b8b92b6b96
any sequ,d0039ebef307cb4c
ence tra,8a3706470f597c4e
nsductio,7fb0a690dd9fa8e1
n tasks ,5ff02029805d23eb
One key ,ec22c2b80ad36f6b
factor a,52b9d6cf4e09c2a4
ffecting,41655429a51b5507
 the abi,6125dfebe7bb8385
lity to ,26dc47073e1d3c3d
learn su,505fd9e0ecb46c8d
ch depen,3cbd0d2e901213c7
dencies ,1f058100295fa5ce
is the l,268eb3d5cd5c4741
ength of,3453f18e6cdbd06d
 the pat,9f11c3ff84c61372
hs forwa,c5c02952403bc4c0
rd and b,f28bee144a2fe75a
ackward ,abc0c4eba75287bd
signals ,4d2d658e68a5f5ef
have to ,9e2953cd2f826648
traverse,ca5df1bceecc064a
 in the ,8edec9554e2ff103
network ,019f8a6cbb6c1e17
The shor,25b53564472a178e
ter thes,bd647e41dd8ce490
e paths ,246fc698795d447d
between ,478d9c774f01de95
any comb,a02e1738c8ce98c2
ination ,6454831b671646f4
of posit,13ea753334255ebb
ions in ,5edf05fca03d0f34
the inpu,12bc8d8373fb79e2
t and ou,c2951ff922bea70c
tput seq,c6604c52bbfc8e02
uences t,4c605de4b6d04b5c
he easie,b9926a9fe58087dd
r it is ,d8e976b83c07a116
to learn,bdd6cf11f709965c
 longran,64b2592b2943cb37
ge depen,9a5163a9b0ba561c
dencies ,1f058100295fa5ce
 12 Henc,70fe3b56760c18fa
e we als,4b5d5cb23a2284ae
o compar,87bf763a0f50b630
e the ma,6c150f050c381362
ximum pa,48ff19b013f339f9
th lengt,a0d16b4ca0a65f49
h betwee,6bb30ca9772e587c
n any tw,317c4e4eee88d24d
o input ,f462b2cfbfde2dcb
and outp,1b080f138db1fb73
ut posit,f27113accc75b43e
ions in ,5edf05fca03d0f34
networks,0d1b6edb461fe77a
 compose,ef803504062cbbd5
d of the,8daa68b2617c7c68
 differe,c8d4b62c7c0515ab
nt layer,74185590cc0c7796
 types A,5dd815fe2f60f9eb
s noted ,6763fbf943491423
in Table,c4be8e190700d952
 1 a sel,19fcef468d99fbf8
fattenti,da7a08b562dd1d28
on layer,93f864e9d7e67816
 connect,781415d16f2059e3
s all po,bf3a3ed791255983
sitions ,7ac75e55d9000da5
with a c,9ffd9ca947fd4931
onstant ,08969e81710d6a27
number o,526045a3f12021c9
f sequen,e69eb5916887c8d3
tially e,8fad39fee7de3d22
xecuted ,cec53a93fe3fbf01
operatio,efe918ef0a94e22a
ns where,3e8f6c1e6488f250
as a rec,9cc5fbaf649364e3
urrent l,f4231c17372c2f9b
ayer req,ba5d46b66820e391
uires On,37f58e4d27d43b16
sequenti,129e1c62abdad8b1
al opera,84f98b23bbd31899
tions In,fe63d59833cf93e0
 terms o,ab4fe75bd68fbd66
f comput,43d3052f8c908c89
ational ,8f632134d6eb0ca0
complexi,2e0cfd292372ef9e
ty selfa,b83fc1ef8a1f304e
ttention,d632f39d81199274
 layers ,6ef8502c82b2e267
are fast,ecc302550581d254
er than ,f521db692140896b
recurren,0d3bd154a0573af6
t layers,eda12dd5e1228245
 when th,2875f07d0adcb617
e sequen,f200ed8feb124a26
ce 6leng,287915e0c79fc815
th nis s,7ab460a5dd5c493c
maller t,37768fa4cf468bb7
han the ,1f0b7b9b35e4c552
represen,5d294d1250df0ca9
tation d,46c1b206233b15b4
imension,e79c1d01c09b27f9
ality d ,0f0c9f9dee98a11f
which is,2508bf8cb2af7ba7
 most of,1614fffd4917c305
ten the ,78017d4e6a45f3a9
case wit,a8cde14254649da7
h senten,9587a5dc6df5cecd
ce repre,9117b168de195c94
sentatio,ab6753b38d11d8ee
ns used ,c59baf5b909bc6bb
by state,19bad1fa897770d6
oftheart,80154e8b13572621
 models ,cf680de7b6f9886c
in machi,6187683be9a6d7ac
ne trans,8655a9049e1a09f9
lations ,f8084b4420fb71c1
such as ,c702c14f05d17d70
wordpiec,f6d63d0c9cea9acd
e 38 and,2d27752d6bb258b3
 bytepai,83a237bb640b8f16
r  31 re,d719a1598a17a221
presenta,d79ad95b83e07df6
tions To,7bc7f061acf2b98f
 improve,8da8586907171003
 computa,4a36864c9d566691
tional p,82c3988d92061bb3
erforman,19e9c9fe7e3e2db9
ce for t,ddc750898112318b
asks inv,7c4d035df6cfc846
olving v,18ba2f6bcdf410ae
ery long,a1075f89ce1a0517
 sequenc,9bec22c44375cda3
es selfa,e8607dcbedce4a17
ttention,d632f39d81199274
 could b,29308a0c9812e500
e restri,0cca719b99425d27
cted to ,1b6c4e24821f576a
consider,63c3cdb8541041ea
ing only,8eab3b0260c70e64
 a neigh,3b564eb5895c3221
borhood ,aeea08c0efa4edfa
of size ,48852b89a2dd01da
rin the ,25fab9844631de88
input se,dd87dfd451dd761f
quence c,4fd84fb1c63329ed
entered ,0a79f7e58027a5b6
around t,b683ad4815b45930
he respe,ba9db86a56d2e837
ctive ou,639c54b8af3d9c6f
tput pos,ad54a1fdbdce6a74
ition Th,17d359e827878605
is would,a4a2182af1790f4b
 increas,91f2e68b3bb96fcf
e the ma,6c150f050c381362
ximum pa,48ff19b013f339f9
th lengt,a0d16b4ca0a65f49
h to Onr,ceddb7e27a6e92fc
 We plan,dfeecf6f99771da9
 to inve,068f294e46546c77
stigate ,44b59112447eafd6
this app,73ec511d1ab882b6
roach fu,f80149be026ab655
rther in,15e3fa5a7824ddbf
 future ,f085da1e254efab5
work A s,a044ebb0ec042b6c
ingle co,832907018de95147
nvolutio,039451076306471b
nal laye,5ec93805775e6ae8
r with k,0cc885ff93a519c1
ernel wi,aab599fd2251e9cd
dth k  n,b5798d7084af8c2d
 does no,243f154533688584
t connec,d8d0c56ee738da7e
t all pa,7347962860abfae2
irs of i,00cc9396b573f42d
nput and,fa9fd5ef6fbf0c66
 output ,7ef4e9f81371c5ee
position,d12c4d53185a2e7a
s Doing ,a43ef8e9bc65a22e
so requi,d255f29d7db451e6
res a st,67fd7b12c6b3c9f7
ack of O,93706fac2d764bf2
nkconvol,a2ae8b212238c9e9
utional ,e4fe043058cf4830
layers i,5659bd774ae5da88
n the ca,77c3d8ef4652d801
se of co,009a83f0f778c79f
ntiguous,d809b6b54e4d6ced
 kernels,e37aa43dad65b9be
 orOlogk,0fd9d6b1a0255319
nin the ,006b0c9e2092fe80
case of ,ca3b2e324530bf83
dilated ,45aa830f68c6d7a7
convolut,5dcea194a8c3aa2b
ions  18,0f561936aff88e47
 increas,91f2e68b3bb96fcf
ing the ,3d2826fec7edcdbf
length o,20d23ecc4152f83a
f the lo,216c08d6faf68d86
ngest pa,e28e194abbfaf652
ths betw,596bc71ad9fb0622
een any ,fcf47de1f48a7f86
two posi,a944437d033d71ec
tions in,01f096e5fec1b872
 the net,6553fd993025ceab
work Con,c9e0007a193edc67
volution,c488039959874eb6
al layer,2ff4c6da2f10e9e7
s are ge,92ca604e8a6741bf
nerally ,8db4d9b08b0f1a96
more exp,1c590cb5e4b382ce
ensive t,3885cb0e637de210
han recu,6d4a182210822373
rrent la,1f57ff61aabf3b8f
yers by ,131f1a8e8f4007cb
a factor,f1265888765a4b5c
 of k Se,cf65efaf27b88b56
parable ,0930b7c36debe458
convolut,5dcea194a8c3aa2b
ions  6 ,e76a083c7f7d8c38
however ,7ce4a119c8fbc488
decrease,ac082b00c9437cf1
 the com,e14441ca764b7c16
plexity ,02a51e6f94c76c5e
consider,63c3cdb8541041ea
ably to ,d2a392905f0ac786
Okndnd2 ,40c54b88c691d7d6
Even wit,7a5fc60c10dce95b
h kn how,ff549f517a47d455
ever the,ecfb0dc56ce9f88d
 complex,c905cd291cec9d3d
ity of a,e935998131e8667d
 separab,9055e068dfbde7b6
le convo,6395c33f59872bb6
lution i,07a9f5f1bc9405f0
s equal ,3848d80359fc22ab
to the c,7baffb272fc028d6
ombinati,15302f829725acd3
on of a ,20391eae4d14fcc3
selfatte,47b9ec92fd258150
ntion la,af95ea240be31246
yer and ,9861ad6838b85a0f
a pointw,f7661f4f84f87e39
ise feed,147ab1a2ed4d7a04
forward ,5e1b753aa252205b
layer th,d4e1d889c528db6f
e approa,829a4b1f05db5a6f
ch we ta,1fc4924b685a9fe2
ke in ou,cad9c163716ae667
r model ,0c649b03c5927b1a
As side ,2e7a8c35493a5798
benefit ,44e8d9367030ad58
selfatte,47b9ec92fd258150
ntion co,8130816a7983a0e8
uld yiel,7f8c225109e19704
d more i,684b3109a2275ee0
nterpret,90ed3fdd9f019b65
able mod,421185dd1a3bcfa8
els We i,cc01102da37991c7
nspect a,e074060904f7b766
ttention,d632f39d81199274
 distrib,9a19c7c7d898a619
utions f,7a3bfd8624b224be
rom our ,f7e7ce9825a535fb
models a,2ee32718fe38acb9
nd prese,99774f03e35f7379
nt and d,c7ca27b0493f69f4
iscuss e,354bf64afb43165a
xamples ,fa6ed4bede391e04
in the a,3de2d5af3d900918
ppendix ,1f2140e1f0bf8764
Not only,b4d42b969a1708ea
 do indi,d4cf9736919c384d
vidual a,796cbd7f93d3787e
ttention,d632f39d81199274
 heads c,b76966582e373884
learly l,bc5a7dbe479b1759
earn to ,ddc9b1ff1a747ee7
perform ,617571445761bb67
differen,63cafad8596619b1
t tasks ,2eb56b22643d51c9
many app,dc0b6aeba5dd0e75
ear to e,6bf4dfdff6c69186
xhibit b,0226f09cee5381d4
ehavior ,6614cb8973acac83
related ,6ff21f684d4a73b7
to the s,6c19226c232afee0
yntactic,de3adedf69fa8ddd
 and sem,22e387f76452ea63
antic st,77716d09840c561a
ructure ,2e7aa48261bb720a
of the s,da8e317ff9b778be
entences,0c6e9667874a8d88
 5 Train,8678ad11ffb8cca4
ing This,0ec44ba041a77379
 section,8d0efa35ab5be73e
 describ,cc57ebd31a4e723c
es the t,604da25321946b8d
raining ,7b5ec7d1ee693cd3
regime f,70d073e402cc4d6a
or our m,fd30ce72d537022c
odels 51,9a4d740c0f1c5c05
 Trainin,bce97261923742d8
g Data a,7dfdf4a54215dda6
nd Batch,d0715a3978c09979
ing We t,2fa47326d96c490c
rained o,d9a4f82686c28224
n the st,30ff58aec18000ff
andard W,3408475195619bc3
MT 2014 ,306212719f836ea2
EnglishG,9ae364a3ec83930d
erman da,f8c81d0c3f776d44
taset co,d1939830904cacbd
nsisting,2b1548a9694a4e69
 of abou,43729a9fea61180f
t 45 mil,64d8ddfccbf3195a
lion sen,1fe0f2a97b27dcb1
tence pa,a1088287ce273c9a
irs Sent,9de0d483883a936d
ences we,1048c32da1e72565
re encod,349fe7f2db289d33
ed using,4e6d280d33385235
 bytepai,83a237bb640b8f16
r encodi,70b22e1cb2b6a79e
ng  3 wh,d5a8a3ee97d44337
ich has ,8ab0c70b615b9aa3
a shared,e5d8eb5232cf684d
 source ,fc0549c9f8a5e787
target v,50fa1157d8e5788b
ocabular,eade82c257c74bbe
y of abo,0cecfcc10a94c38c
ut 37000,950d963c03dbb6df
 tokens ,6bb61ec4c69568d3
For Engl,0713a820da7c0bc7
ishFrenc,789699e914010b3e
h we use,fe620605db755832
d the si,378011ddf89da345
gnifican,b0c89d003bb2d68e
tly larg,ba4310afd7b1d1a4
er WMT 2,d8e0c7fac243f34b
014 Engl,a99ed301e200dfd6
ishFrenc,789699e914010b3e
h datase,d3bc82e1041ca4e1
t consis,d0440f634854d907
ting of ,093dd8b72521fcde
36M sent,28d9325fd8c5c08e
ences an,4db041e8222beaee
d split ,94c1aea75cf050f1
tokens i,5635d988d23aff09
nto a 32,e9ee25cc0941ff56
000 word,5271ac31d4a75dba
piece vo,ab121aefaa6f86d8
cabulary,7a4befdf6819f59a
  38 Sen,569a6f735a8c3237
tence pa,a1088287ce273c9a
irs were,2f59e616da50bb52
 batched,4325c650204c67d2
 togethe,042ee8b3ca76a5c4
r by app,52c36a63b6bf379c
roximate,1192bdf9e5937023
 sequenc,9bec22c44375cda3
e length,d1b527427430fd3c
 Each tr,26e5fbe46c8c760f
aining b,8d8c51cacaf384f7
atch con,ced9ef29cfb7e5bb
tained a,97576bfdd9f6b06e
 set of ,a23f20c92356991e
sentence,a80bde98d3cded60
 pairs c,ff4aaab3de977757
ontainin,03f80ca6bb66a853
g approx,5b88357966c0c068
imately ,96377a512058638b
25000 so,927de531960bd294
urce tok,ecb12ddc136e986f
ens and ,107fffde5627523b
25000 ta,192057426567aaec
rget tok,1513455c0d1ee170
ens 52 H,1ec9456bf9f810dc
ardware ,f426873665de4ae5
and Sche,6f19222fa51c190c
dule We ,de5d6f27b30e6db9
trained ,d8bb12b1b50e3fbf
our mode,b8f0c142717cff6e
ls on on,8c156d502611d139
e machin,0c989d7a6a10a80b
e with 8,914ef6b6f265dd69
 NVIDIA ,9973a6d0d3ada25b
P100 GPU,dec763b5a74bd2ea
s For ou,f69c662033cff6e7
r base m,73dca60cdfe4b1c9
odels us,d824c5213a9476ef
ing the ,3d2826fec7edcdbf
hyperpar,88911dc8a6926f8b
ameters ,8fa7816fdfe24f35
describe,03111d936def4025
d throug,27e8431846526a6e
hout the,59f4b33bd8eb2e5b
 paper e,1d9d942f6ce06928
ach trai,728727a60a1d6d7f
ning ste,bf8b82fcda98ae0e
p took a,29b379d107afe3ae
bout 04 ,73f2562f33bef497
seconds ,bc9af91bcf111689
We train,fe201a4a8ee6e3ec
ed the b,7c40c546f0d62552
ase mode,d6537e293a19bdd7
ls for a,435fe11a6a4619b7
 total o,664289b934c139c9
f 100000,4d08b76fd46395ba
 steps o,4d3910042f69f14e
r 12 hou,92c18fa5b4cca62a
rs For o,e43cddcea212e9e7
ur big m,245eef5e423060f7
odelsdes,7c8eade02af7f9ca
cribed o,875319f772738cfb
n the bo,9a35b17173498254
ttom lin,c78092a1e14ef18a
e of tab,9bff038c03816797
le 3 ste,c529b3bfeb4c4d4a
p time w,6345da87ddaf1890
as 10 se,13873dc45323a1e1
conds Th,5664e14652e09215
e big mo,8239e42dab18ac99
dels wer,ad84b98a996d9603
e traine,f717a3382d8d54d4
d for 30,1da62c82357117e9
0000 ste,483821216cb31c77
ps 35 da,c6b3f7355ae65c3e
ys 53 Op,3c8b26eb81bb01c5
timizer ,99c7599f89c95f3d
We used ,102ba99f08a7945b
the Adam,b8b65027eaddbae9
 optimiz,dceac5279892401e
er  20 w,f8469e42c4281464
ith 1 09,75ac8079ad493339
2 098and,78b566891349271e
 109 We ,d786a8d6fb4d2668
varied t,5109a86bdb99a1d9
he learn,e8a0e2db82472142
ing rate,6ec8630db047d9d7
 over th,14c60fd0fdb8c4d8
e course,34dc34c0e0c504f8
 of trai,3ab8c9d7e869218d
ning acc,7d6969a335e2ce95
ording t,fa7db6343d16d4cc
o the fo,f87e488d2547687f
rmula lr,aea72a612e9a5394
ate d05 ,03bf2d87f6ebb3e6
modelmin,a46ad92a34086a0e
stepnum0,9d7c57fc672bcc32
5 step n,03b93f54f7438aa2
umwarmup,17fc16ceab2356a8
 steps15,747a1d83d472c10b
 3 This ,4010d27120177912
correspo,0b978a1e4d3d2ba8
nds to i,f09271f8d11fb4b4
ncreasin,44aed857a98fdc4d
g the le,8499289b1a45fd26
arning r,c4b855aef216a216
ate line,94d31b1221c2e322
arly for,e18adb88903fa458
 the fir,e10bd63113d684dc
st warmu,115e4cf6470bcede
p steps ,22b8ce1facbf8dd8
training,62f7306918225e99
 steps a,94878f00b15963be
nd decre,0d1791f8fde0311b
asing it,647ce3dd3b5e03f9
 thereaf,9c98acfaa8ffe51a
ter prop,f1b6b85381acc200
ortional,8bf27c71e4a9c902
ly to th,9ace067f03bfa862
e invers,a2c34e5d4ec10e76
e square,1169e9c1626467cd
 root of,732a210ec7d9d0da
 the ste,550e38eea516ee0c
p number,0bab5a65efbe231f
 We used,9d366b785844f58d
 warmup ,fa9378cbebecfbe9
steps  4,44a9f95d70b6ed39
000  54 ,758e00f620766715
Regulari,d640397bbff179a9
zation W,50202cb66dae4c9f
e employ,0fba205d1028bd6f
 three t,4c50937a3320e916
ypes of ,de8df45f61010ce9
regulari,99f9155240d01764
zation d,1e91d5d2cdf886be
uring tr,8addc271c67f0aa3
aining 7,a42192fee03761aa
Table 2 ,7362e97fab57680c
The Tran,2b6e776a8f016df3
sformer ,6ec9b65f8a7e351a
achieves,71c2d42e08253711
 better ,f0667fddc1995c99
BLEU sco,0fd41e40c39c2544
res than,4ff6cc6ccf51e64b
 previou,a49f42d87361ffdc
s stateo,1478edfac832fe5f
ftheart ,9ee849e4913124e4
models o,91352d97fc603e92
n the En,9be640a23399fe00
glishtoG,be356835fbface4e
erman an,3367a825242a4f58
d Englis,1532396ef59f9322
htoFrenc,06e321087777bd43
h newste,b559ec4ebb508305
st2014 t,0f9b9ed5dbec3c73
ests at ,6aa4e41f347d6c10
a fracti,e77f5937532f6c8a
on of th,22b480bc8287556e
e traini,ca56b37686ed5ce3
ng cost ,6c19c459444f7b14
ModelBLE,8393b8fda536314b
U Traini,a789542c7be3df8e
ng Cost ,111c9ea2d2221bc7
FLOPs EN,4f4eb5aad782c32b
DE ENFR ,a44c877b295ecda2
ENDE ENF,a6c816bdfdddbb5e
R ByteNe,16c292c87c7dc68f
t 18 237,ab923c279558ace2
5 DeepAt,35725134e4476fc7
t  PosUn,614237b8d49de698
k 39 392,e1e6b1ef5692a256
 101020 ,b14d8dbd5a030e70
GNMT  RL,e521397276f6bb89
 38 246 ,85e7453d1de1c0e9
3992 231,e10c2945a32e9a69
01914102,996ddb0362be5243
0 ConvS2,1acd209a1a522a24
S 9 2516,5459eb7ac5b0e0bb
 4046 96,33e8175c7a6649cf
10181510,cccde620903af889
20 MoE 3,6552416415627827
2 2603 4,efb3f1297d017dc1
056 2010,49a3b15521904f20
19121020,4bdba9e027a489ac
 DeepAtt,727c351f9e0d6499
  PosUnk,b1f134c119703e81
 Ensembl,9692f807ec81954d
e 39 404,1b987349863a2daa
 801020 ,eba704c30f78df06
GNMT  RL,e521397276f6bb89
 Ensembl,9692f807ec81954d
e 38 263,ce0ffac1c18e555e
0 4116 1,2907a4d7f65e0b65
81020111,75599b312227ed2a
021 Conv,014dfcf8b38e9367
S2S Ense,08c7bfc3cd10af53
mble 9 2,8da2ff670c3a96c5
636 4129,ed18796fb680e0a5
 7710191,90d8a0c8736317d3
21021 Tr,b3073793f323970a
ansforme,337e97281c95d1bd
r base m,73dca60cdfe4b1c9
odel 273,d2764d1f63767bbe
 381 331,c1dc830720a6b4cc
018 Tran,9458c7febd6f0bb4
sformer ,6ec9b65f8a7e351a
big 284 ,0121a9edfd650c92
418 2310,1569d61d4b9b1e3a
19 Resid,9cac31086988a4fb
ual Drop,d48d8ac295138b1a
out We a,70ad8b012860ccf8
pply dro,e05a851ea57cc101
pout  33,b2981e85f0f486da
 to the ,2bf3490d74f6719c
output o,36486d2aae7cce3b
f each s,6cc5cba3316a71a2
ublayer ,c7f5b605dec79cf1
before i,4fbfaea0d8014ac5
t is add,a391dafe1a418a80
ed to th,81bd527ab6dd72b8
e sublay,45230b880acf67ec
er input,829ac0e0c1d966eb
 and nor,c98969fdd2228727
malized ,c53cf652ff5b4a40
In addit,892508fdad97da8f
ion we a,08c4c9ac93ecf67e
pply dro,e05a851ea57cc101
pout to ,c2fc02b922405a4e
the sums,3fee4e62847f477b
 of the ,cbc6510a2493d347
embeddin,9f8cab5b650c94cc
gs and t,4a3240a352677cff
he posit,e4a9039916ebe3a0
ional en,81109418be6233ce
codings ,4c54967f8c4c7ea3
in both ,af1e8302b78911bd
the enco,044a64fc74ba0ae7
der and ,35bb89676290053c
decoder ,e503b3720afc7761
stacks F,d7b5986733ef4548
or the b,596d775dfe266526
ase mode,d6537e293a19bdd7
l we use,54b318f54fe13b18
 a rate ,493cc6e5f309cb5a
of Pdrop,37c19e0b46ae724c
 01 Labe,4d65721f1632444e
l Smooth,a781d5c6937bbc33
ing Duri,ac5d232af38a4893
ng train,0700ca28fd1432e8
ing we e,d1bc9148ee5f8859
mployed ,6371450c70e8f565
label sm,c3afb85fb9c651ae
oothing ,5476db86cd24d38f
of value,05e9d2e8d287bcf7
 ls 0136,3227e40c6b3c4138
 This hu,732b850403a8c0b3
rts perp,1f22799ed3e249fd
lexity a,531c132266e882d2
s the mo,136c403eaf890a2e
del lear,5731b726a3dd8043
ns to be,bf182e888855902b
 more un,03462c427f44d6d1
sure but,f45278da02d51099
 improve,8da8586907171003
s accura,5a582b488c7a7154
cy and B,de69add5f3528cb4
LEU scor,ce452ee061a5ea11
e 6 Resu,7ac28f1fe7f21cbb
lts 61 M,32f197c59ad97943
achine T,4c8a86c1aeb6d262
ranslati,0a58ca6f37e02f17
on On th,30b7c41b42f79c4a
e WMT 20,c4b9b0d427d94e13
14 Engli,522312d5d64b5f21
shtoGerm,36952be1170b69b6
an trans,d72d64cdf69b6f7a
lation t,b30c9075dd377134
ask the ,c0efdd6b8b7d187a
big tran,466728dbe8e32ff3
sformer ,6ec9b65f8a7e351a
model Tr,5dbbaeaa48bb73f4
ansforme,337e97281c95d1bd
r big in,c6d29ae0095824c8
 Table 2,736a0d0f3701b52e
 outperf,302a079738c75467
orms the,bdc7bd1b550da184
 best pr,19db8d853a6b0772
eviously,18241c15a0cda46f
 reporte,520d917fe6ddf70f
d models,fd4acf491be38c04
 includi,eced828512bcfd79
ng ensem,39e89a6cf2642646
bles by ,ec0e2c86a6171ccc
more tha,390d1e6f2334f900
n 20 BLE,e1334baaf3c32424
U establ,bbd020c01b67f428
ishing a,a822faf9f8499dac
 new sta,3de98a13b5b6c9e5
teofthea,a4e2af9bf7bd8031
rt BLEU ,dcb5c4d58f7685ca
score of,b53879daf64c0911
 284 The,7cf5f3f1bb7fa304
 configu,526729654f5ebd31
ration o,e1f0a542348a574b
f this m,9cf6c31185063321
odel is ,4ae0b83fd3078c9e
listed i,e2dc08bd38aced54
n the bo,9a35b17173498254
ttom lin,c78092a1e14ef18a
e of Tab,d6ccbcb17468b0be
le 3 Tra,96cad799da98c0d4
ining to,a06046b91056301b
ok 35day,2dfb71d1ef3575d5
s on 8P1,8c1041818dc6a334
00 GPUs ,5f8cc05fb72ce768
Even our,b8f90f2c21c8123d
 base mo,6d35df1d637fa7e2
del surp,c96f6cf552e70065
asses al,645d578cbd9fe56b
l previo,ced6489f14037c0c
usly pub,a784950ac23901af
lished m,2d799ff01eead4ad
odels an,e918742ee594bc8e
d ensemb,2670a922e3a9ed42
les at a,76cc78ad21822d15
 fractio,ed7fc7b172ebe779
n of the,4cdc1bd6e45f6106
 trainin,c9d2eaf0a8baaa07
g cost o,20ffc055cfdb105a
f any of,0a700c5da8da8288
 the com,e14441ca764b7c16
petitive,23ec314dd94db3f6
 models ,cf680de7b6f9886c
On the W,8754f8e4b43eaa33
MT 2014 ,306212719f836ea2
Englisht,0e8441035b1c9e8c
oFrench ,415da9e0358e159f
translat,86badb342fe4e9ca
ion task,c6bf6293a269ab8c
 our big,e3ef8ec42de9ba9b
 model a,17e18855233b3026
chieves ,6edcdaf530e27058
a BLEU s,5e83a240e1f9a507
core of ,d16984694b574048
410 outp,3e0b71d5da4c2f94
erformin,2334fe76e54ef3dc
g all of,54cf83433cc9b4d2
 the pre,88f769e5608cbf8e
viously ,35c043952ec5df62
publishe,cda06ac5fce9f863
d single,93e5cc172e0197b3
 models ,cf680de7b6f9886c
at less ,6469a965eb394268
than 14t,00a36d5786e45fa1
he train,b5d9f284a0002f52
ing cost,57912c076b67e367
 of the ,cbc6510a2493d347
previous,c9ce33cca7276db7
 stateof,d10e6d9443254990
theart m,0201cbde4b993f43
odel The,9d1e07077318e1e9
 Transfo,2d2e0e340ecda799
rmer big,ee77b0416e2ff365
 model t,9d93e51bfeb98c5f
rained f,e7b4ae48b31fcc2f
or Engli,38720c9f2ed1b361
shtoFren,9431d540bfdc51a3
ch used ,320f7c6910c98ce4
dropout ,b79979fd318d8102
rate Pdr,329c945b7d2d3958
op 01 in,6e642fe3630ea63c
stead of,529c50d39cc00a18
 03 For ,dc73aff217d4a2f8
the base,bd9b743396225c45
 models ,cf680de7b6f9886c
we used ,eb26d48f00465ab6
a single,cc53c973733f4815
 model o,1e000cdc615929c2
btained ,f81197ca07e28223
by avera,6816e7127c712473
ging the,a44e1856db852f0a
 last 5 ,99b0a4b1ca69615f
checkpoi,3735205edc0d24a1
nts whic,3b68ccf539913e27
h were w,3373d9a45914d46c
ritten a,fdc71fbe16b1c781
t 10minu,e3c40d2e376ed969
te inter,7157b0115a3401de
vals For,2eb2584404a29615
 the big,810fea61d09e477c
 models ,cf680de7b6f9886c
we avera,24082ecbb6b24f48
ged the ,7c22d134c92c3fae
last 20 ,50f82dd293a99997
checkpoi,3735205edc0d24a1
nts We u,eeca623585f78c27
sed beam,a56ab7353dbb1b30
 search ,5c7f5a26ffe864f5
with a b,1b6e71270bc18785
eam size,49cd1d9a80a83e1c
 of 4and,a8bad5b16f8d0d44
 length ,6e319c7eee1f4569
penalty ,222aa80c3f9dc8a0
 0638 Th,33abf384755165b3
ese hype,f4a11d8dc55092f8
rparamet,2ca7005a124e3203
ers were,47a4673cbfd29977
 chosen ,2301b297bae280a9
after ex,8f5e7be4c602dd57
periment,7a2b3fed8dfd3b22
ation on,c7a4a34c6873981a
 the dev,18881d313f8c59a5
elopment,1880a58846cc5d58
 set We ,6810ba3760913d4e
set the ,558014ff013dc98f
maximum ,9d4535a961f10a29
output l,4b09633b973c762f
ength du,aa839f7b71bce997
ring inf,ea7dc2860a1b0100
erence t,be00a11fa916af99
o input ,f462b2cfbfde2dcb
length  ,780c217aea79db30
50 but t,10133557dee71a76
erminate,91c5a7e3d77603df
 early w,b39765df82bb203d
hen poss,e3e870fabfcefcd1
ible 38 ,89b5adac5898cae9
Table 2 ,7362e97fab57680c
summariz,5b0368ded8d5d5cf
es our r,76ab824c8df45756
esults a,0c8ae583fd7b4b6b
nd compa,9666f30e9f757c5b
res our ,098604f1a4fb4be9
translat,86badb342fe4e9ca
ion qual,e641c1ca20a9035e
ity and ,b09f9450a29af737
training,62f7306918225e99
 costs t,898b9fe002cad17c
o other ,ec6c762c0fafc3df
model ar,42bf21a9ee6eb5a0
chitectu,02d3fc05738878a5
res from,c6ad166f7a8f0729
 the lit,a2857a4fed252c5d
erature ,f0b8bbcceaab39b8
We estim,4dcb42f96c85139c
ate the ,6b2aa8c8d23ada0c
number o,526045a3f12021c9
f floati,be96e9b5f833ba39
ng point,c73fadeda44eb86a
 operati,f88967cef344b780
ons used,61dae4fd5fd5f54d
 to trai,3d4ca1a64d95be41
n a mode,1c189886034e4e02
l by mul,6d6ec28be77d13ea
tiplying,2b41fb0d07d80f42
 the tra,ab7297af08df75da
ining ti,e2bf680e08364f63
me the n,f236f798df51e19e
umber of,777942b5468101da
 GPUs us,6e7e2bd6862b824c
ed and a,a3e49dd40021712a
n estima,14bd1ad256c96041
te of th,0ed192e36f64eb2e
e sustai,d1c77dfdbc4f59f4
ned sing,efb346fd72e5567a
leprecis,d85be7d50f9c2ed0
ion floa,6e84b662baa84f52
tingpoin,a130a1a9b0c58ef9
t capaci,eaa7ea04dd68f34b
ty of ea,6bae6e6da6892b01
ch GPU5 ,b6427a177f09d8dc
62 Model,fa0eab40bc6a5cf3
 Variati,94fbf912dbe92201
ons To e,242b468dee5b0564
valuate ,1ca3e30a277cce26
the impo,2f9ef0080d90f4a0
rtance o,21bbc512d50f2e99
f differ,93bbde3c38855258
ent comp,4e7a1cf3cd0727f2
onents o,3c1cc91ed6a283f4
f the Tr,f269d7b9acd37515
ansforme,337e97281c95d1bd
r we var,131c9e982ff36a06
ied our ,cda0766230ea84cd
base mod,57b3f22b698b7294
el in di,e502bbf0c0f51cf8
fferent ,2b3e3189fba65958
ways mea,3b6a5f1e55ef4b2e
suring t,63c9a401e8361761
he chang,2fc08844463b00ed
e in per,db78f7e0d043d982
formance,ab553d84de6bf7f4
 on Engl,26c82d702640f620
ishtoGer,17fca2849d29adbd
man tran,5d54b81178b6409f
slation ,d4579de8bd5abb6f
on the 5,ffe6067e8655a8f4
We used ,102ba99f08a7945b
values o,232c679454d1a45e
f 28 37 ,01d83954c24ac4fc
60 and 9,5fef3748cba72e38
5 TFLOPS,a7211fe8f9a4f534
 for K80,293977f204bf460b
 K40 M40,2d539e33aa16f705
 and P10,8927101f613d0c70
0 respec,8ec08a87057de128
tively 8,baa4cff84275e9cb
Table 3 ,293d8e98dd1749a4
Variatio,0980a66bc4eea340
ns on th,ebddce0c244d15fe
e Transf,48cf60388107cdd9
ormer ar,22d437912cfec56b
chitectu,02d3fc05738878a5
re Unlis,f821b824abf9ed40
ted valu,cc57d4097a32e06d
es are i,c5bb743b4c9683bc
dentical,12a9d7ed1b7c9b3f
 to thos,086f6596c6f1ea16
e of the,519fef2e192e8cba
 base mo,6d35df1d637fa7e2
del All ,d97441e0c86ef1f0
metrics ,ae75119bb49cf6bf
are on t,d3f636cdeca2e0e8
he Engli,c5599ca31c9cf628
shtoGerm,36952be1170b69b6
an trans,d72d64cdf69b6f7a
lation d,34f64c61ea75fa92
evelopme,500b7cfde5cf5b65
nt set n,c7cd840d8c4f9a17
ewstest2,d2f5d3507955f8b8
013 List,d8240b0e023b80e0
ed perpl,68322ffc1120ee3b
exities ,f8483a7fdd18b371
are perw,af166d3f3bb3a4bc
ordpiece,a6378c82cf31cc3f
 accordi,e29e795f5c93ef7b
ng to ou,c5cc52f7a57e03cf
r bytepa,ec57b62849f024d5
ir encod,0db6875a979727bc
ing and ,b63dc45080931ac0
should n,8785ff4ac6e1f04b
ot be co,e6a71b76fa4f5b68
mpared t,036df0c39079e032
o perwor,56c74d1323de4748
d perple,c7057396d031263e
xities N,fab0da10745f8dd8
 d model,079132a4a4cbb907
 dff h d,57da031a823641da
 k dvPdr,44f1b7a5dc3bd506
op lstra,54ec0a440e208a83
in PPL B,b3467152404e6643
LEU para,d4a013026e49e48c
ms steps,5702498d0a8f8a69
 dev dev,1dc9637b1061180a
 106 bas,6f8e44e888e811bd
e 6 512 ,e9b97bfd63445865
2048 8 6,e3b1cd0c3744ffe0
4 64 01 ,e71ff857c1e9aad8
01 100K ,2352ba84ef73f79d
492 258 ,5166d6bd3693b816
65 A1 51,ea5c1711866ba1ec
2 512 52,4da1aab87251e4c6
9 249 4 ,f326251133ebab15
128 128 ,36f8f9ed14264bd4
500 255 ,4e7e0a4207e817c4
16 32 32,4dd78dfc635b6170
 491 258,919448f94aaf239e
 32 16 1,ed95020a0b9f1bf0
6 501 25,a8b4a0225cc19645
4 B16 51,fa122827e4e9b7d3
6 251 58,90eff42a2ba1a299
 32 501 ,ed7cd9053b80395c
254 60 C,95dfca171344f4d0
2 611 23,59841b8481014f72
7 36 4 5,b27f393a49b28695
19 253 5,248440f5a7892921
0 8 488 ,b5c25c57e1dc0466
255 80 2,2301a258e5b4504d
56 32 32,e2c27f2be7a356f5
 575 245,d032ff801d7fb194
 28 1024,9aa0036ce70acd66
 128 128,eb2e471540e5b4ad
 466 260,2048889dc7de9591
 168 102,644fc91d874b4fd1
4 512 25,36e3b470622e428a
4 53 409,fb808e449306e73f
6 475 26,994b2c041c74963b
2 90 D00,5a670e3d28f6a4b8
 577 246,038ac09cc4b82a3b
 02 495 ,d9f24335774d326c
255 00 4,6701a91ca4c70905
67 253 0,4b73cb5e8ec5e0ff
2 547 25,0846dcef27531290
7 E posi,545cfc1c6560fb93
tional e,0ac523af2d2ea915
mbedding,2628933bc1ac02a9
 instead,de46dae39e6f2ae3
 of sinu,c13c06de37a6b0cc
soids 49,14c91b6200af9ed6
2 257 bi,ca138b484a56ba4f
g 6 1024,afe52b94c9d083d8
 4096 16,a923a176dad2cf59
 03 300K,e7316873f5982579
 433 264,145b3ac6ab4a543f
 213 dev,1fa39446040a5ddb
elopment,1880a58846cc5d58
 set new,726359728674d77a
stest201,9508d2e4412edc32
3 We use,7cc4cdc9bb4eb3b7
d beam s,f688ffa19ce6366e
earch as,d74a6c72ddbcacf8
 describ,cc57ebd31a4e723c
ed in th,d371d49e56c716ac
e previo,5a41c3454cd8959d
us secti,1589400bb6070522
on but n,bf33e53f435f646d
o checkp,da602b01b544143e
oint ave,f50f6beb6f5ee384
raging W,330e78e7b76234ad
e presen,41ff87199c6c8982
t these ,4b0801c6e8d8b6a8
results ,aa2db3f204fe922a
in Table,c4be8e190700d952
 3 In Ta,85a097526702024e
ble 3 ro,b195880eb5cf4388
ws A we ,2f9c3d7849936c0b
vary the,b7fc0949c25e359e
 number ,ff13a4c874347bbb
of atten,6982b77b77dfdc9f
tion hea,cc6e0172e05a73a1
ds and t,ce8b6d416fe71230
he atten,2d72924e58c7d1ab
tion key,a2adaba23ab84951
 and val,546ee670de05a16f
ue dimen,403f6e3a3aa1acbb
sions ke,73bf9359841b6843
eping th,bbf75eca9477626c
e amount,75ed5fb78b91e387
 of comp,0d1221be943a10f5
utation ,029b466993a63133
constant,1d056563447914eb
 as desc,72a0bc18e8b79c79
ribed in,da3ddae4c6dd98a0
 Section,158273ecef569a79
 322 Whi,0e16dd41749a64d6
le singl,8519b70e3170198c
ehead at,3cce9c5fbb5fc9c0
tention ,bec8bff240e01117
is 09 BL,2efecea68b062b9c
EU worse,a02fc0ca26395384
 than th,6cc82c3b5a7fa173
e best s,4a2f27fee50bc5d6
etting q,dace9a74e24dc1b7
uality a,bb503eafaa617f3d
lso drop,15c489eb97fc06f2
s off wi,3c96ab7300191657
th too m,c9da39a94ca3bef7
any head,88a498bdbe3e84c1
s In Tab,70ae2a89794aa7a1
le 3 row,a7aa094a64ade665
s B we o,3ba5ba2120095b78
bserve t,04ccf0c10cd1be4c
hat redu,cafc4ad86b4f1b95
cing the,356e8c509c939fb2
 attenti,2a613c5538bee95b
on key s,fadc25b66490de05
ize dkhu,c321c991e05e83fa
rts mode,e47e677418424a6b
l qualit,dfd211b182a41438
y This s,04aa04df3301c67e
uggests ,49de1a3716a783a9
that det,bf936d082df772d8
ermining,55da7fd7a48cd9d8
 compati,604deb1f5b489905
bility i,8f8b962b26703ac6
s not ea,317f7807f0eb5985
sy and t,fc1dc1f915297760
hat a mo,2fb8bacf19645742
re sophi,cd1af822adabb51b
sticated,7691cd609faf9d0f
 compati,604deb1f5b489905
bility f,4ad6a5a03452e5c5
unction ,c41f9b7a2a2ac97b
than dot,3b0e0f98b8d92dd8
 product,22c30c8941041e14
 may be ,caf8e85ec255b923
benefici,c5787ef4d9e2f11f
al We fu,b3a6feb30de29f23
rther ob,ae90425d12442d99
serve in,dc4c9cf17b3e2db0
 rows C ,348ecb0f25e67e91
and D th,a749eadcb386caba
at as ex,68b2c01832f83ee1
pected b,27a9acfb9cd652fd
igger mo,ede0099cb1e740f9
dels are,f0347633ae56190f
 better ,f0667fddc1995c99
and drop,92c937d142d51fee
out is v,c00ed5e66689bc4e
ery help,8a3aefceb25957ae
ful in a,31935b5f72b17fb8
voiding ,116fc014cb8ef614
overfitt,194403281540a465
ing In r,84b460e2d7bb71f5
ow E we ,0832b4e342120e60
replace ,81e5069058c8389a
our sinu,97cef14b9645ed39
soidal p,bb2e8b104ef15bfb
ositiona,c72073200fd37ca8
l encodi,2aec734caaa4c037
ng with ,ba0986dc6766461d
learned ,c3406248c0a01d09
position,d12c4d53185a2e7a
al embed,bb5223602a394697
dings  9,c97e49627a83757a
 and obs,065f594f67b55628
erve nea,1c33f9e79e1ba98d
rly iden,c82cdafe9e9fbfb1
tical re,255492a56c993b52
sults to,3a1cc687c13dc504
 the bas,e0036ae79696dda0
e model ,e3fa9b3b51683905
63 Engli,86de40eb126b5bcb
sh Const,f02e901764c85c3e
ituency ,66784c587d41843c
Parsing ,d69143f8e3d22a0a
To evalu,29d46d5192fc174d
ate if t,6a3ccc4be183313d
he Trans,a19c0037b0dbde37
former c,8d53039003fb0afd
an gener,6293a1fe7e525045
alize to,d53303272f0bc9e4
 other t,0c50b6cdc3263fcd
asks we ,d6cfc417163db5cd
performe,834a6f129469a556
d experi,e2ba306a514f355e
ments on,a049654864f160cf
 English,09c36eea5616912e
 constit,c22bd61d2ef6a42a
uency pa,721ab8838646815c
rsing Th,f02b01a695b67d1b
is task ,ff8fd3f916df56bb
presents,83e37bcf0b45746f
 specifi,dfdc7ddc146ab9f8
c challe,4d5db3f3d487b115
nges the,552aaa7addb27ac9
 output ,7ef4e9f81371c5ee
is subje,289a3c6849b90c10
ct to st,a75cfebc23586e3c
rong str,aa3ec751db30340e
uctural ,ce642fa8e9db3bbe
constrai,9079db0f54011ec7
nts and ,0df98b4fda0ffa9a
is signi,d94013046c2a97f9
ficantly,e43a825de9642693
 longer ,879804c583f8b326
than the,672953b0d6d5614a
 input F,e3989382049afcab
urthermo,fdee159a0ec8c3de
re RNN s,5ccfd47cbc9d26df
equencet,747e6e35ba4ed897
osequenc,21590ac3133f3a10
e models,7a51c6a247f49f2e
 have no,19f26361e6a4f023
t been a,4eb8bd8f25fa6adb
ble to a,06ac631bbddcf10d
ttain st,70fef6452b63f9cc
ateofthe,ed7faf863a046f45
art resu,c65e392fe0224201
lts in s,97bc10561b7ee5da
malldata,03b7573c2769bbfe
 regimes,67ef96da92de76de
 37 We t,80bd3316de9b96bf
rained a,3ac72f47e210e56b
 4layer ,06892f7857adae44
transfor,0c23cd6d67264731
mer with,d9544f76d54b9947
 dmodel ,a932262483cc247e
 1024 on,132a0c722307b62c
 the Wal,13a07f2da31ced3b
l Street,85934468588b6203
 Journal,a6c65f01c0a3cf08
 WSJ por,c5ea83cea78f6225
tion of ,907f24ce61ba89fd
the Penn,0504d051b37422b8
 Treeban,90bd603ee16f1d99
k  25 ab,b45234619a62ad3f
out 40K ,9e53be091ae86b21
training,62f7306918225e99
 sentenc,bdb58da656f13e5b
es We al,257c99881ccb2759
so train,8df9d570e2791bde
ed it in,381255dc8f7cab38
 a semis,f6e837787ac8e034
upervise,e0493ace5c699735
d settin,5c802cc00c9136e4
g using ,4b61f7d208eea07c
the larg,cba0493465c6abd5
er highc,25f14eccf7b6d2da
onfidenc,74a3c5e6bc7bb558
e and Be,5719ea1d7d997018
rkleyPar,829490f9f6e2c33f
ser corp,24660c033ce893d9
ora from,b51224862e3a757f
 with ap,69b8850c93cb1836
proximat,feb76ff57d9a6bf2
ely 17M ,d88dccbedf0a5a7f
sentence,a80bde98d3cded60
s 37 We ,793f7c4b8cbd22ca
used a v,e9bd2990896b7116
ocabular,eade82c257c74bbe
y of 16K,76df715f9b1c51a1
 tokens ,6bb61ec4c69568d3
for the ,5d42b11b0d7a492d
WSJ only,7e5d4cdbdfd64b2e
 setting,597dbdcac1d114a0
 and a v,65ed8b48d9259d09
ocabular,eade82c257c74bbe
y of 32K,e3e6fab38590077b
 tokens ,6bb61ec4c69568d3
for the ,5d42b11b0d7a492d
semisupe,74c1f84b5daeb102
rvised s,be3c7f8250c8fc8c
etting W,7858b92e4644579d
e perfor,a0dd370305c88194
med only,6adb7eceea37c7b0
 a small,c77825d63b8daff1
 number ,ff13a4c874347bbb
of exper,2fd2b35bded0f27d
iments t,c066568510116d3f
o select,35e85543be0b5f71
 the dro,ca2c95b611e1bb5f
pout bot,533433ee7924b8ba
h attent,c45002abecde6865
ion and ,6595d8985bd0eb8b
residual,f75a2f6300b3833b
 section,8d0efa35ab5be73e
 54 lear,200b77d0e9994513
ning rat,9e90e64982f65035
es and b,d9c1363d61a01aff
eam size,49cd1d9a80a83e1c
 on the ,91c306d3a6ef8d48
Section ,2d31980b1001deaa
22 devel,33daf74f321c9741
opment s,e687c7a24876d622
et all o,7f02761165d8cb36
ther par,6455bbe2a04ab83c
ameters ,8fa7816fdfe24f35
remained,daecfba2b6c38fff
 unchang,bc941f2ecb30b788
ed from ,3feefaf130b6d193
the Engl,9d7fb8e6be034363
ishtoGer,17fca2849d29adbd
man base,1635937307c06552
 transla,fceda6f8ec5558b1
tion mod,12540168ea451e6f
el Durin,f553d3f4bbe6ec75
g infere,3f1104aab4b7b57b
nce we 9,fd906e01ece7288b
Table 4 ,8c4ad6bc2198d1cd
The Tran,2b6e776a8f016df3
sformer ,6ec9b65f8a7e351a
generali,491d4c6a000c0eed
zes well,1a78b7e43e72039c
 to Engl,8dede85f21be59a7
ish cons,fc92fcd0e7332984
tituency,849c24f9d6961650
 parsing,858ff511ef68c216
 Results,1d35dcfc61e2f832
 are on ,a8f6c239d2734861
Section ,2d31980b1001deaa
23 of WS,0000170321849f39
J Parser,0635b05d01c01032
 Trainin,bce97261923742d8
g WSJ 23,b121c9f93da510c4
 F1 Viny,316d7cace08c4c14
als  Kai,b9a9636209b24db7
ser el a,402d61d0986a22c9
l 2014 3,cc92dd30ec725725
7 WSJ on,cdcdaed041f73fbd
ly discr,f9058a225e152bbd
iminativ,48eca7afff72c3d7
e 883 Pe,294664e186d3e8f8
trov et ,2b15a3315fcf4441
al 2006 ,5bbd93cae0c9f1d7
29 WSJ o,950bfeca5f73fc61
nly disc,706d267dbb4239d9
riminati,47a03eb5e9ebc735
ve 904 Z,be5b22c6e5926b67
hu et al,c6f77f30cc790353
 2013 40,923a6463fe13ac42
 WSJ onl,8a8894f65c90f5d8
y discri,411f99f192c99835
minative,9840d38afc8188ec
 904 Dye,da71ec27dc11cfbf
r et al ,b4c9ad9227519f40
2016 8 W,7339bbfc6deefd68
SJ only ,2741a9b10fa99ad8
discrimi,df4144ec3180225d
native 9,6df8c87b0ecfdaaa
17 Trans,8baaefdea3c0039c
former 4,c8999db82c87c3ba
 layers ,6ef8502c82b2e267
WSJ only,7e5d4cdbdfd64b2e
 discrim,2a6909314cdf3bd1
inative ,ae3a96eebc44ee1b
913 Zhu ,1e30369e643d2237
et al 20,50b189d580b3a9bd
13 40 se,159db0517b69744c
misuperv,7a2c7addc684c2a1
ised 913,74f7087ace77ac1f
 Huang  ,1572f55359d2f449
Harper 2,58b9b8bf759cedaa
009 14 s,e73ffed8f0811d2b
emisuper,d0d9c7af26eb8b1e
vised 91,f2e98cdeae7e5203
3 McClos,97aae904f8d04ce6
ky et al,34c0f9943a31329e
 2006 26,1bd1ce02b7af91ea
 semisup,daeeb22a6091f9ed
ervised ,8d29964e0dbd7c89
921 Viny,8ac4d7b5edd641a7
als  Kai,b9a9636209b24db7
ser el a,402d61d0986a22c9
l 2014 3,cc92dd30ec725725
7 semisu,8b36c0048d7adae5
pervised,d57de01e65111b48
 921 Tra,8729e2f86c76a67a
nsformer,cd4ed0093aa4b616
 4 layer,e05e6a5f381004fd
s semisu,eb2921ff26ef6710
pervised,d57de01e65111b48
 927 Luo,60193750938c9419
ng et al,8f482f135584682f
 2015 23,ce99fe8b4b4446d4
 multita,b2383896b57a517a
sk 930 D,d1758b63540b937e
yer et a,91257b19b74093b3
l 2016 8,1143a1ea47dcf31e
 generat,078e82635649e4ce
ive 933 ,b250a552116391c0
increase,39ab17ade2abf5a3
d the ma,b1d5dfa9c63e892a
ximum ou,89757e10a871c8a6
tput len,059254dbefb9222d
gth to i,904b64e9163ee8d9
nput len,00edf90fadf75e0f
gth  300,084964f9330c2dc2
 We used,9d366b785844f58d
 a beam ,3d65ee1c75c84457
size of ,d43ba46eb3a2c744
21and 03,981976725fe54701
 for bot,9a299e25142462a2
h WSJ on,761f854b24c2f6a6
ly and t,ddfa2a4daac71839
he semis,618c1fe24b86f6af
upervise,e0493ace5c699735
d settin,5c802cc00c9136e4
g Our re,567ea703eef8c43b
sults in,46297ac5e10a229f
 Table 4,7b826d751599efd9
 show th,cce08973451dc94e
at despi,f0c1f44a472bdf21
te the l,b3f36e9570c2d74d
ack of t,cbea91b34b3199ab
askspeci,a20038826f868350
fic tuni,ef9c0c193b4d54fe
ng our m,10e9c5c30523890a
odel per,ad1cc44fa1a3f96f
forms su,93d6e3baaec31a55
r prisin,c35797f1b5e20a1c
gly well,b4680355069efbb0
 yieldin,96fe3d3b9bf54b58
g better,b7413b4480f46981
 results,d1ed2ba0b60093ce
 than al,c76c17c10f344f81
l previo,ced6489f14037c0c
usly rep,f2de111ffd043c2c
orted mo,79f943fd6fd318b2
dels wit,a1ad82073d6a0d1d
h the ex,95e0f7ad26efbd97
ception ,5b1366079d751b6a
of the R,b585408539ecca24
ecurrent,3086d2bb615c8bc2
 Neural ,a631fb5bd58cde2b
Network ,68c722aef8a828b6
Grammar ,1817a12ac749e948
8 In con,0a1dcfde0795a2cd
trast to,41599c32301bc348
 RNN seq,adb7600c32ea5744
uencetos,12b2f2c5e01886da
equence ,a6c68f905666e694
models  ,c83752a3e65bd034
37 the T,ffed530fb055b93a
ransform,8950306042eee614
er outpe,171f79cd983c3d83
rforms t,d91bd93ce3532e98
he Berke,2da5817e0c8e7c10
ley Pars,aab752a763d7380f
er 29 ev,5f9066f2e699a375
en when ,497e154fb77cc5fc
training,62f7306918225e99
 only on,e22e84dbd78b4614
 the WSJ,3324e1d158aaf901
 trainin,c9d2eaf0a8baaa07
g set of,a19657c69bffa961
 40K sen,a14d24ceba9bc51d
tences 7,187546398a9cc1e7
 Conclus,a2481b68cbdb2573
ion In t,b2e7d235a6fb0147
his work,85625939ae095a2b
 we pres,885708732287914e
ented th,4fc0bf86f59b78cd
e Transf,48cf60388107cdd9
ormer th,d257802a4d9045af
e first ,4b77e9829a26f4f2
sequence,3678a68ad50f63bb
 transdu,4e6f2f52cd2f2805
ction mo,77517704940b0491
del base,87fcc24296c24824
d entire,ad2ca1ce69a97a50
ly on at,461293cffbef3ef0
tention ,bec8bff240e01117
replacin,30be634cf80c704b
g the re,292090f09f4852f7
current ,13eb3a8b991fc92d
layers m,70913af5a0418fc3
ost comm,3959c78f39a30eef
only use,e46a4ae0668a5136
d in enc,792d4785834f0728
oderdeco,9596b8aeb15c38d3
der arch,f241b0ce286be299
itecture,d7bd1451cc7a6f19
s with m,0fb797209f953989
ultihead,1c0c32ab0ff2f780
ed selfa,27900fcfa2546457
ttention,d632f39d81199274
 For tra,bc0d9c0f5b1e8f08
nslation,b998feecf2fa0567
 tasks t,888eedb48b980019
he Trans,a19c0037b0dbde37
former c,8d53039003fb0afd
an be tr,a89fe4ea9a74297e
ained si,163a5499545f420d
gnifican,b0c89d003bb2d68e
tly fast,0f5e1600488346c6
er than ,f521db692140896b
architec,00dd3bcf458e209a
tures ba,2aa2ef0778fc6d8c
sed on r,cafcfa47cfae08bd
ecurrent,3086d2bb615c8bc2
 or conv,7f61d4a22d35fdb6
olutiona,396fb6f7790be33d
l layers,0866320c0ba48cba
 On both,9ff66adb829c7295
 WMT 201,6db19a352365a85e
4 Englis,c87d04629cc26677
htoGerma,e659fecd0a8a744e
n and WM,fc53c07275cbdc69
T 2014 E,9f07a2cbf62d68b6
nglishto,ea0be2ce113f9507
French t,7c0d4b92e3a6f8c6
ranslati,0a58ca6f37e02f17
on tasks,6619604a39be698b
 we achi,7238efb665c48dfc
eve a ne,dbd396249ede842a
w state ,d5cc59dabab4025f
of the a,9506525a22c61556
rt In th,757141ce0c3173c2
e former,f710650908bc3e6d
 task ou,7c394713c3b8a255
r best m,194028f97eed35fa
odel out,cb7a91a842f9ca43
performs,bbc0ed0db0da43fc
 even al,c49f2c2166828d3c
l previo,ced6489f14037c0c
usly rep,f2de111ffd043c2c
orted en,f356b6b70c6c214d
sembles ,7bc592ea9fdb0e6b
We are e,81ca422cd3423f0d
xcited a,5b57988d298c9c8b
bout the,3ff2c4278fe5b39e
 future ,f085da1e254efab5
of atten,6982b77b77dfdc9f
tionbase,4f5262170ace87f8
d models,fd4acf491be38c04
 and pla,e1429332fddc54b7
n to app,210b0938920a4153
ly them ,48c06d84f99b57bf
to other,803caa27fc699520
 tasks W,7b734db2481f0ec2
e plan t,51cfae6a678f8d24
o extend,90a025bbecd533d4
 the Tra,a993cd8744588023
nsformer,cd4ed0093aa4b616
 to prob,af1694defa25df64
lems inv,f0583f1e31760fde
olving i,898afdf25a300f2c
nput and,fa9fd5ef6fbf0c66
 output ,7ef4e9f81371c5ee
modaliti,bc9a5d5b2f554e39
es other,ebd949c9f69a9628
 than te,3c19ce9d145c7b43
xt and t,63d2a285ce2a3a62
o invest,1cbb4d0653ff91de
igate lo,4ba2642c459034ba
cal rest,78734575fd1c6eb0
ricted a,ec9aac280d16a563
ttention,d632f39d81199274
 mechani,19f85f10f8d57477
sms to e,40494dc97436c649
fficient,e1afb8b736329c83
ly handl,dfcff5da3753fe80
e large ,96944752f101272d
inputs a,c0b3830fad5b7004
nd outpu,4b7d74c0ded098ef
ts such ,f7710698def0a509
as image,3f598f32ea399fa6
s audio ,59570833a16ecf31
and vide,0531f36a78c27539
o Making,ea58ad0e46cd33e7
 generat,078e82635649e4ce
ion less,1ad1a6066135b780
 sequent,fe0974dc8de164ad
ial is a,315c2da888d9e7dc
nother r,804f0f81d8b513f2
esearch ,5a43dafaa3cff7b3
goals of,3462b06a53bbafe1
 ours Th,69b54123249d839f
e code w,832b3b29b15cdb25
e used t,16e890a292e54df6
o train ,cd83cbbf3da8672d
and eval,4337b2bc7b46275d
uate our,a6368c9ecb58bc8c
 models ,cf680de7b6f9886c
is avail,5e7413a3bc47b503
able at ,b665a4cba8285494
httpsgit,8fa50b92c2faff00
hubcom t,5551b42d6b571348
ensorflo,68c33534d2b6e14e
wtensor2,bbfeea5a116fbff1
tensor  ,9b54fc36b00d6afa
Acknowle,ccbdb73c92079022
dgements,ced5f2d49ac0eaf4
 We are ,b7512bc5a495e1d7
grateful,5a866c0e1c62dc0a
 to Nal ,4b8346f9bd6f9cc8
Kalchbre,e5429db9a7b2cbe3
nner and,350f7c3e7a129931
 Stephan,81af5fd2573db750
 Gouws f,6a7d87b2e7a8c492
or their,8c027c2d0cd5cda2
 fruitfu,15cf416b8d760857
l commen,d6791093d52d59a5
ts corre,ace0553d779e73b4
ctions a,e2845c1332be4657
nd inspi,fb87fd983b38597c
ration R,ed7665ff3e1e85af
eference,de86d08c52ed48ab
s 1Jimmy,7343f9bbae70e8f0
 Lei Ba ,ea2eb14a574f4511
Jamie Ry,b31f0d6d9e4d071d
an Kiros,75e3892b143ebabe
 and Geo,9db66c1819cd78c9
ffrey E ,c045b6af343d8529
Hinton L,2fbe16dd36eb6083
ayer nor,b109e8cabc4aff36
malizati,e11d6882b080d714
on arXiv,8fe89a2522729a73
 preprin,78e235c3972f97da
t arXiv1,5530ad4b6cf74185
60706450,66d441b523cadfa9
  2016 2,ee7e9492321d14a0
Dzmitry ,7982a4c590479519
Bahdanau,2d6df2621630aa6f
 Kyunghy,aa4f1e73ed2af126
un Cho a,d601a1591d3107b0
nd Yoshu,def610b2ec98b61d
a Bengio,6c82c749595ea4b9
 Neural ,a631fb5bd58cde2b
machine ,972e5ce1ac577322
translat,86badb342fe4e9ca
ion by j,404b102627f6df15
ointly l,7f47b143b28ef567
earning ,69ae8976901e6ba0
to align,6088e2952feeaf36
 and tra,2eca07a7ff6cf617
nslate C,fb72739fca7d667a
oRR  abs,98b92018b7ff6aea
14090473,6316a6f39ac5acd1
 2014 3D,0207f8e82eb6def7
enny Bri,8586552684a05e6d
tz Anna ,d0c256fe5cb4959d
Goldie M,b1a655f7ccc137e3
inhThang,d6dd07e009398c72
 Luong a,623c8523cef2a3e1
nd Quoc ,cc4129a228cd177b
V  Le Ma,ee254879f4966bca
ssive ex,e3b1aec4284bb434
ploratio,8508a7b4b7d281d2
n of neu,cdb0d22e024f44fc
ral mach,bf0fdacff37ed2ed
ine tran,2953e9ec104f4074
slation ,d4579de8bd5abb6f
architec,00dd3bcf458e209a
tures Co,ef80cf2a04d780aa
RR  abs1,6d409bde819e0963
70303906,bd02d2e62d7bbdfb
 2017 4J,92fdba0af51b663f
ianpeng ,24d44d7e05498b8c
Cheng Li,dc0b49354f1305ce
 Dong an,b8e38ba8766f3e3e
d Mirell,916c46406c719a11
a Lapata,9201307c0271b261
 Long sh,1395dd35d8b05a72
ortterm ,244f8ab2090ac9ba
memoryne,c323ece24bfbb683
tworks f,6fd7d64273509cb2
or machi,bf7fbc7b0390330b
ne readi,77e8f647eca95766
ng arXiv,61953543b3cbd14c
 preprin,78e235c3972f97da
t arXiv1,5530ad4b6cf74185
60106733,44dd30692b9e9b76
  2016 1,49d3b68edc9ad866
05Kyungh,9c3ba8412931e281
yun Cho ,770f00fbcf33e687
Bart van,2a8a9a773fa27c1d
 Merrien,0aad191bcdb2cc4c
boer Cag,3ecc5dfe1499b063
lar Gulc,f1fa9504a494d8e7
ehre Fet,4b5157ebf5a1fbe8
hi Bouga,68d71ccce068d0e4
res Holg,66880a6a9bc0dddc
er Schwe,87afd8c563499ee8
nk and Y,0e8301fdf7e42cc3
oshua Be,2b69417470e96eee
ngio Lea,12f7243a4b5e4afc
rning ph,08353d25fe38880a
rase rep,a2cf29b386fc545c
resentat,f2c753f209ee84f9
ions usi,af4f77cb7a59ecbf
ng rnn e,3119ef89729c71ba
ncoderde,f52e8debe2ab18e4
coder fo,291fc57929d412bf
r statis,55b1ebe0fefae9a5
tical ma,52853d65f10dbf73
chine tr,b6b17c48d2875099
anslatio,b1ed2f3081760ad4
n CoRR  ,dc9ed60bcab02b85
abs14061,ad4331eb12d20f1f
078 2014,59e8cf8e2ba3f6e2
 6Franco,79b701fec6fe6d4a
is Choll,fe00976c1289e57f
et Xcept,35fef42b496369fd
ion Deep,9f3d37bacbc8bb9c
 learnin,3668ded8154034ce
g with d,66e06a849950ea1d
epthwise,5eb168e04dd03766
 separab,9055e068dfbde7b6
le convo,6395c33f59872bb6
lutions ,bf987d3301e392d4
arXiv pr,cd4b2db69a240fd7
eprint a,a4e632c17831f849
rXiv1610,995365c0df83baf5
02357  2,4251d234a954d9c4
016 7Jun,607f3da01d2a86ca
young Ch,5b793afb1dbdced1
ung agla,223ac29a9e2c7607
r Glehre,ef5a206e573538ee
 Kyunghy,aa4f1e73ed2af126
un Cho a,d601a1591d3107b0
nd Yoshu,def610b2ec98b61d
a Bengio,6c82c749595ea4b9
 Empiric,60170b22402895f4
al evalu,c8dc7dc30f5b0775
ation of,25ef1ceaf3f73516
 gated r,c2da6937457b4f36
ecurrent,3086d2bb615c8bc2
 neural ,baa33c09487562a4
networks,0d1b6edb461fe77a
 on sequ,8c24079f2d48bf45
ence mod,e777c7e6c3bad289
eling Co,e318aa8a6c0d30a3
RR  abs1,6d409bde819e0963
4123555 ,84084d4be081239c
2014 8Ch,76429d31a2ebb000
ris Dyer,86765f0b65381a87
 Adhigun,47b603853386648a
a Kuncor,4f2c24e023268387
o Miguel,91528d68ab616ec9
 Ballest,e42d16180623f267
eros and,71c8bee7a4ee62a4
 Noah A ,7c322ad8d3face37
Smith Re,aed0812f530aa6b5
current ,13eb3a8b991fc92d
neural n,49bfe65facf4c814
etwork g,7467895048637480
rammars ,a5a3acf16d500114
In Proc ,f68ec9ed33c94053
of NAACL,e1cfa6e99c8754df
  2016 9,8c39d454d3db2252
Jonas Ge,4bf538c313cf4f62
hring Mi,e303276b67a40c46
chael Au,1b137f0f16e7e8d3
li David,55a263c3ac1353ef
 Grangie,9ecb44cdf55daeb3
r Denis ,8736510f3642fda1
Yarats a,a8421ec61dd52197
nd Yann ,0ef917745ebcfeb2
N Dauphi,87180342094bae89
n Convol,477f86d5d8677ae5
u tional,a6920c114989f5fb
 sequenc,9bec22c44375cda3
e to seq,738a4873408d90f1
uence le,dfe51c61d7bfd42d
arning a,2ec610e571e73409
rXiv pre,2ca5462c9778ca6a
print ar,746917a0573286ac
Xiv17050,9316e83ca1c197c7
3122v2  ,0a343431f7d9e05c
2017 10 ,662ed740aded75c6
Alex Gra,432412d637a5b216
ves Gene,22f2d899467ba8d4
rating s,6a2f235422df3cb8
equences,6673c2354e18697e
 with re,8dad9d1699eac111
current ,13eb3a8b991fc92d
neural n,49bfe65facf4c814
etworks ,f4a3c09858b23bed
arXiv pr,cd4b2db69a240fd7
eprint a,a4e632c17831f849
rXiv1308,3c0da31149892a8b
0850  20,bac9233a4f1aaf02
13 11 Ka,8a91fedb74c97a4c
iming He,32b9c42889bf4b42
 Xiangyu,bb62f62662cf2c25
 Zhang S,bf3fabbcbb491278
haoqing ,f4d2c9208d25d455
Ren and ,2a17f0cdcdaf20db
Jian Sun,659f93a0b8989905
 Deep re,9dbf7732f16bce97
sidual l,0265144001d3423c
earning ,69ae8976901e6ba0
for im a,9a010fb19adc51b3
ge recog,f4c82f8cc129c426
nition I,f73b48e1952f189e
n Procee,f0658aac5b3ec411
dings of,302dc97e9711192a
 the IEE,9e4a1b3c75461ba4
E Confer,3ab3667cfb6fe2cd
ence on ,7f422db273e212c9
Computer,96e78008fc528aa6
 Vision ,e32401e9b028f6a5
and Patt,fea27d85fd1ec40c
ern Reco,00ce7e8ba5fb522d
gnition ,3a002b4fdd7e5aad
 pages 7,35eb8230bc955be5
70778 20,d6a3fa23d0d254ec
16 12 Se,d2708e4d4b83e821
pp Hochr,c08939626cbb4f28
eiter Yo,265acfbc23192f7c
shua Ben,5774ba4c9cc94795
gio Paol,2665eb33dfdb3571
o Frasco,e567f39b405d9ce7
ni and J,eca55bdbbf6bcc48
rgen Sch,6e9d118028e96829
midhuber,e6c80bb3c7c961d5
 Gradien,67a4ee34221dc085
t flow i,e19eba50a6d0c48c
n recurr,d0af0e32155cb27c
ent nets,7bd76389ccabb7b5
 the dif,637661a125c389a5
ficulty ,273d8b9e7535f410
of learn,b4fba4d2db2ea3b1
ing long,5c43ce5885835602
term dep,3e282caf503a144d
endencie,6e0b25307d5d95da
s 2001 1,58c295155a8159f1
3 Sepp H,48031984d0dd46ab
ochreite,9ddd73b2c7016d3f
r and Jr,42125a59195e9c22
gen Schm,ad5db8160bb41970
idhuber ,0ee1c28d607fb66c
Long sho,07e4c3bed38f00ed
rtterm m,0a8d066013bd65f6
emory Ne,7d1389d6145c26b7
ural com,3993200bf58e46ec
putation,7c1a357ef24d0ea6
  981735,70ef6dc881d8585f
1780 199,4b813b1d38ab34ed
7 14 Zho,f163eba0bb5ffcfb
ngqiang ,4fe7ce9fdc5ecc22
Huang an,7620c12f65cd320d
d Mary H,8656b9b200e6e110
arper Se,a7f89ea28f3f6b99
lftraini,a9506a6a80e0c22a
ng PCFG ,7cdfc294a917700c
grammars,2e97abf1affdb81d
 with la,8bd748cd71bd42a9
tent ann,38b163aed9d617d2
otations,d79440edbdeaaebc
 across ,ec713d26f9cee2b2
language,e3da75da9cf91ba9
s In Pro,7247d9e769ee8c1f
ceedings,615048fbf6ebd1ee
 of the ,cbc6510a2493d347
2009 Con,4bbc0c65c130d025
ference ,bae3972cd1f50dcf
on Empir,2f2ba260a998b5fa
ical Met,347f93b73ee52755
hods in ,7ad6d873a2d61e9b
Natural ,e8c9eb06709bc315
Language,1676fd621057cbc8
 Process,56b285c3941e7c0c
ing  pag,0dde5ffc2d08c869
es 83284,28c35d9f36ae17c2
1 ACL Au,0b2a841ff4a5bffa
gust 200,811d70c99e228b05
9 15 Raf,aa3e2a5e6d30a8e9
al Jozef,9be6e2ef57331e2b
owicz Or,d453a6baed77cf51
iol Viny,0d85fd9a628aa241
als Mike,5e9cd43a0856732b
 Schuste,9fdcf3705d5fcd0d
r Noam S,54fbe121a9abff27
hazeer a,e8cbcd959e8db8be
nd Yongh,2db789b7b05cb05d
ui Wu Ex,c34dcb91b57c5f11
ploring ,8e6d98a9981ce8c1
the limi,f52dd49014f0f407
ts of la,f6ead4f4e6e3a754
nguage m,db9ad1f9c9958819
odeling ,60ccbf84f751ad69
arXiv pr,cd4b2db69a240fd7
eprint a,a4e632c17831f849
rXiv1602,7254b91d33822ae7
02410  2,c0b97dd56a4c8307
016 16 u,3057c8a56b5b22b2
kasz Kai,f800077e8c8fa9df
ser and ,4dda1c1739b5153f
Samy Ben,5517ea264c6b17c9
gio Can ,41eb84045b10b99e
active m,5c554eac7695df30
emory re,7f04c7f23dbf7e4d
place at,bcef9aada504dd63
tention ,bec8bff240e01117
In Advan,f460e8f7807d8175
ces in N,5038fa53df63fe5d
eural In,7df7d1b577ded3ff
formatio,94807bc035b92076
n Proces,c414f4c2105dcc73
sing Sys,ff73d10b38a9a951
tems NIP,8e6fb58f58e2a8cc
S  2016 ,a8f7a8c5cd65beca
17 ukasz,cbbefb86e88a3d0d
 Kaiser ,98869fd5b83e4501
and Ilya,6e05b78e1918ac73
 Sutskev,e54157ba0af5cd15
er Neura,d3ae1f38da01ab65
l GPUs l,9accc38526c1b745
earn alg,078541dba435b566
orithms ,b195cd49d53ad7d7
In Inter,c0010e45f5b2ae86
national,0ac68faf825b3afa
 Confere,5dcd7e451f34c9d8
nce on L,010cf4a77885551e
earning ,69ae8976901e6ba0
Represen,52e954fa35b1721f
tations ,a480faa375e06797
ICLR  20,6f4baa87c1fc882f
16 18 Na,b7b1af569fe270f5
l Kalchb,dc667885cc2cc648
renner L,5e2e59405277a39a
asse Esp,9ef0af3541219244
eholt Ka,1120e050aa0470c1
ren Simo,0afaac27768d2560
nyan Aar,11ca10220022767d
on van d,2cd0d06ec0871267
en Oord ,9fb9126116086633
Alex Gra,432412d637a5b216
ves and ,ee6398bcee3ab7b1
Ko ray K,819237b8fad42e83
avukcuog,73897ae942eab85b
lu Neura,554f5a8f8eb60d06
l machin,8ef90db2db85703f
e transl,5548ba956577b934
ation in,34c4ce4bf7e64095
 linear ,c843bb64daebc6ec
time arX,62d12a4825148c54
iv prepr,02556eee5d2247d4
int arXi,6671c429ab314d9d
v1610100,b9440c9be7715d5e
99v2  20,3954df875aac4cf2
17 19 Yo,c5b56be70991df50
on Kim C,6347e53a7446e96d
arl Dent,bb33490b8fc44fb6
on Luong,7075231384e1f85c
 Hoang a,eda3df8801ff5042
nd Alexa,f617cfc07589d884
nder M R,df158543bff81f23
ush Stru,b9a8fba9859b1c6c
ctured a,588964dbcb4d0c22
ttention,d632f39d81199274
 network,a8c83ed3d8a067cc
s InInte,1c376f5cc2b13175
rnationa,9aa5d833b15cfc9a
l Confer,91793e9acf209c55
ence on ,7f422db273e212c9
Learning,806343e152425b4d
 Represe,76a9982560f9c037
ntations,e3c8b43f15d00e18
  2017 2,0c90796aff78e4b3
0 Dieder,10ff2a8a905272b9
ik Kingm,0666655f4500157c
a and Ji,1a2129d2bb2ead8d
mmy Ba A,bfdb2e829c02104a
dam A me,66022948957ddea2
thod for,eb556fa1d0a6b248
 stochas,a4729280dfff6bdb
tic opti,9cf9a702f6391e1c
mization,c82743d9bfce16af
 In ICLR,82c461234626a5d0
  2015 2,c75011951f496d73
1 Oleksi,d06f2c13fe5a3ab2
i Kuchai,f67de2e8bf876723
ev and B,6a35c8e1cecf84d2
oris Gin,08221c58904e3490
sburg Fa,b15fec27501037f0
ctorizat,8f6810240c80e9cf
ion tric,c8ab2fad59aa35f3
ks for L,ad969893a5144838
STM netw,d59675e8d7ecef65
orks arX,a5659684b9b90fb5
iv prepr,02556eee5d2247d4
int arXi,6671c429ab314d9d
v1703107,62bd511d68551fe6
22  2017,82ee74e39e7ffd05
 22 Zhou,5053e9599a6e972d
han Lin ,99e26b07c17f02a5
Minwei F,460fc62d53fd1111
eng Cice,a0c1601cad14bf47
ro Nogue,ce33a579c4b408f2
ira dos ,dc9dc580683fa33d
Santos M,93757fa116e42ab5
o Yu Bin,63c314e62ea71640
g Xiang ,d9d3c9fbc9e5ee5d
Bowen Zh,7319454c402b19cd
ou and Y,36ac3a094992cc16
oshua Be,2b69417470e96eee
ngio A s,a3e004678f5fde94
tructure,4e485af729c4180a
d selfat,3e4072f8ffaa8eb4
tentive ,55a53f7b15fa69e4
sentence,a80bde98d3cded60
 embeddi,81d5361e19cd5c61
ng arXiv,61953543b3cbd14c
 preprin,78e235c3972f97da
t arXiv1,5530ad4b6cf74185
70303130,1b7a113444e9c70b
  2017 2,0c90796aff78e4b3
3 MinhTh,93fd1466a5e6376f
ang Luon,0d5018340d5eee41
g Quoc V,2ad414075575997f
  Le Ily,c4c1c1b7c4d76e24
a Sutske,a46c50c01e6fe186
ver Orio,86da2d5f38a39a6d
l Vinyal,5186518e1cc43d40
s and Lu,b66980f2fcb8eb56
kasz Kai,f800077e8c8fa9df
ser Mult,581d18f94936d458
itask se,6c70afcf1667d514
quence t,91f0ac55c4444946
o sequen,ee269955c3d9ff81
ce learn,c2f170bb2456e2d4
ing arXi,2d4db2b2218975c7
v prepri,9a8c3aa1cb282030
nt arXiv,fc0c849ed57c4cdb
15110611,f87793fafdec0f17
4  2015 ,94db613a6d4d3dea
24 MinhT,7801e2702979d80e
hang Luo,3f6927bdc780ff35
ng Hieu ,cef4d8958e371288
Pham and,f39ba77f817a725a
 Christo,e4bf6eb053ea13ff
pher D M,ba9b36b47945d0a8
anning E,07cf32e9fa60c18d
ffective,571ac4f57e28e6e5
 approac,3d996d996cbb591d
hes to a,b239a6a21be30016
ttention,d632f39d81199274
 based n,45aef37c52d89e2e
eural ma,948f9a92e1fc429b
chine tr,b6b17c48d2875099
anslatio,b1ed2f3081760ad4
n arXiv ,94807f024b838fdf
preprint,d3d93f754d95591a
 arXiv15,f8ca927f2b0ab2a8
0804025 ,001d46459ea7b766
 2015 11,dbe62a26426cb5ee
25 Mitch,0b6bb0edf8d4615e
ell P Ma,eb9f275abc5a552a
rcus Mar,ba34be78057c2341
y Ann Ma,60a7af89cdc8ff8d
rcinkiew,c7f212f846f26a6a
icz and ,a0c3abcb8dcdc121
Beatrice,525f5d2afe8ecde9
 Santori,1bd8ed1d47e6cc85
ni Build,2f94acae297f3586
ing a la,e4d777961f18c8ac
rge anno,aec3cc47f95edd3c
tated co,cfe17f985145e085
rpus of ,252304e4fff0481f
english ,434db8556097af40
The penn,104cdb3575678338
 treeban,1aa718a72484f679
k Comput,85d0b08c1f3ef3e4
ational ,8f632134d6eb0ca0
linguist,5f969446138532a3
ics  192,e4d720354abd89dc
313330 1,bfbe8b51ec4a9221
993 26 D,5fa0cc2327ad661b
avid McC,92b1872138aa9a56
losky Eu,d562ebdb92b5dd2b
gene Cha,677665fb8b62e2fb
rniak an,0aa8121366472536
d Mark J,562db857cabfd62d
ohnson E,3ae4b60a6d90b071
ffective,571ac4f57e28e6e5
 selftra,b9359e1993ff55b4
ining fo,acd386558850de16
r parsin,2c9a2a4f2d215b5b
g In Pro,3a00724305b31ad4
ceedings,615048fbf6ebd1ee
 of the ,cbc6510a2493d347
Human La,73333335bf1e436d
nguage T,27a33453b8e25090
echnolog,457f34182f6e1d30
y Confer,1d78aa063f95ca3d
ence of ,5f14096fbceaad0b
the NAAC,27cdd7ff6d4743f1
L Main C,2e77b91242eef0a5
onferenc,d4dacb9781fcad88
e  pages,a40279a3c63a8aa9
 152159 ,a7c02e4d1e601731
ACL June,e6484ffabedd1f87
 2006 27,cb1a213068844706
 Ankur P,7872d49163e7af15
arikh Os,9dc85317c367fe6b
car Tcks,ae190fa22df0e153
trm Dipa,f41ec494f22f5f34
njan Das,f0ad823ad3dd9812
 and Jak,447539060d1a8c7f
ob Uszko,318e8f2839985cff
reit A d,b6682c1a32494266
ecomposa,b28721118a71d790
ble atte,42a9da53b97c9372
ntion mo,116ec2486aa72807
del In E,5e6409b8cebee6ad
mpirical,b7a41457fac4429f
 Methods,85bfb8412988756a
 in Natu,994d54ee6357530e
ral Lang,2348f5610eafccdb
uage Pro,6108325c93c2a9a8
cessing ,d324630b8473c3bc
 2016 28,ec8b8e7de57c8894
 Romain ,ba8fe6ef6497183e
Paulus C,45b200066f8f75d1
aiming X,db9aef0f0d193637
iong and,b8bbcad1866e886f
 Richard,1575bf69d2658c4e
 Socher ,f67bb14ec0cc7129
A deep r,0842555840b8e04f
einforce,41971c33d78d51e6
d model ,4084647f7c996b71
for abst,8027848ec161b3cb
ractive ,07767a6553546449
summariz,5b0368ded8d5d5cf
ation ar,89be93432b092cef
Xiv prep,f9e3e56c5c48cab3
rint arX,d25b20bee784877f
iv170504,72da6878850804e0
304  201,1fd480653ce77397
7 29 Sla,a8b399a1764d11e3
v Petrov,663b1b58eda6294b
 Leon Ba,804786ef462e6a78
rrett Ro,e96679a038b7285f
main Thi,b2183cbe3946c196
baux and,8313bf1bdf17ed0a
 Dan Kle,9f5657b7432db980
in Learn,4b54cdf717526863
ing accu,e47c7e2072e5bd20
rate com,de1c64438d2d39bb
pact and,e1d6015c56e73015
 interpr,ef6ba9d4871ebcd5
etable t,5ce89b00140a5052
ree anno,16f97468238e5645
tation I,47ca72f3f131047d
n Procee,f0658aac5b3ec411
dings of,302dc97e9711192a
 the 21s,ecab67a1fd0e56d4
t Intern,400378e11ce33c79
ational ,8f632134d6eb0ca0
Conferen,7c2622e4ca2e130e
ce on Co,c6162a31f0392e47
mputatio,98249c37d1389ec0
nal Ling,0e8c0cef8ddd20f5
uistics ,077cc07200f8c235
and 44th,5c030bd18f852ac1
 Annual ,698ed30f0d359080
Meeting ,f43314054085c846
of the A,eeace3690774d6e1
CL  page,344871636c4cf506
s 433440,4671ea3cacb55b96
 ACL Jul,b96589ce6159b4ae
y 2006 3,abbfa05a7d9d6fd6
0 Ofir P,150340bf2ff8953c
ress and,f9067b2b28dc8ce1
 Lior Wo,cff2229a2fff46bf
lf Using,6dbc7c53fe0b293b
 the out,d1a8019dd4a61c58
put embe,682f261e806995d2
dding to,1d51b3e85e28ccac
 improve,8da8586907171003
 languag,8137251b2ac39d0d
e models,7a51c6a247f49f2e
 arXiv p,ab7761658331386d
reprint ,636900d7cc25572e
arXiv160,084775c7125b1466
805859  ,672b84d5a19f87b0
2016 31 ,cb266441d60736c8
Rico Sen,2d4ebc8d05292390
nrich Ba,508fd5c58e89d1c4
rry Hadd,82ebaf7dd658f665
ow and A,bf85e1065e083c77
lexandra,4044afaedac0057e
 Birch N,8d23de66c076046f
eural ma,948f9a92e1fc429b
chine tr,b6b17c48d2875099
anslatio,b1ed2f3081760ad4
n of rar,1c0502d09b0b0207
e words ,a4f50ccc219ece17
with sub,c5a4ab18ccc1f308
word uni,5913ea5c461a54ac
ts arXiv,a8f64b8a857fecc0
 preprin,78e235c3972f97da
t arXiv1,5530ad4b6cf74185
50807909,e631425a6a66f835
  2015 3,00626faf61f4e53d
2 Noam S,f45547c947ee2a21
hazeer A,b5f78cecd7d155f8
zalia Mi,33872f85716c578f
rhoseini,8bb04a480f1b4763
 Krzyszt,c0383aaa82d05bf7
of Mazia,85ddaca8fd5744b5
rz Andy ,2ef571fc15e7e065
Davis Qu,e6b27ce0755c92f8
oc Le Ge,5b96794eeb25e7eb
offrey H,a734dd9d7f1eec3b
inton an,f24b2a92e640c078
d Jeff D,8c7bdfea5ae64207
ean Outr,41562dd5f1543996
ageously,d61c3b08980c0f43
 large n,a75a4dcc9ad69746
eural ne,6a304feeefc57c53
tworks T,b315256d9c4816d4
he spars,a66ab5ff5a9f45a6
elygated,0110540591d894e1
 mixture,f936b59aff00aea4
ofexpert,77fe7b9df4aeacb4
s layer ,24e3914fe0b0136c
arXiv pr,cd4b2db69a240fd7
eprint a,a4e632c17831f849
rXiv1701,5c300881a33e47f2
06538  2,dfa8026c74926561
017 33 N,050e57db24d8fe33
itish Sr,cedc57b021c689dd
ivastava,02cddeee8c1d6933
 Geoffre,c880c1e255ab7556
y E Hint,cc8c8908a6ce188c
on Alex ,1b68ca529e35624c
Krizhevs,b36f97de1d66907a
ky Ilya ,be1212ab28f43dc5
Sutskeve,1605dd3dcbe2157d
r and Ru,708a6bb988bfa04f
slan Sal,88b149418d37e9e9
akhutdi ,6daf9c6935bdf9ff
nov Drop,7e545f7d489c67e4
out a si,56d56e248244c683
mple way,7ce199bd424e84d5
 to prev,52757f18a7e44818
ent neur,1b74ac7e2cc34123
al netwo,cd8bf77cbfa6111c
rks from,311392ababaf8f49
 overfit,660480adc25b8547
ting Jou,0921c1a21e693350
rnal of ,89bbd06ca878eb12
Machine ,04c54d6ef3df2b3d
Learning,806343e152425b4d
 Researc,eb2b2be48681b413
h  15119,ac9666da1b4b8b6c
291958 2,8c2abc816eba3c00
014 34 S,a23f18bda5ae0f08
ainbayar,4de4498781df2e8b
 Sukhbaa,8a4813f125cfe263
tar Arth,f733deb7c879668f
ur Szlam,10f9841913dfb627
 Jason W,de8599cfdfce1811
eston an,7c61e55a62986145
d Rob Fe,5dbf7a606dbf3477
rgus End,e7d2f4e1eef46c09
toend me,4eb1f3a7726fdbc8
mory net,6511566787a514ac
works In,b7ce7ddc486f499f
 C Corte,d5446974779865da
s N D La,11a4ab6c84154800
wrence D,d12beab01cbf7a88
 D Lee M,04fdfe78ce7d077c
 Sugiyam,c7245e143b3acc4e
a and R ,c899a19f001c1d33
Garnett ,f692c52cb288207e
editors ,b0e67d1053f1a615
Advances,fba3d6a9ebf63169
 in Neur,d7799c7b95b94710
al Infor,87420ab2a96d9488
mation P,690b9179a2d79c02
rocessin,cd0e9ade9e46486e
g System,ac07c158cd9fcf2c
s 28  pa,8887f96504d9d460
ges 2440,d51e3bd3cf67100e
2448 Cur,57c1bede898870c7
ran Asso,be3073f46e93962d
ciates I,e45590ab3720f529
nc 2015 ,4983acfdeee20a6d
35 Ilya ,20a2323cfde08f3b
Sutskeve,1605dd3dcbe2157d
r Oriol ,6226f4b3bcd97f98
Vinyals ,fc71b4fd1779a209
and Quoc,43b2278f925d3140
 VV Le S,a85d17c553fa3db9
equence ,a6c68f905666e694
to seque,d2164b9ffda211a3
nce lear,6898f3e6cf99300a
ning wit,9d6bdc2245e74336
h neural,29ff9edc72ffc4cc
 network,a8c83ed3d8a067cc
s In Adv,f93aeee1db7fa696
ances in,ac577c6a1da3e0c5
 Neural ,a631fb5bd58cde2b
Informat,f77ec893454f2842
ion Proc,3300bee01a3fcd0c
essing S,0761d14ef84c3829
ystems  ,57f1f5aa3469dc49
pages 31,6a25ea690bd0eec1
043112 2,bc1d6eb8c1a04681
014 36 C,0e3e44306b8be162
hristian,e77aa043fea60d81
 Szegedy,7b2753fd1391b1ef
 Vincent,7a035a2f10c7876b
 Vanhouc,4843600eda075bdc
ke Serge,d37e6df2e86ccffd
y Ioffe ,863b6555cc7fffba
Jonathon,ad0475c9bbc9006e
 Shlens ,c9c086150bf6f1cc
and Zbig,7dec60635f3d5d6d
niew Woj,d4c6e24b6253b3d6
na Rethi,d862e026b062dd7f
nking th,228c28d309c466b2
e incept,2e92601521c8e003
ion arch,c0d4a1d470d50759
itecture,d7bd1451cc7a6f19
 for com,1f26a0dd946ed32f
puter vi,872178c17cfa38e3
sion CoR,b25603cb3f8d59db
R  abs15,854b4e39bcb129ff
1200567 ,98a6c496e80ae9b5
2015 37 ,9d59d3b680c82900
Vinyals ,fc71b4fd1779a209
 Kaiser ,98869fd5b83e4501
Koo Petr,970df7264530cb4f
ov Sutsk,1b0c9378bfe486ea
ever and,eacdee434789283e
 Hinton ,6ed6f6a6f3ca4e7a
Grammar ,1817a12ac749e948
as a for,34942a47b50c617e
eign lan,77d1afa7e909c233
guage In,7de70ed8b0283cd3
 Advance,656839264f725edb
s in Neu,b4cd569a00bc4ada
ral Info,330d05a92e2510e0
rmation ,8777b77f8d939d91
Processi,2427af4b6abc3166
ng Syste,55fac0cf9bd8dfc0
ms  2015,d78e02a71f76e164
 38 Yong,bd4c0898fd941f91
hui Wu M,fa072c69a7875f9a
ike Schu,9a55ebad5c1c9734
ster Zhi,2465aa59a426e798
feng Che,6481f29da6a19624
n Quoc V,b9324d44ac931546
 Le Moha,d76169b91ff5237d
mmad Nor,20a00c957b36c19f
ouzi Wol,34b9f5d79912d2bf
fgang Ma,44304116afe1c0d3
cherey M,d6aef7291ddf9e21
axim Kri,583450999b0067cf
kun Yuan,4cc88cb2a020371e
 Cao Qin,2578c44d9d6183e4
 Gao Kla,7ca56bea477bcccc
us Mache,2ef3f54e7aec2079
rey et a,52ec2aba5ee125aa
l Google,aab2c1bf2bdb9af5
s neural,b2cb757afa7db8b7
 machine,484392711f8d7876
 transla,fceda6f8ec5558b1
tion sys,dada92f7091214b5
tem Brid,f530d80b08e6afa3
ging the,a44e1856db852f0a
 gap bet,fca0fdbc6518d719
ween hum,cbf6a7424cab8141
an and m,717fb35aadbea40e
achine t,de08e3b04a6cf473
ranslati,0a58ca6f37e02f17
on arXiv,8fe89a2522729a73
 preprin,78e235c3972f97da
t arXiv1,5530ad4b6cf74185
60908144,a2fe71b5a42bdea4
  2016 3,67a39b7d59a55e5c
9 Jie Zh,52d415452e175b92
ou Ying ,55a9331472fc368f
Cao Xugu,a956ee785a59aa68
ang Wang,ae80cd1e9c61a633
 Peng Li,cb8b902a693e776f
 and Wei,0f6faf80673fc8e7
 Xu Deep,f759398761d401a8
 recurre,886ce89a821268a5
nt model,5dfa0992f5d00a70
s with f,004414057bfb2028
astforwa,85b0c0f9b6adafb5
rd conne,dc36980d5c2f8f01
ctions f,25cca70775324dc2
or neura,2f56dfd8e83c8a5e
l machin,8ef90db2db85703f
e transl,5548ba956577b934
ation Co,2a605a7f6a4d9dd6
RR  abs1,6d409bde819e0963
60604199,73768c19c18ae62d
 2016 40,22f9ba0b9a964850
 Muhua Z,0676174cb3c96229
hu Yue Z,d12dc0de0935c38a
hang Wen,1b0f398b4b82995d
liang Ch,9667e2c5ce1f1ebb
en Min Z,56d11abb599d5f9c
hang and,ee39ff155308476e
 Jingbo ,a996692cef103f8b
Zhu Fast,7098bc321bc5fea3
 and acc,64fb70971244c491
urate sh,e6a5eb73051e089f
iftreduc,5d3d9b01174b2ffb
e consti,26ee48cea3aa8fe0
tuent pa,8d7fdb21cc43f878
rsing In,2447e904870e972f
 Proceed,b851eefb4a9db92f
ings of ,6e94430ee7581f79
the 51st,bdbb330622a3e81f
 Annual ,698ed30f0d359080
Meeting ,f43314054085c846
of the A,eeace3690774d6e1
CL Volum,1f5dd816d7a5133b
e 1 Long,7e86073e5b7425c5
 Papers ,2a818690df677abc
 pages 4,9a22fdc3b8863ae2
34443 AC,bff22ec9a774c439
L August,eb516bede210131b
 2013 12,77424369af748d43
Attentio,6bda02b56237d930
n Visual,c97725de70f30854
izations,83ad8f79ef39a0f4
 InputIn,ff5706961aaf3186
put Laye,3b0326b870ae108f
r5 It is,8ebaccd064036908
 in this,c724caa458ed9a9d
 spirit ,3a769c394fca3abe
that a m,2e8a8d62a2ba94bf
ajority ,73293e0b4a670288
of Ameri,3a42c9baa817608e
can gove,7d3526fe76e3ba12
rnments ,29d5508e91071e04
have pas,36511598a6117f01
sed new ,c4e7f7ee68401a99
laws sin,e5fa5aa8cce19f3c
ce 2009 ,3da817937f786445
making t,5467c893eb286f7a
he regis,5b11a535d34466ea
tration ,d8b92dd753c98064
or votin,bac4572906e86b2c
g proces,93299e837539b418
s more d,e90c55485186d4c0
ifficult,01f8227c26ee2049
  EOS pa,df0cd5545e2e5309
d pad pa,f914f645d4ee394d
d pad pa,f914f645d4ee394d
d pad It,7a9a0f9836358e21
 is in t,4978ff1f9fcced3f
his spir,dfc9cf18c9b11cff
it that ,f6a90d36267640e2
a majori,d92375dcd57449e3
ty of Am,9500db3a6b5c2392
erican g,6d8c2f1270eadf52
overnmen,94b9defb97522b96
ts have ,f3f0ab9849b61525
passed n,f20f4810727d37f3
ew laws ,74f1c70a962eb442
since 20,c6ddfa97d13c5498
09 makin,e4a0f288feb8acb3
g the re,292090f09f4852f7
gistrati,b9e0858406343d4f
on or vo,2a4cadf7080d455d
ting pro,a754372bb1e915a0
cess mor,c74d60d9bac45f81
e diffic,d7c7f0c115517379
ult  EOS,071c62022d9730e4
 pad pad,e49285c2890b46c3
 pad pad,e49285c2890b46c3
 pad pad,e49285c2890b46c3
 Figure ,eb7d372b6b3b7af3
3 An exa,8ef9eb5f16d8f321
mple of ,7670ffe748f69526
the atte,f47054e40d61387b
ntion me,516161aab6ae7d2b
chanism ,a1f401436ea7bf29
followin,622c61a32081aa1d
g longdi,d13d36c77cd5b36d
stance d,19a1bee2e5773b89
ependenc,294a8c3adea0e88c
ies in t,027ee760e652938f
he encod,f9873470e8c46dcd
er selfa,8580bfb05087383e
ttention,d632f39d81199274
 in laye,f3252b173d48a24d
r 5 of 6,347e14fa63754ed6
 Many of,83540aea0d333535
 the att,2160b2f0b310bba0
ention h,22ba0054b141c1fd
eads att,76c355bed7cd717a
end to a,504f15d7b0e83cc3
 distant,90d61d4a7c4cc23b
 depende,0f47f159647aa4dc
ncy of t,ccd0e9db2ec06b31
he verb ,f4391eb253e1cb83
making c,4290d50cc36e40d9
ompletin,eaf71626337e0c6b
g the ph,e9ff99ec08bbafd7
rase mak,73a4e487f0de5b6b
ingmore ,b9e19174cdc8494a
difficul,d91b86afd18a0b20
t Attent,55bd91395f0c1bfb
ions her,78567792a8c29e3f
e shown ,79d1b01d2f9f0036
only for,70c944055fe7b6dc
 the wor,25bf00dadbbc9eff
d making,97c5ed133f127d78
 Differe,8acd26c7e0325c41
nt color,9eda3bc554d8b680
s repres,8cf52e962ec0e998
ent diff,17b1e089ec981d41
erent he,11d05bca8c820074
ads Best,653d0a3a23fa8cec
 viewed ,4b79ae802bc52628
in color,a56f95ceb3f66492
 13Input,4b1719c9372642ba
Input La,e9d8dea9afe451bc
yer5 The,59ed08f9e74ce273
 Law wil,5a2a113446e3c37d
l never ,0dc3a735b5d0969e
be perfe,10ea010be5af1e3e
ct  but ,e27863f1f0e3f738
its appl,b1862f6b096a534b
ication ,af066163c5dd748e
should b,5f0fdd989de51835
e just  ,156fa0eefd96502c
this is ,f2b37f278fb4ba1c
what we ,0c9c28396169031d
are miss,7320412b07a97bcd
ing  in ,f78a4147b0aed42b
my opini,ac73bbfe860fe219
on  EOS ,b14ea323963481c1
pad The ,1dbdfd4a21e096f7
Law will,52d2ff209e9925ed
 never b,554cc580bd95ba86
e perfec,03d5d9b7b06796ff
t  but i,2958b6cbca6e1bfd
ts appli,5353fc0e34c04113
cation s,01e3b7c55068f885
hould be,8ff1537b081bd4d8
 just  t,a4bc1dad12378959
his is w,e55927190aacffab
hat we a,55a436a8d0bb5051
re missi,c2fd858fa4efa953
ng  in m,684e142aea60041d
y opinio,8dc44bd0c72b22fd
n  EOS p,1a7b91b8c81f3c1e
ad Input,8bfd0c011812cf66
Input La,e9d8dea9afe451bc
yer5 The,59ed08f9e74ce273
 Law wil,5a2a113446e3c37d
l never ,0dc3a735b5d0969e
be perfe,10ea010be5af1e3e
ct  but ,e27863f1f0e3f738
its appl,b1862f6b096a534b
ication ,af066163c5dd748e
should b,5f0fdd989de51835
e just  ,156fa0eefd96502c
this is ,f2b37f278fb4ba1c
what we ,0c9c28396169031d
are miss,7320412b07a97bcd
ing  in ,f78a4147b0aed42b
my opini,ac73bbfe860fe219
on  EOS ,b14ea323963481c1
pad The ,1dbdfd4a21e096f7
Law will,52d2ff209e9925ed
 never b,554cc580bd95ba86
e perfec,03d5d9b7b06796ff
t  but i,2958b6cbca6e1bfd
ts appli,5353fc0e34c04113
cation s,01e3b7c55068f885
hould be,8ff1537b081bd4d8
 just  t,a4bc1dad12378959
his is w,e55927190aacffab
hat we a,55a436a8d0bb5051
re missi,c2fd858fa4efa953
ng  in m,684e142aea60041d
y opinio,8dc44bd0c72b22fd
n  EOS p,1a7b91b8c81f3c1e
adFigure,c302be680f6d0e68
 4 Two a,e14a3c4d03b27008
ttention,d632f39d81199274
 heads a,bc29bd6fe8a7b986
lso in l,c1cbbee1ac01b9ee
ayer 5 o,0019f084cbe9d581
f 6 appa,70a5f4e444f80750
rently i,933eadd537573ff9
nvolved ,9794643a45bcb568
in anaph,6ae23c217ee85245
ora reso,b23d69e578a236c1
lution T,ef58ce95570d824e
op Full ,7e84e3a4092064fa
attentio,549a01a8b23483b4
ns for h,59b772147ada96ec
ead 5 Bo,49bf75659c912112
ttom Iso,cc47677553e36627
lated at,453245560d7db8ab
tentions,662c74a0dea17859
 from ju,a33ef896ae3091c3
st the w,5ab173d342306198
ord its ,f79964296da0cac9
for atte,da1d7d37ea8631b0
ntion he,f95126bb2dc8cec2
ads 5 an,94be603a62ae0852
d 6 Note,a0a41551038eff19
 that th,b15b347c1807be97
e attent,711d530753f74ef8
ions are,7a1a373fe72abf99
 very sh,e8c01631260738b5
arp for ,ce63a2cdc8d3a228
this wor,a84fc30a71a2fe9e
d 14Inpu,9382b7275082ec24
tInput L,6bb1b4a22d1922bf
ayer5 Th,a61e42dbf0e4d828
e Law wi,66086c1703214542
ll never,7aa84c2fe2fa1713
 be perf,e043bc1b594192c1
ect  but,21881cc0ae10cb6a
 its app,b1b4645111de2471
lication,6fd0b89e098f0ecd
 should ,2e5623b5c43c341d
be just ,03cf799af45a8550
 this is,770639f49a325de8
 what we,fa80aded8e4072d9
 are mis,2c1eaef57a72437e
sing  in,2e1171164ef40fc8
 my opin,5e5f9c8825fef087
ion  EOS,c0402280658b5cfa
 pad The,97caf1cc5bc2e713
 Law wil,5a2a113446e3c37d
l never ,0dc3a735b5d0969e
be perfe,10ea010be5af1e3e
ct  but ,e27863f1f0e3f738
its appl,b1862f6b096a534b
ication ,af066163c5dd748e
should b,5f0fdd989de51835
e just  ,156fa0eefd96502c
this is ,f2b37f278fb4ba1c
what we ,0c9c28396169031d
are miss,7320412b07a97bcd
ing  in ,f78a4147b0aed42b
my opini,ac73bbfe860fe219
on  EOS ,b14ea323963481c1
pad Inpu,cb397a4872058ac2
tInput L,6bb1b4a22d1922bf
ayer5 Th,a61e42dbf0e4d828
e Law wi,66086c1703214542
ll never,7aa84c2fe2fa1713
 be perf,e043bc1b594192c1
ect  but,21881cc0ae10cb6a
 its app,b1b4645111de2471
lication,6fd0b89e098f0ecd
 should ,2e5623b5c43c341d
be just ,03cf799af45a8550
 this is,770639f49a325de8
 what we,fa80aded8e4072d9
 are mis,2c1eaef57a72437e
sing  in,2e1171164ef40fc8
 my opin,5e5f9c8825fef087
ion  EOS,c0402280658b5cfa
 pad The,97caf1cc5bc2e713
 Law wil,5a2a113446e3c37d
l never ,0dc3a735b5d0969e
be perfe,10ea010be5af1e3e
ct  but ,e27863f1f0e3f738
its appl,b1862f6b096a534b
ication ,af066163c5dd748e
should b,5f0fdd989de51835
e just  ,156fa0eefd96502c
this is ,f2b37f278fb4ba1c
what we ,0c9c28396169031d
are miss,7320412b07a97bcd
ing  in ,f78a4147b0aed42b
my opini,ac73bbfe860fe219
on  EOS ,b14ea323963481c1
padFigur,9627a27f92bd75dc
e 5 Many,60023e37ce13d6bb
 of the ,cbc6510a2493d347
attentio,549a01a8b23483b4
n heads ,8c23f747fb69bd87
exhibit ,0e17162ebe9a9890
behaviou,c9faff92d1420250
r that s,574f32c6d16da30a
eems rel,f9a68e4397569dfd
ated to ,da921587f336ef52
the stru,38de4f501461bf8b
cture of,6643039eb8ffbab4
 the sen,ba31c396eb2f4fef
tence We,a0459a4f15cce482
 give tw,0411581b7e3ba4f3
o such e,548d36e6dd1a9580
xamples ,fa6ed4bede391e04
above fr,b0597951aecfc06a
om two d,9bacf16dc7b75fb5
ifferent,b3d5753a8bf63f6c
 heads f,9785a1dbf92593b5
rom the ,53e061f457f4e5cf
encoder ,f20ec47b94405e1f
selfatte,47b9ec92fd258150
ntion at,9e2192c5030b112b
 layer 5,7f9583bd2cd76d9d
 of 6 Th,c9bfa3fe8cc3fe2c
e heads ,4c74fbec32443f39
clearly ,7545bf9ca2275b2a
learned ,c3406248c0a01d09
to perfo,7fb99a25dff28203
rm diffe,6e2c41bf9eea861d
rent tas,6d436d0680b2b874
ks 15   ,466afd3561bb0ac9
