Plaintext,Ciphertext
aaaaaaaa,61616161c7fb03f5
bbbbbbbb,626262626c8c9c70
cccccccc,636363632011068b
dddddddd,64646464d86babf6
eeeeeeee,65656565efe93675
ffffffff,66666666072355d1
gggggggg,67676767ab9a398a
hhhhhhhh,68686868482aaa4b
iiiiiiii,696969693046d7a0
jjjjjjjj,6a6a6a6abc2d6747
kkkkkkkk,6b6b6b6bc0ab0aca
llllllll,6c6c6c6ce8b2d5fb
mmmmmmmm,6d6d6d6d7b9c934d
nnnnnnnn,6e6e6e6e346ba531
oooooooo,6f6f6f6fd6b24fed
pppppppp,707070707a91124f
qqqqqqqq,71717171cacb64d1
rrrrrrrr,727272720e7ada93
ssssssss,737373738bd19b26
tttttttt,747474744899fc4d
uuuuuuuu,757575758bcf6c0a
vvvvvvvv,76767676a100d2dc
wwwwwwww,77777777d5db1c10
xxxxxxxx,7878787857102bf0
yyyyyyyy,7979797995d8af72
zzzzzzzz,7a7a7a7a6a67001d
00000000,303030301492f7eb
11111111,31313131778747e4
22222222,32323232dea6a285
33333333,33333333df0d9257
44444444,34343434abbdd86a
55555555,35353535e4d8e90a
66666666,36363636d91aed93
77777777,3737373769a066b6
88888888,38383838d738fae7
99999999,3939393981c3adea
Provided,696465643fc999bf
 proper ,7065722039b09b69
attribut,696275747744ba72
ion is p,697320705ddae4d0
rovided ,6465642016aeecf0
Google h,6c652068accbc753
ereby gr,79206772ef4f847f
ants per,207065726508eae2
mission ,696f6e20444e2086
to repro,6570726fd28b6c7c
duce the,2074686589f3d63e
 tables ,6c657320c831b721
and figu,666967752b31e44b
res in t,696e2074b6ea01e6
his pape,70617065b81faa86
r solely,6c656c794aeb0016
 for use,20757365cf6e08f9
 in jour,6a6f757252674cde
nalistic,73746963f98931da
 or scho,7363686f9cec4eea
larly wo,7920776f1485746a
rks Atte,417474652237634f
ntion Is,6e204973dbd67b7a
 All You,20596f75c78d80be
 Need As,642041739fa68363
hish Vas,20566173dbbe02da
wani Goo,20476f6f5651ddf6
gle Brai,42726169cb06584a
n avaswa,61737761467712a6
nigoogle,6f676c6518340055
comNoam ,6f616d2087c3cc19
Shazeer ,65657220b16efdbf
Google B,6c652042b4d14b21
rain noa,206e6f61329457df
mgooglec,676c6563b2459e99
omNiki P,6b692050980d78fd
armar Go,7220476f00db740c
ogle Res,205265735746f3c8
earch ni,68206e6996acc384
kipgoogl,6f6f676cf2fd712d
ecomJako,4a616b6f921901a8
b Uszkor,7a6b6f72859131e8
eit Goog,476f6f67b9036ce7
le Resea,65736561ff1fbb5b
rch uszg,75737a67f03d96d9
ooglecom,65636f6d85e9f393
 Llion J,6f6e204a6e08dc6f
ones Goo,20476f6f4e5ed6ec
gle Rese,52657365793cd5bd
arch lli,206c6c6921a2c83e
ongoogle,6f676c6519330055
comAidan,6964616e2e1957c8
 N Gomez,6f6d657a273f684b
  Univer,697665727392fcd5
sity of ,206f66200db1b904
Toronto ,6e746f209dfcc42f
aidancst,6e637374593ba156
orontoed,746f6564d4381974
uukasz K,737a204be151acec
aiser Go,7220476f00c06a08
ogle Bra,20427261c14f9a5c
in lukas,756b6173e14fb906
zkaiserg,736572675d74d1f5
ooglecom,65636f6d85e9f393
 Illia P,69612050bf8643b4
olosukhi,756b68699526a737
n  illia,6c6c69615b33df71
polosukh,73756b680bc94d5b
ingmailc,61696c6327df041d
om Abstr,62737472cddadde9
act The ,5468652045b83fb3
dominant,6e616e74d2ba9f9f
 sequenc,75656e63d85b4926
e transd,616e7364aa160643
uction m,6f6e206df9c9ad28
odels ar,732061725a9e1444
e based ,73656420bc8cc7df
on compl,6f6d706ca5293e37
ex recur,65637572f8385a98
rent or ,206f7220065bcf53
convolut,6f6c75749945d37c
ional ne,6c206e657ccc512b
ural net,206e65743b33574f
works th,732074687ea2a3b3
at inclu,6e636c75bc567cdd
de an en,6e20656e9c137a2d
coder an,7220616e3ea975e1
d a deco,6465636f2a13cc26
der The ,5468652040be39b3
best per,207065726603ede5
forming ,696e67204853c942
models a,6c732061752c1754
lso conn,636f6e6e0adbebce
ect the ,746865200378133f
encoder ,6465722038bb3d65
and deco,6465636f2f5dc926
der thro,7468726fd396d817
ugh an a,616e20613f996806
ttention,74696f6e5bd22978
 mechani,68616e693869994c
sm We pr,652070729a985739
opose a ,65206120049e6327
new simp,73696d7056895a1f
le netwo,6574776fbd266f74
rk archi,72636869e3577b5b
tecture ,75726520163ca033
the Tran,5472616eec86b9c6
sformer ,6d657220b1f6ca10
based so,6420736f59fd4667
lely on ,206f6e202ffa8063
attentio,6e74696f13e70993
n mechan,6368616ea302abb9
isms dis,206469732d3c69fa
pensing ,696e67205e59d55c
with rec,2072656374c6bf87
urrence ,6e636520119616a4
and conv,636f6e76625e4d4e
olutions,696f6e730ce3f781
 entirel,6972656cb226fdd3
y Experi,70657269136c8be5
ments on,73206f6e56c233c1
 two mac,206d616319ac5e1c
hine tra,20747261045081d4
nslation,74696f6e41d52077
 tasks s,6b732073a9d6d2e1
how thes,74686573e8d122a0
e models,64656c73b234b85f
 to be s,62652073d8a653dd
uperior ,696f7220dd89a648
in quali,75616c6958d929d9
ty while,68696c65b84ba51b
 being m,6e67206dc162e623
ore para,70617261a7f03971
llelizab,697a6162c115e02f
le and r,6e642072a112499c
equiring,72696e6737356f40
 signifi,6e696669218a0368
cantly l,6c79206c47cce099
ess time,74696d65257cfe08
 to trai,747261691faaaacd
n Our mo,72206d6f5d28d1f6
del achi,61636869578f866e
eves 284,203238342119bdbf
 BLEU on,55206f6e55667f80
 the WMT,20574d54246eadab
 2014 En,3420456eb848a794
glish to,6820746f62e3f3a8
German t,616e20744f847404
ranslati,6c6174693f208135
on task ,61736b20fbd7b734
improvin,6f76696e477f1a45
g over t,6572207425d8dbb7
he exist,78697374059f9b81
ing best,6265737460ff5561
 results,756c74737a5ccf3a
 includi,6c756469a60e5373
ng ensem,6e73656dddc90037
bles by ,20627920cf19b1e0
over 2 B,20322042f63b1e6e
LEU On t,4f6e20740eae0017
he WMT 2,4d542032d71733ef
014 Engl,456e676ca8e1d38a
ishtoFre,6f467265808c3c5d
nch tran,7472616efd8ebcdc
slation ,696f6e205a4b3281
task our,206f75725730c460
 model e,656c2065f2d26953
stablish,6c69736875016501
es a new,206e657764ad1b1c
 singlem,676c656dcdb6de14
odel sta,20737461ccf028ec
teofthea,746865616b6c842b
rt BLEU ,4c455520ae71fefd
score of,65206f66ee64e15d
 418 aft,2061667435ec5ff9
er train,7261696e44c2d5df
ing for ,666f7220b575b2fc
35 days ,61797320e4bd7c1f
on eight,69676874bc2e475b
 GPUs a ,73206120d7023a79
small fr,6c206672eba4c3d4
action o,6f6e206f33bc21c3
f the tr,65207472b15bb100
aining c,6e672063233fe9ec
osts of ,206f662011abb90e
the best,626573747df95761
 models ,656c7320aa0d0f81
from the,207468658bf4da36
 literat,657261743d96c9a3
ure We s,576520738f36777e
how that,74686174417c471d
 the Tra,20547261a1336533
nsformer,726d6572cfe6c1d4
 general,6572616c0c467934
izes wel,2077656c5c622931
l to oth,206f74687148ce3e
er tasks,61736b73f21e602f
 by appl,6170706c12e93366
ying it ,20697420ddcd5bf3
successf,65737366ae20d203
ully to ,20746f201ba72d34
English ,697368207dcb9b96
constitu,746974752f4bbdc3
ency par,20706172d3218629
sing bot,20626f7408203903
h with l,7468206c13aca452
arge and,20616e649b749f97
 limited,69746564d2f9eb4a
 trainin,696e696e44013929
g data E,7461204547e6d727
qual con,20636f6ef12c4e42
tributio,7574696ff2d223b2
n Listin,7374696eff56b625
g order ,646572203af53178
is rando,616e646f7ff9d7da
m Jakob ,6b6f62202fff9d2e
proposed,6f73656472a5ed78
 replaci,6c616369e70fd6a4
ng RNNs ,4e4e73205b3e1a2b
with sel,2073656c6f727b5e
fattenti,656e7469879d4ae4
on and s,6e6420738c8068eb
tarted t,65642074ed290aea
he effor,66666f7239d2b178
t to eva,20657661b701a34f
luate th,6520746846ef8cc0
is idea ,646561209456b1b9
Ashish w,73682077e2061cbe
ith Illi,496c6c69de1e922b
a design,7369676e06f49a82
ed and i,6e6420690cf50914
mplement,6d656e74241314ca
ed the f,6865206641d0e707
irst Tra,20547261e8357e22
nsformer,726d6572cfe6c1d4
 models ,656c7320aa0d0f81
and has ,68617320b120a0f5
been cru,2063727516d95669
cially i,6c792069fea64341
nvolved ,76656420a8433f64
in every,76657279f5334cd3
 aspect ,6563742053a66841
of this ,68697320a3c25809
work Noa,204e6f61e7a0d926
m propos,6f706f7329f3a1dd
ed scale,63616c656f134222
d dotpro,7470726f2165dc9e
duct att,206174741e09b6b1
ention m,6f6e206de9c4ad28
ultihead,6865616437eaf55e
 attenti,656e7469c19d4ae4
on and t,6e6420740edbf5ab
he param,6172616dea264453
eterfree,667265650edaae29
 positio,6974696f49ad090c
n repres,7072657308fa199f
entation,74696f6e4ac83877
 and bec,20626563ea673c63
ame the ,746865200776023f
other pe,7220706574cb204b
rson inv,20696e766c62acac
olved in,6420696ef9b8d9ea
 nearly ,726c79201b709378
every de,79206465a06323e7
tail Nik,204e696b75ee82d7
i design,7369676e0ef49a82
ed imple,6d706c6539008c70
mented t,65642074f42d16ea
uned and,20616e648f689d96
 evaluat,6c756174046ea532
ed count,6f756e7481581948
less mod,206d6f64e5f3dbb3
el varia,617269615217be9e
nts in o,696e206f8f3abd79
ur origi,72696769e976acdd
nal code,636f646517ad03f6
base and,20616e6498678b97
 tensor2,736f72327c394f0f
tensor L,6f72204cc9116071
lion als,20616c7306d6afbf
o experi,70657269056cabe5
mented w,65642077a7044653
ith nove,6e6f76659940b67e
l model ,64656c20c4630adf
variants,616e7473be867991
 was res,20726573ba0cc2b2
ponsible,69626c653c35511b
 for our,206f75720337d879
 initial,7469616c1da0cf0c
 codebas,65626173720c9cec
e and ef,64206566f8e1ae06
ficient ,656e742057221485
inferenc,72656e634b115781
e and vi,642076697b0ac6b6
sualizat,697a617474f899fd
ions Luk,204c756b9f32a01e
asz and ,616e6420991f3520
Aidan sp,6e20737072bdee91
ent coun,636f756efd709e90
tless lo,73206c6f9b4b1505
ng days ,61797320b9ef7c1f
designin,676e696eb311af6e
g variou,72696f75d6cb1df7
s parts ,727473206b08e674
of and i,6e64206906f70914
mplement,6d656e74241314ca
ing tens,74656e735071d74b
or2tenso,656e736f56988a04
r replac,706c61638b5b3085
ing our ,6f7572205027ca35
earlier ,69657220867611e9
codebase,626173652f28cc3b
 greatly,61746c79cde6835f
 improvi,726f766965794cc2
ng resul,6573756cda07950f
ts and m,6e64206d8f305a47
assively,76656c79cc5bdeb2
 acceler,656c65721e286db9
ating ou,67206f75ab171505
r resear,7365617214e119aa
ch Work ,6f726b204c652596
performe,6f726d6575233e90
d while ,696c652046c8aa60
at Googl,6f6f676cf8e0210d
e Brain ,61696e20eca37623
Work per,207065725309ecfa
formed w,65642077ac0e5a4a
hile at ,2061742096373c60
Google R,6c65205245203223
esearch ,7263682081d360bb
31st Con,20436f6e9fb077d0
ference ,6e636520028116a4
on Neura,6575726174e4c351
l Inform,666f726da1ac142b
ation Pr,6e2050721358f6ff
ocessing,73696e67235afad5
 Systems,74656d73cc9bb9a6
 NIPS 20,53203230104e9b7b
17 Long ,6f6e6720749dc643
Beach CA,68204341216b2f59
 USAarXi,61725869e7fe2f04
v1706037,36303337ba62456b
62v7  cs,20206373eedd07d5
CL  2 Au,3220417539380278
g 20231 ,32333120ff91b4e2
Introduc,6f647563893c7581
tion Rec,20526563e530bb25
urrent n,6e74206e1017d93c
eural ne,6c206e6570d64d2b
tworks l,6b73206c7f60e64a
ong shor,73686f724b2511ba
tterm me,6d206d653e5460b5
mory  13,20203133193357d9
 and gat,2067617402f1db38
ed recur,65637572f8245a98
rent  7 ,20203720cda8e941
neural n,616c206e81a57b08
etworks ,726b732010653622
in parti,61727469c02c2c30
cular ha,72206861b9df8c39
ve been ,65656e20000541a1
firmly e,6c792065422e2ba0
stablish,6c69736875016501
ed as st,732073744511d271
ate of t,6f6620746b2eeaff
he art a,7274206150793e83
pproache,61636865b3abdeba
s in seq,207365719645bd28
uence mo,65206d6f9d4e642d
deling a,6e6720611ea7abe8
nd trans,72616e732f06e85f
duction ,696f6e204d523081
problems,6c656d73c3e9dd29
 such as,68206173e3837744
 languag,677561671d0e3954
e modeli,64656c691b5d38b8
ng and m,6e64206d95245a47
achine t,6e652074a59f5671
ranslati,6c6174693f208135
on  3525,3335323563c08005
 Numerou,65726f757e46fe54
s effort,666f72747f68ea31
s have s,76652073f4dd309e
ince con,20636f6ee9374c4b
tinued t,65642074ed2116eb
o push t,73682074e2039e29
he bound,6f756e64cf8536d2
aries of,73206f66ee1b7a9c
 recurre,7572726567c24af6
nt langu,616e6775a0cd828e
age mode,6d6f64659fdac374
ls and e,6e6420651da067df
ncoderde,657264653d344fb2
coder ar,722061727a9c2987
chitectu,6563747591424a91
res 38 2,3338203267fc3152
4 15 Rec,20526563a579e57e
urrent m,6e74206d78cdd207
odels ty,732074799a81681c
pically ,6c6c7920a493ce3f
factor c,6f722063b75ab8a9
omputati,7461746915a2567e
on along,6c6f6e67060aa8e6
 the sym,2073796d30162286
bol posi,706f736984c1c266
tions of,73206f66fb007c97
 the inp,20696e7018db5ce4
ut and o,6e64206fb5654efe
utput se,74207365c1d8488e
quences ,636573206a5995ce
Aligning,6e696e678643d82b
 the pos,20706f73382f3473
itions t,6e73207453411467
o steps ,65707320959afad9
in compu,6f6d7075af3afb3c
tation t,6f6e20744828cf92
ime they,74686579820e5c0e
 generat,657261743d9dc5b9
e a sequ,73657175037a4fc4
ence of ,206f66201bb6ae18
hidden s,656e2073badd6090
tates ht,732068747110713d
 as a fu,612066756137b4b6
nction o,6f6e206f3cbc21c3
f the pr,652070728fd50306
evious h,7573206827043c59
idden st,6e207374e1d27d6a
ate ht1a,68743161238d5758
nd the i,6865206994e9e84e
nput for,20666f72be52ffa8
 positio,6974696f49ad090c
n t This,5468697313ae70e4
 inheren,6572656e78ec694e
tly sequ,73657175123657c4
ential n,616c206e8aae7a13
ature pr,652070728881021c
ecludes ,64657320f22b3f2e
parallel,6c6c656cfe8d0503
ization ,696f6e20405d3281
within t,696e2074b3e606ae
raining ,696e67205c5dd241
examples,706c6573fc1bbddb
 which b,636820629e6abc1a
ecomes c,6573206362f2b65d
ritical ,63616c20d3aa0ff9
at longe,6f6e6765b4847b9c
r sequen,7175656e491bb653
ce lengt,656e6774a9957c36
hs as me,73206d6510dc3056
mory con,20636f6eed365d57
straints,696e747383d74c63
 limit b,697420623046cf05
atching ,696e67204f48d847
across e,73732065e9cc23f7
xamples ,6c6573209024bb33
Recent w,6e7420778a248cd7
ork has ,68617320bf3caff5
achieved,6576656475dabce8
 signifi,6e696669218a0368
cant imp,20696d70b21c083d
rovement,6d656e743b0c0eca
s in com,20636f6d4ed22788
putation,74696f6e5fd33877
al effic,66666963b221b4cf
iency th,79207468adcba908
rough fa,682066617c41ff68
ctorizat,697a617464f997e3
ion tric,7472696365c3e6d5
ks  21 a,323120616f987c05
nd condi,6f6e6469b267726f
tional c,616c2063b7d42288
omputati,7461746915a2567e
on  32 w,33322077b2602fb6
hile als,20616c7302d6acb4
o improv,70726f764455b795
ing mode,6d6f646597d3c174
l perfor,72666f72a5bc3b8b
mance in,6520696ec0485610
 case of,65206f66bd64ef5c
 the lat,206c61748da35a4b
ter The ,5468652050be39b3
fundamen,616d656e178084fa
tal cons,636f6e730746ce18
traint o,6e74206f998b411d
f sequen,7175656e5d1bb653
tial com,20636f6d499b2f8a
putation,74696f6e5fd33877
 however,6576657203a90f22
 remains,61696e7327818096
 Attenti,656e7469c1bd4ae4
on mecha,6563686179e84740
nisms ha,73206861513ca1f2
ve becom,65636f6d9ce3b49d
e an int,20696e748a88a1c6
egral pa,6c207061bf6b0645
rt of co,6620636f2a04990f
mpelling,6c696e6796db5a4e
 sequenc,75656e63d85b4926
e modeli,64656c691b5d38b8
ng and t,6e6420740fd2f5ab
ransduc ,64756320cab3f1bb
tion mod,206d6f64fdffc7ae
els in v,696e207677292e42
arious t,75732074da414d2f
asks all,20616c6ccfc81028
owing mo,67206d6f1a94a910
deling o,6e67206f61fabed5
f depend,70656e64ffdba74e
encies w,6573207785d87fb4
ithout r,7574207221555ea8
egard to,6420746f034f126e
 their d,69722064ec04d869
istance ,6e6365200d9710a0
in the i,6865206993e3e84e
nput or ,206f72201a4ed453
output s,75742073fed297c3
equences,6e636573a342f9d7
  219 In,3920496e25a890ac
 all but,20627574add2d69b
 a few c,657720634607e5a8
ases  27,20203237c129a9f4
 however,6576657203a90f22
 such at,68206174d878c4c6
tention ,696f6e205d423d81
mechanis,616e69731ff3e5da
ms are u,726520754dac0783
sed in c,696e2063eb6da395
onjuncti,6e6374694b5f7a8e
on with ,697468208fc14e2c
a recurr,637572726de022d7
ent netw,6e65747789f9a59b
ork In t,496e2074a526fa64
his work,776f726b718e23ac
 we prop,70726f700169a8cb
ose the ,746865200968023f
Transfor,73666f722ca9496f
mer a mo,61206d6f1d858ed2
del arch,61726368436b3f39
itecture,747572658c01bc66
 eschewi,686577690b5e5fca
ng recur,65637572f3275a98
rence an,6520616e5f3e9588
d instea,737465619d0d2c67
d relyin,6c79696e56e8a65d
g entire,74697265bb2579c0
ly on an,6e20616eea5a75ba
 attenti,656e7469c19d4ae4
on mecha,6563686179e84740
nism to ,20746f2000a23220
draw glo,20676c6ff88ec33b
bal depe,646570651e4aaa9e
ndencies,636965732e492c48
 between,7765656e1a11d192
 input a,757420614700dc4d
nd outpu,75747075b6d6233e
t The Tr,652054722bae848e
ansforme,6f726d6564283f90
r allows,6c6f7773318c98a6
 for sig,20736967eeb75914
nificant,63616e747a9a8db3
ly more ,6f726520e1cfa82c
parallel,6c6c656cfe8d0503
ization ,696f6e20405d3281
and can ,63616e2032389d96
reach a ,68206120906717a9
new stat,737461740bcee17a
e of the,2074686588a6da3d
 art in ,20696e2014713f80
translat,736c6174dee14608
ion qual,7175616cf0330c86
ity afte,61667465e35a6e9f
r being ,696e67205c1cd94a
trained ,6e656420ff3f79ed
for as l,6173206c08f5b0a3
ittle as,65206173209d58c3
 twelve ,6c7665208642da93
hours on,73206f6e53c828c7
 eight P,6874205064135d28
100 GPUs,47505573989a4349
 2 Backg,61636b676f7a1205
round Th,64205468d3120b4f
e goal o,616c206f27a6e6d6
f reduci,64756369fd5f1fd8
ng seque,657175657ab9f47c
ntial co,6c20636ff002fd8e
mputatio,6174696f2c0c0a8d
n also f,736f2066f59e3fe6
orms the,2074686582f4d828
 foundat,6e64617428a5f8ed
ion of t,6f6620746335e1ff
he Exten,7874656ef471eb2f
ded Neur,4e657572a4b48e47
al GPU 1,505520313806b2b8
6 ByteNe,74654e654f47dfd7
t  18 an,3820616e06692c23
d ConvS2,6e7653326ef038ac
S  9 all,20616c6cfd9b5b62
 of whic,77686963606a9636
h use co,6520636ff8875ae4
nvolutio,7574696fe8d625bc
nal neur,6e6575722b097f60
al netwo,6574776fb02f6f74
rks as b,61732062b544a0df
asic bui,206275698ebe96c3
lding bl,6720626cb8f5268a
ock comp,636f6d7091df0afa
uting hi,67206869086a84ea
dden rep,207265705a1eb0cc
resentat,6e746174c8bdfaa6
ions in ,20696e205d7f2387
parallel,6c6c656cfe8d0503
 for all,20616c6c8edd1429
 input a,757420614700dc4d
nd outpu,75747075b6d6233e
t positi,73697469ca7d3aad
ons In t,496e2074a53ae264
hese mod,206d6f64e1f3dba5
els the ,746865200377143f
number o,6572206f1c17dbc6
f operat,657261747bdacfa7
ions req,2072657128eeefb7
uired to,6420746f13410179
 relate ,617465201991589a
signals ,616c7320e9efa59c
from two,2074776f9188dc96
 arbitra,697472615fa19691
ry input,6e707574d4ce16d5
 or outp,6f7574703bedceea
ut posit,6f736974866e28fa
ions gro,2067726ff94f4815
ws in th,6e207468266b1a31
e distan,7374616e1527029a
ce betwe,657477653886f53b
en posit,6f736974967428fa
ions lin,206c696e17bd9d22
early fo,7920666fba60a047
r ConvS2,6e76533278f038ac
S and lo,64206c6f9f8a2844
garithmi,74686d690f0f6082
cally fo,7920666fbc60be47
r ByteNe,74654e650b47dfd7
t This m,6973206d90d2428d
akes it ,20697420c5cf50e7
more dif,206469669eb9ac2f
ficult t,6c7420744a8aace9
o learn ,61726e20614edd55
dependen,6e64656e1e812acb
cies bet,206265745fc2f459
ween dis,20646973332a61e7
tant pos,20706f736c3a3262
itions  ,6e732020c70e8a54
12 In th,6e207468602a1a11
e Transf,616e736658f26f5a
ormer th,7220746839aeb817
is is re,73207265c62315a5
duced to,6420746f025d1079
 a const,6f6e737462163922
ant numb,6e756d6200e6973d
er of op,66206f703adade4a
erations,696f6e7306fde381
 albeit ,65697420cb09cdaa
at the c,6865206329643003
ost of r,6f6620728c830a60
educed e,656420651e323611
ffective,746976655eff3314
 resolut,6f6c7574da58d879
ion due ,64756520a885188b
to avera,76657261ddb35221
ging att,206174741d15bba2
entionwe,6f6e7765bce5f9c6
ighted p,65642070c534d414
ositions,696f6e730cfceb81
 an effe,6566666551cbff35
ct we co,6520636ff3d30fe0
unteract,72616374c1c3c812
 with Mu,68204d75d630dabb
ltiHead ,65616420b5d0e897
Attentio,6e74696f33e70993
n as des,20646573140c6a9f
cribed i,65642069ad74d83c
n sectio,6374696f671394d6
n 32 Sel,2053656cf247988d
fattenti,656e7469879d4ae4
on somet,6f6d6574df5de6f1
imes cal,2063616c032606d8
led intr,696e74729502eaa4
aattenti,656e7469809d4ae4
on is an,7320616ea04c6153
 attenti,656e7469c19d4ae4
on mecha,6563686179e84740
nism rel,2072656c9fa6d229
ating di,67206469013e4d45
fferent ,656e7420572d129e
position,74696f6e5fc93f7f
s of a s,20612073fbd1d9e3
ingle se,652073652d6dce94
quence i,636520696a8a34a3
n order ,6465722033f53178
to compu,6f6d7075b23bfb3c
te a rep,207265704a1ff5c3
resentat,6e746174c8bdfaa6
ion of t,6f6620746335e1ff
he seque,657175657cbbf47c
nce Self,53656c66c302c43f
attentio,6e74696f13e70993
n has be,7320626529eae918
en used ,73656420bcc285cb
successf,65737366ae20d203
ully in ,20696e20417c218d
a variet,7269657487c072dd
y of tas,2074617353c008fd
ks inclu,6e636c75b6517cdd
ding rea,20726561b10aeb48
ding com,20636f6d599b2081
prehensi,656e73690714dd1b
on abstr,62737472cdd9ddc9
active s,76652073e69e2c96
ummariza,72697a6108b9a2bf
tion tex,207465784fc6fe4c
tual ent,20656e7495fdbc6e
ailment ,656e742050221b81
and lear,6c6561721db24ca2
ning tas,20746173448909fc
kindepen,6570656e55b9cd62
dent sen,2073656e2c42b744
tence re,65207265f5664706
presenta,656e74611bc4e4e0
tions 4 ,7320342088cda50a
27 28 22,382032327ac23614
 Endtoen,746f656e9d6e1ffd
d memory,6d6f7279cb84a104
 network,776f726b398935f8
s are ba,6520626158bf2bc7
sed on a,6f6e2061994eb7cb
 recurre,7572726567c24af6
nt atten,7474656e4258f003
tion mec,206d65635925b7d5
hanism i,736d20690f4d74c8
nstead o,6164206f991c5695
f sequen,7175656e5d1bb653
ce align,6c69676e6fb913a2
ed recur,65637572f8245a98
rence an,6520616e5f3e9588
d have b,766520620487d849
een show,73686f77237ff063
n to per,207065726a46eafe
form wel,2077656c53773e2f
l on sim,2073696d5e672c4d
plelangu,616e6775bed5c78e
age ques,71756573dffbf8b5
tion ans,20616e738031d28e
wering a,6e6720610da7b5e8
nd langu,616e6775a0dd828e
age mode,6d6f64659fdac374
ling tas,20746173468909fc
ks 34 To,3420546f19a24dac
 the bes,20626573390692c7
t of our,206f75725771d86d
 knowled,776c6564abaf48d3
ge howev,6f776576412c3c07
er the T,686520544f28925e
ransform,666f726dbfed3336
er is th,732074686cbff1b1
e first ,72737420f4e58706
transduc,73647563889c9630
tion mod,206d6f64fdffc7ae
el relyi,656c7969d4c04ebf
ng entir,6e746972f2836947
ely on s,6f6e20732128756f
elfatten,7474656e4940b603
tion to ,20746f201aa22e23
compute ,75746520574f7f09
represen,6573656ea5577e1a
tations ,6f6e732080dab12c
of its i,74732069b1356dcc
nput and,20616e6494768d86
 output ,70757420f9b031ac
without ,6f7574207a67b894
using se,67207365b9c8ebde
quence a,636520619823a16b
ligned R,6564205265822f63
NNs or c,6f7220639f75a8fd
onvoluti,6c757469fc911c5d
on In th,6e2074683e761a11
e follow,6c6c6f7706cda3c7
ing sect,73656374ecb2d33b
ions we ,207765203effbaec
will des,206465730d456780
cribe th,6520746849e884d6
e Transf,616e736658f26f5a
ormer mo,72206d6f5c7af3e6
tivate s,7465207366b79462
elfatten,7474656e4940b603
tion and,20616e648e6f979c
 discuss,637573731ebd6d9a
 its adv,20616476a312dd0e
antages ,67657320ee15e920
over mod,206d6f64e6e0cdb2
els such,737563682046e1fd
 as 17 1,3137203107ffb517
8 and 9 ,64203920b61d0dfc
3 Model ,64656c209b632adf
Architec,69746563e0635edd
ture Mos,204d6f73445224ed
t compet,6d706574e96c680c
itive ne,65206e65befc70cf
ural seq,207365719017b52a
uence tr,65207472a21eab0b
ansducti,756374691f2600de
on model,6f64656c9600d093
s have a,76652061669053a8
n encode,636f646517ec0ab8
rdecoder,6f64657226a80c24
 structu,75637475630b1da9
re  5235,3532333563490d58
 Here th,652074680ad288c6
e encode,636f64651cec0ab8
r maps a,70732061a111265b
n input ,70757420b7ff2db6
sequence,656e636505b98952
 of symb,73796d62504f87e9
ol repre,65707265cb22b231
sentatio,6174696f3219118d
ns x1  x,31202078eea58660
 nto a s,20612073a89fc2ea
equence ,6e636520019511a4
of conti,6f6e7469db6ec189
nuous re,73207265c1255ab9
presenta,656e74611bc4e4e0
tions z ,73207a200f0e6280
z1  z n ,7a206e205fff705a
Given z ,6e207a20e2a4a9a9
the deco,6465636f3a5bc826
der then,7468656e5688f9be
 generat,657261743d9dc5b9
es an ou,6e206f75f1de675c
tput seq,207365719115a132
uence y1,65207931594bb06c
  y mof ,6d6f6620e6d75b62
symbols ,6f6c732095f257e0
one elem,656c656dec6901ac
ent at a,61742061e58745b0
 time At,65204174cd613b04
 each st,68207374e95a914e
ep the m,6865206d6c198a5b
odel is ,2069732049fb12f6
autoregr,726567727946b512
essive 1,76652031b604461f
0 consum,6e73756d0aafd896
ing the ,746865200f75003f
previous,696f7573e77abd79
ly gener,656e65722b8d8781
ated sym,2073796d71162f87
bols as ,20617320cc614722
addition,74696f6e4ec2287f
al input,6e707574c7db16d5
 when ge,6e2067658360d4c1
nerating,74696e67a5558166
 the nex,206e657877c59d08
t 2Figur,69677572c2abbd69
e 1 The ,5468652041fb7ab3
Transfor,73666f722ca9496f
mer  mod,206d6f64e4f3dae0
el archi,72636869f4507b5b
tecture ,75726520163ca033
The Tran,5472616ecc86b9c6
sformer ,6d657220b1f6ca10
follows ,6f7773208f5959a5
this ove,206f7665c06d4466
rall arc,20617263e8d35386
hitectur,63747572f1bfa889
e using ,696e67204b1cce5c
stacked ,6b656420b79eda88
selfatte,61747465dd070273
ntion an,6e20616ee8573cba
d pointw,696e7477ee41dff4
ise full,66756c6c7cd09db5
y connec,6e6e65635bc11fab
ted laye,6c617965330b90b8
rs for b,6f722062b8724e64
oth the ,74686520096f0f3f
encoder ,6465722038bb3d65
and deco,6465636f2f5dc926
der show,73686f77227fec63
n in the,2074686583a6dc35
 left an,7420616e4004821f
d right ,67687420b4467c44
halves o,6573206fe236ed53
f Figure,67757265f477b8d9
 1 respe,65737065d8b33e2e
ctively ,656c7920afb7aa17
31 Encod,6e636f6476347d9c
er and D,6e6420445f70560a
ecoder S,65722053bc8cc9b3
tacks En,7320456e81dbbc50
coder Th,72205468777b9959
e encode,636f64651cec0ab8
r is com,20636f6d4fd22795
posed of,64206f66a20e0072
 a stack,7461636b587b8cbc
 of N 6 ,4e203620edb30bfd
identica,74696361b455fbf4
l layers,79657273b1f44ed8
 Each la,68206c611d921687
yer has ,68617320a92bb6f5
two subl,7375626cff305627
ayers Th,73205468a3f4122d
e first ,72737420f4e58706
is a mul,206d756c8dc50a73
tihead s,61642073bd26ee2c
elfatten,7474656e4940b603
tion mec,206d65635925b7d5
hanism a,736d2061715bdf4f
nd the s,68652073705448b5
econd is,642069737eb1fe50
 a simpl,696d706cf76d13a7
e positi,73697469db7d3aad
on wise ,69736520e0b29627
fully co,7920636f58636a86
nnected ,746564208282cf21
feedforw,666f72779f6d238d
ard netw,6e6574778de5b59b
ork We e,57652065afe0f5d5
mploy a ,7920612061050f5c
residual,6475616c66e68afb
 connect,6e656374cc8397fe
ion  11 ,20313120a89ab75b
around e,6e64206510a128cb
ach of t,6f6620746b39e7ff
he two s,776f207322b490fd
ublayers,79657273a8b64ed8
 followe,6c6f7765161421f7
d by lay,206c617913776d04
er norma,6f726d6192426d8b
lization,74696f6e43cf3677
  1 That,546861746ad85612
 is the ,746865204672143f
output o,7574206ff7875390
f each s,63682073160d9904
ublayer ,7965722057b76419
is Layer,617965722efd10ab
Norm x S,207820531fac3d8c
ublayer ,7965722057b76419
x where ,6572652079722108
Sublayer,6179657214fb528b
 xis the,20746865cdfedc28
 functio,6374696f295592dd
n implem,706c656d1576ed1b
ented by,6420627924f13a03
 the sub,2073756247639c90
layer it,72206974dc726a0f
self To ,20546f203886206a
facilita,6c697461ddda6817
te these,686573658c77450d
 residua,69647561c4887847
l connec,6e6e65634ec11fab
tions al,7320616c5507ff83
l sublay,626c617980d7d7a9
ers in t,696e2074a1fd01e6
he model,6f64656c910bd093
 as well,77656c6c2a6c82d9
 as the ,74686520467a143f
embeddin,6464696e109603d6
g layers,79657273baf44ed8
 produce,6475636500bc064a
 outputs,70757473ea815076
 of dime,64696d65b5c826ba
nsion dm,6e20646d4b3a7182
odel  51,202035310a4d087f
2  Decod,65636f648e157365
er The d,686520644fbf2b25
ecoder i,65722069d47cbbb2
s also c,736f2063ac140938
omposed ,73656420b6c1d5d1
of a sta,20737461ccf26de1
ck of N ,66204e20cafe7551
6identic,6e746963c4416cd9
al layer,6179657226e2108b
s In add,20616464b37948ba
ition to,6e20746f2c95e56a
 the two,2074776fd78edb9e
 sublaye,6c617965671d81fa
rs in ea,6e20656143d4a692
ch encod,6e636f64266d7dbc
er layer,6179657222fc108b
 the dec,206465632b3ed539
oder ins,20696e73177b5ad8
erts a t,20612074c082b64c
hird sub,207375620f7e8691
layer wh,7220776887f40bb8
ich perf,70657266cdb72ef8
orms mul,206d756c8bc44761
tihead a,61642061d4333cbb
ttention,74696f6e5bd22978
 over th,7220746876b3a317
e output,747075747a0d0927
 of the ,746865204674013f
encoder ,6465722038bb3d65
stack Si,6b20536902e6980d
milar to,7220746feccca228
 the enc,20656e639ba343c7
oder we ,2077652038f4b1ed
employ r,6f7920720347d905
esidual ,75616c201b2b6eea
connecti,6563746939075166
ons arou,61726f75558b7b9f
nd each ,616368200ae83664
of the s,68652073715648b5
ublayers,79657273a8b64ed8
 followe,6c6f7765161421f7
d by lay,206c617913776d04
er norma,6f726d6192426d8b
lization,74696f6e43cf3677
 We also,616c736fa55857f2
 modify ,696679206beacea0
the self,73656c668e351921
attentio,6e74696f13e70993
n sublay,626c617982d7d7a9
er in th,6e207468346a1a31
e decode,636f64651cec0bb3
r stack ,61636b20ab49c590
to preve,72657665f2364868
nt posit,6f7369749d6e28fa
ions fro,2066726f9ea6b158
m attend,74656e649881f52d
ing to s,746f20735a42ad82
ubsequen,7175656e4e59b653
t positi,73697469ca7d3aad
ons This,5468697312e077e4
 masking,6b696e67870ca8ec
 combine,62696e657fd166b1
d with f,74682066ee04c8ab
act that,746861744870441d
 the out,206f75744590729f
put embe,656d62659d40db73
ddings a,67732061190630cd
re offse,66667365c45480d2
t by one,206f6e656863d2a1
 positio,6974696f49ad090c
n ensure,7375726546202f3a
s that t,6174207405212baf
he predi,72656469538290b2
ctions f,6e7320665d536c34
or posit,6f7369749c6828fa
ion ican,6963616ed15898ae
 depend ,656e6420e2e30346
only on ,206f6e202cf18063
the know,6b6e6f77771dc183
n output,74707574710d0927
s at pos,20706f736b7b3d62
itions l,6e73206c94872dfb
ess than,7468616e059f0dc2
 i 32 At,32204174f71f946b
tention ,696f6e205d423d81
An atten,7474656e6d42f003
tion fun,2066756e395dbbdd
ction ca,6e206361f2909e10
n be des,20646573140c6989
cribed a,6564206127d30ac4
s mappin,7070696e7f14eda8
g a quer,717565727df0bffb
y and a ,64206120c4f1a416
set of k,6f66206b1c4f2268
eyvalue ,6c7565204c17585a
pairs to,7320746fc7395cec
 an outp,6f7574703be3d2ea
ut where,68657265969ead5c
 the que,20717565fe9273f8
ry keys ,6579732090332a5c
values a,657320619296f230
nd outpu,75747075b6d6233e
t are al,6520616cd935b252
l vector,63746f72cade8c95
s The ou,65206f75a43e65e1
tput is ,2069732052ef02ee
computed,757465642953768f
 as a we,612077658916057e
ighted s,65642073657aa517
um 3Scal,5363616c98ed4752
ed DotPr,6f745072a3961c16
oduct At,7420417437a20b61
tention ,696f6e205d423d81
 MultiHe,74694865e1a7e654
ad Atten,7474656e4d48f023
tion Fig,20466967af604c10
ure 2 le,32206c655f7124b4
ft Scale,63616c656c034202
d DotPro,7450726faa219374
duct Att,20417474ed5a9809
ention r,6f6e2072dc7200bf
ight Mul,204d756cb661c3b7
tiHead A,61642041ec7ad452
ttention,74696f6e5bd22978
 consist,73697374bbc9026b
s of sev,20736576a440190f
eral att,206174741f0eb4a9
ention l,6f6e206c80e0bf78
ayers ru,73207275ad034dae
nning in,6720696ee0b47690
 paralle,616c6c6595c6c0c5
l of the,2074686581a6da3d
 values ,756573201653c891
where th,652074685df288c6
e weight,69676874b660105b
 assigne,69676e6581f8802a
d to eac,206561634e8fd98c
h value ,6c756520414e585a
is compu,6f6d7075af27fb3c
ted by a,62792061062a8ff7
 compati,70617469a690c47d
bility f,747920666a9db84e
unction ,696f6e205c493081
of the q,6865207125a0d38d
uery wit,207769748db341dc
h the co,6520636ff8875bff
rrespond,706f6e644cd3e454
ing key ,6b657920e678283e
321 Scal,5363616cdeb25641
ed DotPr,6f745072a3961c16
oduct At,7420417437a20b61
tention ,696f6e205d423d81
We call ,616c6c2062a37eb8
our part,706172746a2394ea
icular a,617220613c0eb6bf
ttention,74696f6e5bd22978
 Scaled ,6c656420b82820dc
DotProdu,726f64751af9cd6e
ct Atten,7474656e4f58f023
tion Fig,20466967af604c10
ure 2 Th,3220546828ee5889
e input ,70757420bcff2db6
consists,697374736ce6d2c8
 of quer,717565723abfb8fb
ies and ,616e642091093c20
keys of ,206f662015bdb40e
dimensio,6e73696f201ebc2b
n dk and,20616e6494269c99
 values ,756573201653c891
of dimen,696d656eed11a788
sion dv ,206476201631b93b
We compu,6f6d70759131fb3c
te the d,686520645ea82b05
ot produ,726f647531e2994e
cts of t,6f662074692efcff
he query,75657279ded4a75a
 with al,6820616c26842767
l keys d,79732064b10032af
ivide ea,6520656173f92155
ch bydk ,79646b206755f763
and appl,6170706c53e52e66
y a soft,736f6674d4144f81
max func,66756e6351ae3aa0
tion to ,20746f201aa22e23
obtain t,696e2074abed06a7
he weigh,65696768de6fe222
ts on th,6e207468256b1a37
e values,6c7565735a01202f
 In prac,70726163ddd12a6d
tice we ,2077652023f9b7fa
compute ,75746520574f7f09
the atte,61747465da0a0b35
ntion fu,6e2066754515a283
nction o,6f6e206f3cbc21c3
n a set ,73657420392c7e84
of queri,75657269e00c40ae
es simul,696d756c91a958c4
taneousl,6f75736cbc99385c
y packed,636b6564f40d87cb
 togethe,6574686523c1f56f
r into a,746f2061066a06d9
 matrix ,72697820671d3cf3
Q The ke,65206b6568924b47
ys and v,6e64207698baba45
alues ar,732061725496044d
e also p,736f20701b66bc3a
acked to,6420746f074b1879
gether i,65722069d67aa0be
nto matr,6d6174729c45d1fa
ices Kan,204b616e4011e522
dV We co,6520636ff4f10fc0
mpute th,6520746847ea98c0
e matrix,7472697849080f00
 of outp,6f7574703beddaea
uts as A,61732041682e52f6
ttention,74696f6e5bd22978
 Q K V  ,20562020a120d8b9
 softmax,746d61789c9bb0c9
QKT dkV ,646b5620e6c7b74f
1 The tw,652074779abf6035
o most c,737420631c02bd5b
ommonly ,6e6c7920c078838e
used att,206174740f0fb0a1
ention f,6f6e2066c607d4b1
unctions,696f6e7316e1e181
 are add,20616464e03873b1
itive at,652061740f64b5a2
tention ,696f6e205d423d81
 2 and d,6e6420645018517d
otproduc,6f647563af267181
t multi ,6c7469200673fcbf
plicativ,61746976c1cad5a5
e attent,74656e747ed7f226
ion Dotp,446f74701a4c51ba
roduct a,63742061ad6c82f3
ttention,74696f6e5bd22978
 is iden,6964656e7b88bfe5
tical to,6c20746fc51ae16e
 our alg,20616c67e8c8e24c
orithm e,686d20650a1ae7c7
xcept fo,7420666f2cfcda60
r the sc,65207363033bad60
aling fa,67206661887429cb
ctor of1,206f6631fc217d6c
dk Addit,6464697454fd4982
ive atte,61747465c7140b35
ntion co,6e20636f7d87aaf4
mputes t,6573207477360cc0
he compa,6f6d70616046af84
tibility,6c6974792965811d
 functio,6374696f295592dd
n using ,696e6720401cce5c
a feedfo,6564666f3cd08e14
rward ne,64206e65b50b48f1
twork wi,6b2077694e4d49ba
th a sin,2073696e6c1bc617
gle hidd,686964640b811fa2
en layer,6179657222e0108b
 While t,6c652074aba7792d
he two a,776f20610fd8512a
re simil,696d696c63b37198
ar in th,6e207468306a1a31
eoretica,74696361b85eecff
l comple,6d706c653044cf76
xity dot,20646f743daf4618
product ,75637420119cfd93
attentio,6e74696f13e70993
n is muc,206d756310d8147e
h faster,737465727cc1b5bd
 and mor,206d6f72c1aedb2f
e spacee,61636565a8c8ecce
fficient,69656e74829a9164
 in prac,70726163ddf12a6d
tice sin,2073696e6c1a8513
ce it ca,742063618faab16e
n be imp,20696d70bf5d042c
lemented,6e746564bdbceea2
 using h,6e6720689830457a
ighly op,79206f70ed53e68c
timized ,7a65642009651d63
matrix m,6978206d818927b3
ultiplic,706c696306436f9e
ation co,6e20636f7287aaf4
de While,68696c65a857a53b
 for sma,20736d6170350625
ll value,616c7565a6532156
s of dkt,20646b74bd8bdc99
he two m,776f206d5cccd959
echanism,6e69736d0dbedb8f
s perfor,72666f72babc3b8b
m simila,6d696c61eb96251c
rly addi,616464693012f53c
tive att,206174740e15a3a0
ention o,6f6e206f37b121c3
utperfor,72666f72bce83b8b
ms dot p,6f74207012166d78
roduct a,63742061ad6c82f3
ttention,74696f6e5bd22978
 without,686f7574d60ff931
 scaling,6c696e67dbd85c43
 for lar,206c6172de2fd613
ger valu,76616c75a299727c
es of dk,6620646bc3899823
3 We sus,20737573cd0a5e23
pect tha,207468615f8c0335
t for la,72206c610346cfa1
rge valu,76616c75b79b657c
es of dk,6620646bc3899823
 the dot,20646f7465b25a04
 product,64756374d7382b33
s grow l,6f77206c36ca8d66
arge in ,20696e2055622a91
magnitud,697475643fecef06
e pushin,7368696e5706cab5
g the so,6520736fb47755c3
ftmax fu,78206675bb139805
nction i,6f6e20693113db96
nto regi,7265676987fec890
ons wher,7768657217144685
e it has,20686173b82dd5e6
 extreme,72656d656eafc022
ly small,6d616c6cb51d3486
 gradien,6469656e9d568592
ts4 To c,546f206382756e87
ounterac,65726163d3028e5b
t this e,69732065186d8f31
ffect we,74207765f65c6ac4
 scale t,6c652074ab837225
he dot p,6f74207017006d78
roducts ,637473202b99d13f
by1dk 32,6b2033327d98872c
2 MultiH,6c7469485510f33b
ead Atte,41747465353d744f
ntion In,6e20496ec4936340
stead of,64206f66a1151676
 perform,666f726dedfc3837
ing a si,6120736958351ee4
ngle att,20617474141bb9a0
ention f,6f6e2066c607d4b1
unction ,696f6e205c493081
with dmo,20646d6fa3ae347f
deldimen,696d656ee612eb88
sional k,616c206b6973a9ab
eys valu,76616c75a085737c
es and q,6e642071bf42b0b3
ueries w,6573207795d36eb4
e found ,756e64200525d738
it benef,656e65660d83ef25
icial to,6c20746fd810eb6e
 linearl,6561726cab1c1162
y projec,6f6a65639c844644
t the qu,65207175bbb8ecf6
eries ke,73206b65f366c06d
ys and v,6e64207698baba45
alues ht,73206874641d703d
imes wit,2077697491bb56d6
h differ,6666657218156b14
ent lear,6c65617219b25ca2
ned line,6c696e65f5b11f7a
ar proje,726f6a6512aaad06
ctions t,6e73207459411467
o dkdkan,646b616e00ae9f8a
ddvdimen,696d656ee613f188
sions re,73207265dc395aa2
spective,746976654be93314
ly On ea,6e2065615ddea6b4
ch of th,662074685afa1222
ese proj,70726f6af4d56256
ected ve,642076655146a4d5
rsions o,6e73206fb79de456
f querie,6572696593e79743
s keys a,79732061faecc74a
nd value,616c7565a45b2156
s we the,207468659ea6c23e
n perfor,72666f72a7bc3b8b
m the at,652061740b30a8bc
tention ,696f6e205d423d81
function,74696f6e49d32275
 in para,70617261e8eb3271
llel yie,20796965419113c3
lding dv,672064761e946609
dimensio,6e73696f201ebc2b
nal 4To ,34546f208d24f8a1
illustra,73747261df2e9fca
te why t,6879207491273f82
he dot p,6f74207017006d78
roducts ,637473202b99d13f
get larg,6c6172673903326e
e assume,73756d65c0e5e161
 that th,74207468f2024cd9
e compon,6d706f6ecce8fb38
ents of ,206f66201bb6b90e
qandkare,6b617265b4c0385f
 indepen,6570656e1eb9cd62
dent ran,2072616e3013a52a
dom vari,76617269b61a7a57
ables wi,73207769aeff6580
th mean ,65616e20ba0e0d65
0and var,20766172e9b1651b
iance 1 ,65203120df680359
Then the,20746865b9eed035
ir dot p,6f74207016176d78
roduct q,63742071b38f6132
kPdk i1q,20693171279bb373
iki has ,68617320b925adf5
mean 0an,2030616ea7d51d06
d varian,7269616e253ab7c9
ce dk 4o,6b20346fc5bf61c6
utput va,742076619b097301
lues The,20546865d81bb18d
se are c,72652063ba0c6adc
oncatena,74656e617327c8b1
ted and ,616e64208c092b20
once aga,206167615c1f9258
in proje,726f6a651ab6ad06
cted res,20726573f90fc6a5
ulting i,6e672069def157d6
n the fi,6520666933c1a95e
nal valu,76616c75ab9d6c7c
es as de,7320646573bc74d2
picted i,65642069be6fd22a
n Figure,67757265fc77b8d9
 2 Multi,756c7469d0fb1c77
head att,206174741219b4a1
ention a,6f6e20618f45a782
llows th,7320746865a1beaf
e model ,64656c20cd630adf
to joint,6f696e74d1a848e1
ly atten,7474656e4055f003
d to inf,20696e66dedf5ad0
ormation,74696f6e40d42177
 from di,6d20646912e9de0e
fferent ,656e7420572d129e
represen,6573656ea5577e1a
tation s,6f6e207330257826
ubspaces,6163657333f046b9
 at diff,6469666640881282
erent po,7420706fa2e2979d
sitions ,6f6e732087d2b12c
With a s,20612073df98c2ed
ingle at,652061740f7ebbb8
tention ,696f6e205d423d81
head ave,206176657bd964ad
raging i,6e672069d9fc44d6
nhibits ,69747320e3d391b6
this Mul,204d756cab6ec2b0
tiHead Q,61642051757192fd
 K V   C,202020437b8164ab
oncathea,746865617067882c
d 1 head,6865616426a6b017
 hWO whe,2077686537422e44
re head ,65616420abc1a1b7
i Attent,74656e7472d7d226
ion QWQ ,515751207dc6e649
i KWK i ,4b206920660b8544
V WV i W,206920576349cd84
here the,2074686585e3c73e
 project,6a6563748e2fcb88
ions are,20617265d48c1fa4
 paramet,616d65742cd60f1c
er matri,6174726957a8f263
ces WQ i,57512069fc87b750
Rdmodeld,64656c646bfbcde5
kWK iRdm,6952646d54559490
odeldkWV,646b575649fae56b
 iRdmode,6d6f6465ded4f430
ldv andW,616e6457eb35931a
ORhdvdmo,76646d6fb0c4e5cc
del In t,496e2074ae31fd64
his work,776f726b718e23ac
 we empl,656d706c1ca65aa3
oy h 8 p,203820701985f145
arallel ,6c656c204a6442bf
attentio,6e74696f13e70993
n layers,79657273b3f44ed8
 or head,6865616462e9f317
s For ea,722065611ea30bd4
ch of th,662074685afa1222
ese we u,77652075349d6431
se dkdvd,6b64766438aba638
modelh 6,6c6820360bdbf0dd
4  Due t,756520744e689d91
o the re,65207265ee235d0d
duced di,642064690b7dfc6b
mension ,696f6e2044423d86
of each ,616368200bea3664
head the,2074686585e3d43f
 total c,616c2063e3c92292
omputati,7461746915a2567e
onal cos,20636f73ae0155f3
t is sim,2073696d46672a50
ilar to ,20746f2007a7203f
that of ,206f66200ab0ac09
singlehe,6c6568653b120101
ad atten,7474656e4d48f003
tion wit,207769748cbf5ccb
h full d,6c6c20643966d70c
imension,73696f6e27d8c3fc
ality 32,792033324f9ec9a1
3 Applic,706c6963400f5a87
ations o,6e73206fa49ae456
f Attent,74656e747dd7d226
ion in o,696e206f8821a079
ur Model,6f64656c8c1cd0b3
 The Tra,20547261a1136533
nsformer,726d6572cfe6c1d4
 uses mu,73206d752355aaf6
ltihead ,65616420b5d0e8b7
attentio,6e74696f13e70993
n in thr,2074687250cb71ef
ee diffe,69666665e5e470ca
rent way,20776179799f99da
s In enc,20656e63c8f762cc
oderdeco,6465636f2157c874
der atte,61747465ca071c35
ntion la,6e206c61b50c1849
yers the,2074686594e3c728
 queries,72696573ddcca4b6
 come fr,6520667217477918
om the p,6865207082f4d188
revious ,6f757320ea27551f
decoder ,6465722039b03d65
layer an,7220616e31a768e1
d the me,65206d65d7cee5ff
mory key,206b65793f44648d
s and va,642076616b826f1c
lues com,20636f6d51872b95
e from t,6f6d2074f9e303d6
he outpu,75747075b0d7233e
t of the,2074686599a6da3d
 encoder,6f64657274a90724
 This al,7320616c013af884
lows eve,2065766503de12a2
ry posit,6f736974816328fa
ion in t,696e2074ade01ce6
he decod,65636f64d4507345
er to at,6f20617492fafde7
tend ove,206f7665c0604371
r all po,6c20706f4de2a48c
sitions ,6f6e732087d2b12c
in the i,6865206993e3e84e
nput seq,207365718b15a132
uence Th,65205468fa0b72aa
is mimic,696d696309f94b75
s the ty,65207479f66a6cb1
pical en,6c20656e4870ee9a
coderdec,72646563f79b78c7
oder att,206174741518b0b7
ention m,6f6e206de9c4ad28
echanism,6e69736d0dbedb8f
s in seq,207365719645bd28
uencetos,65746f736b81b5ce
equence ,6e636520019511a4
models s,6c732073a7ab34cc
uch as 3,61732033c2c7e010
8 2 9 Th,392054689b481a87
e encode,636f64651cec0ab8
r contai,6e746169857f5dad
ns selfa,656c666156f9b972
ttention,74696f6e5bd22978
 layers ,65727320dece28d1
In a sel,2073656c51752f57
fattenti,656e7469879d4ae4
on layer,6179657228e0108b
 all of ,206f66205eb9a111
the keys,6b657973ebecc558
 values ,756573201653c891
and quer,717565727bbebafb
ies come,636f6d651023a58e
 from th,6d2074685f41bdc5
e same p,6d652070b66c9bb0
lace in ,20696e2058712e91
this cas,20636173f94bc184
e the ou,65206f75b23e45e1
tput of ,206f66200aa8b809
the prev,70726576fd37597b
ious lay,206c61791e387a0e
er in th,6e207468346a1a31
e encode,636f64651cec0ab8
r Each p,636820708293db6f
osition ,696f6e2046543a81
in the e,686520650c591946
ncoder c,657220630d572845
an atten,7474656e4d42f003
d to all,20616c6cca9b0f34
 positio,6974696f49ad090c
ns in th,6e2074683f6b1a31
e previo,6576696f30297d7e
us layer,6179657232fd108b
 of the ,746865204674013f
encoder ,6465722038bb3d65
Similarl,6c61726cd32a3147
y selfat,6c666174c2f46411
tention ,696f6e205d423d81
layers i,72732069d1afa9a5
n the de,652064653dba95b4
coder al,7220616c807bbbc8
low each,656163685031c36c
 positio,6974696f49ad090c
n in the,2074686583a6dc35
 decoder,6f64657274a80c24
 to atte,617474658e160135
nd to al,6f20616c2b2cb178
l positi,73697469d27d3aad
ons in t,696e2074abe101e6
he decod,65636f64d4507345
er up to,7020746fc7c2544e
 and inc,20696e63a764ed87
luding t,6e672074487e860e
hat posi,706f73698ecfda66
tion We ,2057652010e8b692
need to ,20746f2000ae2429
prevent ,656e74204139129a
leftward,7761726480194826
 informa,6f726d61d7592383
tion flo,20666c6fa4001f94
w in the,207468659aa6dc35
 decoder,6f64657274a80c24
 to pres,7072657346ae04da
erve the,2074686588f4c33e
 autoreg,6f7265674d8cef51
ressive ,6976652069f5d7a7
property,65727479b2eafe85
 We impl,696d706cf75b56f4
ement th,74207468b71b41d6
is insid,6e736964149364cd
e of sca,20736361fb36398d
led dotp,646f74702a2fc5f1
roduct a,63742061ad6c82f3
ttention,74696f6e5bd22978
 by mask,6d61736ba1f25d44
ing out ,6f7574206460abdc
setting ,696e67205d59cf5b
to  all ,616c6c2041a97efb
values i,6573206998f6663a
n the in,6520696ec3094c1b
put of t,6f6620747a2ffbff
he softm,6f66746d7da1a5d9
ax which,6869636830ffb71e
 corresp,72657370866cc98f
ond to i,746f2069a73f52a2
llegal c,616c2063afd12881
onnectio,6374696f665d89d6
ns See F,656520468c70e292
igure 2 ,65203220139a636f
33 Posit,6f736974c02928da
ionwise ,69736520e6b3d827
FeedForw,466f727780761581
ard Netw,4e657477bd1e7f82
orks In ,20496e2069ec2c43
addition,74696f6e4ec2287f
 to atte,617474658e160135
ntion su,6e207375d43c9863
blayers ,657273209cce28d1
each of ,206f66201bb9ae15
the laye,6c617965330691b8
rs in ou,6e206f75e6de6754
r encode,636f64650bec0ab8
r and de,6420646575a62c5e
coder co,7220636f1a072891
ntains a,6e732061ade82a35
 fully c,6c792063410d0961
onnected,63746564d7c864c6
 feedfor,64666f721c95a1c8
ward net,206e657439204447
work whi,2077686985bc4d6e
ch is ap,732061703f0043a9
plied to,6420746f16441a79
 each po,6820706f3aa5c9b2
sition s,6f6e2073372d7826
eparatel,6174656cfb6bfdba
y and id,6420696407c50e22
enticall,63616c6cc68851f8
y This c,69732063f38623e5
onsists ,73747320909e96a6
of two l,776f206c5f15dd43
inear tr,72207472b0c7dedd
ansforma,6f726d61965e3e83
tions wi,73207769bbf4668b
th a ReL,2052654c130715b8
U activa,74697661f1451c4e
tion in ,20696e204079229a
between ,65656e20140515b4
FFN x  m,7820206d466f169d
ax0  xW ,207857203b907545
1b1W2b2 ,3262322025cffcdf
2 While ,696c652010c88a60
the line,6c696e65efbc1e7a
ar trans,72616e732010e85f
formatio,6174696f27130d94
ns are t,7265207468340d80
he same ,616d6520a01c1fca
across d,73732064a3263d01
ifferent,72656e74aada511d
 positio,6974696f49ad090c
ns they ,686579203f18b32d
use diff,64696666159a0382
erent pa,742070612c881e48
rameters,74657273b49f3a4e
 from la,6d206c613e3091ca
yer to l,746f206ca7ab8e7a
ayer Ano,20416e6f78ac1e50
ther way,207761797f9292dc
 of desc,64657363a307f7e1
ribing t,6e6720745662800e
his is a,69732061038111d1
s two co,6f20636fdd386af8
nvolutio,7574696fe8d625bc
ns with ,697468208edc4e2c
kernel s,656c207318afcd5e
ize 1 Th,31205468633dc235
e dimens,6d656e730ec90a7b
ionality,6c69747934638d15
 of inpu,696e7075ec4ed3a5
t and ou,64206f75d33bf766
tput is ,2069732052ef02ee
dmodel  ,656c2020f2bd0572
512  and,20616e64cf37cad2
 the inn,20696e6ea96ccb9b
erlayer ,7965722047a76419
has dime,64696d65fdc633ba
nsionali,6e616c69f72e20f4
ty dff 2,66662032573d9deb
048  34 ,20333420afae43ff
Embeddin,6464696e309603d6
gs and S,6e6420539d97be86
oftmax S,61782053aedf5e5f
imilarly,61726c79721759f4
 to othe,6f7468658756cf12
r sequen,7175656e491bb653
ce trans,72616e732207e85f
duction ,696f6e204d523081
models w,6c732077b0d8b3f2
e use le,65206c654ec873cf
arned em,6420656d5d32e2cb
beddings,696e67739b62d8f6
 to conv,636f6e762344464e
ert the ,746865200369133f
input to,7420746f4b5d5807
kens and,20616e6491639681
 output ,70757420f9b031ac
tokens t,6e7320744e5a166d
o vector,63746f72c9de8c95
s of dim,2064696d6a84441b
ension d,6f6e20645deb4695
model We,6c205765c8209c2c
 also us,6f2075733fa725f9
e the us,65207573358aa0c5
ual lear,6c65617209bd44a2
ned line,6c696e65f5b11f7a
ar trans,72616e732010e85f
for mati,6d6174699aa4a9af
on and s,6e6420738c8068eb
oftmax f,61782066334ea564
unction ,696f6e205c493081
to conve,6f6e7665ff165247
rt the d,6865206458b92b05
ecoder o,6572206f1701d9c0
utput to,7420746f57475807
 predict,6469637438bb5c71
ed nextt,657874742de75d79
oken pro,2070726f7cc45610
babiliti,6c697469a2162722
es In ou,6e206f75f1de6774
r model ,64656c20da630adf
we share,686172652e663d1a
 the sam,2073616d974793f3
e weight,69676874b660105b
 matrix ,72697820671d3cf3
between ,65656e20140515b4
the two ,74776f20ff4c43ca
embeddin,6464696e109603d6
g layers,79657273baf44ed8
 and the,20746865cde7db3f
 presoft,736f66748d445cc4
max line,6c696e65f6b5037a
ar trans,72616e732010e85f
formatio,6174696f27130d94
n simila,6d696c61e896251c
r to  30,202033307e13553a
 In the ,746865204652093f
embeddin,6464696e109603d6
g layers,79657273baf44ed8
 we mult,6d756c7472dd8b24
iply tho,2074686f9cb8254e
se weigh,65696768c56fe222
ts bydmo,79646d6f4611b9e2
del 5Tab,3554616263fa1708
le 1 Max,204d617800e0040e
imum pat,20706174e27d8526
h length,6e677468ec64ca5b
s perlay,726c61795b23c4a1
er compl,6f6d706caf353e37
exity an,7920616e9748e415
d minimu,6e696d75288a6bb3
m number,6d62657220b603b5
 of sequ,73657175463548c4
ential o,616c206f27e8f5d0
peration,74696f6e5fc33e77
s for di,72206469c8361806
fferent ,656e7420572d129e
layer ty,72207479fab2b2df
pes nis ,6e6973203c663ba0
the sequ,7365717512324bc4
ence len,206c656e8fd76bd0
gth dis ,64697320c30fed4d
the repr,72657072e796a1db
esentati,746174691fbc4365
on dimen,696d656eed19a788
sion kis,206b6973680c654b
 the ker,206b6572a8f92bca
nel size,73697a6521f8399d
 of conv,636f6e76235f4f4e
olutions,696f6e730ce3f781
 and rth,2072746897d2f63c
e size o,7a65206fbac3599b
f the ne,65206e65b1a86dd1
ighborho,6f72686f78451e06
od in re,6e207265e540f353
stricted,63746564cbd278ca
 selfatt,66617474da01d75d
ention L,6f6e204cdafb5b1e
ayer Typ,20547970608a03e2
e Comple,6d706c653944ef76
xity per,207065727c0feae8
 Layer S,65722053f9a3c7ae
equentia,6e7469616ec454c9
l Maximu,78696d75a2d3b448
m Path L,7468204c3ad8d8c4
ength Op,68204f7083bb5703
erations,696f6e7306fde381
 SelfAtt,664174747295312c
ention O,6f6e204fad8cb7d4
n2d O1 O,4f31204fab549d65
1 Recurr,637572723de002d7
ent Ond2,4f6e64321af48c67
 On On C,4f6e2043225a4780
onvoluti,6c757469fc911c5d
onal Okn,204f6b6e2efbbed7
d2 O1 Ol,31204f6c31b80b3e
ogkn Sel,2053656cf300c0d1
fAttenti,656e746987bd4ae4
on restr,657374725867386f
icted Or,64204f721c9d6688
nd O1 On,31204f6e02667b81
r 35 Pos,20506f73d4d254e7
itional ,6e616c20956ede70
Encoding,64696e676e5a746c
 Since o,6365206fa6ca47be
ur model,6f64656c8c1cd093
 contain,7461696ee7d417c5
s no rec,20726563708fa580
urrence ,6e636520119616a4
and no c,6e6f2063a1f33efc
onvoluti,6c757469fc911c5d
on in or,6e206f72c49193ac
der for ,666f7220b87ea7fc
the mode,6d6f64658ad5c374
l to mak,206d616b71d63331
e use of,65206f66f827fb5c
 the ord,206f72640781e978
er of th,662074685ce01222
e sequen,7175656e5e1bb653
ce we mu,65206d75de92cf9f
st injec,6e6a65638cbafce8
t some i,6d65206923b7f968
nformati,6d61746992adb4fd
on about,626f7574abfd280f
 the rel,2072656cd1bbc921
ative or,65206f722f0b0159
 absolut,6f6c7574da4bdf79
e positi,73697469db7d3aad
on of th,6620746856fc1222
e tokens,6b656e738b15e8a8
 in the ,746865204672093f
sequence,656e636505b98952
 To this,74686973f34d8e20
 end we ,2077652077f5bafb
add posi,706f736987caca66
tional e,616c2065c0bfe3d3
ncodings,696e67739764d3f6
 to the ,74686520466f083f
input em,7420656d2738cade
beddings,696e67739b62d8f6
 at the ,74686520467a133f
bottoms ,6f6d732007eb9ad8
of the e,686520650a511946
ncoder a,65722061a3ec862d
nd decod,65636f64d2517345
er stack,7461636b1d688cbc
s The po,6520706ff0e5fe6c
sitional,6f6e616cce63eb58
 encodin,6f64696e39e78cc4
gs have ,61766520487e3928
the same,73616d65f785d46d
 dimensi,656e73695702d11e
on dmode,6d6f646591d38630
l as the,2074686581a6d428
 embeddi,6564646912fea722
ngs so t,736f207407fec8c1
hat the ,746865200e7a133f
two can ,63616e2027219696
be summe,756d6d65c7a7b72a
d There ,6572652065720208
are many,6d616e797f1d9aed
 choices,696365734e41f6e8
 of posi,706f7369c6c1c866
tional e,616c2065c0bfe3d3
ncodings,696e67739764d3f6
 learned,726e65643c1d81b7
 and fix,2066697810aa8067
ed 9 In ,20496e2063fa6709
this wor,20776f72d4be530c
k we use,20757365842810ee
 sine an,6520616e0d289285
d cosine,73696e651d2eb597
 functio,6374696f295592dd
ns of di,66206469e8351f2e
fferent ,656e7420572d129e
frequenc,75656e639e5a4926
ies PEpo,5045706fb554d95c
s2isinpo,696e706faf9c8622
s100002i,30303269455e674c
d model ,64656c20cc630adf
PEpos2i1,73326931fdc1ef5e
cospos10,6f733130752e626d
0002id m,6964206db5a8c316
odel whe,20776865784e1c67
re posis,6f7369734065deb8
 the pos,20706f73382f3473
ition an,6e20616eef573cba
d iis th,732074686dedb8b1
e dimens,6d656e730ec90a7b
ion That,5468617423970912
 is each,656163681c37c76c
 dimensi,656e73695702d11e
on of th,6620746856fc1222
e positi,73697469db7d3aad
onal enc,20656e63d4b94ace
oding co,6720636f0d29a968
rrespond,706f6e644cd3e454
s to a s,20612073fbd1c2ea
inusoid ,6f696420f66e5e29
The wave,77617665a0362353
lengths ,74687320fe10866e
form a g,20612067a43bd66a
eometric,7472696369c3e590
 progres,67726573e04a46ac
sion fro,2066726f84a0b045
m 2to100,6f313030e09a9943
00 2 We ,2057652054b1f9ce
chose th,6520746849f282c7
is funct,756e6374b3d4895a
ion beca,62656361d1c259f5
use we h,77652068a8ae119a
ypothesi,686573690084b820
zed it w,69742077689335a7
ould all,20616c6cc1ce173f
ow the m,6865206d661e8a5b
odel to ,20746f2001af2421
easily l,6c79206c41ccfd84
earn to ,20746f200baa3323
attend b,6e642062c6c74f1f
y relati,6c61746934619d23
ve posit,6f736974857f28fa
ions sin,2073696e711c8805
ce for a,6f72206177ca1290
ny fixed,69786564ed0b8900
 offset ,73657420776379c2
kPEposkc,6f736b639e5b7cb3
an be re,65207265e06d0907
presente,656e7465cfb7bbb7
d as a l,2061206c589f234a
inear fu,722066753077dc0b
nction o,6f6e206f3cbc21c3
f PEpos ,706f7320666256b4
We also ,6c736f2013a3e380
experime,72696d65436a4240
nted wit,2077697496a256c1
h using ,696e6720461cce5c
learned ,6e656420e72879f6
position,74696f6e5fc93f7f
al embed,6d626564466c9946
dings  9,732020391254384c
 instead,74656164e3963981
 and fou,20666f752b8a34ab
nd that ,686174203211b5d6
the two ,74776f20ff4c43ca
versions,696f6e7315eaf086
 produce,6475636500bc064a
d nearly,61726c797f5a5efd
 identic,6e746963d2416cd9
al resul,6573756cd50c950f
ts see T,65652054092b9204
able 3 r,20332072d6227ffe
ow E We ,205765200bf6f9b9
chose th,6520746849f282c7
e sinuso,6e75736f47f5d5dc
idal ver,207665721b8321b5
sion bec,20626563b96f3d69
ause it ,20697420c5d146f1
may allo,616c6c6fa1547a90
w the mo,65206d6f9f0b7e26
del to e,746f206581e322d0
xtrapola,706f6c61e9252ca4
te to se,6f207365f1968c0a
quence l,6365206c00304820
engths l,6873206c58f90494
onger th,7220746839b2b217
an the o,6865206f0e0185d4
nes enco,656e636fd228770f
untered ,7265642025d906f6
during t,6e672074407e900e
raining ,696e67205c5dd241
4 Why Se,79205365bbaeb831
lfAttent,74656e747791d226
ion In t,496e2074a33bff64
his sect,73656374edb5c73b
ion we c,77652063825ed002
ompare v,726520765554263f
arious a,7573206170f20a4f
spects o,7473206fe3189fea
f selfat,6c666174ddf46411
tention ,696f6e205d423d81
layers t,727320743e7a9b7f
o the re,65207265ee235d0d
current ,656e7420523e059e
and conv,636f6e76625e4d4e
olu tion,74696f6e40ca3936
al layer,6179657226e2108b
s common,6d6d6f6ec7428631
ly used ,73656420b5d585cb
for mapp,6d617070c797202b
ing one ,6f6e6520cceed0d3
variable,61626c65243954c1
length s,74682073fe082915
equence ,6e636520019511a4
of symbo,796d626f312a697d
l repres,707265730afa199f
entation,74696f6e4ac83877
s x1  x ,202078202ae0672f
nto anot,616e6f74728d558e
her sequ,736571750e3f5cc4
ence of ,206f66201bb6ae18
equal le,6c206c6567e1afb4
ngth z1 ,207a3120c16aa6e6
 z n wit,20776974d8ac13cb
h xi ziR,207a6952a23b5535
d such a,63682061c0a62892
s a hidd,686964641fcd1ba2
en layer,6179657222e0108b
 in a ty,612074793b192e52
pical se,6c2073658aec87d0
quence t,636520747472e5e1
ransduct,647563748529372f
ion enco,656e636fd5226a0f
der or d,6f72206434573ed8
ecoder M,6572204d334fbae8
otivatin,6174696e95458e02
g our us,7220757326c1e394
e of sel,2073656c7d3b6050
fattenti,656e7469879d4ae4
on we co,6520636fffc90fe0
nsider t,657220742c8bdda5
hree des,20646573125e6e89
iderata ,6174612054e12e08
One is t,697320740c239d89
he total,6f74616c03baade2
 computa,7075746190f90d6a
tional c,616c2063b7d42288
omplexit,65786974e0b664c8
y per la,72206c610e46d9ab
yer Anot,416e6f74553945e3
her is t,697320742b288a89
he amoun,6d6f756e8017e432
t of com,20636f6d49d22180
putation,74696f6e5fd33877
 that ca,74206361ccbbf966
n be par,20706172d86f8735
allelize,6c697a6578765a6c
d as mea,206d656149a54949
sured by,6420627932ea3c03
 the min,206d696e5468de5f
imum num,206e756d953b21f0
ber of s,6f662073c6306419
equentia,6e7469616ec454c9
l operat,6572617471dacfa7
ions req,2072657128eeefb7
uired Th,64205468d4140c44
e third ,69726420aed7297d
is the p,6865207084ead188
ath leng,6c656e67b8a22ed1
th betwe,657477652f8bf53b
en longr,6f6e67720e5d1535
ange dep,20646570245f00cb
endencie,6e636965451bab65
s in the,207468659ea6dc35
 network,776f726b398935f8
 Learnin,726e696ee117e8fd
g longra,6e677261b31787ca
nge depe,64657065124ca39e
ndencies,636965732e492c48
 is a ke,61206b65ff8aad03
y challe,616c6c65cc96c2df
nge in m,696e206d1d37c426
any sequ,73657175073457c4
ence tra,2074726109578cd4
nsductio,6374696f674083c6
n tasks ,736b7320691fb8fd
One key ,6b657920c0782a3e
factor a,6f72206172ce5182
ffecting,74696e67ad569664
 the abi,2061626996b1eea7
lity to ,20746f2002a23534
learn su,6e207375d62d907e
ch depen,6570656e5db88362
dencies ,696573207834b7b2
is the l,6865206c5083eeba
ength of,68206f66d18b8928
 the pat,20706174ab64982e
hs forwa,6f72776118cb03a9
rd and b,6e642062d5d71b1b
ackward ,61726420b983a27a
signals ,616c7320e9efa59c
have to ,20746f2006aa3728
traverse,657273658416fee4
 in the ,746865204672093f
network ,6f726b20416871b6
The shor,73686f72702313ba
ter thes,74686573f4db27a0
e paths ,74687320f7559868
between ,65656e20140515b4
any comb,636f6d62be8532d6
ination ,696f6e2040493281
of posit,6f7369749c7c28fa
ions in ,20696e205d7f2387
the inpu,696e7075b849d0a5
t and ou,64206f75d33bf766
tput seq,207365719115a132
uences t,657320746f2317d7
he easie,61736965f820eac5
r it is ,2069732054bf1eee
to learn,6561726eb2e8ccbe
 longran,6772616e01f56809
ge depen,6570656e59b58362
dencies ,696573207834b7b2
 12 Henc,48656e63ddd29709
e we als,20616c730f9fb7b4
o compar,6d706172ba7e6839
e the ma,65206d61ecf656d4
ximum pa,6d207061f6ed474d
th lengt,656e6774be987c36
h betwee,7477656501bac10a
n any tw,7920747739078bba
o input ,70757420b6ff2db6
and outp,6f7574707aecd8ea
ut posit,6f736974866e28fa
ions in ,20696e205d7f2387
networks,6f726b735b84762e
 compose,706f736553761337
d of the,2074686589a6da3d
 differe,66657265df14b441
nt layer,6179657229fa108b
 types A,657320416f53ea21
s noted ,746564209fccc42d
in Table,61626c653b3606fc
 1 a sel,2073656c382a2f57
fattenti,656e7469879d4ae4
on layer,6179657228e0108b
 connect,6e656374cc8397fe
s all po,6c20706f4ce2a48c
sitions ,6f6e732087d2b12c
with a c,206120637afc7727
onstant ,616e7420c89e6381
number o,6572206f1c17dbc6
f sequen,7175656e5d1bb653
tially e,6c792065502e38a1
xecuted ,746564209489c937
operatio,6174696f2e0c1a8b
ns where,686572658d99ad5c
as a rec,2072656362dceb8e
urrent l,6e74206c49a77a41
ayer req,2072657120f8e4b6
uires On,73204f6e03373855
sequenti,656e746992994fe5
al opera,7065726168333cb6
tions In,7320496ed496090e
 terms o,6d73206fa522b3de
f comput,6d70757400494e39
ational ,6e616c209d6ede70
complexi,6c657869bf9a3909
ty selfa,656c66614cf3b972
ttention,74696f6e5bd22978
 layers ,65727320dece28d1
are fast,6661737461968c55
er than ,68616e206311d448
recurren,7272656e88949e31
t layers,79657273a9f44ed8
 when th,6e207468716f523d
e sequen,7175656e5e1bb653
ce 6leng,6c656e67bab366c7
th nis s,69732073634da46e
maller t,657220742f99d8ad
han the ,746865200e7a093f
represen,6573656ea5577e1a
tation d,6f6e20644ce44195
imension,73696f6e27d8c3fc
ality d ,79206420cf1d5ab7
which is,682069730256ebd8
 most of,74206f66b62a2d99
ten the ,74686520127e093f
case wit,207769749bb740c0
h senten,6e74656e380be160
ce repre,65707265c72bb231
sentatio,6174696f3219118d
ns used ,73656420b7df85cb
by state,7461746519d994a8
oftheart,6561727423ea261a
 models ,656c7320aa0d0f81
in machi,616368695a84ca23
ne trans,72616e732f07e85f
lations ,6f6e732098dab12c
such as ,20617320dd7b4839
wordpiec,70696563651b170d
e 38 and,20616e649f26cbca
 bytepai,65706169aca1543a
r  31 re,31207265e0147148
presenta,656e74611bc4e4e0
tions To,7320546fd3ce2cf6
 improve,726f76656fde754a
 computa,7075746190f90d6a
tional p,616c20704c0d4806
erforman,726d616e8a47c9f2
ce for t,6f722074d35fa60d
asks inv,20696e767f62a8b1
olving v,6e672076cf8ab1f5
ery long,6c6f6e670c16f1a7
 sequenc,75656e63d85b4926
es selfa,656c66615df9b972
ttention,74696f6e5bd22978
 could b,6c6420622538b2bc
e restri,73747269964ea318
cted to ,20746f200dbf2429
consider,69646572e91a3056
ing only,6f6e6c79174c8612
 a neigh,65696768966be23b
borhood ,6f6f642059478bb2
of size ,697a6520db306872
rin the ,746865201472093f
input se,74207365ddc2488e
quence c,63652063a987b4fd
entered ,7265642035d906f6
around t,6e64207400c7babf
he respe,6573706590e73e2e
ctive ou,65206f75b46a58ff
tput pos,20706f736c2b2962
ition Th,6e2054682758baa0
is would,6f756c6400a6e5ed
 increas,726561737b523fd6
e the ma,65206d61ecf656d4
ximum pa,6d207061f6ed474d
th lengt,656e6774be987c36
h to Onr,204f6e7266abbf77
 We plan,706c616e7f05d33c
 to inve,696e7665513c2659
stigate ,617465204a975491
this app,2061707053190993
roach fu,682066753ef6b821
rther in,7220696e7b90edb2
 future ,75726520423fb633
work A s,204120739fbc0184
ingle co,6520636ff9c948fb
nvolutio,7574696fe8d625bc
nal laye,6c617965290f98b8
r with k,7468206b8acf1596
ernel wi,6c207769b878c19f
dth k  n,6b20206ed5643f17
 does no,73206e6fde351fb1
t connec,6e6e656356c11fab
t all pa,6c207061ae2c1548
irs of i,6f662069856c15e9
nput and,20616e6494768d86
 output ,70757420f9b031ac
position,74696f6e5fc93f7f
s Doing ,696e67205d1cff40
so requi,65717569d4653ab9
res a st,612073746edde4c8
ack of O,6f66204f66acf285
nkconvol,6e766f6c6abbd756
utional ,6e616c20896ede70
layers i,72732069d1afa9a5
n the ca,6520636114a8f6fe
se of co,6620636f2b15990f
ntiguous,756f75732ae0612a
 kernels,6e656c73af646949
 orOlogk,6c6f676b161aef09
nin the ,746865200872093f
case of ,206f66201db9be18
dilated ,746564208885c623
convolut,6f6c75749945d37c
ions  18,2020313897a0f3ff
 increas,726561737b523fd6
ing the ,746865200f75003f
length o,7468206f4e052b42
f the lo,65206c6f3d0de364
ngest pa,74207061279d1e55
ths betw,62657477553a5a0e
een any ,616e79201d4c0b36
two posi,706f736992d9c166
tions in,7320696ee4a75465
 the net,206e65746e355e46
work Con,20436f6edbee76cf
volution,74696f6e59c92063
al layer,6179657226e2108b
s are ge,652067657904e049
nerally ,6c6c7920ba9fdf3f
more exp,206578703f082b75
ensive t,76652074640d7288
han recu,726563750a86bbe1
rrent la,74206c619d0fce8e
yers by ,20627920d410a6e0
a factor,63746f72c7de9c91
 of k Se,6b205365a3cc333b
parable ,626c6520b577bb36
convolut,6f6c75749945d37c
ions  6 ,2020362085ac3745
however ,766572206573b21c
decrease,65617365da659da5
 the com,20636f6d1d862683
plexity ,69747920ba942b41
consider,69646572e91a3056
ably to ,20746f200fa92d34
Okndnd2 ,6e64322053d4462f
Even wit,20776974bda056cb
h kn how,20686f771903d12a
ever the,2074686588f0d029
 complex,706c6578ef7a5b83
ity of a,6f662061a288fcc6
 separab,61726162c9e67de3
le convo,6f6e766ff94470fe
lution i,6f6e20693305db96
s equal ,75616c200d7862ff
to the c,686520633c7f3003
ombinati,6e6174698a9041f0
on of a ,662061207b00c1e7
selfatte,61747465dd070273
ntion la,6e206c61b50c1849
yer and ,616e642081093d20
a pointw,696e7477eb41dff4
ise feed,666565645493a493
forward ,61726420be8fbb7a
layer th,722074683abdac17
e approa,70726f6199ac23d9
ch we ta,65207461a0d5b451
ke in ou,6e206f75ffc86754
r model ,64656c20da630adf
As side ,696465201d2fd5d4
benefit ,666974204a6e0d19
selfatte,61747465dd070273
ntion co,6e20636f7d87aaf4
uld yiel,7969656cd7f2f816
d more i,726520699583ba53
nterpret,70726574e45e6f13
able mod,206d6f64e8f4c4a5
els We i,57652069ae5689e7
nspect a,63742061b17096e3
ttention,74696f6e5bd22978
 distrib,74726962985665af
utions f,6e7320664b536c34
rom our ,6f7572204b26c035
models a,6c732061752c1754
nd prese,72657365fc0bfd91
nt and d,6e6420641e5e517d
iscuss e,73732065e1dc32ed
xamples ,6c6573209024bb33
in the a,68652061c76f9728
ppendix ,646978204f3b7bc3
Not only,6f6e6c79304d9512
 do indi,696e6469ba71292e
vidual a,616c20614734d0d4
ttention,74696f6e5bd22978
 heads c,6473206346c1e8b9
learly l,6c79206c48c8ef9f
earn to ,20746f200baa3323
perform ,6f726d20abbc1f94
differen,6572656e3cec6140
t tasks ,736b7320731fb8fd
many app,206170704a100e99
ear to e,746f206580e73cd0
xhibit b,697420626842cf0a
ehavior ,696f7220cd91a24c
related ,746564209e89c623
to the s,686520736a5f48b5
yntactic,6374696367ea461a
 and sem,2073656de21721a2
antic st,632073745cddaec2
ructure ,75726520102ca033
of the s,68652073715648b5
entences,6e636573a35df8d7
 5 Train,7261696e0185d5ff
ing This,5468697314e063e4
 section,74696f6e0fd52975
 describ,6372696284348b45
es the t,6865207454c3b2b5
raining ,696e67205c5dd241
regime f,6d6520664f4af106
or our m,7572206dc3a4167f
odels 51,732035311487eb73
 Trainin,696e696e44213929
g Data a,74612061f45765db
nd Batch,61746368066f5615
ing We t,576520743ffe382d
rained o,6564206f8be796fe
n the st,652073742040ffe7
andard W,72642057f80fc507
MT 2014 ,3031342061022d0f
EnglishG,6973684766f56f72
erman da,6e20646174b100c9
taset co,7420636f71ac9b21
nsisting,74696e67a5439a74
 of abou,61626f7597084605
t 45 mil,206d696c3a1b9620
lion sen,2073656e244eb65e
tence pa,65207061d77fee60
irs Sent,53656e74263537ed
ences we,7320776567d81d00
re encod,6e636f6437607dbc
ed using,73696e67295dbfd3
 bytepai,65706169aca1543a
r encodi,636f64692b36d2ba
ng  3 wh,33207768b04231af
ich has ,68617320b92dacf5
a shared,61726564b846954b
 source ,726365203d4db726
target v,657420761eb44b5e
ocabular,756c6172179c1084
y of abo,2061626f0b2e78cb
ut 37000,373030301d11f7ac
 tokens ,656e732011cdbc7d
For Engl,456e676cdebf958a
ishFrenc,72656e634b0c59a2
h we use,20757365872810ee
d the si,65207369fcb7935a
gnifican,6963616edf599fe8
tly larg,6c6172672a0a3f6e
er WMT 2,4d542032da0033ef
014 Engl,456e676ca8e1d38a
ishFrenc,72656e634b0c59a2
h datase,7461736564fb0458
t consis,6e73697385d9cdaf
ting of ,206f66200ab1a31a
36M sent,73656e74abb5577e
ences an,7320616eaa4c225f
d split ,6c6974200820c557
tokens i,6e73206987aa0b64
nto a 32,61203332ee6f7542
000 word,776f7264ca830fad
piece vo,6520766f3fda0bf1
cabulary,6c617279d67a3af1
  38 Sen,2053656e5d803691
tence pa,65207061d77fee60
irs were,77657265bae9ff1e
 batched,63686564abf695d4
 togethe,6574686523c1f56f
r by app,2061707055510299
roximate,6d617465f7000d99
 sequenc,75656e63d85b4926
e length,6e677468e164ca5b
 Each tr,68207472fa479cf3
aining b,6e67206249456be2
atch con,20636f6ee12d4c46
tained a,6564206130c00ac8
 set of ,206f66205eaba809
sentence,656e636505b99653
 pairs c,7273206368c4d708
ontainin,696e696e0b1b3f29
g approx,70726f783597f3d2
imately ,656c7920a5aea215
25000 so,3020736f5f32e073
urce tok,20746f6bb218f841
ens and ,616e64209d023c20
25000 ta,30207461bc596d59
rget tok,20746f6bb50dfe50
ens 52 H,35322048be0ef484
ardware ,617265208910194a
and Sche,53636865bfb9607e
dule We ,2057652000f4b599
trained ,6e656420ff3f79ed
our mode,6d6f646591c8d474
ls on on,6e206f6e6ae6870a
e machin,6368696ed015ace9
e with 8,746820382b8a3949
 NVIDIA ,444941208622da26
P100 GPU,20475055ff8a124d
s For ou,72206f754fdc0d90
r base m,7365206d38d36546
odels us,732075736f78507d
ing the ,746865200f75003f
hyperpar,727061726da05ce3
ameters ,657273209fcf2cdc
describe,726962652a7ed7c6
d throug,726f7567d526a73c
hout the,2074686585e9c02f
 paper e,657220656d244dee
ach trai,747261695ebdadcd
ning ste,20737465b919d58f
p took a,6f6b2061d7253815
bout 04 ,2030342049604b64
seconds ,6e64732085409ea3
We train,7261696e76d5d5df
ed the b,6865206234c428ed
ase mode,6d6f64659fcec374
ls for a,6f72206178dc1290
 total o,616c206f62f2eecd
f 100000,303030304282f6eb
 steps o,7073206fafb8a0b3
r 12 hou,20686f754722fb2d
rs For o,6f72206fa45c923a
ur big m,6967206dbde727db
odelsdes,7364657302ae8263
cribed o,6564206f9af496f2
n the bo,6520626f4b4da335
ttom lin,206c696e0aa69c3c
e of tab,20746162e652ec45
le 3 ste,20737465bb159bdb
p time w,6d652077fc598db8
as 10 se,302073653fd78995
conds Th,73205468a1e2193b
e big mo,67206d6f10c3a217
dels wer,207765725d9e948e
e traine,61696e659be421bd
d for 30,72203330b6b42f1d
0000 ste,20737465e7408bd8
ps 35 da,3520646153d3cd90
ys 53 Op,33204f70a1b3a74a
timizer ,7a6572205e31c7d5
We used ,736564208ec985cb
the Adam,4164616d424b9b1c
 optimiz,696d697ad90716c5
er  20 w,32302077600cb7fe
ith 1 09,3120303971001e82
2 098and,38616e64de8faef5
 109 We ,2057652044b0e9c5
varied t,65642074ef290af7
he learn,6561726eaee2ccbe
ing rate,7261746597ddfc25
 over th,7220746876b3a317
e course,75727365348618bb
 of trai,747261691fb1a3cd
ning acc,20616363cd8f1f50
ording t,6e6720744b79860e
o the fo,6520666fc8b83b95
rmula lr,61206c7245769d4d
ate d05 ,643035205307b934
modelmin,6c6d696e121d0627
stepnum0,6e756d3075b100c5
5 step n,6570206e5101a309
umwarmup,726d7570931ff411
 steps15,707331355a875611
 3 This ,68697320ec975829
correspo,6573706f5cca3add
nds to i,746f2069a63545a2
ncreasin,6173696e6cf18899
g the le,65206c654cc872d4
arning r,6e672072b55222b3
ate line,6c696e65faa01e7a
arly for,20666f72b150e6a5
 the fir,206669726ffe9bb5
st warmu,61726d75ba830790
p steps ,657073208a9afad9
training,6e696e67b35dd025
 steps a,70732061f3423f5f
nd decre,6563726534975240
asing it,67206974604de7c4
 thereaf,726561661464db18
ter prop,70726f70557bbfcb
ortional,6f6e616cd278eb58
ly to th,6f207468151eaee2
e invers,766572734d3f4699
e square,75617265d067196b
 root of,74206f66b6352d85
 the ste,20737465f704d38d
p number,6d6265723db603b5
 We used,757365646ab6e182
 warmup ,6d7570200ea55bba
steps  4,73202034b727ce06
000  54 ,20353420bd8c63d7
Regulari,6c6172692fdc87bd
zation W,6f6e2057831f38dd
e employ,706c6f793b92f8bb
 three t,656520748c157a3c
ypes of ,206f662007a8a80e
regulari,6c6172690fdc87bd
zation d,6f6e206442e44195
uring tr,67207472b24798f8
aining 7,6e672037fdf3c73f
Table 2 ,652032202e9c7471
The Tran,5472616ecc86b9c6
sformer ,6d657220b1f6ca10
achieves,657665738005ed2d
 better ,7465722088d5a9fd
BLEU sco,2073636fe506f2d8
res than,7468616e12890dc2
 previou,76696f755a6f8d04
s stateo,6174656f48c06d9d
ftheart ,61727420f91b519c
models o,6c73206f1f94648a
n the En,6520456edd20e2f5
glishtoG,68746f47bf188c31
erman an,6e20616ee35138b4
d Englis,676c6973d43c5363
htoFrenc,72656e634a0b5ea2
h newste,77737465172e040d
st2014 t,31342074bb584d2e
ests at ,206174209b2d2476
a fracti,616374693bb9e50c
on of th,6620746856fc1222
e traini,61696e6944cff54e
ng cost ,6f737420a679ecdf
ModelBLE,6c424c45ead0fde5
U Traini,61696e6974cfd54e
ng Cost ,6f737420a679ecff
FLOPs EN,7320454e9a19d044
DE ENFR ,4e46522011b8e7ea
ENDE ENF,20454e466dd0fd99
R ByteNe,74654e652b47dfd7
t 18 237,20323337183a6dbc
5 DeepAt,6570417467bf16f0
t  PosUn,6f73556e488d54bd
k 39 392,20333932079d2d62
 101020 ,30323020f5115e4c
GNMT  RL,2020524cb0617dea
 38 246 ,32343620e4b76bde
3992 231,20323331f0f6b2c2
01914102,34313032ef5278f4
0 ConvS2,6e7653323af038ac
S 9 2516,323531360be5e250
 4046 96,3620393604e88871
10181510,3135313034be8ef9
20 MoE 3,6f452033be87f5e0
2 2603 4,30332034355d13be
056 2010,3230313068e2f5d0
19121020,3130323090fa8002
 DeepAtt,704174745df1f910
  PosUnk,73556e6b5b01f54d
 Ensembl,656d626c6ea751c5
e 39 404,203430342b7e1b70
 801020 ,30323020f5185e4c
GNMT  RL,2020524cb0617dea
 Ensembl,656d626c6ea751c5
e 38 263,2032363320858b09
0 4116 1,313620312a470cae
81020111,30313131f5d3e4ec
021 Conv,436f6e766ce49b1f
S2S Ense,456e7365d92a8d5c
mble 9 2,203920326fb9a27c
636 4129,343132391229ed30
 7710191,30313931a03bebd4
21021 Tr,31205472854b0a05
ansforme,6f726d6564283f90
r base m,7365206d38d36546
odel 273,2032373330f53b5f
 381 331,20333331fc4c088b
018 Tran,5472616ea8dfe4c6
sformer ,6d657220b1f6ca10
big 284 ,32383420a3bc2786
418 2310,32333130599b9c7c
19 Resid,65736964952060ad
ual Drop,44726f70cf0b7110
out We a,576520618508982c
pply dro,2064726f3cb5b0fd
pout  33,20203333ec76167f
 to the ,74686520466f083f
output o,7574206ff7875390
f each s,63682073160d9904
ublayer ,7965722057b76419
before i,7265206993c6b153
t is add,20616464b47968a7
ed to th,6f2074681c03aee2
e sublay,626c617989d7d7a9
er input,6e707574c3c516d5
 and nor,206e6f72dd68800a
malized ,7a656420106d1c63
In addit,6464697479f849a2
ion we a,77652061315f7e68
pply dro,2064726f3cb5b0fd
pout to ,20746f201ea43439
the sums,73756d7329b88761
 of the ,746865204674013f
embeddin,6464696e109603d6
gs and t,6e64207406c6f5ab
he posit,6f7369749b7f28fa
ional en,6c20656e5176e39a
codings ,6e6773205ac1c59c
in both ,6f746820fb2e56c2
the enco,656e636fc825610f
der and ,616e64209c093d20
decoder ,6465722039b03d65
stacks F,6b73204680052f5e
or the b,686520623ed228ed
ase mode,6d6f64659fcec374
l we use,20757365832810ee
 a rate ,6174652019821d84
of Pdrop,64726f704c2d2ccc
 01 Labe,4c61626560800772
l Smooth,6f6f74688bbec9b7
ing Duri,4475726956f5ec59
ng train,7261696e4fd7d5df
ing we e,77652065889c1ed5
mployed ,7965642079dbc1b6
label sm,6c20736d080ea4dd
oothing ,696e67204153cf47
of value,616c7565a5592156
 ls 0136,30313336af99864d
 This hu,73206875e29455df
rts perp,706572705d7af1f7
lexity a,747920619895c3bb
s the mo,65206d6f9b0b7e26
del lear,6c65617218b944a2
ns to be,6f2062650a5d44dc
 more un,6520756e0ae1cecf
sure but,20627574fec6c892
 improve,726f76656fde754a
s accura,63757261cbac8fb8
cy and B,6e642042b42fcc8b
LEU scor,73636f72380eab0f
e 6 Resu,52657375e68877e9
lts 61 M,3631204d9b278bf1
achine T,6e652054f665d42e
ranslati,6c6174693f208135
on On th,6e2074683e761a17
e WMT 20,54203230fcf1df08
14 Engli,6e676c693d1c8266
shtoGerm,4765726de84440eb
an trans,72616e73200ce85f
lation t,6f6e20745028cf92
ask the ,7468652007680c3f
big tran,7472616ef184b3dc
sformer ,6d657220b1f6ca10
model Tr,6c205472ca8949b4
ansforme,6f726d6564283f90
r big in,6720696efcfa7d97
 Table 2,6c65203214de2875
 outperf,7065726684bb33ac
orms the,2074686582f4d828
 best pr,7420707218e3de08
eviously,75736c79fed790fd
 reporte,6f7274658d2a7c9b
d models,64656c73b334b85f
 includi,6c756469a60e5373
ng ensem,6e73656dddc90037
bles by ,20627920cf19b1e0
more tha,2074686142861224
n 20 BLE,20424c4522186cf6
U establ,7461626c2dfde58c
ishing a,6e67206113b1afe8
 new sta,2073746183fa28f7
teofthea,746865616b6c842b
rt BLEU ,4c455520ae71fefd
score of,65206f66ee64e15d
 284 The,20546865945cecca
 configu,666967756a3cef05
ration o,6f6e206f20be21c3
f this m,6973206d82d2628d
odel is ,2069732049fb12f6
listed i,65642069a26fc22a
n the bo,6520626f4b4da335
ttom lin,206c696e0aa69c3c
e of Tab,20546162795a3145
le 3 Tra,20547261ed222d65
ining to,6720746ff6a3e830
ok 35day,356461794850a76e
s on 8P1,20385031139ac064
00 GPUs ,50557320db9b705a
Even our,206f75726627d265
 base mo,65206d6fc8496b3d
del surp,7375727021a3f31a
asses al,7320616c401de388
l previo,6576696f39297d7e
usly pub,207075620f24ccae
lished m,6564206d4ffcc761
odels an,7320616ea0462456
d ensemb,73656d628019a8ce
les at a,61742061ec8c42b0
 fractio,6374696f295595d2
n of the,2074686583a6da3d
 trainin,696e696e44013929
g cost o,7374206f5e3801ac
f any of,79206f663c59a29d
 the com,20636f6d1d862683
petitive,7469766548fc221e
 models ,656c7320aa0d0f81
On the W,68652057b584afa2
MT 2014 ,3031342061022d0f
Englisht,6973687484818293
oFrench ,6e636820f43725d2
translat,736c6174dee14608
ion task,7461736bf417eab3
 our big,206269672da5d858
 model a,656c20611c28e74b
chieves ,76657320c80b7a6d
a BLEU s,4555207383500619
core of ,206f66201db7bf18
410 outp,6f7574702fb38cea
erformin,726d696e10ec772e
g all of,6c206f6613cdc047
 the pre,207072656a033a32
viously ,736c7920e59f71e0
publishe,69736865d2854106
d single,6e676c652f701577
 models ,656c7320aa0d0f81
at less ,6573732065055f03
than 14t,2031347494d75905
he train,7261696e49d5d5df
ing cost,636f7374e1c8a82a
 of the ,746865204674013f
previous,696f7573e77abd79
 stateof,74656f66cd185049
theart m,7274206d13f13dc4
odel The,20546865db0ab192
 Transfo,6e73666f36ecfec2
rmer big,206269677fa7c858
 model t,656c2074964517d7
rained f,6564206682ba596c
or Engli,6e676c69635a8266
shtoFren,4672656e3b3244d7
ch used ,73656420bac485cb
dropout ,6f757420697ca38c
rate Pdr,20506472444db18c
op 01 in,3120696eee262818
stead of,64206f66a1151676
 03 For ,466f7220ff052677
the base,62617365382fcd7e
 models ,656c7320aa0d0f81
we used ,73656420aec985cb
a single,6e676c652a701577
 model o,656c206f35887a66
btained ,6e656420e93979ed
by avera,76657261cba55221
ging the,207468658aefdb3c
 last 5 ,742035206c572a33
checkpoi,6b706f691097fa76
nts whic,776869632e718336
h were w,726520773ec9d434
ritten a,656e20611f4028de
t 10minu,6d696e75ed8b8326
te inter,6e7465722efe67d7
vals For,20466f72dcad5ccd
 the big,206269672dbec54f
 models ,656c7320aa0d0f81
we avera,76657261deb95221
ged the ,74686520017e033f
last 20 ,203230201c45665e
checkpoi,6b706f691097fa76
nts We u,57652075a30233e6
sed beam,6265616d836efd06
 search ,72636820c4d360bb
with a b,20612062ca2f3e0a
eam size,73697a652afc389d
 of 4and,34616e648c72b3ca
 length ,67746820aba4e606
penalty ,6c74792035d8e404
 0638 Th,38205468184f7be3
ese hype,6879706598fb42f5
rparamet,616d65747ed60f1c
ers were,77657265b6e9ff1e
 chosen ,73656e20f7409c2a
after ex,72206578576e7b73
periment,6d656e7439060ac6
ation on,6e206f6e67e1ce0a
 the dev,2064657695ebacbb
elopment,6d656e742c0f17df
 set We ,2057652044f2bc88
set the ,74686520157e133f
maximum ,6d756d20a0ec3950
output l,7574206c2cb4d7aa
ength du,68206475353fb65b
ring inf,20696e66c89640d8
erence t,636520746075e5e1
o input ,70757420b6ff2db6
length  ,7468202024e80ef8
50 but t,75742074ae0e3bb4
erminate,6e617465e4720212
 early w,6c79207735b7d933
hen poss,706f7373c7de9c72
ible 38 ,20333820a17956f8
Table 2 ,652032202e9c7471
summariz,6172697ab3d50eaf
es our r,75722072f99d6ecb
esults a,747320610133db2f
nd compa,6f6d70616647af84
res our ,6f7572204b2cde35
translat,736c6174dee14608
ion qual,7175616cf0330c86
ity and ,616e642091183620
training,6e696e67b35dd025
 costs t,7473207422dc2e35
o other ,686572200ca05b51
model ar,6c206172ff123f8b
chitectu,6563747591424a91
res from,66726f6dc04750b6
 the lit,206c697497387edb
erature ,75726520072ba233
We estim,7374696dce38cb0f
ate the ,74686520076f023f
number o,6572206f1c17dbc6
f floati,6f6174697b46704a
ng point,6f696e74cba048fb
 operati,72617469f99469e7
ons used,75736564258ff782
 to trai,747261691faaaacd
n a mode,6d6f6465909dc774
l by mul,206d756c8896486b
tiplying,79696e67411d3e6a
 the tra,207472614c4d87d4
ining ti,67207469a6623eb6
me the n,6865206e4d15f334
umber of,72206f6616a28bfd
 GPUs us,73207573205b6544
ed and a,6e6420618e56af36
n estima,74696d616f2dac29
te of th,662074684df71222
e sustai,73746169d7399a19
ned sing,73696e67225cfb86
leprecis,656369733684cb45
ion floa,666c6f61c2fc08e7
tingpoin,706f696e0025646b
t capaci,706163691c07947a
ty of ea,66206561bb5f3eaa
ch GPU5 ,5055352073e3f0eb
62 Model,6f64656ccf5cd0b3
 Variati,696174699ca7cbaf
ons To e,546f20651700a671
valuate ,617465204f825183
the impo,696d706f8a16eb4c
rtance o,6365206ff4ed4fbe
f differ,6666657216156b14
ent comp,636f6d709bd215fa
onents o,7473206fff069fe7
f the Tr,6520547239aea48e
ansforme,6f726d6564283f90
r we var,20766172abf07c1a
ied our ,6f757220502cc935
base mod,206d6f64ebf7dba5
el in di,6e206469bff55a44
fferent ,656e7420572d129e
ways mea,206d65615ae45149
suring t,6e672074577e900e
he chang,68616e673f733a75
e in per,207065726146f7ff
formance,616e63654a521e75
 on Engl,456e676cb8bf898a
ishtoGer,6f47657213b45dd9
man tran,7472616efe8cbadc
slation ,696f6e205a4b3281
on the 5,6865203528563158
We used ,736564208ec985cb
values o,6573206ffc36ed50
f 28 37 ,2033372089a2fd7d
60 and 9,6e6420394c449b49
5 TFLOPS,4c4f505341b98201
 for K80,204b3830a56ffbfa
 K40 M40,204d34302bd09d67
 and P10,20503130b3741781
0 respec,737065633c31c273
tively 8,6c792038444f0275
Table 3 ,65203320a66de204
Variatio,6174696f171d0d90
ns on th,6e2074683f6b1a37
e Transf,616e736658f26f5a
ormer ar,7220617276812087
chitectu,6563747591424a91
re Unlis,6e6c69737cccf850
ted valu,76616c75b199647c
es are i,7265206994d0f75d
dentical,6963616c6ead7c1b
 to thos,74686f7306e92734
e of the,2074686588a6da3d
 base mo,65206d6fc8496b3d
del All ,416c6c20c1e2de12
metrics ,696373200c7b27e9
are on t,6f6e20745d3bdedb
he Engli,6e676c69644d8266
shtoGerm,4765726de84440eb
an trans,72616e73200ce85f
lation d,6f6e206454e44195
evelopme,6f706d659bc7fb3d
nt set n,6574206ea378ba99
ewstest2,6573743230c4f2b1
013 List,4c697374eaff5566
ed perpl,6572706c405ccf7c
exities ,696573207929b0a5
are perw,70657277770b27b2
ordpiece,696563655a406af3
 accordi,6f7264699dd855e5
ng to ou,6f206f758e4e6aec
r bytepa,746570614330502b
ir encod,6e636f642c777dbc
ing and ,616e642091022820
should n,6c64206e4d0ff40e
ot be co,6520636fffd30ff5
mpared t,65642074f43819ec
o perwor,72776f7235809d9e
d perple,72706c6580894608
xities N,6573204e55a6317f
 d model,6f64656cd90ad093
 dff h d,20682064d5386057
 k dvPdr,7650647222af411b
op lstra,73747261d932d3d3
in PPL B,504c20429ea51d9e
LEU para,7061726184c70971
ms steps,746570735e0d2d41
 dev dev,2064657695fba1a8
 106 bas,2062617399a0be5d
e 6 512 ,35313220d0921d68
2048 8 6,203820366f764b03
4 64 01 ,203031204dd1842b
01 100K ,30304b209243a56b
492 258 ,32353820ed802341
65 A1 51,31203531b2cf6a54
2 512 52,322035323deffac0
9 249 4 ,392034209263b399
128 128 ,313238205ef631ae
500 255 ,3235352068b50408
16 32 32,32203332c57f819b
 491 258,203235388ebe7434
 32 16 1,313620313a540abf
6 501 25,31203235ee038e0d
4 B16 51,362035319df654de
6 251 58,31203538ec3604bb
 32 501 ,353031208d2790eb
254 60 C,363020431f94207f
2 611 23,31203233065579d4
7 36 4 5,20342035063a1d93
19 253 5,353320355abfd6d7
0 8 488 ,3438382017d70928
255 80 2,38302032724119f0
56 32 32,32203332c17f819b
 575 245,20323435637ad8b1
 28 1024,31303234f51e4759
 128 128,20313238658e2f87
 466 260,203236309ec21019
 168 102,203130328424f489
4 512 25,322032359a3de0f4
4 53 409,203430396d7c628e
6 475 26,35203236f5d4e99b
2 90 D00,2044303033ec7841
 577 246,203234368032aa2d
 02 495 ,34393520761649c1
255 00 4,3030203428a8f62a
67 253 0,35332030ac13db2c
2 547 25,37203235869eac51
7 E posi,706f7369d18eeb66
tional e,616c2065c0bfe3d3
mbedding,64696e6746567267
 instead,74656164e3963981
 of sinu,73696e75ecae99e9
soids 49,73203439968e4a60
2 257 bi,37206269de0328ee
g 6 1024,31303234b20c4959
 4096 16,362031365dc0f16e
 03 300K,3330304b4d802d80
 433 264,20323634226d381f
 213 dev,2064657695adf5ed
elopment,6d656e742c0f17df
 set new,206e657721ad5e09
stest201,74323031608b088a
3 We use,20757365dc2830ee
d beam s,616d2073ce14c0c5
earch as,68206173a6917044
 describ,6372696284348b45
ed in th,6e207468347c1a31
e previo,6576696f30297d7e
us secti,656374692f1b1f7b
on but n,7574206e41e53d54
o checkp,65636b70f4d812fd
oint ave,206176657cd56bbd
raging W,6e672057b78782e8
e presen,6573656eb2127e1a
t these ,657365202be7055f
results ,6c747320d39fcab4
in Table,61626c653b3606fc
 3 In Ta,6e2054611dbffd27
ble 3 ro,3320726f9c534e38
ws A we ,2077652020e3f4de
vary the,207468659be7c722
 number ,626572207affbd46
of atten,7474656e434af003
tion hea,206865619afb248c
ds and t,6e64207405c6f5ab
he atten,7474656e4449f003
tion key,206b65792642799a
 and val,2076616ca2e4449f
ue dimen,696d656ef712a788
sions ke,73206b65e57dc666
eping th,672074689ff0bbbd
e amount,6f756e74811c5846
 of comp,636f6d70ded307fa
utation ,696f6e205c533281
constant,74616e74641f7676
 as desc,64657363a309e2e1
ribed in,6420696ee4bdcdea
 Section,74696f6e0ff52975
 322 Whi,20576869a4a8174a
le singl,696e676cd704ff00
ehead at,64206174ff153dcb
tention ,696f6e205d423d81
is 09 BL,3920424c1f1f8870
EU worse,6f7273659934e86b
 than th,6e207468716c5239
e best s,737420739831bba2
etting q,6e6720711760427d
uality a,747920618191d7bb
lso drop,64726f704f3863bc
s off wi,66207769fc59a842
th too m,6f6f206d6dd4bfb5
any head,6865616423e8f817
s In Tab,205461626f5a174d
le 3 row,20726f77ebe40f2f
s B we o,7765206f22c20099
bserve t,7665207463106493
hat redu,72656475a7c40b79
cing the,207468658eefdb3c
 attenti,656e7469c19d4ae4
on key s,6579207368d6bee5
ize dkhu,646b687565bd38f4
rts mode,6d6f64658cc9d574
l qualit,616c69742e6f9cc6
y This s,697320736e05d068
uggests ,737473208a9782aa
that det,2064657410f29fc6
ermining,6e696e67a25ddc25
 compati,70617469a690c47d
bility i,747920697c014741
s not ea,742065610cb0af2b
sy and t,6e64207412ccf5ab
hat a mo,61206d6f188188d2
re sophi,6f706869593c8b30
sticated,61746564c9539ce1
 compati,70617469a690c47d
bility f,747920666a9db84e
unction ,696f6e205c493081
than dot,20646f7431ae530f
 product,64756374d7382b33
 may be ,20626520f59cd809
benefici,666963693f3c1b15
al We fu,6520667585c987f7
rther ob,72206f62c8d9ad46
serve in,6520696ede4c4a05
 rows C ,73204320f881f8ea
and D th,442074687756b9df
at as ex,73206578b9adbb00
pected b,65642062c4ec908b
igger mo,72206d6f5a6ff9e6
dels are,20617265d9861da4
 better ,7465722088d5a9fd
and drop,64726f70422568bc
out is v,697320768859762f
ery help,68656c70db3a967b
ful in a,696e2061882cc101
voiding ,696e67205853d24b
overfitt,666974748b71c8d0
ing In r,496e20723554d787
ow E we ,2077652038e7f4da
replace ,61636520a3cb4218
our sinu,73696e75a3b48de9
soidal p,616c20704b0b4e0c
ositiona,696f6e61e6d77320
l encodi,636f64693536d2ba
ng with ,697468208ec84e2c
learned ,6e656420e72879f6
position,74696f6e5fc93f7f
al embed,6d626564466c9946
dings  9,732020391254384c
 and obs,206f6273d06d994d
erve nea,206e65614d06a653
rly iden,6964656e298db5e5
tical re,6c2072659f601cac
sults to,7320746fc42d59ea
 the bas,2062617399e5e60e
e model ,64656c20cd630adf
63 Engli,6e676c693a1b8266
sh Const,6f6e7374311f3902
ituency ,6e637920884249c8
Parsing ,696e67207e5dc95c
To evalu,76616c7591932039
ate if t,6966207407957e9d
he Trans,72616e732907e87f
former c,65722063055b354c
an gener,656e6572269a8781
alize to,6520746f222806f6
 other t,657220746297c0a9
asks we ,2077652036e3bfec
performe,6f726d6575233e90
d experi,706572690e6cabe5
ments on,73206f6e56c233c1
 English,6c69736826306a04
 constit,73746974f67f7049
uency pa,79207061bc1661a4
rsing Th,672054687c62065d
is task ,61736b20fdcab734
presents,656e7473f1a72f0a
 specifi,6369666971caa03d
c challe,616c6c65d696c2df
nges the,2074686583e1d028
 output ,70757420f9b031ac
is subje,75626a6560e9e6aa
ct to st,6f207374e7e43fb9
rong str,20737472ca0f05c8
uctural ,72616c20da8626bc
constrai,747261695cb1ab9e
nts and ,616e642096183c20
is signi,69676e690be544a5
ficantly,6e746c797fbd993c
 longer ,676572209bd0019e
than the,2074686599eed435
 input F,7574204647a41c22
urthermo,65726d6f7dcf3497
re RNN s,4e4e20736a1c1c11
equencet,6e636574caa5a63b
osequenc,75656e63975b4926
e models,64656c73b234b85f
 have no,65206e6f32e51459
t been a,656e206119093ecf
ble to a,746f206116260a97
ttain st,6e207374fcc27866
ateofthe,66746865790c207a
art resu,7265737567aca059
lts in s,696e2073584b61e0
malldata,64617461532ca4e2
 regimes,696d65734a25e03f
 37 We t,5765207476a3682d
rained a,6564206136c00ac8
 4layer ,7965722002e16419
transfor,73666f720ca9496f
mer with,776974682d7712c7
 dmodel ,64656c2088270adf
 1024 on,34206f6e3e43bcb3
 the Wal,2057616c6a2c49bc
l Street,72656574ca4a750a
 Journal,726e616cd69a99e2
 WSJ por,20706f72e50b639c
tion of ,206f66200ab1a213
the Penn,50656e6edb90e114
 Treeban,6562616e4b9dd769
k  25 ab,352061621af05293
out 40K ,34304b202b69034d
training,6e696e67b35dd025
 sentenc,74656e638df5c834
es We al,6520616cc866f377
so train,7261696e52dfd5df
ed it in,7420696e7177850c
 a semis,656d6973efa7c80a
upervise,76697365a32d8cc6
d settin,7474696e0adf7ab5
g using ,696e6720491cce5c
the larg,6c6172672a0e236e
er highc,69676863db360ad7
onfidenc,64656e638a33f802
e and Be,642042659ed36060
rkleyPar,7950617219a7d551
ser corp,636f727023fb2d9d
ora from,66726f6ddd5042b6
 with ap,6820617080bd4800
proximat,696d617422c18e21
ely 17M ,31374d20cbba84ad
sentence,656e636505b99653
s 37 We ,2057652017a1eacb
used a v,20612076ece3bbb6
ocabular,756c6172179c1084
y of 16K,2031364beb9cba19
 tokens ,656e732011cdbc7d
for the ,746865200074153f
WSJ only,6f6e6c792971ab12
 setting,74696e67eb439673
 and a v,20612076b9f1b0b6
ocabular,756c6172179c1084
y of 32K,2033324bf3f123e1
 tokens ,656e732011cdbc7d
for the ,746865200074153f
semisupe,737570655bc83b64
rvised s,656420737e6ba410
etting W,6e672057a09291e8
e perfor,72666f72acbc3b8b
med only,6f6e6c7913478512
 a small,6d616c6cf9053486
 number ,626572207affbd46
of exper,787065723b081854
iments t,747320746bd22428
o select,6c6563748235989c
 the dro,2064726f6cb1b4e1
pout bot,20626f740b262210
h attent,74656e7473d7f226
ion and ,616e642091032120
residual,6475616c66e68afb
 section,74696f6e0fd52975
 54 lear,6c6561725ce91ca2
ning rat,20726174385bfc5f
es and b,6e642062c2c01b1b
eam size,73697a652afc389d
 on the ,746865204674093f
Section ,696f6e207a423081
22 devel,6576656ce43521c1
opment s,6e742073a40c4574
et all o,6c6c206f3d69abe6
ther par,20706172c2278022
ameters ,657273209fcf2cdc
remained,696e65647dc78ef4
 unchang,68616e6777637475
ed from ,726f6d20a2c79790
the Engl,456e676cecb8828a
ishtoGer,6f47657213b45dd9
man base,626173652126c67e
 transla,6e736c6167013d08
tion mod,206d6f64fdffc7ae
el Durin,7572696ef646f4a4
g infere,666572659850b449
nce we 9,77652039d2d7ae96
Table 4 ,652034208beef580
The Tran,5472616ecc86b9c6
sformer ,6d657220b1f6ca10
generali,72616c6953eaab1a
zes well,77656c6c706882d9
 to Engl,456e676cb8a4888a
ish cons,636f6e731a54ca18
tituency,656e6379a80e0745
 parsing,73696e676c49fed4
 Results,756c74737a7ccf3a
 are on ,206f6e2063fe9e7f
Section ,696f6e207a423081
23 of WS,662057535f11dc7f
J Parser,72736572dda5b21f
 Trainin,696e696e44213929
g WSJ 23,4a203233a79fd39a
 F1 Viny,56696e79857051f8
als  Kai,204b61697c1b69e2
ser el a,656c20614f20fa0f
l 2014 3,3134203396a75ba8
7 WSJ on,4a206f6e26dfbc1a
ly discr,69736372b170101b
iminativ,61746976d8cbd5a8
e 883 Pe,33205065eeb12954
trov et ,206574200cffdd82
al 2006 ,303036203f19b21d
29 WSJ o,534a206f8d6754ef
nly disc,64697363c3691932
riminati,6e61746997944ef0
ve 904 Z,3034205a2afc8f0b
hu et al,7420616c1538a0d5
 2013 40,332034303c0d8ff6
 WSJ onl,206f6e6c12f6256c
y discri,736372695a5e3b18
minative,7469766555f03816
 904 Dye,20447965316635fd
r et al ,20616c206573b5c7
2016 8 W,203820577abf316b
SJ only ,6e6c7920fc5fce8e
discrimi,72696d696b9fe886
native 9,76652039ac531f9a
17 Trans,72616e737055e87f
former 4,6572203438eab73e
 layers ,65727320dece28d1
WSJ only,6f6e6c792971ab12
 discrim,6372696d488e8866
inative ,6976652072fec5a0
913 Zhu ,5a68752069514f3e
et al 20,6c203230edfe9a3d
13 40 se,302073656f978990
misuperv,706572767aee4551
ised 913,2039313361af9db6
 Huang  ,6e67202069ae63ec
Harper 2,657220326fd41c17
009 14 s,3134207343ff88ed
emisuper,75706572ede371d1
vised 91,64203931147533ed
3 McClos,436c6f734c7f0766
ky et al,7420616c1634a0d5
 2006 26,36203236c3a229f2
 semisup,697375704f622d38
ervised ,73656420bcded3d7
921 Viny,56696e799c0451f8
als  Kai,204b61697c1b69e2
ser el a,656c20614f20fa0f
l 2014 3,3134203396a75ba8
7 semisu,6d69737550fa301a
pervised,697365648b4048b0
 921 Tra,20547261a17e3f67
nsformer,726d6572cfe6c1d4
 4 layer,6179657267ba108b
s semisu,6d69737514fa301a
pervised,697365648b4048b0
 927 Luo,204c756f1e265e53
ng et al,7420616c132aa0d5
 2015 23,3520323306bb08a2
 multita,7469746183c733c1
sk 930 D,333020446505458f
yer et a,65742061fd148d29
l 2016 8,31362038c9ca6c2e
 generat,657261743d9dc5b9
ive 933 ,393333208894d124
increase,65617365d76e9da5
d the ma,65206d61edf656d4
ximum ou,6d206f7538a24305
tput len,206c656e9ec97dc1
gth to i,746f2069af255ea2
nput len,206c656e84c97dc1
gth  300,203330309bd57bec
 We used,757365646ab6e182
 a beam ,65616d202babb759
size of ,206f66200db1b718
21and 03,6420303325f8336b
 for bot,20626f745b2f3816
h WSJ on,4a206f6e79dfbc1a
ly and t,6e6420740dccf5ab
he semis,656d6973a7a3c80a
upervise,76697365a32d8cc6
d settin,7474696e0adf7ab5
g Our re,72207265f38bcbfb
sults in,7320696ee3bb577f
 Table 4,6c65203425cd2fcd
 show th,772074686e463214
at despi,657370690ee595a4
te the l,6865206c4d95eeba
ack of t,6f6620746b39e4ff
askspeci,70656369bf729145
fic tuni,74756e6985cbec73
ng our m,7572206dc2b1167f
odel per,207065726b02fbfd
forms su,7320737573490f34
r prisin,6973696e14cbe9ef
gly well,77656c6c6d6188d9
 yieldin,6c64696e5dee78fd
g better,747465723bdb72e5
 results,756c74737a5ccf3a
 than al,6e20616ceda168f0
l previo,6576696f39297d7e
usly rep,207265704b09b9db
orted mo,64206d6fb577f764
dels wit,207769749cb35fd6
h the ex,652065787582d264
ception ,696f6e204a422381
of the R,68652052163faee7
ecurrent,72656e74a6df420a
 Neural ,72616c208fab37bc
Network ,6f726b20616871b6
Grammar ,6d61722091022b6f
8 In con,20636f6eb8796640
trast to,7420746f56414901
 RNN seq,20736571c5379a08
uencetos,65746f736b81b5ce
equence ,6e636520019511a4
models  ,6c73202022e208af
37 the T,68652054196d925e
ransform,666f726dbfed3336
er outpe,7574706529e42134
rforms t,6d73207402fe06c8
he Berke,65726b65fd868673
ley Pars,506172734eeb93d1
er 29 ev,39206576ca702803
en when ,68656e20bf14c78a
training,6e696e67b35dd025
 only on,79206f6e52eeb82c
 the WSJ,2057534a381d7a68
 trainin,696e696e44013929
g set of,74206f66f167318f
 40K sen,2073656e6813e97b
tences 7,657320370fcaa56f
 Conclus,636c75736cb0951b
ion In t,496e2074a33bff64
his work,776f726b718e23ac
 we pres,7072657346ad0eda
ented th,64207468c9d5a491
e Transf,616e736658f26f5a
ormer th,7220746839aeb817
e first ,72737420f4e58706
sequence,656e636505b98952
 transdu,6e736475414d0175
ction mo,6e206d6f64f5e6cc
del base,626173652822c47e
d entire,74697265b82579c0
ly on at,6e206174b8f80c4d
tention ,696f6e205d423d81
replacin,6163696e7661bd4f
g the re,65207265e6235d0d
current ,656e7420523e059e
layers m,7273206da29f033e
ost comm,636f6d6d9308b73c
only use,2075736580660bf2
d in enc,20656e63dff742cc
oderdeco,6465636f2157c874
der arch,61726368436b2139
itecture,747572658c01bc66
s with m,7468206d92981535
ultihead,6865616437eaf55e
ed selfa,656c66615deeb972
ttention,74696f6e5bd22978
 For tra,207472614c7f80c3
nslation,74696f6e41d52077
 tasks t,6b732074d68adbbe
he Trans,72616e732907e87f
former c,65722063055b354c
an be tr,65207472b615e50a
ained si,64207369e4ea5cd3
gnifican,6963616edf599fe8
tly fast,6661737474889055
er than ,68616e206311d448
architec,69746563c0635edd
tures ba,73206261f5d88a23
sed on r,6f6e2072ca7910f6
ecurrent,72656e74a6df420a
 or conv,636f6e76235f5b4e
olutiona,696f6e61e6c86f20
l layers,79657273b1f44ed8
 On both,626f74689e473e4e
 WMT 201,203230311fb2fe96
4 Englis,676c6973843c5363
htoGerma,65726d6104576e9b
n and WM,6420574d44741d9e
T 2014 E,313420452e75653f
nglishto,7368746f30130758
French t,63682074327eb8ae
ranslati,6c6174693f208135
on tasks,61736b73f802602f
 we achi,61636869139d8f6e
eve a ne,61206e65882bac40
w state ,617465204ec34e82
of the a,68652061c1679728
rt In th,6e207468236c1a11
e former,726d6572c4b5c1d4
 task ou,6b206f756e21e80e
r best m,7374206ddea477c1
odel out,206f75740a807f96
performs,6f726d73da98e33b
 even al,6e20616cedb076f4
l previo,6576696f39297d7e
usly rep,207265704b09b9db
orted en,6420656ed49ddf96
sembles ,6c6573209b20bb21
We are e,7265206572c888ff
xcited a,656420613cc20ad2
bout the,207468658fe9c02f
 future ,75726520423fb633
of atten,7474656e434af003
tionbase,62617365382ec730
d models,64656c73b334b85f
 and pla,20706c61dc6ff3a7
n to app,206170704951148f
ly them ,68656d20981c7438
to other,74686572783c7770
 tasks W,6b732057f41a7180
e plan t,616e20746dc17605
o extend,74656e649a81f121
 the Tra,20547261a1336533
nsformer,726d6572cfe6c1d4
 to prob,70726f62c9666c1c
lems inv,20696e767274aeb1
olving i,6e672069c4f155d6
nput and,20616e6494768d86
 output ,70757420f9b031ac
modaliti,6c697469ad18212a
es other,7468657269207770
 than te,6e2074659e7a43c5
xt and t,6e64207419c1f5ab
o invest,76657374da92f2ab
igate lo,65206c6f324af678
cal rest,72657374b94908f7
ricted a,6564206136c800d2
ttention,74696f6e5bd22978
 mechani,68616e693869994c
sms to e,746f206596eb3dd0
fficient,69656e74829a9164
ly handl,616e646c99cc5134
e large ,72676520d1f670b4
inputs a,747320610d2ede36
nd outpu,75747075b6d6233e
ts such ,756368204a594acc
as image,6d61676537f47dd9
s audio ,64696f2061202633
and vide,766964651f46772f
o Making,6b696e67c84184fe
 generat,657261743d9dc5b9
ion less,6c657373a7a2628e
 sequent,75656e74da3029f0
ial is a,6973206102890ed1
nother r,65722072e452beef
esearch ,7263682081d360bb
goals of,73206f66e8067295
 ours Th,73205468e2e2022d
e code w,6465207796634636
e used t,65642074fc680ded
o train ,61696e20e6a34023
and eval,6576616c27fa186a
uate our,206f75725630c36e
 models ,656c7320aa0d0f81
is avail,7661696c2c3d75ce
able at ,206174209f3c3c60
httpsgit,736769743abbfc33
hubcom t,6f6d2074f4b607c7
ensorflo,72666c6fd65c2cf1
wtensor2,736f72322b394f0f
tensor  ,6f72202048a14c37
Acknowle,6f776c657557a579
dgements,656e7473e5b22f14
 We are ,61726520c835181d
grateful,6566756c3ffd8a36
 to Nal ,4e616c2008687103
Kalchbre,686272658326071b
nner and,20616e6494689d80
 Stephan,7068616e0628ddc0
 Gouws f,777320661e2f9469
or their,68656972b0294340
 fruitfu,69746675c4957b78
l commen,6d6d656e86dd0d37
ts corre,6f7272655f2ccb63
ctions a,6e732061a0e82233
nd inspi,6e7370697aa400e5
ration R,6f6e20529b57e6a2
eference,656e636513ba9d55
s 1Jimmy,696d6d7909e96907
 Lei Ba ,204261200276c27d
Jamie Ry,652052797efc26de
an Kiros,69726f7317ff701b
 and Geo,2047656fa6782341
ffrey E ,792045203b7949c6
Hinton L,6f6e204cf7fc4103
ayer nor,206e6f729c708b1c
malizati,7a6174694538814c
on arXiv,72586976c789a610
 preprin,7072696e25755fd2
t arXiv1,586976315bf2accd
60706450,3634353087473f39
  2016 2,31362032c71746ef
Dzmitry ,74727920812a7d52
Bahdanau,616e61754b7dd42d
 Kyunghy,6e676879c264a451
un Cho a,686f2061d009cc89
nd Yoshu,6f7368756e0ef3b3
a Bengio,6e67696f856f818d
 Neural ,72616c208fab37bc
machine ,696e6520d5498a7d
translat,736c6174dee14608
ion by j,6279206adcf0c930
ointly l,6c79206c4bc4e099
earning ,696e67204b5dc941
to align,6c69676e78b313a2
 and tra,207472614c5881d5
nslate C,7465204312881775
oRR  abs,20616273e2d19331
14090473,303437338664841f
 2014 3D,3420334479c0155c
enny Bri,20427269b6682ba9
tz Anna ,6e6e6120e35d64b9
Goldie M,6965204d0d119223
inhThang,68616e673e787242
 Luong a,6e6720615a8eb2ee
nd Quoc ,756f632026466e1f
V  Le Ma,65204d611846cf3d
ssive ex,652065786ed1cf7a
ploratio,6174696f3110108b
n of neu,206e6575ca51ecd7
ral mach,6d6163682691fe28
ine tran,7472616efa83b1dc
slation ,696f6e205a4b3281
architec,69746563c0635edd
tures Co,7320436ff3aa460c
RR  abs1,6162733165ca554b
70303906,333930365178506e
 2017 4J,3720344ab3344a84
ianpeng ,656e6720bf192c8b
Cheng Li,67204c69dde5da2b
 Dong an,6720616ead38c566
d Mirell,72656c6c84f1fe81
a Lapata,7061746169bd28ba
 Long sh,672073683392dc4c
ortterm ,65726d20aed6b8e8
memoryne,72796e65aad8f091
tworks f,6b732066068d8433
or machi,616368695c98ca23
ne readi,6561646931bb19b4
ng arXiv,72586976c680a610
 preprin,7072696e25755fd2
t arXiv1,586976315bf2accd
60106733,36373333520422a0
  2016 1,313620313a470aaf
05Kyungh,756e67688884abb0
yun Cho ,43686f20c85fedd6
Bart van,2076616ec4e961b5
 Merrien,7269656ecee44690
boer Cag,204361671f489077
lar Gulc,47756c6392d6b0b2
ehre Fet,20466574420fb88e
hi Bouga,6f756761625819df
res Holg,486f6c6789bf253c
er Schwe,636877657c561bad
nk and Y,6e642059d69ca02e
oshua Be,61204265f4c4bc4d
ngio Lea,204c6561c058b482
rning ph,6720706853f6cc76
rase rep,207265704c1ba6c7
resentat,6e746174c8bdfaa6
ions usi,20757369dddb2837
ng rnn e,6e6e2065df697af6
ncoderde,657264653d344fb2
coder fo,7220666f6d9f934c
r statis,61746973e78eab71
tical ma,6c206d6187b6b4b0
chine tr,65207472b413ac06
anslatio,6174696f20120c95
n CoRR  ,52522020e3bf5cb5
abs14061,343036315efd398c
078 2014,323031347952d234
 6Franco,616e636f2c8a8b47
is Choll,686f6c6c462b0a3e
et Xcept,63657074c9876466
ion Deep,44656570e9ff5751
 learnin,726e696ee137e8fd
g with d,7468206403c93560
epthwise,776973657143d1b9
 separab,61726162c9e67de3
le convo,6f6e766ff94470fe
lutions ,6f6e732098ceb12c
arXiv pr,762070729a9c0f36
eprint a,6e742061868cec81
rXiv1610,31363130c64fe563
02357  2,372020328e12486e
016 7Jun,374a756e758f9f21
young Ch,67204368b904c36c
ung agla,61676c61acd4df7a
r Glehre,65687265cd260547
 Kyunghy,6e676879c264a451
un Cho a,686f2061d009cc89
nd Yoshu,6f7368756e0ef3b3
a Bengio,6e67696f856f818d
 Empiric,69726963a627ea6a
al evalu,76616c75a4902039
ation of,6e206f6677f42f59
 gated r,65642072cc3fd9e8
ecurrent,72656e74a6df420a
 neural ,72616c208f8b37bc
networks,6f726b735b84762e
 on sequ,73657175463540c4
ence mod,206d6f64ecf8cba5
eling Co,6720436f52f4d48f
RR  abs1,6162733165ca554b
4123555 ,35353520d5886ef4
2014 8Ch,20384368ed7e4da1
ris Dyer,4479657244e76f4e
 Adhigun,6967756ee094c1c7
a Kuncor,6e636f722aed6751
o Miguel,6775656caaf05852
 Ballest,6c657374f6708dff
eros and,20616e649f749781
 Noah A ,6820412078e35d7c
Smith Re,682052650e4e5efc
current ,656e7420523e059e
neural n,616c206e81a57b08
etwork g,726b20676fc1cb3e
rammars ,61727320afea5c28
In Proc ,726f6320d3971b2b
of NAACL,4141434ce838b097
  2016 9,313620396a6b382c
Jonas Ge,732047653da0852b
hring Mi,67204d69844073c9
chael Au,6c204175404d478a
li David,61766964a84e7f02
 Grangie,6e676965449ddedf
r Denis ,6e6973203e230ce5
Yarats a,747320613d21dc22
nd Yann ,616e6e20276b1a54
N Dauphi,75706869169ccacf
n Convol,6e766f6c6af0f756
u tional,6f6e616cc82aeb58
 sequenc,75656e63d85b4926
e to seq,207365718045a029
uence le,65206c655e8d68df
arning a,6e6720611bb0a9e8
rXiv pre,20707265382f3b21
print ar,74206172c90a5abe
Xiv17050,37303530a36c4bdc
3122v2  ,76322020c3202b81
2017 10 ,2031302033d65f06
Alex Gra,20477261f779b01b
ves Gene,47656e65c8c9377b
rating s,6e6720735f25a127
equences,6e636573a342f9d7
 with re,6820726514d87a4f
current ,656e7420523e059e
neural n,616c206e81a57b08
etworks ,726b732010653622
arXiv pr,762070729a9c0f36
eprint a,6e742061868cec81
rXiv1308,31333038fb8857a9
0850  20,20203230e0e66cf5
13 11 Ka,31204b61e5276307
iming He,6720486521f587c6
 Xiangyu,6e67797505a65166
 Zhang S,6e67205322ef3e7b
haoqing ,696e6720465dd45e
Ren and ,616e6420aa092120
Jian Sun,2053756e38c1210d
 Deep re,702072656dc00114
sidual l,616c206c64c219a1
earning ,696e67204b5dc941
for im a,696d20619d7ef3d2
ge recog,65636f673a4eebc6
nition I,6f6e2049bcc1a331
n Procee,6f6365656a0ae17a
dings of,73206f66eb007d9e
 the IEE,20494545f402257f
E Confer,6e6665723a0949d1
ence on ,206f6e2026f18f7f
Computer,75746572599e5c87
 Vision ,696f6e2009713a86
and Patt,506174747c4b25ec
ern Reco,5265636f4e9bc867
gnition ,696f6e204e493a81
 pages 7,657320375bdfaa6b
70778 20,38203230dec1a4a0
16 12 Se,32205365caff3e8f
pp Hochr,6f636872b89cb625
eiter Yo,7220596f17deaa87
shua Ben,2042656ec185f020
gio Paol,50616f6c8ac1cebc
o Frasco,6173636f31cb3e89
ni and J,6e64204ad392bda3
rgen Sch,2053636891d2461c
midhuber,756265728495be10
 Gradien,6469656e9d768592
t flow i,6f77206994ba22f1
n recurr,6375727262e022d7
ent nets,6e657473ced41aa8
 the dif,20646966d3a2b62f
ficulty ,6c74792023d4e910
of learn,6561726ea9e1ccbe
ing long,6c6f6e67000aefa7
term dep,20646570315415c3
endencie,6e636965451bab65
s 2001 1,303120318313e6a9
3 Sepp H,70702048a0844f2d
ochreite,6569746549dba53c
r and Jr,64204a7228d6c2de
gen Schm,5363686dcef5919b
idhuber ,6265722033f5a05e
Long sho,2073686fe4fee7d1
rtterm m,726d206d6b9f75a5
emory Ne,79204e65facdcfeb
ural com,20636f6d48802f8a
putation,74696f6e5fd33877
  981735,31373335cc06ee4d
1780 199,20313939e28ed35f
7 14 Zho,205a686f2fa7ca82
ngqiang ,616e6720755f300d
Huang an,6720616ec509cb66
d Mary H,727920489e8d3c46
arper Se,72205365423b502f
lftraini,61696e694d89f54e
ng PCFG ,43464720d33eaf09
grammars,6d6172731d9ffd45
 with la,68206c611da01e90
tent ann,20616e6ee6a0054d
otations,696f6e730cfbe381
 across ,6f7373208caf031b
language,7561676506a38278
s In Pro,2050726f233b01e4
ceedings,696e67739a62d9f6
 of the ,746865204674013f
2009 Con,20436f6e9eb1349d
ference ,6e636520028116a4
on Empir,6d706972203ab173
ical Met,204d6574205dc727
hods in ,20696e205c7f2987
Natural ,72616c20e18426bc
Language,7561676526a38278
 Process,636573736142574b
ing  pag,207061673cc8a3d0
es 83284,3332383473c81f75
1 ACL Au,4c20417582f86cf5
gust 200,2032303050a22339
9 15 Raf,20526166df2abcdf
al Jozef,6f7a6566332af85f
owicz Or,7a204f727739ba87
iol Viny,56696e79cc590cf8
als Mike,4d696b65ccbbc412
 Schuste,75737465bc5967b1
r Noam S,616d2053a8adc827
hazeer a,65722061a5ee932c
nd Yongh,6f6e6768593c9c59
ui Wu Ex,75204578992a717b
ploring ,696e67205e50d45d
the limi,6c696d699d7c99c2
ts of la,66206c6162f0c960
nguage m,6765206d47e7c266
odeling ,696e67204158de43
arXiv pr,762070729a9c0f36
eprint a,6e742061868cec81
rXiv1602,31363032fd2247b8
02410  2,30202032522fd367
016 16 u,31362075b50994a2
kasz Kai,204b6169761669b8
ser and ,616e64208b093d20
Samy Ben,2042656ee18ce838
gio Can ,43616e203afbd194
active m,7665206d5bdfc444
emory re,7920726582c936de
place at,65206174167cbdb7
tention ,696f6e205d423d81
In Advan,6476616e87b1d150
ces in N,696e204e17616bdb
eural In,6c20496efdd744d2
formatio,6174696f27130d94
n Proces,6f63657347cd4c74
sing Sys,20537973905cad59
tems NIP,204e49502c04e334
S  2016 ,303136204b829713
17 ukasz,6b61737a94d46ac1
 Kaiser ,73657220ed15e731
and Ilya,496c7961ae4ebe5d
 Sutskev,736b6576d5bdf1ff
er Neura,657572617ef8c351
l GPUs l,5573206c08459255
earn alg,20616c67adc6e550
orithms ,686d732088a321f2
In Inter,6e74657213f567f7
national,6f6e616cd36beb58
 Confere,66657265df33b249
nce on L,6f6e204cd1f64a57
earning ,696e67204b5dc941
Represen,6573656e85577e1a
tations ,6f6e732080dab12c
ICLR  20,20203230999d1597
16 18 Na,38204e617c2286c5
l Kalchb,6c6368629586f421
renner L,6572204ca7c0a5b8
asse Esp,2045737053ee6e88
eholt Ka,74204b61b2dce9d6
ren Simo,53696d6f58b122cc
nyan Aar,20416172bba34d3d
on van d,616e206466952978
en Oord ,6f726420e3806a02
Alex Gra,20477261f779b01b
ves and ,616e64208e093c20
Ko ray K,6179204bbdc4eade
avukcuog,63756f67405c730e
lu Neura,6575726177ffc351
l machin,6368696ed915ace9
e transl,616e736c511538f3
ation in,6e20696e9f6cce71
 linear ,65617220c758b9f2
time arX,2061725849a6aa69
iv prepr,72657072fa88e48b
int arXi,61725869aec50865
v1610100,30313030f300635a
99v2  20,20203230e9e72ff7
17 19 Yo,3920596fed881cb4
on Kim C,696d2043dbf8d709
arl Dent,44656e74c51f6acd
on Luong,756f6e6727c51a33
 Hoang a,6e6720615a8aa8e0
nd Alexa,6c657861d64ae054
nder M R,204d20520aaf034a
ush Stru,537472752e47db72
ctured a,6564206127d516d4
ttention,74696f6e5bd22978
 network,776f726b398935f8
s InInte,496e746506b53798
rnationa,696f6e61fbca7b20
l Confer,6e666572130949d1
ence on ,206f6e2026f18f7f
Learning,6e696e678b4ad03e
 Represe,72657365b23db891
ntations,696f6e730dfbe381
  2017 2,31372032c239236b
0 Dieder,65646572f7e31b6f
ik Kingm,696e676db4a411e0
a and Ji,64204a691beb79f4
mmy Ba A,42612041bfc953f8
dam A me,41206d65e0ccc4f9
thod for,20666f72a44ae5b8
 stochas,636861732b659be2
tic opti,6f707469e7c8153f
mization,74696f6e42cf3677
 In ICLR,49434c52c72684a3
  2015 2,3135203271b9c3df
1 Oleksi,656b7369adf7ab25
i Kuchai,63686169dab3c6e3
ev and B,6e642042b220cc8b
oris Gin,2047696eb62ca39f
sburg Fa,67204661af4d292c
ctorizat,697a617464f997e3
ion tric,7472696365c3e6d5
ks for L,6f72204cd6072e64
STM netw,6e657477bfc39c9b
orks arX,2061725852bdac7f
iv prepr,72657072fa88e48b
int arXi,61725869aec50865
v1703107,33313037823eedc3
22  2017,32303137376130b9
 22 Zhou,5a686f758a6b7ea9
han Lin ,4c696e20b1a52f44
Minwei F,656920464faf3223
eng Cice,4369636559682f19
ro Nogue,6f6775658666c844
ira dos ,646f7320342561e0
Santos M,6f73204d3f3b2f06
o Yu Bin,2042696ebdad1e26
g Xiang ,616e67207c18190d
Bowen Zh,6e205a686755d8b3
ou and Y,6e642059d782a02e
oshua Be,61204265f4c4bc4d
ngio A s,2041207386b41a80
tructure,747572659107ac66
d selfat,6c666174dff46411
tentive ,697665206ff5caa0
sentence,656e636505b99653
 embeddi,6564646912fea722
ng arXiv,72586976c680a610
 preprin,7072696e25755fd2
t arXiv1,586976315bf2accd
70303130,333133308503fe02
  2017 2,31372032c239236b
3 MinhTh,6e685468199281a7
ang Luon,4c756f6e227b34b3
g Quoc V,6f63205637388a76
  Le Ily,20496c799ef0f1bc
a Sutske,74736b65e0078053
ver Orio,4f72696feb0fa3a1
l Vinyal,6e79616c83da8681
s and Lu,64204c75c17b5478
kasz Kai,204b6169761669b8
ser Mult,4d756c745937b33d
itask se,6b20736544bc2e8e
quence t,636520747472e5e1
o sequen,7175656e541bb653
ce learn,6561726ea5e2ccbe
ing arXi,61725869aec51b65
v prepri,657072698b90d45d
nt arXiv,72586976c693a610
15110611,30363131d96a0bf1
4  2015 ,30313520eb097378
24 MinhT,696e68546bb4c198
hang Luo,204c756f567e0203
ng Hieu ,69657520632f1f10
Pham and,20616e64aa6e999f
 Christo,6973746f25e8f020
pher D M,2044204de0646895
anning E,6e6720450b6002b9
ffective,746976655eff3314
 approac,726f6163c0975171
hes to a,746f20611c2f1c97
ttention,74696f6e5bd22978
 based n,6564206e1976152e
eural ma,6c206d6196aaa5b0
chine tr,65207472b413ac06
anslatio,6174696f20120c95
n arXiv ,586976202908d048
preprint,72696e74003fe627
 arXiv15,69763135abb1a65b
0804025 ,30323520073eef4b
 2015 11,35203131243cce10
25 Mitch,6974636827ebfc60
ell P Ma,50204d612cc0d15a
rcus Mar,204d61729b2d5c9c
y Ann Ma,6e204d616f12a9f1
rcinkiew,6b6965777755ce83
icz and ,616e6420910f3520
Beatrice,726963658309dac8
 Santori,746f7269b20a68fc
ni Build,75696c6456d80b30
ing a la,61206c617173106c
rge anno,616e6e6feaf44906
tated co,6420636ff9ae6505
rpus of ,206f66200ca8b80e
english ,697368205dcb9b96
The penn,70656e6eb8a235bf
 treeban,6562616e4bbdd769
k Comput,6d7075740d496e39
ational ,6e616c209d6ede70
linguist,756973749df6913b
ics  192,2031393252050d21
313330 1,33302031cbd304e4
993 26 D,3236204467bf8c8c
avid McC,204d63431d2bebfe
losky Eu,79204575e50f8aee
gene Cha,20436861a38613fb
rniak an,6b20616e9d799333
d Mark J,726b204a43f004fe
ohnson E,6f6e20454e4a8048
ffective,746976655eff3314
 selftra,667472619b9681f9
ining fo,6720666fd4f4d201
r parsin,7273696ebc2c949b
g In Pro,2050726f373b01e4
ceedings,696e67739a62d9f6
 of the ,746865204674013f
Human La,6e204c616c832cb2
nguage T,676520549d288069
echnolog,6f6c6f67283a967f
y Confer,6e666572060949d1
ence of ,206f66201bb6ae18
the NAAC,4e414143ef1aaf11
L Main C,696e20433f4b6b43
onferenc,72656e634d115781
e  pages,61676573e5449670
 152159 ,3135392040b151f8
ACL June,4a756e658e6e4517
 2006 27,362032371184d4b8
 Ankur P,75722050fd35af46
arikh Os,68204f73a90a5eb2
car Tcks,54636b73d3f7176c
trm Dipa,4469706162a734d8
njan Das,20446173db0dd966
 and Jak,204a616b096a90e0
ob Uszko,737a6b6fa00889c8
reit A d,204120646c3483e9
ecomposa,706f73617caee570
ble atte,61747465cc0e0b35
ntion mo,6e206d6f69f5e6cc
del In E,496e2045a6cb1b19
mpirical,6963616c67b87b1d
 Methods,686f6473c41912e8
 in Natu,4e617475105068f3
ral Lang,4c616e6731eef2b1
uage Pro,2050726f257a2fef
cessing ,696e67204d59c85c
 2016 28,362032384978b14c
 Romain ,61696e20a9d15b3c
Paulus C,757320435a119658
aiming X,6e672058dbf84ad4
iong and,20616e6493699695
 Richard,686172646e97e7e5
 Socher ,6865722043d35b46
A deep r,657020729bd076de
einforce,6f7263657048ffa4
d model ,64656c20cc630adf
for abst,61627374666ddd65
ractive ,6976652069f1c7a0
summariz,6172697ab3d50eaf
ation ar,6e206172086fb75d
Xiv prep,70726570085de262
rint arX,206172584fa6a978
iv170504,3035303460ad4b18
304  201,203230310cd587e2
7 29 Sla,20536c612cc6b466
v Petrov,74726f76394aa035
 Leon Ba,6e204261af70e5bb
rrett Ro,7420526f2766eef4
main Thi,20546869da369c69
baux and,20616e6498678d8a
 Dan Kle,204b6c6524eb6308
in Learn,6561726eafe9cc9e
ing accu,61636375d55b624a
rate com,20636f6d4f933a83
pact and,20616e648a679b86
 interpr,65727072842d83a5
etable t,6c652074ee847026
ree anno,616e6e6feaf64906
tation I,6f6e2049a6c9a331
n Procee,6f6365656a0ae17a
dings of,73206f66eb007d9e
 the 21s,2032317362c858f8
t Intern,7465726e7620a2b3
ational ,6e616c209d6ede70
Conferen,6572656e1bea6940
ce on Co,6e20436f6d6930f2
mputatio,6174696f2c0c0a8d
nal Ling,4c696e67bddbfb16
uistics ,69637320147720ef
and 44th,34347468fa76cc57
 Annual ,75616c205e1969e0
Meeting ,696e67206359de5b
of the A,68652041f90fa86e
CL  page,706167650fc1ccd1
s 433440,33343430ab458b5b
 ACL Jul,204a756c12ec46dc
y 2006 3,30362033884f9929
0 Ofir P,69722050fc29a90f
ress and,20616e6488638b81
 Lior Wo,7220576fc5f04d82
lf Using,73696e67205fbff3
 the out,206f75744590729f
put embe,656d62659d40db73
dding to,6720746ffba9e830
 improve,726f76656fde754a
 languag,677561671d0e3954
e models,64656c73b234b85f
 arXiv p,69762070591c9f6e
reprint ,696e7420e3b12199
arXiv160,763136301d548d8f
805859  ,353920202f3326b2
2016 31 ,2033312025cf554e
Rico Sen,2053656e2fc966c6
nrich Ba,682042616fee4516
rry Hadd,4861646444009e22
ow and A,6e642041ca373009
lexandra,6e647261b4bcb417
 Birch N,6368204e7cdb9dfb
eural ma,6c206d6196aaa5b0
chine tr,65207472b413ac06
anslatio,6174696f20120c95
n of rar,20726172798ff222
e words ,726473200ec1a380
with sub,20737562107e809d
word uni,20756e69e80bf3ba
ts arXiv,72586976dc94a610
 preprin,7072696e25755fd2
t arXiv1,586976315bf2accd
50807909,373930396f02785a
  2015 3,31352033b3a78386
2 Noam S,616d2053e8adc827
hazeer A,657220418c39b344
zalia Mi,61204d696c008a09
rhoseini,65696e6990e17edd
 Krzyszt,79737a74124f9db1
of Mazia,617a6961cc973260
rz Andy ,6e64792017c4da1b
Davis Qu,7320517589bf1b31
oc Le Ge,65204765904a22b7
offrey H,6579204877116cf2
inton an,6e20616eef4d21ba
d Jeff D,66662044d7d0403d
ean Outr,4f7574723a0511cc
ageously,75736c79fac69cfd
 large n,6765206e752aea39
eural ne,6c206e6570d64d2b
tworks T,6b73205473ac9346
he spars,7061727322ae8c9b
elygated,61746564df4b8ce5
 mixture,74757265c518b07d
ofexpert,70657274d6096354
s layer ,7965722051f56419
arXiv pr,762070729a9c0f36
eprint a,6e742061868cec81
rXiv1701,3137303149f4b440
06538  2,38202032e331639f
017 33 N,3333204e749a9188
itish Sr,682053726807b63f
ivastava,74617661b60deb20
 Geoffre,666672657d7b431e
y E Hint,48696e74c1590af4
on Alex ,6c657820ca4584fa
Krizhevs,68657673e767aa1b
ky Ilya ,6c79612084cc6712
Sutskeve,6b657665474f6d37
r and Ru,64205275a00d451a
slan Sal,2053616cb1fa0166
akhutdi ,7464692077838eda
nov Drop,44726f70d4056b10
out a si,612073695e2e0de4
mple way,20776179668a9bcb
 to prev,70726576a92b537b
ent neur,6e65757220066760
al netwo,6574776fb02f6f74
rks from,66726f6dc04950b6
 overfit,726669748fec171f
ting Jou,204a6f7573cbf1c9
rnal of ,206f66200cb6ac11
Machine ,696e6520f5498a7d
Learning,6e696e678b4ad03e
 Researc,65617263e4e287d4
h  15119,35313139a1fc0287
291958 2,3538203291d21a27
014 34 S,33342053aefeb8af
ainbayar,61796172bfbc4952
 Sukhbaa,6862616102f4eabb
tar Arth,41727468b2849322
ur Szlam,7a6c616d0757c184
 Jason W,6f6e2057d9342dc7
eston an,6e20616ee35021ba
d Rob Fe,62204665c3173892
rgus End,20456e6475e69cfe
toend me,64206d65d31846a6
mory net,206e6574232e445a
works In,7320496ed790140b
 C Corte,6f7274658d1b39a8
s N D La,44204c613b9cab4b
wrence D,63652044b2369de8
 D Lee M,6565204db2f8d3d9
 Sugiyam,6979616d3fe2f44f
a and R ,64205220c4ca3ee6
Garnett ,657474206ac1da3c
editors ,6f727320ff7f1d47
Advances,6e6365738757fad3
 in Neur,4e657572e0b88447
al Infor,6e666f7235165bd6
mation P,6f6e20506d317269
rocessin,7373696e17fa56ac
g System,7374656d663ad8b9
s 28  pa,2020706152fb83bb
ges 2440,32343430cb0e7660
2448 Cur,2043757215940899
ran Asso,4173736f19d16234
ciates I,6573204914d3126b
nc 2015 ,30313520b14a7378
35 Ilya ,6c796120dc806712
Sutskeve,6b657665474f6d37
r Oriol ,696f6c2084a1f991
Vinyals ,616c7320ccefac8b
and Quoc,51756f63c3484a5d
 VV Le S,4c6520535373515b
equence ,6e636520019511a4
to seque,6571756560b1f47c
nce lear,6c65617212bf4da2
ning wit,2077697496bf5dc2
h neural,7572616cfdafd5a2
 network,776f726b398935f8
s In Adv,2041647666b17ce4
ances in,7320696ef1a0586e
 Neural ,72616c208fab37bc
Informat,726d61749f8d160d
ion Proc,50726f63ff3d8e08
essing S,6e67205367c62573
ystems  ,6d73202068e4c4f9
pages 31,73203331b8511bef
043112 2,31322032e400cfc9
014 36 C,3336204379078027
hristian,7469616e9d8dcbb0
 Szegedy,67656479b6264b11
 Vincent,63656e747d4f1064
 Vanhouc,686f756320c18878
ke Serge,65726765e8c86938
y Ioffe ,66666520f257e6f0
Jonathon,74686f6ed3258dac
 Shlens ,656e732011eabb7a
and Zbig,5a626967fb5f62ba
niew Woj,20576f6aecde4e72
na Rethi,6574686907551f2f
nking th,6720746894ebbbbd
e incept,63657074c9d32d50
ion arch,617263684e613d39
itecture,747572658c01bc66
 for com,20636f6d1d942194
puter vi,72207669488630c3
sion CoR,20436f526be6ab91
R  abs15,627331351cb39ca3
1200567 ,3536372003a8320b
2015 37 ,20333720ddb2fe70
Vinyals ,616c7320ccefac8b
 Kaiser ,73657220ed15e731
Koo Petr,5065747254a39bde
ov Sutsk,7574736b7fca185b
ever and,20616e649f709d80
 Hinton ,746f6e20503a90e6
Grammar ,6d61722091022b6f
as a for,20666f72b151aabd
eign lan,206c616ee7217bcb
guage In,6520496ebb68956e
 Advance,616e63650c7c086e
s in Neu,204e6575d491129f
ral Info,496e666fba58fc11
rmation ,696f6e205b4a3281
Processi,65737369ec539e14
ng Syste,7973746563ca548c
ms  2015,32303135c32e055b
 38 Yong,596f6e67cc076864
hui Wu M,5775204d3ac56303
ike Schu,536368755c75c05e
ster Zhi,205a68693678d950
feng Che,20436865dbdbeca2
n Quoc V,6f6320563e388a76
 Le Moha,4d6f6861e76b18ed
mmad Nor,204e6f72d25f81ed
ouzi Wol,20576f6cb0021658
fgang Ma,67204d61073c4b79
cherey M,6579204d696d2a15
axim Kri,204b7269e610936d
kun Yuan,5975616e7f2b8ddf
 Cao Qin,2051696e9a4ef41e
 Gao Kla,204b6c61b22f66f2
us Mache,61636865b6a88c98
rey et a,65742061f6148629
l Google,6f676c651a7d2055
s neural,7572616ce6afd5a2
 machine,68696e659cf6aa39
 transla,6e736c6167013d08
tion sys,2073797392395375
tem Brid,4272696436c580d2
ging the,207468658aefdb3c
 gap bet,206265741cccf05a
ween hum,2068756d4e4dbbdb
an and m,6e64206d9a2d5a47
achine t,6e652074a59f5671
ranslati,6c6174693f208135
on arXiv,72586976c789a610
 preprin,7072696e25755fd2
t arXiv1,586976315bf2accd
60908144,38313434693fcc80
  2016 3,313620336b6451d4
9 Jie Zh,65205a68bcbe6167
ou Ying ,696e672041499b76
Cao Xugu,587567759347bd77
ang Wang,57616e6768ec9254
 Peng Li,67204c69beddda2b
 and Wei,20576569f969be71
 Xu Deep,44656570a0c84c51
 recurre,7572726567c24af6
nt model,6f64656c971ad093
s with f,74682066f904c8ab
astforwa,6f72776111cb57a9
rd conne,6f6e6e650335aa0a
ctions f,6e7320665d536c34
or neura,6575726174f8c371
l machin,6368696ed915ace9
e transl,616e736c511538f3
ation Co,6e20436f6f7879f2
RR  abs1,6162733165ca554b
60604199,34313939a10d84df
 2016 40,36203430a68a33eb
 Muhua Z,7561205ad08646b5
hu Yue Z,7565205ae08eecd3
hang Wen,2057656eb702d9a0
liang Ch,67204368ac02d76c
en Min Z,696e205a2ec111ad
hang and,20616e6492679695
 Jingbo ,67626f2050340d82
Zhu Fast,46617374d7450489
 and acc,2061636383871f53
urate sh,65207368b97cdc56
iftreduc,6564756381c9af4a
e consti,6e73746939571ac0
tuent pa,742070613d8f1e48
rsing In,6720496e649e5d55
 Proceed,636565645f288ae7
ings of ,206f662017b6aa0e
the 51st,35317374acaacf53
 Annual ,75616c205e1969e0
Meeting ,696e67206359de5b
of the A,68652041f90fa86e
CL Volum,6f6c756d1cf8b80b
e 1 Long,4c6f6e671cc526df
 Papers ,65727320def228d8
 pages 4,6573203427b34f76
34443 AC,332041434d0e1e81
L August,6775737440e7dcb9
 2013 12,33203132ff292113
Attentio,6e74696f33e70993
n Visual,7375616cf6bcbad0
izations,696f6e730af5e381
 InputIn,7574496ed5250745
put Laye,4c6179656a36c699
r5 It is,7420697301afcd52
 in this,74686973f3708f20
 spirit ,72697420ae09411a
that a m,2061206dc2bf1697
ajority ,69747920ab92214b
of Ameri,6d657269b356b486
can gove,676f7665918defcd
rnments ,6e74732076a0d91a
have pas,207061734a01bc4b
sed new ,6e65772052a9a4c5
laws sin,2073696e74129105
ce 2009 ,30303920bc80dd74
making t,6e672074496a890e
he regis,656769734c9e3226
tration ,696f6e205d553281
or votin,6f74696e58b36f9d
g proces,6f6365734ecd6c74
s more d,72652064b681acc3
ifficult,63756c74b6edc5c1
  EOS pa,5320706199fc1216
d pad pa,642070619735455d
d pad pa,642070619735455d
d pad It,64204974c46eda63
 is in t,696e2074e4e601e6
his spir,73706972e07fcfe4
it that ,686174203501b5d6
a majori,6a6f7269bc9a0135
ty of Am,6620416de09c29d3
erican g,616e20675a925e1d
overnmen,6e6d656e2d1e8c31
ts have ,617665205b7e3928
passed n,6564206e4975072e
ew laws ,61777320978db658
since 20,65203230371df3a4
09 makin,616b696e14b3dfb4
g the re,65207265e6235d0d
gistrati,72617469be926af6
on or vo,7220766fe25512f1
ting pro,2070726f67c65d19
cess mor,206d6f7282aac638
e diffic,66666963b66df0c3
ult  EOS,20454f5324a3547e
 pad pad,2070616413ee71b7
 pad pad,2070616413ee71b7
 pad pad,2070616413ee71b7
 Figure ,75726520421faa20
3 An exa,20657861e933359f
mple of ,206f662013a8a118
the atte,61747465da0a0b35
ntion me,6e206d65ac255401
chanism ,69736d20c1791ee6
followin,6f77696e0748d069
g longdi,6e67646904480e6e
stance d,63652064177de847
ependenc,64656e63802dfb05
ies in t,696e2074adea01e6
he encod,6e636f642d607dbc
er selfa,656c66615df8b972
ttention,74696f6e5bd22978
 in laye,6c61796567079ab8
r 5 of 6,6f66203628558a8d
 Many of,79206f667a34a29d
 the att,206174745a08bda0
ention h,6f6e206866d638ab
eads att,206174741f1db1b6
end to a,746f206111240b97
 distant,74616e7427147176
 depende,656e6465fee01c03
ncy of t,6f6620746439f6ff
he verb ,6572622099df470c
making c,6e6720632f37ecec
ompletin,6574696e5484a9a4
g the ph,652070682e6de435
rase mak,206d616b6f97343b
ingmore ,6f726520e4d8ef2c
difficul,6963756c10815fd9
t Attent,74656e746fd7d226
ions her,20686572227b3049
e shown ,6f776e2086f96f8a
only for,20666f72bf4ce6a5
 the wor,20776f7280a2521a
d making,6b696e67c341a4fe
 Differe,66657265df34b441
nt color,6f6c6f72e47198ce
s repres,7072657315fa199f
ent diff,6469666605871282
erent he,74206865539dd563
ads Best,426573744164beae
 viewed ,7765642081969bb5
in color,6f6c6f72e36b98ce
 13Input,6e707574868605f5
Input La,74204c61e9477c39
yer5 The,20546865cd0ba6cb
 Law wil,2077696c3664b128
l never ,76657220613cab1c
be perfe,65726665536cab55
ct  but ,62757420353a7c57
its appl,6170706c5bff3966
ication ,696f6e2040443281
should b,6c6420627633b2bc
e just  ,73742020074d1571
this is ,2069732052f71ee9
what we ,2077652020f8b5eb
are miss,6d697373564d036e
ing  in ,20696e205d7e2ad4
my opini,70696e69464632a2
on  EOS ,454f532097e535ce
pad The ,5468652054ba2fb3
Law will,77696c6cee697783
 never b,65722062bb66573c
e perfec,72666563258af9b9
t  but i,75742069d4de0525
ts appli,70706c69269a0160
cation s,6f6e207327257826
hould be,642062652d07000f
 just  t,742020747c08b057
his is w,69732077c2314643
hat we a,7765206130516468
re missi,697373693a5dfe69
ng  in m,696e206d1d378126
y opinio,696e696f080e3b9f
n  EOS p,4f532070141419fc
ad Input,6e707574c7d316f5
Input La,74204c61e9477c39
yer5 The,20546865cd0ba6cb
 Law wil,2077696c3664b128
l never ,76657220613cab1c
be perfe,65726665536cab55
ct  but ,62757420353a7c57
its appl,6170706c5bff3966
ication ,696f6e2040443281
should b,6c6420627633b2bc
e just  ,73742020074d1571
this is ,2069732052f71ee9
what we ,2077652020f8b5eb
are miss,6d697373564d036e
ing  in ,20696e205d7e2ad4
my opini,70696e69464632a2
on  EOS ,454f532097e535ce
pad The ,5468652054ba2fb3
Law will,77696c6cee697783
 never b,65722062bb66573c
e perfec,72666563258af9b9
t  but i,75742069d4de0525
ts appli,70706c69269a0160
cation s,6f6e207327257826
hould be,642062652d07000f
 just  t,742020747c08b057
his is w,69732077c2314643
hat we a,7765206130516468
re missi,697373693a5dfe69
ng  in m,696e206d1d378126
y opinio,696e696f080e3b9f
n  EOS p,4f532070141419fc
adFigure,67757265f333b8d9
 4 Two a,776f20614789510a
ttention,74696f6e5bd22978
 heads a,647320613e12616f
lso in l,696e206cf1bddd0b
ayer 5 o,2035206fc4808b07
f 6 appa,617070618da36de0
rently i,6c792069efaa4c59
nvolved ,76656420a8433f64
in anaph,6e617068f7b04945
ora reso,7265736f30a6a189
lution T,6f6e2054beb5016f
op Full ,756c6c20d34e0d0d
attentio,6e74696f13e70993
ns for h,6f7220688269d225
ead 5 Bo,3520426f98126f01
ttom Iso,2049736f062e9aaf
lated at,64206174f61c2ccf
tentions,696f6e7317eaec81
 from ju,6d206a75bb77347d
st the w,68652077347a151e
ord its ,69747320e2c99cf4
for atte,61747465c80d1c35
ntion he,6e20686589229c02
ads 5 an,3520616e59109e1b
d 6 Note,4e6f7465745c539c
 that th,74207468f2024cd9
e attent,74656e747ed7f226
ions are,20617265d48c1fa4
 very sh,79207368fb05e122
arp for ,666f7220bd69a5fc
this wor,20776f72d4be530c
d 14Inpu,496e7075a769f3cb
tInput L,7574204c898386b1
ayer5 Th,35205468f0bfe72a
e Law wi,7720776963f91991
ll never,657665724fad403b
 be perf,7065726684b623f8
ect  but,20627574e8d0ced7
 its app,2061707007181493
lication,74696f6e43cf2f77
 should ,756c6420a723a23b
be just ,75737420bb4c4ce8
 this is,7320697377f25b66
 what we,74207765b04d67c6
 are mis,206d6973a4bd366a
sing  in,2020696ec2a2de5a
 my opin,6f70696ee129d290
ion  EOS,20454f5338a04e7e
 pad The,20546865941eb59a
 Law wil,2077696c3664b128
l never ,76657220613cab1c
be perfe,65726665536cab55
ct  but ,62757420353a7c57
its appl,6170706c5bff3966
ication ,696f6e2040443281
should b,6c6420627633b2bc
e just  ,73742020074d1571
this is ,2069732052f71ee9
what we ,2077652020f8b5eb
are miss,6d697373564d036e
ing  in ,20696e205d7e2ad4
my opini,70696e69464632a2
on  EOS ,454f532097e535ce
pad Inpu,496e7075b328a6df
tInput L,7574204c898386b1
ayer5 Th,35205468f0bfe72a
e Law wi,7720776963f91991
ll never,657665724fad403b
 be perf,7065726684b623f8
ect  but,20627574e8d0ced7
 its app,2061707007181493
lication,74696f6e43cf2f77
 should ,756c6420a723a23b
be just ,75737420bb4c4ce8
 this is,7320697377f25b66
 what we,74207765b04d67c6
 are mis,206d6973a4bd366a
sing  in,2020696ec2a2de5a
 my opin,6f70696ee129d290
ion  EOS,20454f5338a04e7e
 pad The,20546865941eb59a
 Law wil,2077696c3664b128
l never ,76657220613cab1c
be perfe,65726665536cab55
ct  but ,62757420353a7c57
its appl,6170706c5bff3966
ication ,696f6e2040443281
should b,6c6420627633b2bc
e just  ,73742020074d1571
this is ,2069732052f71ee9
what we ,2077652020f8b5eb
are miss,6d697373564d036e
ing  in ,20696e205d7e2ad4
my opini,70696e69464632a2
on  EOS ,454f532097e535ce
padFigur,69677572c6eaeb69
e 5 Many,4d616e799f7fa0a4
 of the ,746865204674013f
attentio,6e74696f13e70993
n heads ,6164732056cbf571
exhibit ,62697420627aebf9
behaviou,76696f75187a9700
r that s,61742073212dcb70
eems rel,2072656c94aacc37
ated to ,20746f200fbf2429
the stru,7374727565383068
cture of,65206f66fe73fb5d
 the sen,2073656e6853b155
tence We,652057659f5dbe18
 give tw,652074778bf85d2b
o such e,63682065d652434f
xamples ,6c6573209024bb33
above fr,6520667256467903
om two d,776f206452ac2533
ifferent,72656e74aada511d
 heads f,6473206611d62178
rom the ,7468652014740a3f
encoder ,6465722038bb3d65
selfatte,61747465dd070273
ntion at,6e206174baf5454d
 layer 5,6572203527bb47a8
 of 6 Th,362054683df9a128
e heads ,616473205dcbf571
clearly ,726c792058729378
learned ,6e656420e72879f6
to perfo,6572666f2abac1d1
rm diffe,69666665f2ec70ca
rent tas,20746173588509ef
ks 15   ,352020200a7c2bc7
