Plaintext,Ciphertext
aaaaaaaa,ceabc603a3eafb5c
bbbbbbbb,ce6f41c833401fb7
cccccccc,4cdd188e7752f3a6
dddddddd,b8b48cb8378a6916
eeeeeeee,e20e02de2ba5938a
ffffffff,6d5b27547e060769
gggggggg,afcb227a8f54fbd6
hhhhhhhh,af6cdd5d16116d09
iiiiiiii,8532f54b76dd9d3c
jjjjjjjj,635da7a2136c7d3a
kkkkkkkk,1ae99d2befb789c3
llllllll,5491c698a56430a9
mmmmmmmm,e562c9ecea585f39
nnnnnnnn,86362050d0d634c3
oooooooo,6fe3df843ae2131d
pppppppp,ba7fd1de2b5d3ce1
qqqqqqqq,41cee32893818142
rrrrrrrr,7be7487eebc42318
ssssssss,2af9fb47d2b6eca1
tttttttt,429684d54c53941b
uuuuuuuu,2de710afec602427
vvvvvvvv,0c694c5c755d5aa2
wwwwwwww,708fd561f44cfb87
xxxxxxxx,98a74a958d86f22b
yyyyyyyy,88e0d796ba87b2bc
zzzzzzzz,88a5d8338a8ee290
00000000,0b5e5fc97b33bee6
11111111,2542e526ff2ca4b4
22222222,e8a97f1ed9288081
33333333,55e41a5bdde33386
44444444,9ea14afee398a592
55555555,5fb00994f7f7211e
66666666,cf78b860b82c49e5
77777777,74240fddef5de521
88888888,375be5cd6157f3f2
99999999,9315cfa6a30c37c7
Provided,dc0f40e5357ac9fc
 proper ,e45b01ee7e096e08
attribut,cfc51be84a985538
ion is p,1c77bb874e2b3d30
rovided ,2d17372e2a89db0b
Google h,f1c95321c78ac0f8
ereby gr,615f0101b613bcb2
ants per,98f45cbc1d8e08ee
mission ,760a744086bb2aaf
to repro,e37be7ec4190b95c
duce the,7b77ad7dd4a57ebc
 tables ,7e176d6b26c7bf57
and figu,118acb45199eb083
res in t,dd6ffdff66e4e860
his pape,64d9c808bb9a4b27
r solely,f47cc66981a9d477
 for use,ca5b5ede2b7ed8f8
 in jour,ea8572315bd0e905
nalistic,7fd075a8920b1197
 or scho,259fa8182ca6aca1
larly wo,bb4437d05ddf9554
rks Atte,30fe8a3d22fb59a5
ntion Is,cc3c589f1b0281fb
 All You,9896040d30f4da0b
 Need As,bec72b86983c61df
hish Vas,f15bcb97cb90f9f4
wani Goo,9fdc3ab9182777f6
gle Brai,01ec8e4658c15336
n avaswa,c498ec0865d7d2e9
nigoogle,38db647ae3ca8905
comNoam ,5fd8083bda70d7fb
Shazeer ,4f16622acd0cca0f
Google B,c7e16bff63d7e390
rain noa,ff010812c316420d
mgooglec,d086400d6783ff49
omNiki P,4f7fdd9b1f009575
armar Go,c4d9e010652bb2b1
ogle Res,8ae4da974f685832
earch ni,9b695c629aed080d
kipgoogl,19bc134736c7701b
ecomJako,20772ba04d5a2d13
b Uszkor,0bba26049496a450
eit Goog,29254d1d6fba232a
le Resea,ded2cd82606acf27
rch uszg,d52dbfd572216099
ooglecom,7457d5601faee216
 Llion J,00ed227563113eb7
ones Goo,f53a1c48246f57bb
gle Rese,aa8bf9ac1cca73e9
arch lli,fc2e5a1e8685c631
ongoogle,bc272fb678be441f
comAidan,11b2fd1c2b9e2468
 N Gomez,c1c04e599c66306e
  Univer,5a882fc04a16e356
sity of ,9d28c0c6af428163
Toronto ,c14d61fb6263e94d
aidancst,30c17e640014f828
orontoed,abe33a356d43ed04
uukasz K,fb41e436c3b45b8d
aiser Go,f0851da5136d2b0d
ogle Bra,ab253c2f45172772
in lukas,e49bdbcbc69f7f6a
zkaiserg,408cd04b940f25a0
ooglecom,7457d5601faee216
 Illia P,1c9a598c0c1fd3e8
olosukhi,c4e58159e514c245
n  illia,7b9415b94c1ccd5e
polosukh,a70dc0f5433c0d26
ingmailc,e444b53260edd405
om Abstr,69b1ea528d89cc20
act The ,16b7988ba2e614ff
dominant,1e46059672046b30
 sequenc,6bb5277aefacd2e8
e transd,ec2421cef66464d4
uction m,7268b1f7814a38cf
odels ar,879e1b7981653e23
e based ,7644789144deb3d0
on compl,60c1067f974e55f0
ex recur,5f5c3de6067b34a8
rent or ,62dadd9eef306ee7
convolut,1a59192276be6cdb
ional ne,8c5bccd172c9b6fa
ural net,568c9ab04d4f5b2b
works th,7f3a327541256f91
at inclu,efe50eebb1b80889
de an en,db616703d6aaec20
coder an,0fa7b0a771e26e7f
d a deco,466f8672981c129f
der The ,cdf76f183597d3a4
best per,034767dd0e309570
forming ,4c98910c8edc8fcc
models a,862c681ae0d91bf0
lso conn,346fdf7087399248
ect the ,f5eb8dbf8f252822
encoder ,1f79d3eae2c5ad6c
and deco,bc5aba6dea3a57bb
der thro,b1e4cebbb454631a
ugh an a,08643a76a7102bad
ttention,85bc5ed972bfbba3
 mechani,d0890888520d0210
sm We pr,984e97d8a458741b
opose a ,86783a79fd882611
new simp,05b5f48566b432d2
le netwo,4adbb6300d81b1fc
rk archi,9febbaaa040f93f4
tecture ,376a3fc1b07db6bf
the Tran,eefdfcc72e1756ca
sformer ,9b1ff2d17403bd20
based so,d1669ddea472b6ce
lely on ,bc604ebc430ef43a
attentio,b8c71d44b636988a
n mechan,25ae4899c0d7509c
isms dis,92783ab55649f36a
pensing ,9263b58e11006f2f
with rec,68ac35c9563b7848
urrence ,8b2caba9efadac45
and conv,444856fb4b8d62e8
olutions,4eba6927a01494e0
 entirel,41c874de58850e8a
y Experi,5373e12a3e68738a
ments on,85301f1b8f484276
 two mac,6f0d656242869c13
hine tra,460401affe3ecd12
nslation,8aa1f4f0ef540adc
 tasks s,7caba3492e818ab4
how thes,f674d9ff9c00aa63
e models,23d83518f528551f
 to be s,5849c90921f4c8b9
uperior ,4fe4a9558d3dffea
in quali,7f5ce211be22e57d
ty while,8df6b37d74ef3fed
 being m,b841bfee2f6f5fbc
ore para,f9685c2dc46d922e
llelizab,65125b176818d7a8
le and r,88d1de9e41b91da2
equiring,aad164723a7a7fde
 signifi,c36b80bb4ab7df52
cantly l,84c6a46eb11c2ab1
ess time,61604e4d4a9cfe7f
 to trai,6eb529e91b77d2fd
n Our mo,42ce2f8ef0518b96
del achi,c9f59aefce476c00
eves 284,15d26045b7fb734e
 BLEU on,be73f91d75a3386f
 the WMT,54fd07cea5d0e119
 2014 En,af7d4492239058d8
glish to,c6a9d19f447de19a
German t,3be6de8b3fb7c196
ranslati,981bf9fc69af53da
on task ,e2f482887a9414cf
improvin,b6ed63395f9f630e
g over t,0cca9eae40f18fcd
he exist,01b57197dd63bb8c
ing best,96808088dd961acc
 results,1c89191cf0bc1c03
 includi,e017cdfc95ea5035
ng ensem,57a43485baf1c998
bles by ,c48ceffeba5db6a2
over 2 B,1f7cb408464216f8
LEU On t,85acfd32a7c2ff8b
he WMT 2,b4e33435956f545b
014 Engl,eaacdc031101c2c7
ishtoFre,1ff5f86086c68f9b
nch tran,644daf4419408cf3
slation ,ca559f4beb69a80c
task our,a96cc199b6f53a82
 model e,5dfd3aa2b1a8cf2e
stablish,e7ecaacb8198f564
es a new,8f3faf37a9917897
 singlem,4b6bfcfa88248974
odel sta,8ab7e6b75be6be76
teofthea,1801e81fcb019df5
rt BLEU ,ffae9d6874056730
score of,967bfa8f29c4d8db
 418 aft,cf93c83e88407153
er train,b1f2d49c18e67ecc
ing for ,99a74ec6590d3774
35 days ,a135681f83c9cfe4
on eight,67b8e4e609ad7a33
 GPUs a ,2e78f5e87f1f3b81
small fr,9a622532a33fc3e4
action o,8c8a006b408ef681
f the tr,24a638be04dc94c0
aining c,1dc2ac69acb8d859
osts of ,7c9398e365bf1df5
the best,5103c001fec02c67
 models ,65857f2fc8272551
from the,060d5c4f5f972ab5
 literat,dd07db097f876ddd
ure We s,34ed9bd9395682ae
how that,9436b5ac6a0d7147
 the Tra,9ce9002c7a2677bc
nsformer,0d5b4724f951f0ed
 general,846b751f5ee86844
izes wel,aa389c6d6dd981b7
l to oth,2800c7bd9dd09f4c
er tasks,d726a79c6b5ada28
 by appl,66ccb491563f002d
ying it ,5bc9773f4d5a1c67
successf,d45b9baa65da7a3d
ully to ,aeb0a2c3a1659e1f
English ,e686c6dfe4303ce4
constitu,56b1ba98e038b021
ency par,073ce2395a1d53fd
sing bot,d5b014b331594190
h with l,d48858fb8f8f1649
arge and,5102cf4ee141d11c
 limited,c2101447bbef29fb
 trainin,11f5d6d8dd9856c6
g data E,9fad9a4e14767b60
qual con,2b415cc9ae82f3a6
tributio,88795af4624e38d5
n Listin,cc1029f8df107d6b
g order ,514b6521dd2f8c5c
is rando,90a763bafc53700d
m Jakob ,03216d2efd5c01d2
proposed,c466138ca0721cb1
 replaci,edd50e64e83acbe7
ng RNNs ,dbd1966e0f32f8cc
with sel,c4cec7d8eef3bf18
fattenti,d69981598133981a
on and s,655c972d99d728d8
tarted t,0fe646b74813d7cd
he effor,865641ed802822bd
t to eva,ffc33e1a37ec9a6e
luate th,f58ad16c5da691c3
is idea ,e9e2ffeff7fa76a6
Ashish w,85180213e0210659
ith Illi,097515a048c2a02f
a design,120f60247662d824
ed and i,84fa14921c4d822f
mplement,bf73c0612fdcd0eb
ed the f,0ed588148299f2f7
irst Tra,eeecd565a3cd3c6c
nsformer,0d5b4724f951f0ed
 models ,65857f2fc8272551
and has ,bde2b83be136242f
been cru,1201e619e17d3920
cially i,0f6b57688ed860f8
nvolved ,e9149e5c8cd68cff
in every,a0c50f9e616f6e77
 aspect ,849a05b71efc048a
of this ,0e50cb05077e1789
work Noa,9fab48a4bbdb15a4
m propos,5de7610ec8318957
ed scale,ae11d13d141ebfd2
d dotpro,030e815ae36b6087
duct att,1174a56c146c3780
ention m,625ae52320e106ec
ultihead,9025ca216733a263
 attenti,67e0943da99a2c7e
on and t,fcc04f2b694be37c
he param,a84ddcb6f29542ef
eterfree,290919206d5ac902
 positio,09fb3de126c788d8
n repres,b31d33f17c1ee7f6
entation,66fc679972bb45c2
 and bec,8767eb87881d4b7d
ame the ,6be177b1c7cc0173
other pe,73e2f536bfe4bbbe
rson inv,ce494d65636d946c
olved in,115bd9a172eb9c38
 nearly ,bf506bc30205fedf
every de,51a1a19d22ccfbae
tail Nik,1332ebe923f393a5
i design,e9c40d3969cf8b80
ed imple,bab59cf2becaa3a4
mented t,c4494953cd6980bc
uned and,a37d1df079423b47
 evaluat,12986e4a3f53913c
ed count,97d47a451932eb86
less mod,46bf244df46bb08c
el varia,7f4cb3eaec4b9547
nts in o,5b118da780d24608
ur origi,1cd32027f5dbf8c9
nal code,de2d376e35e413b5
base and,6269cc9cc1a8514a
 tensor2,06e452cf38986400
tensor L,b2e4c2646f881e45
lion als,3dfd2b69c9b58b92
o experi,c85643d60dd01df5
mented w,95df5c60a10b9d05
ith nove,70f25f236d5e2996
l model ,7c702fd255ee556f
variants,1fd166fbd8f0930e
 was res,55200c46bfe8c31c
ponsible,4a1b29541c8cabeb
 for our,429cb2b92ff1b2af
 initial,c2feb9148df2ac7c
 codebas,35f5c7ce62957f1b
e and ef,f8bcb9ae1441f0ac
ficient ,b1c0b2494a0dfee0
inferenc,f8834bf95f06635d
e and vi,1ad8dcec1f390990
sualizat,5b44986718333eb9
ions Luk,e0ca6a03cd4e4f2d
asz and ,e3f7a1ec231b32d7
Aidan sp,bd47ad348d1ac6d0
ent coun,9d0141f73c117e91
tless lo,23421d2a0ed7360e
ng days ,1bd5985736e06bda
designin,a66e60c563246b78
g variou,6766637b08316061
s parts ,e06a12f465727a63
of and i,4424c6b01554ee24
mplement,bf73c0612fdcd0eb
ing tens,8bc4f046fd6d0ca8
or2tenso,0db4764a6a53f06e
r replac,68a6d00026b4280a
ing our ,ffcc8ac591fbc3f1
earlier ,0ca20b571ac7fbea
codebase,d098f6deeb0b4064
 greatly,722158fa808a7567
 improvi,5fa1a5576c3177b3
ng resul,29fa52dbac113670
ts and m,54e2b5c6b68e563b
assively,ed79ba068bc5d450
 acceler,378faf5276c6f194
ating ou,7969cd5b0205e9df
r resear,235b150915414747
ch Work ,7ea0707475713926
performe,bb92d6f9f5ea59e8
d while ,e7d91891791d14c4
at Googl,009fc7dce60aaa40
e Brain ,1cbbfede63d56fc1
Work per,265135b06c541dbe
formed w,3678a2c30523ccae
hile at ,b32ae6ba9754c446
Google R,310fb1eafcb84fd2
esearch ,44d279403f28f289
31st Con,513f77ba1adeaf03
ference ,111aca174480b0ac
on Neura,99ba997857042e62
l Inform,2afdeb2448186113
ation Pr,165d2a722148a0b6
ocessing,f6a71a2b5b92ff92
 Systems,6e2ba6968817be4d
 NIPS 20,f5e5adcf7d73d7fd
17 Long ,a7a0159aaf269594
Beach CA,f09e7d09e0ffbc9f
 USAarXi,ee4bb7c2e2c437e8
v1706037,6e77e78cc28e5fc0
62v7  cs,7ef586b249db72bc
CL  2 Au,20cf215712a0ac5f
g 20231 ,c60144043c788ba2
Introduc,910821cbb2eafb26
tion Rec,c901d2561776eb00
urrent n,9f6cc430cb51b7b4
eural ne,9d6d23a959fa504f
tworks l,1207d0978cb8aeaf
ong shor,0eb1adc5e9141734
tterm me,006b9a257e394ce1
mory  13,602f3849ad3e5547
 and gat,76972519ee90201b
ed recur,b8f55526d19ef696
rent  7 ,b4e5b442f0f72f4f
neural n,860281f8b417d7ef
etworks ,c6a429ecfbe5252d
in parti,3e0813e91ed64468
cular ha,b40b5a03dab85eb2
ve been ,bae77f4d891c01eb
firmly e,97a9427a7301b7da
stablish,e7ecaacb8198f564
ed as st,0329bdfb99cfd64d
ate of t,e980de50997b7598
he art a,a3de80b7f2944aef
pproache,7ea2b48a2c6611ff
s in seq,95ad6af0f4f4cf67
uence mo,e321ac89a284b6b6
deling a,ca1060514e0372aa
nd trans,eeb79c43c8e2b68f
duction ,08cb1f5b34e9b833
problems,f2cd33a34eadef73
 such as,45c41ee1106f3392
 languag,844faf006fae05e7
e modeli,867b1954f0479328
ng and m,01196f53aec13bc2
achine t,1102e17a363047ea
ranslati,981bf9fc69af53da
on  3525,3ccc2113532263ef
 Numerou,e56ea5754cd96f05
s effort,2b8bd979af7c197f
s have s,7222d57db1cbf5de
ince con,a0eb2a0ca6864d62
tinued t,de8317b26fe0dd4d
o push t,f789334aad58480e
he bound,a73639b34afb29d8
aries of,b1795ce08f34c776
 recurre,38ec7150053f276f
nt langu,cba3e66edd86d6bc
age mode,0836d283aaa8aaf8
ls and e,132e7ef665693e9e
ncoderde,92f3efaf8b2d0e46
coder ar,bae48db1317ace02
chitectu,2ca55f5812eadb97
res 38 2,3895e474980b6691
4 15 Rec,b0c2ce2296ef31d5
urrent m,afb803246dd54daa
odels ty,f3d6bea377d44def
pically ,36f30b610dc159db
factor c,72686bb3cf333a7d
omputati,24c03e400b3e3344
on along,1a165fe2ed8a6f33
 the sym,5cf8313d9866c958
bol posi,0e19b89455eba08f
tions of,fe829a847bb5fc06
 the inp,6d69ebcf50660b9d
ut and o,cdf1b75d78ed607c
utput se,60ae2f6613da233e
quences ,1b7b3bbe0388c9f1
Aligning,c77e2872446269ed
 the pos,adef95160ce61c59
itions t,e68e1aae7051261f
o steps ,4ce6da669f418bc4
in compu,e3987f0210d85503
tation t,a0e1cf41da815f02
ime they,5aa42a6684ede755
 generat,6535bb0f6692ab84
e a sequ,1bbf1d36f290e5cd
ence of ,bc9f893a6283f4de
hidden s,467267c0980d0a86
tates ht,d479bf7294049a6b
 as a fu,5f46f4531b3163d0
nction o,5fcd3543a4c20e39
f the pr,0e9498d2e07801ab
evious h,f4b3b0f93f5caf0b
idden st,e78db52834d1ad5e
ate ht1a,b454f092e5a3dc77
nd the i,ee3a6dba3789ff2c
nput for,494f7226c859c14b
 positio,09fb3de126c788d8
n t This,5b7f8605750d0e7a
 inheren,431cb4be894f949a
tly sequ,5ee1e8a796dcc257
ential n,4650f388269b21eb
ature pr,52a2b016d0bb2341
ecludes ,5ad802900c2b0e54
parallel,f158b995b9c9be65
ization ,0ccb279ce4beee2a
within t,461e415df455123e
raining ,de4c0ef9abe955af
examples,d7f23a8d6930d93a
 which b,a0c7846750e0de5e
ecomes c,6441e523b51c8121
ritical ,75ff0ab9e3eff859
at longe,9925d416990c2c3e
r sequen,bee8f2f61336e4c6
ce lengt,a988d0be402c98c3
hs as me,7d2016f76408638c
mory con,d7a5e711cb68116e
straints,d53ee8a8ceb9e85e
 limit b,04d01c050724f5e6
atching ,2a7c0423096f7f49
across e,1934a656da5c3c40
xamples ,5571805be848275d
Recent w,0fa995ce12ad3b74
ork has ,72edfe073a55acf1
achieved,109d9a2553d96bb8
 signifi,c36b80bb4ab7df52
cant imp,186bbb4dc641a821
rovement,d97a838dc249be70
s in com,50e7475fb84033f5
putation,506ece9fd5645282
al effic,866d60fe390fde57
iency th,d2621153a45ffcf7
rough fa,be7cc81dc683e205
ctorizat,674cb2a41ef2acb9
ion tric,678e5dcb2f46ed50
ks  21 a,a618a97aec8577a7
nd condi,5ae827216481a1b9
tional c,f279e618e18b4513
omputati,24c03e400b3e3344
on  32 w,ce1ba47ed3a19ef7
hile als,de327da241999f09
o improv,e5c439438a5dca3f
ing mode,37b3ca41e5715dad
l perfor,ac16736828fe3c2f
mance in,1e55a779c256cc9c
 case of,339c9d39f23e7654
 the lat,18d5da6fa3ea0dfa
ter The ,35949cf22adf4100
fundamen,b9e7c94a3c4c44f1
tal cons,dfce741852b9d18f
traint o,bc6adaebf693618a
f sequen,e48960df205e002c
tial com,de3946c4dbd67a51
putation,506ece9fd5645282
 however,a46e38ecca389af2
 remains,8b6d285018933953
 Attenti,b2d86a162831dc5e
on mecha,46154afdf82e03cc
nisms ha,1d605eb186b9741f
ve becom,6876207ae2deb33a
e an int,26efdf348b3d0688
egral pa,2fa22fa36b9fffad
rt of co,5e23c45bcff93ed1
mpelling,c67a7ab4e478e6b2
 sequenc,6bb5277aefacd2e8
e modeli,867b1954f0479328
ng and t,e7cc5a6e5218a4e8
ransduc ,0f6a80e6ee546f3f
tion mod,040514d7e732c429
els in v,aff9354214b76e60
arious t,5b94d43ca2087df1
asks all,8d00af9bcf94e429
owing mo,d46045e25f54714e
deling o,a7f7066ef7656578
f depend,9a538e54b84d3c97
encies w,51a3b0ca2e82d332
ithout r,59bcd490e6e3ae0c
egard to,4f9a70fd9780116a
 their d,00a067157c709b8d
istance ,97927b97d484e034
in the i,de6484cfcf73a7e8
nput or ,b7a01d46b50f3c50
output s,add80d9e2e223fa2
equences,1f7618e2ac5d2d75
  219 In,85520df5c0720aa0
 all but,0180e0928678b7ff
 a few c,0f26a647d6754455
ases  27,00c4c44a9c9ebbc2
 however,a46e38ecca389af2
 such at,b5d48975ad52826a
tention ,cad263e520747b9e
mechanis,4275547469204f2f
ms are u,af2d549d98a4e6b8
sed in c,3432c613016ad83e
onjuncti,fa3eafd12e0c1845
on with ,d5c449c71339d091
a recurr,108943c93700436b
ent netw,b275d2437a316aef
ork In t,d79ebdbdb0363d33
his work,9d7cdff70a5e5a88
 we prop,21cebfb6287e7ae2
ose the ,be05d83babddb837
Transfor,83839087e9de56ab
mer a mo,9cc6a4246abf94dd
del arch,052092b3c885ad0f
itecture,b8b0d0b359129a43
 eschewi,7cd0883c3747a17c
ng recur,ac5fa6112fd6b624
rence an,f4002f5bc3dd2cc2
d instea,f3e0a26fb03282c9
d relyin,79e25a2155dfdc09
g entire,744e90288e4f4504
ly on an,27a1388aeeec21ec
 attenti,67e0943da99a2c7e
on mecha,46154afdf82e03cc
nism to ,b7b1d9cce266ed45
draw glo,ce054dab109b5051
bal depe,0af8cb4c7029a14f
ndencies,e99f688f265789f1
 between,0754bc8e7dce9e05
 input a,00bd121f8c15889f
nd outpu,1d0ce7701d08890d
t The Tr,112b2d341d3a590a
ansforme,f80b6aafdb7deed7
r allows,3d77aa7bee836958
 for sig,50b6d956975c3a5b
nificant,08a1d5687a349808
ly more ,360a5d11a3f25847
parallel,f158b995b9c9be65
ization ,0ccb279ce4beee2a
and can ,8377ddaaf4666995
reach a ,a9fed5767403c671
new stat,49a5cdfcb604aa3c
e of the,48eae0d382c0ae65
 art in ,d027f0eb3d82de42
translat,4c988b3bee262e44
ion qual,70bb4ffa8fb7c441
ity afte,dc410b0fc68d04ae
r being ,d0931d9b50a008f7
trained ,c0a2995787a3e8df
for as l,06e5cd579a4f9065
ittle as,c931fca790006e7e
 twelve ,c194f5cd8ecfe64d
hours on,14f7e0f3ffffeabf
 eight P,723974a2e2955e06
100 GPUs,2c8d2d43415f6d5e
 2 Backg,9eac39966f4bd7f9
round Th,fce03352c775a519
e goal o,c5e27b0eb4dfacea
f reduci,b11459ef0834a974
ng seque,629cd9a4191d2c94
ntial co,b09fdfa239c16935
mputatio,c9b30741d0e919b3
n also f,c309aeadcab632a3
orms the,549319f10c2d511b
 foundat,4ba57c12b23651cf
ion of t,8126c9b1a4f87f7f
he Exten,870a5df8c76402aa
ded Neur,c32a7495db19bd19
al GPU 1,ff18a5cb532ff5cf
6 ByteNe,8d38d47c3b138a57
t  18 an,db48d00e63c3cc27
d ConvS2,10b34c9c64f16c99
S  9 all,e81c2897b3dcfbd4
 of whic,d19f79b85d5e6985
h use co,0d121e47c3487c28
nvolutio,cad3b8c253fcc908
nal neur,ce4d241ce28cbf0b
al netwo,96d4304f6e49a5f1
rks as b,43c526ec2b228385
asic bui,405bfafe530acd83
lding bl,e9dba99e9fe8bd87
ock comp,dd27b899302fb71c
uting hi,8fa466ca8c5f1c8c
dden rep,a6ec0e7d876ed3aa
resentat,6d20ef203ea5d67c
ions in ,8999dd3b9e030bd4
parallel,f158b995b9c9be65
 for all,ba3ea9eca955ba28
 input a,00bd121f8c15889f
nd outpu,1d0ce7701d08890d
t positi,ccfe2dcef9754b6e
ons In t,6b2ad1b741d08661
hese mod,11872567d4f6aca9
els the ,d7fd0970f897c001
number o,e84f0dbd41c5a64b
f operat,a7e564d8ffc221a3
ions req,6da2f1d070054a67
uired to,486e91dea1a19530
 relate ,e2d62cf9f6f38194
signals ,f3a756da96077f3d
from two,c4f7fb5823d6e75d
 arbitra,5fd9ee2a9a23db22
ry input,ce34a5b620b45a16
 or outp,ec90152f17e3731a
ut posit,0f7724d673bdd649
ions gro,56de6abc6ebca491
ws in th,744439ede31b0ad1
e distan,3cefa76f0ae066ab
ce betwe,633a68475c032813
en posit,54a4beace1802fe0
ions lin,12a62ff1c58262ec
early fo,2683367a62b07ee6
r ConvS2,7a8d89bdb560ce39
S and lo,891db62a206a24ca
garithmi,4dbd41dad162c50d
cally fo,cee9210c3448a15b
r ByteNe,a0b3c3f5f22b1b56
t This m,2a808fa96e874d66
akes it ,a60cab464fb6195c
more dif,5374be200d4b0366
ficult t,639bc2700b001872
o learn ,4ed381e446cc1039
dependen,46e5467422312dd7
cies bet,3c51353a3d879dc7
ween dis,214f2b4f0a390aec
tant pos,84c67a604ef277aa
itions  ,024aff4047b63c2f
12 In th,d20e1b0ee898f042
e Transf,0087ab46e62d6805
ormer th,1cce19f07584387d
is is re,4d5779fbe5cc8b02
duced to,d99b88599995e920
 a const,3bc854c40d903063
ant numb,a395196a76e7ecad
er of op,de1d38ebd1c6898f
erations,afeb7f8b12b029e3
 albeit ,f5ff80def6c72dec
at the c,0fb2f06d65ff8138
ost of r,498e01df8668d3ef
educed e,ccb695001602f0f8
ffective,2545dfbfd95ed928
 resolut,4911313f150ff096
ion due ,dbe55bccd88fd5b8
to avera,0a4064eb9ce59008
ging att,249b53f836b2d073
entionwe,df7420858f9b2274
ighted p,97c9d98098f594dc
ositions,9fd0634532a98bb2
 an effe,deebaf73b8c89ba8
ct we co,ca878fac67d35d51
unteract,650f343d9db40168
 with Mu,5757ed9ae97486f7
ltiHead ,f1dabf4a3c0e0927
Attentio,71c490306dff5ac5
n as des,3681c5d3f5e7fb08
cribed i,ca817fff0a57ff59
n sectio,6ad09a2b561be5b8
n 32 Sel,ff57283a9cf1ab12
fattenti,d69981598133981a
on somet,f4f16979103f9eb2
imes cal,ed467dbe2e8155a4
led intr,e6319294d50888f6
aattenti,2a7f2fbae8e20029
on is an,6855f9cf26b1f931
 attenti,67e0943da99a2c7e
on mecha,46154afdf82e03cc
nism rel,878a1d5669259ee5
ating di,a98efae02e6134a0
fferent ,7ee507263031685a
position,4034928247d45df9
s of a s,4f21cb0e9811a815
ingle se,2b937d1ac233137f
quence i,231735f5f815434d
n order ,8a9950a072316e49
to compu,5276c4bc111547f2
te a rep,9e449d179a959c18
resentat,6d20ef203ea5d67c
ion of t,8126c9b1a4f87f7f
he seque,7fecb7a4ae37eaa8
nce Self,8645dce907f8e5f5
attentio,b8c71d44b636988a
n has be,ba16c2bdadd05244
en used ,10ba7ae5dca0f033
successf,d45b9baa65da7a3d
ully in ,bf47822505c00d4c
a variet,501297ed89ce1924
y of tas,9e8b3895ddf89d34
ks inclu,d58ba4bac82a270a
ding rea,c0effac833c1e97d
ding com,07dc04c8d9ae57c8
prehensi,ca43a686a0bd91c4
on abstr,e7d536d7ebac8ac5
active s,d0657a3e4701c2f8
ummariza,5521a171c0672f0a
tion tex,63e6adfd8f6d09e1
tual ent,ed8ecf76b2dc7b51
ailment ,45396188e1031a3b
and lear,a31956283c8c66e6
ning tas,0419b6288f8c868d
kindepen,0e0bf94a00171171
dent sen,6738a0037c287d31
tence re,5b8be11049ab44a3
presenta,c480bce416158bda
tions 4 ,a90d7ebdfc0fcfaf
27 28 22,79a8546eacbbfa6d
 Endtoen,57843ad89800e5cf
d memory,1c0e92856f444a04
 network,c98e2aacf19ac6c3
s are ba,1ea49603115c49ae
sed on a,45e7b577042d425a
 recurre,38ec7150053f276f
nt atten,d242e76256812149
tion mec,4a71a53c69db4c31
hanism i,8c066d09a4be0f48
nstead o,e616f570d3fcba7d
f sequen,e48960df205e002c
ce align,1048a2c92c09108f
ed recur,b8f55526d19ef696
rence an,f4002f5bc3dd2cc2
d have b,1f3ef105d43101e5
een show,1258bda35a262002
n to per,f0553e05dd7075d4
form wel,79f1de15b31a7ef1
l on sim,b14d45a0d96c72a6
plelangu,85af72352ea45c78
age ques,f2545d682cd786af
tion ans,1282fb6cecf8d7ce
wering a,7ece0b1bd1c5d6f7
nd langu,e0088b8ddc893efb
age mode,0836d283aaa8aaf8
ling tas,73911e5fe4184e34
ks 34 To,67fcacef4c3f8f7a
 the bes,7cca9ea0fc7ce39a
t of our,4843a5cabb764a75
 knowled,e59cb3ad76802c70
ge howev,aa560b7979ec7a3e
er the T,e38c1d52ef9bb636
ransform,b5223829664b7efc
er is th,9aad65a51b5b7083
e first ,f969bfac6ee8501a
transduc,f164d80750505618
tion mod,040514d7e732c429
el relyi,cd3cbe378a607b12
ng entir,e32fae00433acf98
ely on s,c22e910965fea582
elfatten,b00eab82022ce9a0
tion to ,013469f620fbc05f
compute ,624d5b9feb20b6ad
represen,f6d1b187a40f6daa
tations ,4ce5e32ad35aa1a5
of its i,3188d327b7965a2c
nput and,8adbbe919df37c7d
 output ,19facf784e4552fe
without ,3bdd6016cc5bc1e6
using se,7c256898bc8be0c5
quence a,13cae9407f6331a6
ligned R,3737f930f9004c24
NNs or c,abad3b192bea84d8
onvoluti,c12c029198e743c3
on In th,5961462bd1cd07fe
e follow,e4aa85e2556c563f
ing sect,903c0ae8d6e3d05e
ions we ,5667504a72d1c35b
will des,7dac3ff813f9c505
cribe th,cb188eec23ceabd8
e Transf,0087ab46e62d6805
ormer mo,6b00266b9e270866
tivate s,194a7b289cdcad32
elfatten,b00eab82022ce9a0
tion and,9650419853e36a35
 discuss,6f7a1b86f5693bc8
 its adv,f97a2accbbb31fea
antages ,bdbb9167559aa737
over mod,e2256780b997ca5d
els such,345d9a6fd1305aac
 as 17 1,1bb540bc89441434
8 and 9 ,f7e239b3f81d5258
3 Model ,5ec3974909824d0f
Architec,62c5a7c3e8b798b8
ture Mos,ee84535f8c9d2457
t compet,3d9a05972bae0da9
itive ne,fe63b39beeb4eb25
ural seq,0806d5b6d16355f6
uence tr,50ee6cda80681563
ansducti,54b57318cd7ae85d
on model,8c4123165e5b311f
s have a,48a4da811429b764
n encode,c4767eaff8a8252b
rdecoder,75e691a3b5dc96cd
 structu,e03a7df63b16dea9
re  5235,c51a787db336f694
 Here th,a06956f1e14b5777
e encode,86cb34916907651b
r maps a,46bae853eea0ac82
n input ,d2c257d22d98b76b
sequence,a42083d3d5b60c3c
 of symb,266731f55cb8d5d6
ol repre,fa2dcf90dfa3b616
sentatio,a15190ef9d6b87c3
ns x1  x,1158840ad06eda29
 nto a s,0d7f71d3afdeec3c
equence ,7f7590452fd1721e
of conti,3f73f0639aeba23a
nuous re,de3427f5ed72d4bb
presenta,c480bce416158bda
tions z ,101abbd25bc2eb47
z1  z n ,6f111037c63f4a2d
Given z ,b823cc4f52829bb5
the deco,c6020d16ab07a258
der then,c9c56593de6dedef
 generat,6535bb0f6692ab84
es an ou,b6af453feeacabf5
tput seq,bc2eb512e9a85437
uence y1,4654ba2f4deac0bb
  y mof ,884a89a28d10f370
symbols ,7ca6ed56bc031195
one elem,5da0af5601756a8f
ent at a,fb4db2f8d9836d65
 time At,4affb95700f13116
 each st,0e1e467359c1ecf6
ep the m,8d13c26c9cd15986
odel is ,e2217b54a51e6e24
autoregr,6ae1158ae661166f
essive 1,d6eae15128fec37b
0 consum,fa700b4f8cb7d672
ing the ,2947ff827952db0e
previous,84df19b68336c604
ly gener,16f3ca8a79e59700
ated sym,949c940cad91a2ae
bols as ,e2e971cb2b582dfc
addition,c24b5ce158bd24ff
al input,4d0fa4f75cfc620c
 when ge,c2e263165a9e4ead
nerating,90ea962ef0e2414c
 the nex,2a2dd91f616d5a19
t 2Figur,8e661a592ad34bb0
e 1 The ,cabcadaa116bc0e1
Transfor,83839087e9de56ab
mer  mod,7534b5a6af69671e
el archi,b7ec701ac698532d
tecture ,376a3fc1b07db6bf
The Tran,cc664bbfc620f2be
sformer ,9b1ff2d17403bd20
follows ,21de0e8f90ace72c
this ove,fbc53380db2cc949
rall arc,9a33ab69149b4998
hitectur,e866de2b84f49382
e using ,55d834109aa99989
stacked ,d2a487c9db61536c
selfatte,1b332c20f7771399
ntion an,9e1aa64f6e216d8d
d pointw,9c4304bb8a417eb1
ise full,76b6fdddbb715d9d
y connec,f3b49a67979c0bc3
ted laye,9def2449f6896ca4
rs for b,b261c0751391cb07
oth the ,42d943a80dcdf481
encoder ,1f79d3eae2c5ad6c
and deco,bc5aba6dea3a57bb
der show,3c2c4a0b95803412
n in the,3f8969f044a8d964
 left an,e5eacfb1e288139f
d right ,d0eb309094642402
halves o,ae9ccbc8520ed728
f Figure,1a95893fb24e1679
 1 respe,b39029e461b3004d
ctively ,68b6d9bbef5c87ae
31 Encod,c584988447b3bbfe
er and D,d144719fdbd94a13
ecoder S,dbbb4d83e072a9c8
tacks En,1104da6e445555f3
coder Th,32414d4fc0900cf7
e encode,86cb34916907651b
r is com,3d411ab1543f615d
posed of,d11048324befa0fc
 a stack,cc77ed0539d39690
 of N 6 ,17c53461d7330420
identica,b0402f3e2bb4d46b
l layers,7a901696c60ca64e
 Each la,4506ad1da11be34f
yer has ,e49d620635bdfced
two subl,e1e363937b5fe093
ayers Th,3cb9f9893852ad4d
e first ,f969bfac6ee8501a
is a mul,0413e40afc05b893
tihead s,1296b73ffed6afab
elfatten,b00eab82022ce9a0
tion mec,4a71a53c69db4c31
hanism a,c4149a0fc29e0f14
nd the s,2bf2fb602e2f0c16
econd is,3563a5192833bd47
 a simpl,c60383281ca163ee
e positi,85b2eb5bd2d05e13
on wise ,e7131bcc6562636b
fully co,4273f1398217d3c1
nnected ,4a3d89e51eb5cb2a
feedforw,d02fffd95874db26
ard netw,29a09fb8fe46491b
ork We e,d793a23c4157fb54
mploy a ,bd105a4e5647ae73
residual,b82b07e9d100c148
 connect,d7ef20bfea86d483
ion  11 ,a962107b3c75f0f3
around e,3a4b53c8728cf818
ach of t,db11bbc3594bbf14
he two s,cc810f14c320b6be
ublayers,42d759755e9ee97c
 followe,07a07d0879d05e03
d by lay,3d102386fbb67ce7
er norma,19e6349a96fad7b2
lization,84c6165102f208c5
  1 That,1ba300ac7bbdd3a3
 is the ,3afa3c2fd708f604
output o,b28340bbd5231cfa
f each s,ebf013f1e733ab40
ublayer ,b6bceab880eb4a61
is Layer,324c88d3fdb18d1e
Norm x S,748081001745283d
ublayer ,b6bceab880eb4a61
x where ,d33c9c02bcdb9a59
Sublayer,9e63995e9851f21e
 xis the,f6c6ee3960e9b63f
 functio,29ab0d86b362cb1b
n implem,6dfc09960e9fb5bd
ented by,f7320776ec369159
 the sub,52a171cb62f5f2ba
layer it,c4fd560bb46bdea6
self To ,c30f84ed194dff30
facilita,84d3e94120b18b03
te these,afb29c884b68063f
 residua,6ced851ce149a5e8
l connec,12689e8669973350
tions al,0041684306113380
l sublay,b0930704e8282ad8
ers in t,8c344082b1d0d72b
he model,b64fd5de7161313e
 as well,10e92b440af7c686
 as the ,e6766098b07c3a97
embeddin,bcd424e3a35ed7f6
g layers,189f3d4c9495be8f
 produce,d1d4b8f1e541db10
 outputs,5c4f423afbe27153
 of dime,45920075a4e2e426
nsion dm,1759bb123e77ebef
odel  51,8732a55369de7ca1
2  Decod,5c54733e74d0456e
er The d,06e92516cd5ee703
ecoder i,df68a284ac1a6e48
s also c,b678585783d39a16
omposed ,2d9085279af200b6
of a sta,69168107985d7711
ck of N ,a4045c5ffa8edc89
6identic,7ae0cd1091c66530
al layer,646516d7d0538465
s In add,aab2faf11c38f98d
ition to,dfd2d6d1f77e58a8
 the two,aef0521450915a94
 sublaye,7d18b0c1cd48f04d
rs in ea,248346923daab183
ch encod,8566cea0bee1684f
er layer,6356da5052aa0fa7
 the dec,9ef3f9696e143685
oder ins,506a02ddf2a9643c
erts a t,982802bff143a38a
hird sub,80f310f3c2465e71
layer wh,1c6d8d5e1e1f83df
ich perf,c4857d96f7f3bb2c
orms mul,e5f86fb3e841a21f
tihead a,35b029c6594154a5
ttention,85bc5ed972bfbba3
 over th,8a6addfd047876e0
e output,4b34565ea3928709
 of the ,9b6ac6a00cf3b660
encoder ,1f79d3eae2c5ad6c
stack Si,afd4a2edc8eca282
milar to,78ae35334bb84770
 the enc,b75d50b3d9bf72bf
oder we ,93d155e5c57d117f
employ r,a17660e460a23630
esidual ,e214df2850fc5489
connecti,fa94fee40ae33e55
ons arou,e36522e89cd70a1c
nd each ,415d9222193bf1bf
of the s,37821af26bde94ce
ublayers,42d759755e9ee97c
 followe,07a07d0879d05e03
d by lay,3d102386fbb67ce7
er norma,19e6349a96fad7b2
lization,84c6165102f208c5
 We also,99b18b787c44438e
 modify ,4eebac3397c1fa60
the self,df25a2191003ef3a
attentio,b8c71d44b636988a
n sublay,de7131d942d07531
er in th,51968e7a321c24de
e decode,c29f56fdad4a011a
r stack ,34723a447043fec4
to preve,bc8176b5be47030e
nt posit,124ca63817155c8b
ions fro,97e68de3fd523c3c
m attend,859eeb2a4a8da206
ing to s,02ec352daea8af53
ubsequen,394d773b70855b7a
t positi,ccfe2dcef9754b6e
ons This,8484cffc83822717
 masking,8f9e299771ad61fc
 combine,a181a09a97c05817
d with f,b2e966b29a70dd5d
act that,6c51d93e7d280a3c
 the out,29b9a683a10cb76c
put embe,aa99e6a14ea1ff46
ddings a,151022c54b3c4161
re offse,ffbecfa0c339ee18
t by one,f5f02c1fdd1ec9e5
 positio,09fb3de126c788d8
n ensure,0954c1e6cef7ccbf
s that t,c381e13d406fbd01
he predi,31a2b4ed9b2cc4f8
ctions f,41ba5e32cafd200d
or posit,476fe838ce68bd0b
ion ican,7a8546885e307c4d
 depend ,d6c44f08c1a1d0f3
only on ,dbf280c0e14ac7d9
the know,36262c6418d2302c
n output,35f07a87812630fd
s at pos,6381630d8859ec72
itions l,5136a4522acdfea4
ess than,1cd09aad550f5c51
 i 32 At,95c31241228188d0
tention ,cad263e520747b9e
An atten,25dc9eb3eb1468e8
tion fun,70151b7b563cb06a
ction ca,eba287bc9341c888
n be des,a3d92a5a3b8d01b9
cribed a,8f2dd52d90c384c5
s mappin,92015b1fd5ecc5e4
g a quer,5ca43dc28ed05929
y and a ,e1e96b85dc83fd8f
set of k,aae2b37da3e41819
eyvalue ,dbf80fe24f49102f
pairs to,9589e4ffaa271cf3
 an outp,5b561ff49e6dd789
ut where,fdf1dc2c25f89109
 the que,5ee4182e36038a43
ry keys ,76d613810a2dfcb5
values a,5e643ca8123d95be
nd outpu,1d0ce7701d08890d
t are al,122cf88f4bee4738
l vector,b39b5a36eec1c519
s The ou,b25272f3bd33789b
tput is ,1e377ca72892466f
computed,b674aeb2b1b42da9
 as a we,669be0f0fc692797
ighted s,bb4a044a626a69c4
um 3Scal,94edb5a126157459
ed DotPr,4d3555a5d84b3bce
oduct At,b548d084295f9801
tention ,cad263e520747b9e
 MultiHe,a5396f798e87f8b0
ad Atten,509943d1a44b9c6e
tion Fig,12d8996bdb30ceff
ure 2 le,be4295c1e5168214
ft Scale,d95b1fc8b7861a61
d DotPro,23d9fea5bc61e879
duct Att,bf7d065bf113ce7c
ention r,8fc6fb0821495b62
ight Mul,7daec4d378fb9db8
tiHead A,b3a8c2b8bccc708f
ttention,85bc5ed972bfbba3
 consist,9e6be4a33f065da5
s of sev,2ff781f57d6e282b
eral att,35fffb75d883f7ea
ention l,96876912c26940c8
ayers ru,314b2ddfac617989
nning in,0385aa5c1fab8db3
 paralle,856f1a161530b895
l of the,f09ed0004433d0f0
 values ,12bae0a86e76e3f9
where th,e99b96d1e74fcf58
e weight,ba4abc985355d8a0
 assigne,438bdcae25f7fdf0
d to eac,fab85c7c6d524b5f
h value ,241731697f4b9b6d
is compu,55b3833cca423da6
ted by a,4a67dd4ab23fab17
 compati,67445c3c2abc3730
bility f,838484e1d2988fb2
unction ,1ebd50ba67dbcfd3
of the q,e900ae9b1ab2bccb
uery wit,9904726a33b52765
h the co,eda0694dad4bb808
rrespond,3e2473c4ca694c09
ing key ,8f34408d2cf24e60
321 Scal,89e4f67e6441c9fa
ed DotPr,4d3555a5d84b3bce
oduct At,b548d084295f9801
tention ,cad263e520747b9e
We call ,eadc731e8aaadd7e
our part,3a39b0b89b5919e6
icular a,0839f586eb303c2d
ttention,85bc5ed972bfbba3
 Scaled ,232cc8108ad8fbf5
DotProdu,643a475f56ee6a51
ct Atten,575403b997875a0a
tion Fig,12d8996bdb30ceff
ure 2 Th,d5167851ebd85282
e input ,c38ab2f22b0b7841
consists,6c28c3a70ef43776
 of quer,7d8fe4b6e9aea823
ies and ,4f00476e6b858cc1
keys of ,b6b31de875d0871a
dimensio,9ad3e5ce5324fe21
n dk and,10729c9b55d0dfaa
 values ,12bae0a86e76e3f9
of dimen,66ee9859334948e3
sion dv ,006246adf389dbad
We compu,a0d8cd403ce584aa
te the d,81875563cf0c9568
ot produ,a9795c060a229f25
cts of t,56109c9b495a968a
he query,636e58a6f77f97c6
 with al,96df673dc45b87ca
l keys d,ad2872ba23df30a4
ivide ea,5be43ab6257eb015
ch bydk ,2223a4ba23139cdd
and appl,47fefafe5b2f8d89
y a soft,5dc2f5409bb9ad88
max func,aa0867a02feb3892
tion to ,013469f620fbc05f
obtain t,73412978aea5dbdd
he weigh,e2e924c5632aec63
ts on th,e7ee4ff2415d5b82
e values,e418b0113077f643
 In prac,12b42c0fa086f767
tice we ,b143904145abed10
compute ,624d5b9feb20b6ad
the atte,204ba92da6a2b676
ntion fu,df196c567a98ff4d
nction o,5fcd3543a4c20e39
n a set ,1cc261fd990524b8
of queri,066cd71c635b97f7
es simul,5dc9581af20ce61c
taneousl,c4a30fc0a656685d
y packed,2bed8a15baf98c27
 togethe,1e52722866af14ba
r into a,d22b218b7c1c5809
 matrix ,b2ee87061a77d777
Q The ke,39c3bc909d69d2d5
ys and v,88ac10d7c23fc2bb
alues ar,36199ec965dc5b4e
e also p,009a2bc7aa1adbff
acked to,f57ce90e8007caa1
gether i,9bae37524953bc37
nto matr,7f6edc4461e652bd
ices Kan,882c4d8fcab81839
dV We co,92fc79cda762277b
mpute th,b7beb54ad29d7a91
e matrix,467f8ccc51975bac
 of outp,09a19c9b2422e77d
uts as A,f418ffec16cc2a3d
ttention,85bc5ed972bfbba3
 Q K V  ,895cab2cc5f0801d
 softmax,1c3bc9626cf7ce77
QKT dkV ,e95fe389f4d75f69
1 The tw,07aac553e4cbef03
o most c,060ec2e058f8f83d
ommonly ,9bb8256d348ea281
used att,cd3f9a61d83666cb
ention f,e8e5dada66543ce6
unctions,f46264cacec54aa5
 are add,c108a45bebd4f289
itive at,0c4f511cc197a27a
tention ,cad263e520747b9e
 2 and d,fabdd70d61cb8dc1
otproduc,56beaac789868b2a
t multi ,0367b91dad8a4c90
plicativ,7fa9f6d4b35ee61b
e attent,dd0d0ab7d67382f4
ion Dotp,a05f66bf24164c48
roduct a,f261b874112fe517
ttention,85bc5ed972bfbba3
 is iden,30fc943963061858
tical to,4fb79ec891d8e320
 our alg,0dd44c180d54815d
orithm e,d7c38bdf6fbff311
xcept fo,6b8a2ed57587754a
r the sc,30a82ed1a9bd18cb
aling fa,c7ad0f89d93f6b24
ctor of1,93f05108199bd9a5
dk Addit,033493e7aa465038
ive atte,30038fb70bf88319
ntion co,ad778884a8e2d125
mputes t,402de6068d7c2ea6
he compa,5099c1b8a8bcb88f
tibility,403703f10605ba2d
 functio,29ab0d86b362cb1b
n using ,f031325df9d08142
a feedfo,d519f823e994ef83
rward ne,a6be9401f095560f
twork wi,cf807006d208f89d
th a sin,df71ff501a62add0
gle hidd,44a85a39ff8057e9
en layer,e69347d83cb08730
 While t,6783c5b8bd6b5dd3
he two a,327a46ce48f901e6
re simil,626b987d11e199f9
ar in th,9c0bb034888bca09
eoretica,e5cd47722174df90
l comple,b0a25ebe6dba5ac2
xity dot,526ebd6c69dc14b8
product ,d894183ba98f7152
attentio,b8c71d44b636988a
n is muc,008f00d240db32d9
h faster,569c3467953015c6
 and mor,9362aa377cb58a80
e spacee,9ef322e618765bcc
fficient,7f9d2aa0a44ddf6a
 in prac,fe2109a1ab39c763
tice sin,8e6e9007757b51db
ce it ca,272cfb3a51df7bc1
n be imp,970349da206761c2
lemented,098ca9cf4faceef5
 using h,6e353934a03feb1d
ighly op,5ebd7699e517a235
timized ,8575525e7919604b
matrix m,00d792346089a104
ultiplic,30c5ac5c2e2eae6e
ation co,fb01e69c7cf97142
de While,5c52d821e1bb30e4
 for sma,eb77840628ff5947
ll value,c08dd21b328d4336
s of dkt,6c88ddeed961bf9a
he two m,045dd8560020e984
echanism,895310cc56ccb3fe
s perfor,ac53191f0d8e1878
m simila,f58e1b76f572aa76
rly addi,3d7cdb061fadfcca
tive att,fedcbf044f161232
ention o,a4e3eca637d65001
utperfor,53238cbd5fedb5d2
ms dot p,6392506b9554fe53
roduct a,f261b874112fe517
ttention,85bc5ed972bfbba3
 without,bf5d9d7d3b035208
 scaling,a671b2fb5bad2976
 for lar,0f1f7f7094f879db
ger valu,5ea3eb391367560c
es of dk,868bc20ce7b76623
3 We sus,9de404de2ddaf974
pect tha,b7ef6c525ed53608
t for la,b95a8d59b424d0dc
rge valu,67f71d42f29d01ee
es of dk,868bc20ce7b76623
 the dot,7766520cee8f8a66
 product,28620acf51825938
s grow l,00e331524d6c05a1
arge in ,0319420fe53244b4
magnitud,2a9f265949d29376
e pushin,60ff60298f507194
g the so,fdb2eecdc56358f2
ftmax fu,0ba08d0b9ec039f6
nction i,1581d74683e66d1d
nto regi,b2744cd577c47e30
ons wher,eb65d9cdf0fb4209
e it has,5cbbb4822eb25a60
 extreme,579ec2b596094e16
ly small,7dc04dde6f9d8a15
 gradien,f7735bfa2757ad39
ts4 To c,d0d85eff7e8b4cff
ounterac,c3e77266587a212a
t this e,2bc4b05cf5682231
ffect we,571e1203351a8c50
 scale t,0bf79830200f164c
he dot p,21aed3bf9ddbdcdf
roducts ,894deebe7249a601
by1dk 32,8fe0e7aebf4c1947
2 MultiH,25049f9ac099acb2
ead Atte,bcb90554111e37d7
ntion In,6b1076cdceea2651
stead of,083040434eb6bf19
 perform,d305073ee421d293
ing a si,d0477ce4b7c231c6
ngle att,42e127611cc1bbc1
ention f,e8e5dada66543ce6
unction ,1ebd50ba67dbcfd3
with dmo,f12ab8d08f3eb3cf
deldimen,3269b0187801a92d
sional k,72507635444ff844
eys valu,db69e8111a24d5ee
es and q,47ff4e2644ceb36c
ueries w,4b74ee685880fcfd
e found ,7489bc8f001fa6c5
it benef,d5782dda7488347a
icial to,80fa000fd9d304df
 linearl,e4223827660442c6
y projec,2a887f05ff3181a0
t the qu,dc32edf6b33a293c
eries ke,8359828176686cc6
ys and v,88ac10d7c23fc2bb
alues ht,855130b90d4766c9
imes wit,3406c1c53b82298e
h differ,e4fb00e665d15a1e
ent lear,234e3cc5a789c5ec
ned line,33f55b2b4f464d62
ar proje,08238877d9bb548d
ctions t,3c1acd19aa678e7e
o dkdkan,f732e57cb1fe2e1c
ddvdimen,2d35e09c7f3a3b72
sions re,2596276e3c112be1
spective,b504771da1dfdfa6
ly On ea,6795ff5358522ac7
ch of th,a10d743373d961c3
ese proj,a61c53ad2747c72b
ected ve,3a8acb322340f10d
rsions o,06a400f9051d40d3
f querie,90a937732fc39bc9
s keys a,a540d6db3e595045
nd value,278b72e0c666b612
s we the,cb3915e06ae86d81
n perfor,97de9ef087f5bfe5
m the at,88df4d3fb62b4413
tention ,cad263e520747b9e
function,46cac5e526a53aff
 in para,d769c1b43243d583
llel yie,767b9fe3413159b8
lding dv,c668e32d45dcb3af
dimensio,9ad3e5ce5324fe21
nal 4To ,a835c35ad5a253af
illustra,aaaaa623bbff5f43
te why t,95e7f3f012bd498b
he dot p,21aed3bf9ddbdcdf
roducts ,894deebe7249a601
get larg,2df710add8d38a33
e assume,2f6f712774cde436
 that th,2e92c3bfbe850fc4
e compon,abaa2db21cc5d3e5
ents of ,58927c40814a8c01
qandkare,cf1cf6b85bdda2df
 indepen,f7a6758529e451b4
dent ran,3744b41c3a9aaa19
dom vari,20155216dc807608
ables wi,b36511b0f536e5b7
th mean ,179eda3bb5b67763
0and var,d9fc5f00e5a9ecfc
iance 1 ,b0d3e40c3ed05443
Then the,2bc0f603eaa94ee8
ir dot p,d816ba68e8887463
roduct q,8cfdc0a9ae3ded88
kPdk i1q,d41f19329e5f357b
iki has ,f2277b592f0e1010
mean 0an,b2bbad5197590948
d varian,8038eb3881843964
ce dk 4o,1b9c1e571de93fba
utput va,0794e1b7738726f7
lues The,a37e35ba9421cc2c
se are c,385fcbb58b0d97dd
oncatena,7ff078df247f86ef
ted and ,d4a1a1d29b55c4c6
once aga,986ec2c803b0cb76
in proje,03b3ec52825afcb9
cted res,dad6976d0ecdf181
ulting i,164fbce44b0c7cb8
n the fi,1d260f6374211dba
nal valu,1fd9134842661446
es as de,f0bbdabf75af3e76
picted i,e28e842382a32d6f
n Figure,abc1b1d5b57219f1
 2 Multi,bd6dedeb64e4c55d
head att,651ccb5df5c5c110
ention a,d8ab96a3d244fb6b
llows th,3212be8f0c7a7471
e model ,b4ba57f65ec6fbc3
to joint,67ab4b6f095ecccb
ly atten,ecb149ae212ccdfc
d to inf,c178586e3b3f648d
ormation,63e825c59e36c9cb
 from di,f6223d9a6e5acfb4
fferent ,7ee507263031685a
represen,f6d1b187a40f6daa
tation s,b53effc0c50e4380
ubspaces,543b36685e235af3
 at diff,c24035ac88971709
erent po,523d370db090fa5d
sitions ,d29dc9c6d2c7c305
With a s,55ace15fdfa6e7b6
ingle at,d8fe651a4f0b12e9
tention ,cad263e520747b9e
head ave,06c368cb1c9ca9ae
raging i,97b8a3490e08d41f
nhibits ,097ce352b6f46549
this Mul,2696fc9c2d1a7d33
tiHead Q,22fc8a650e838675
 K V   C,7e0222d4ee23b054
oncathea,5a67901c8458d3af
d 1 head,c33a6419fc493af4
 hWO whe,c983083dcf777f14
re head ,a87f47872ff4629f
i Attent,088f687278d2f40a
ion QWQ ,55a4d40604abb282
i KWK i ,8fc2447877ad8a45
V WV i W,d4bcba703a300f6a
here the,5ce736c4f611b854
 project,3e3935781baf0d17
ions are,649c1728e538f54e
 paramet,56fb0121eb3a01de
er matri,1dd9519a52b591a7
ces WQ i,b7606b3871d5be87
Rdmodeld,15a4879e97dc6200
kWK iRdm,254be85ffe03f236
odeldkWV,e96dea8a046e6376
 iRdmode,f98b35323727566e
ldv andW,8be454eb60584363
ORhdvdmo,27471503abcb688e
del In t,1703ce69dd3eb503
his work,9d7cdff70a5e5a88
 we empl,9b245af04ee6faff
oy h 8 p,954a5004a93df9f0
arallel ,973158037c212b2c
attentio,b8c71d44b636988a
n layers,3ee9e60cccf0f5c1
 or head,e4a967bedc20ae88
s For ea,3faa824732024e03
ch of th,a10d743373d961c3
ese we u,df45ecade5a2218d
se dkdvd,7b11e6a70a121284
modelh 6,9fd0b71e8be89dfe
4  Due t,82727dc3b27847d9
o the re,53821c42ffdad4ae
duced di,d976d07d3b922139
mension ,cfaa25f8ea444b08
of each ,c9ed20e395dde091
head the,4f0528ed4483ce57
 total c,3d48917aaccbac64
omputati,24c03e400b3e3344
onal cos,8862c20ee7686156
t is sim,89bca09aca9e33f2
ilar to ,9558e0171a7cad8e
that of ,f3a92909caf9bc61
singlehe,698b03d7bc898af5
ad atten,34555c03f70f9f11
tion wit,f8ab03af7b252af5
h full d,6827ec597dd9bc7e
imension,56d42a83541eec87
ality 32,8412f00abec0d583
3 Applic,7f7259dd2949cf89
ations o,d321a8190ef3d120
f Attent,1254219f61ac54c4
ion in o,449c480fdf3b8618
ur Model,bbc4d0a75fad1d44
 The Tra,a60db38a0387e299
nsformer,0d5b4724f951f0ed
 uses mu,dc4585ab55f32797
ltihead ,dc21863c2e067d7d
attentio,b8c71d44b636988a
n in thr,2b6e9a38faa30ba5
ee diffe,ef2a6b9590df197f
rent way,ebd8d13b4f2004ad
s In enc,0a204897c325fb15
oderdeco,81ffae3db8ed69eb
der atte,dd75a803b6e70c9b
ntion la,1224f5077dd583eb
yers the,4f27789eaf48c539
 queries,f13ebb1ffc1694cc
 come fr,c279d3a80be1ea40
om the p,66528481a7b5fead
revious ,b548fe66f3daab7d
decoder ,591b3552c50896f9
layer an,0437ebfbdb18fc1c
d the me,a63d36e818486a50
mory key,a9374302cbe07d4a
s and va,d0706bec1ae5ed00
lues com,6e9d190c8c2a2ddf
e from t,9ed1e128f997d770
he outpu,b588187797af1c0e
t of the,fc358bc0d6f0f913
 encoder,beb0303f87b600f2
 This al,99c2c3b53ce6295c
lows eve,41be90c406e04ce6
ry posit,12ab585b6ba0279f
ion in t,832420103e7cd2c5
he decod,8195231d7bc9bd94
er to at,77140304c6ab7a1f
tend ove,dd9e89c6f0446165
r all po,92de2190894e2e53
sitions ,d29dc9c6d2c7c305
in the i,de6484cfcf73a7e8
nput seq,4f29866bd73c5d59
uence Th,9b300f7206c2de05
is mimic,1cdb17181ee057fe
s the ty,33eacbe91ca5c7dd
pical en,c9e05d72c14f2a41
coderdec,d17c8127a8ff7dee
oder att,8fd5578bd6b75777
ention m,625ae52320e106ec
echanism,895310cc56ccb3fe
s in seq,95ad6af0f4f4cf67
uencetos,1a8e36c0d47daeb7
equence ,7f7590452fd1721e
models s,8c729af9740b7246
uch as 3,7b24551b577c384b
8 2 9 Th,91d3caa3b2a5aafc
e encode,86cb34916907651b
r contai,64ab125992e54877
ns selfa,a3244b295c4ce0da
ttention,85bc5ed972bfbba3
 layers ,bb7ce030d2ada352
In a sel,e38a11f11e90a831
fattenti,d69981598133981a
on layer,377361476cc9af58
 all of ,2eec7c89fa233471
the keys,64c626b5107ee1a0
 values ,12bae0a86e76e3f9
and quer,485635eae9dae44c
ies come,31c9463d8d71fe25
 from th,f7e5e523eca9db97
e same p,f7c554e5591a4a19
lace in ,010a28e734fb52ce
this cas,6f6cd3640fe6295d
e the ou,fc3481dd8a9f516d
tput of ,9e49de2ceee95dcc
the prev,dd1f628421137b4c
ious lay,0dd810a814dacc63
er in th,51968e7a321c24de
e encode,86cb34916907651b
r Each p,8de8d14ab28780d8
osition ,acbac944c2e121e4
in the e,431bea86789e5cf0
ncoder c,7f889970a78ca656
an atten,3e65a68ab85b98c4
d to all,140c6407fa493a7d
 positio,09fb3de126c788d8
ns in th,cf9e10161f596362
e previo,24e47ff48a126c27
us layer,0d6216121d30e3fd
 of the ,9b6ac6a00cf3b660
encoder ,1f79d3eae2c5ad6c
Similarl,ebc1467b8f7b006f
y selfat,bbac21ac8849009e
tention ,cad263e520747b9e
layers i,6dec750fcc2e3ac0
n the de,2d9305e506f93282
coder al,adc8fab4e8b0b192
low each,e330855627b72dbd
 positio,09fb3de126c788d8
n in the,3f8969f044a8d964
 decoder,4c11e8fbb137052a
 to atte,55bc2002e6ff8510
nd to al,eb6c3aebc49eae32
l positi,e455911a6d47a7af
ons in t,e76805224bbf4962
he decod,8195231d7bc9bd94
er up to,bb5bba4a94057606
 and inc,30a71d770ebc33b5
luding t,c6efebe476aa447b
hat posi,f0f4a8da834dc54a
tion We ,c6e0e85c504198c3
need to ,f896d921f3286412
prevent ,4f72aebc09890fe5
leftward,276c5b57776754fe
 informa,fe7c79b3221fcb86
tion flo,a76513d2a9227727
w in the,5f5f788dddf35b37
 decoder,4c11e8fbb137052a
 to pres,1578fa1c9fa53c0a
erve the,2e8e5e688332a0e0
 autoreg,4fc7c33248e96fb3
ressive ,78bc4be3cb4d0b36
property,939859de121223a8
 We impl,e5d7eb093650e7c9
ement th,ec654fe95d4d4372
is insid,a2ea9829a6495558
e of sca,56956f1f56910cdb
led dotp,e6661693715d536c
roduct a,f261b874112fe517
ttention,85bc5ed972bfbba3
 by mask,5f82566b6480f521
ing out ,eed61ab9ad8aa1a9
setting ,94c4973a62c21056
to  all ,441b8ef76b5922d6
values i,22a7b0171787d508
n the in,ccfd00f6d91dc3fc
put of t,da5e07cd5ccbe1a4
he softm,c1f62b23b0d36ade
ax which,0d599313059a97fb
 corresp,97c3adb30f2d2305
ond to i,caf1960da8632878
llegal c,c0d4b34a54bc50b3
onnectio,12635d52651ec0b5
ns See F,cdec0e8b682650fc
igure 2 ,7dd0a58ab66a484c
33 Posit,53f79cfb47d7e944
ionwise ,4ba2ae477c456faa
FeedForw,9c2f6180407519ab
ard Netw,665d3539a876d876
orks In ,40fb49c287b3984b
addition,c24b5ce158bd24ff
 to atte,55bc2002e6ff8510
ntion su,7049859048febde8
blayers ,a5ac349eb5c021ff
each of ,fce23fc8dbcfc1ca
the laye,b3bfde9efa6247f2
rs in ou,12143eaf7c0b0f7f
r encode,fc254b9c3e77adfc
r and de,dcaf777b0251b3a0
coder co,c751ccffb2b9d620
ntains a,8a094ff7dd9ed04e
 fully c,476c63d8d568b449
onnected,aa4d53cf9f4750bc
 feedfor,8663b3bb4ce20d75
ward net,28ef89f8026d9944
work whi,818316ea8c663418
ch is ap,80cbc995063b5c95
plied to,8585cd4aa7a4488c
 each po,e704ed919cd283c4
sition s,aea757aaf8aa2693
eparatel,9bb0042e61c3a33b
y and id,68170ba5071d748f
enticall,7ef71ca0918de018
y This c,d298fe0a38710ffb
onsists ,0a1d46d17b2e58a4
of two l,8b624412746fb161
inear tr,2d13aa4b3963585a
ansforma,dac683ed85aef1fa
tions wi,2d7b59ed128b9199
th a ReL,7f744be561070b03
U activa,c07f6cfdb71f5f65
tion in ,9d69e2a2d606ad71
between ,dcc1753a4d538056
FFN x  m,b953fe66f6e98393
ax0  xW ,4b331d75e83e601e
1b1W2b2 ,297ff39eb51d560b
2 While ,701f67efbce9beba
the line,c21c00dabd6e7368
ar trans,bfed2a4455ff3797
formatio,a34683d33f384dd5
ns are t,59911956421aa39d
he same ,44ccfeda7dee7136
across d,df6af1a61e01de91
ifferent,1e7a204649b6dc37
 positio,09fb3de126c788d8
ns they ,164726825d0123f5
use diff,4b58b235d1c313f9
erent pa,b02c28d04920b59b
rameters,edf538b27e35f487
 from la,af28a85c32611e9b
yer to l,6170a91048ea9c77
ayer Ano,2d8ff419af73f61c
ther way,8b45522b507941bd
 of desc,c39076e532f0037d
ribing t,f6a87e207af5e2d8
his is a,78fb6617fdcd0bc8
s two co,0ff830fa59701acd
nvolutio,cad3b8c253fcc908
ns with ,b5474d528e1dbb88
kernel s,54291172b0e779bf
ize 1 Th,f17a830c08319240
e dimens,168b304c2a33c2f6
ionality,48a6d1f9b30a1d3a
 of inpu,07f4c9ace5df4a3c
t and ou,cb71a7bae51dc243
tput is ,1e377ca72892466f
dmodel  ,8c6b3bd58387acad
512  and,5120eb9676d12461
 the inn,825c1e99693f7252
erlayer ,912ae487bbf0fa65
has dime,bbcbf24a814c4151
nsionali,cec2db1fe55798c7
ty dff 2,ff8d05c53032f103
048  34 ,ee977ab2a5a88622
Embeddin,456d55661b3a52bc
gs and S,c0230d207bad5937
oftmax S,5b211e3c25329880
imilarly,0dd2e3356fea6e5a
 to othe,79303cb3b5d61b12
r sequen,bee8f2f61336e4c6
ce trans,d96568f08781b739
duction ,08cb1f5b34e9b833
models w,166b09a785ce886b
e use le,78c17e7236beea68
arned em,d703274407310002
beddings,85ea22a2383bd4e2
 to conv,ac97398d3d41fa36
ert the ,d7939f6753b7951f
input to,cc2f9b4db6a7f1a9
kens and,409d25c2caba861a
 output ,19facf784e4552fe
tokens t,705ab97db1e67f7c
o vector,b3492357169fc643
s of dim,da4fad70042fbfaf
ension d,a6349c36a8565cf7
model We,1e254b628c8baee0
 also us,6ddb38be88ea07e2
e the us,c81b828abb2e93c9
ual lear,1be814657d8b9f86
ned line,33f55b2b4f464d62
ar trans,bfed2a4455ff3797
for mati,a162eba3615b9294
on and s,655c972d99d728d8
oftmax f,9f0cb80996596c92
unction ,1ebd50ba67dbcfd3
to conve,8dd2ebd968227c4a
rt the d,b3b02afde81a87fd
ecoder o,da0be108338b378e
utput to,b1fd67088dfc6876
 predict,7a7e355f351ef5d9
ed nextt,1a4f2e0b963ea7f0
oken pro,d3edfb153a486370
babiliti,669dcac1d0bb120a
es In ou,dd93cff13320ae1e
r model ,2b61b6658c343d07
we share,a33f0ab0a5e9563e
 the sam,1e94a67c778cd16f
e weight,ba4abc985355d8a0
 matrix ,b2ee87061a77d777
between ,dcc1753a4d538056
the two ,c539126b15b9826a
embeddin,bcd424e3a35ed7f6
g layers,189f3d4c9495be8f
 and the,1d352043973fb68a
 presoft,932bc52a5e489305
max line,7993571c5dfa7ddf
ar trans,bfed2a4455ff3797
formatio,a34683d33f384dd5
n simila,624d87b4f6c4e8cb
r to  30,950aa20b11e16290
 In the ,9d3c60889fb1f1c6
embeddin,bcd424e3a35ed7f6
g layers,189f3d4c9495be8f
 we mult,842619f6019890a1
iply tho,4ae2cd918d3b2f8e
se weigh,fe73c7a8904e0688
ts bydmo,a1f0cbf6324547b4
del 5Tab,41f18dbd31e0b348
le 1 Max,032284e2479a922f
imum pat,368639801f07b5f2
h length,28fdeb178e27900e
s perlay,da463a65f21b5603
er compl,afd6e7955a8c4d3b
exity an,cb65df0cdac17e18
d minimu,f183836bb66b5024
m number,f2c166fc95e6de70
 of sequ,5873be8b97060a25
ential o,af287b63690012af
peration,da5d4fdd59508add
s for di,117ce3ce534b864c
fferent ,7ee507263031685a
layer ty,0f412770197f71e6
pes nis ,4657e528ae037eff
the sequ,1bd63e67b22fe40f
ence len,6c8eaad781e0dc8c
gth dis ,b942f5d02f7989ba
the repr,d2a10e5602624dc5
esentati,3bb5437708c35f60
on dimen,29a020ff79f1f809
sion kis,7d4127bf1dc8e485
 the ker,3ab60c37047f3945
nel size,75d5b0b3cde41006
 of conv,df4e5d3056646678
olutions,4eba6927a01494e0
 and rth,0e9dcbf17305948e
e size o,7f050a5520d5cb91
f the ne,663773ab203a1fc9
ighborho,4431cff0cf1c8d1c
od in re,729e501f9611a198
stricted,665985b4df3753dd
 selfatt,63d6ef08df198cef
ention L,6c0fc4a5da7c1c02
ayer Typ,c1ab71c00c5145f3
e Comple,202c2c32feb64578
xity per,13855b9937991aeb
 Layer S,84cbf87d3277f69d
equentia,f2a1061cb7f69102
l Maximu,bc512f26d6664889
m Path L,fe0a2862137414b0
ength Op,8a953c1f95ed97e8
erations,afeb7f8b12b029e3
 SelfAtt,a5c53f0a6148b290
ention O,0a193f31002c22de
n2d O1 O,1362119937bbb0b1
1 Recurr,fb60189e362d5a07
ent Ond2,8b212af96463d6aa
 On On C,132c39c396cc5658
onvoluti,c12c029198e743c3
onal Okn,9cd07a153e61edc6
d2 O1 Ol,b1c8420b66fc93cf
ogkn Sel,bddbb1230a0c49a5
fAttenti,cb794aceef916ec9
on restr,b700c16e64401516
icted Or,1d9672747b7f600f
nd O1 On,25cb81d96c95d991
r 35 Pos,ca3ebad0595a77a7
itional ,9e08e07c600f7d16
Encoding,ca00967ba2d3ec21
 Since o,d90483694cdb96fa
ur model,aab1e86959eb18c0
 contain,39eb9ea2a2d2619d
s no rec,c72d0935f5bba1a0
urrence ,8b2caba9efadac45
and no c,b765ef9f526f2e5b
onvoluti,c12c029198e743c3
on in or,968dbd3db11bc882
der for ,32a22afd8677ef57
the mode,ea785653249c89ad
l to mak,218bef3fa857de13
e use of,7b031b8d7058fe7c
 the ord,4f5f5372fab22ab2
er of th,4695914ffffdf9f8
e sequen,a49f78fe52a50258
ce we mu,c1adcca38bc0b80f
st injec,7d47b47bc0cee01f
t some i,f84a8484c610339d
nformati,823d74ca777a90d0
on about,99ab7e028548c769
 the rel,09c4e32bf7325d1e
ative or,11d33fd56ce62218
 absolut,be53d43e061be3f6
e positi,85b2eb5bd2d05e13
on of th,ce7918faeeda93bc
e tokens,28927071b13151c0
 in the ,c94f81601b9dcd63
sequence,a42083d3d5b60c3c
 To this,c98cd5660af62875
 end we ,ad24a1c19316b35d
add posi,cd4480366d5403e1
tional e,bcf44d5ac022001d
ncodings,ea34f3ac2c7ad61b
 to the ,35d66849ae64e18d
input em,e1672fc3a6d81ea7
beddings,85ea22a2383bd4e2
 at the ,76d8311594b5c8dc
bottoms ,a416c3285a811b30
of the e,0ac64c1f9ce2fe21
ncoder a,3f7e054a614c66b1
nd decod,0210676b76828c10
er stack,2166a30b394a98bb
s The po,357a4697cbc0958f
sitional,44f7ca63b2cb243f
 encodin,5ee4254b3ef6501c
gs have ,7b820ed2f4cdd54a
the same,d738962d56af0392
 dimensi,bc4ac1cac17196ad
on dmode,95efa6182992abbf
l as the,05030aaf46d3769f
 embeddi,beb86f786b88025f
ngs so t,4478e1f3b00c83bf
hat the ,1d6cb8b234a96aa0
two can ,b48ebc0f270ec535
be summe,e25216918a2e89ee
d There ,d2dda1db6d90d4c0
are many,bb4db4d09f14aba0
 choices,ab052519e809b79c
 of posi,570ce446f431bb5c
tional e,bcf44d5ac022001d
ncodings,ea34f3ac2c7ad61b
 learned,d973dc5352d1baa2
 and fix,1f9064959dd7107c
ed 9 In ,147ee3cbd5ab9728
this wor,7a2d38145d901075
k we use,a25665145b7559bc
 sine an,bd6e350780a0107c
d cosine,4704c240f569e852
 functio,29ab0d86b362cb1b
ns of di,0690268eb5112aec
fferent ,7ee507263031685a
frequenc,e832eff68c09fee7
ies PEpo,9b661c79d781b8a4
s2isinpo,63421a26e8be0acc
s100002i,44f38412c145c185
d model ,ebdfd3dc48311365
PEpos2i1,b94b9e4af670e583
cospos10,db42aa46cde39d44
0002id m,9a6ac76e539b6cf7
odel whe,94f7d5f4a47d0b7e
re posis,07c870b6abf55db7
 the pos,adef95160ce61c59
ition an,f067765af22bca1c
d iis th,8d539f0df322d974
e dimens,168b304c2a33c2f6
ion That,8b33775966304240
 is each,b68df637f095b597
 dimensi,bc4ac1cac17196ad
on of th,ce7918faeeda93bc
e positi,85b2eb5bd2d05e13
onal enc,fe0694ba81039833
oding co,2705cf0f62a69984
rrespond,3e2473c4ca694c09
s to a s,5aa98b4173ebc240
inusoid ,877b91cd0d015d77
The wave,851ece40b91ce76d
lengths ,3f98fdc9aef7adfc
form a g,5fc0aab6e69d4a1e
eometric,1b5107c1a482b908
 progres,c53e592d7f1cd8f4
sion fro,d63ca964357033da
m 2to100,8b8017bc0a5b60ee
00 2 We ,8d8a91bae9a429b9
chose th,2297a1b4e6cdf7f4
is funct,f83ef6527c7de496
ion beca,193d5e919bda7b4b
use we h,1c763033f0c83ed7
ypothesi,6fdba7bb4c72369d
zed it w,fab48bd7ba2cf8e9
ould all,f6458b85853a922a
ow the m,1667b00cf7d0c33e
odel to ,0e198eff50e44eb1
easily l,d5600a7405bfd943
earn to ,eebcddbac290b753
attend b,27cd76fd1381939c
y relati,acf8c234c8395d10
ve posit,74627cb4716fcff8
ions sin,a9bd1669a895e81c
ce for a,6a632472a1811e38
ny fixed,2a1b71ef5ce6f575
 offset ,83b6f48857f7dadc
kPEposkc,9fffaa2572cf13cb
an be re,4920cea9379b5d47
presente,06bc4d6963e153be
d as a l,04fd1b05fe81c301
inear fu,3c07d714f3bc81ab
nction o,5fcd3543a4c20e39
f PEpos ,cb26f91398b256e8
We also ,3446b0d05ce45080
experime,2906f2f732113ce6
nted wit,4af9cb77c544f40c
h using ,bb4c33545a7728ae
learned ,349a2a00c4146a05
position,4034928247d45df9
al embed,583dc6a012056426
dings  9,d5dc2c100db769ad
 instead,570ee3d1ca1da8cb
 and fou,cc88dfb20705c6fa
nd that ,21708dc24502fe1e
the two ,c539126b15b9826a
versions,5754a302b7535a95
 produce,d1d4b8f1e541db10
d nearly,b821b0e67157d252
 identic,62fac6f89221c2a4
al resul,47376eb23e24e105
ts see T,47032e8f98bcc5a0
able 3 r,dad21a986562ee98
ow E We ,96e18885c62bfb0c
chose th,2297a1b4e6cdf7f4
e sinuso,b69ce85e41ffda3e
idal ver,2cc17a9b155571d2
sion bec,0df84038fb5da77d
ause it ,7d3fe7f932159106
may allo,2d322d95154e9753
w the mo,fbf96aab3c694776
del to e,392fd47ac566737d
xtrapola,9382d0171f00c4e8
te to se,8397c3354b4da272
quence l,e2756051d5ab3b22
engths l,f1ffa545215a0435
onger th,844c1c83da32a0de
an the o,3f1808aae1079f6f
nes enco,f30a8b1645446cc2
untered ,72c12528995c6543
during t,83342631b7c5debc
raining ,de4c0ef9abe955af
4 Why Se,f016d02fc89d3d58
lfAttent,3f362f15b760bc2e
ion In t,f8030aa9a714b952
his sect,6ef8f9f536e63f68
ion we c,2386d5253217ec10
ompare v,0cb90ee2583b05b6
arious a,7d204d28d9d09c8e
spects o,a9a386791acc3ff6
f selfat,cfa83594161ad1a1
tention ,cad263e520747b9e
layers t,0985b633ef0c3105
o the re,53821c42ffdad4ae
current ,996ee94b05e7bae1
and conv,444856fb4b8d62e8
olu tion,a66af17533b1c947
al layer,646516d7d0538465
s common,f03f2078d497dc58
ly used ,32ea266b5368e3ce
for mapp,a5f1f7670ba19b7c
ing one ,22eb4cd4cc90d56c
variable,659e4aea1656b786
length s,d2d4cfd87bc837bd
equence ,7f7590452fd1721e
of symbo,2761fe94f11e626f
l repres,c8ffbde8bc636ccc
entation,66fc679972bb45c2
s x1  x ,95b1fcf4c1a048e1
nto anot,b3a8178b64369a2e
her sequ,928c00ae7deef124
ence of ,bc9f893a6283f4de
equal le,7ab28e9a98b7380a
ngth z1 ,c497150a8ccab131
 z n wit,28db1b5f3eedf6eb
h xi ziR,e47507c11825921a
d such a,a0e7fbba71a8bb46
s a hidd,92f6b673129b8dc6
en layer,e69347d83cb08730
 in a ty,d44ca0e0578ac39c
pical se,01c79f01aafb238d
quence t,5ea6328eee507a55
ransduct,2057768f3398bb23
ion enco,80787b9d17a5e66b
der or d,e5c3bfa385320eb4
ecoder M,54ce1de0534c3263
otivatin,503094dd5278aeec
g our us,4f0150827dc2c16c
e of sel,e1b4ba37cf1f59cb
fattenti,d69981598133981a
on we co,0aa8904b002ce67f
nsider t,9598d8e8e52c8214
hree des,12a7499ab0b8bc82
iderata ,4a46690ffb300bd7
One is t,ef691685f748fd20
he total,714a71f895dee0ab
 computa,97562bd823b42f83
tional c,f279e618e18b4513
omplexit,b8a360c90c119135
y per la,f50fbc62bb0383ad
yer Anot,9baeb3f28870028e
her is t,ec37accf2db2d9f0
he amoun,7d150ecc4d1e303d
t of com,1a892663d0fbd35b
putation,506ece9fd5645282
 that ca,9edb6c19dacf040e
n be par,494d60c7f018cde2
allelize,d66357a4ad3b4393
d as mea,1654628a60659677
sured by,986d1d26ab955133
 the min,efb2c2032eb3cfc2
imum num,4fa86a780d23762b
ber of s,29c4d61dd52c4c56
equentia,f2a1061cb7f69102
l operat,4ccde0babbf69f65
ions req,6da2f1d070054a67
uired Th,98fc5f1c8a5e48ce
e third ,0019ad50d3971103
is the p,517410755be8b12d
ath leng,413329d32da3a39f
th betwe,4dd443e33e1ef284
en longr,cb2b48423aefac63
ange dep,ca212807af067608
endencie,0074d62ec592115e
s in the,431cdb163361359e
 network,c98e2aacf19ac6c3
 Learnin,fc75538dd23796c8
g longra,f2ac7262f6dd5d56
nge depe,dc63f05682258ee3
ndencies,e99f688f265789f1
 is a ke,c5d4f7ab7cb19887
y challe,c5164e54fd17af63
nge in m,193cfa37d83fe8ca
any sequ,b3c979c66314c044
ence tra,5f0241757b113ec9
nsductio,98cfd3dd0d56edce
n tasks ,be47d234ea917ae7
One key ,441b88be0b466ee5
factor a,b816bdc2b3d6079e
ffecting,052061f813db2ae1
 the abi,1034357d279fedf6
lity to ,051b6b913cec7eec
learn su,3645782ccd222b67
ch depen,fb9697fe985e541b
dencies ,0218cfa6b2dba1f2
is the l,00d6e74aaf1aa923
ength of,29ec93ed17c84195
 the pat,9bf9896a0bd20552
hs forwa,7a1290bcf61ee2c9
rd and b,c653756a5c9a41dd
ackward ,855175b216b8ec25
signals ,f3a756da96077f3d
have to ,937a30328e2c1734
traverse,a6170a2e7039e3ef
 in the ,c94f81601b9dcd63
network ,037b9563bc394e23
The shor,eb556adecd48f898
ter thes,b75df81ed120111d
e paths ,61dc7eb3fdd20106
between ,dcc1753a4d538056
any comb,8a237933042307d5
ination ,0a146f66b198e637
of posit,0d95af019fb6b675
ions in ,8999dd3b9e030bd4
the inpu,2011194d03e08198
t and ou,cb71a7bae51dc243
tput seq,bc2eb512e9a85437
uences t,cc1d4bd965c2c7da
he easie,e2e51cc19808364f
r it is ,a39c4b35ee441853
to learn,1e0034338eb09466
 longran,c175cd0e71a53f3e
ge depen,8f2f307c7ad09ab5
dencies ,0218cfa6b2dba1f2
 12 Henc,25fce6e96ed1d73f
e we als,9b3d8a633fffdf28
o compar,3319ebc1440a5db0
e the ma,f5eec1ef4bded6e4
ximum pa,d586a66537e773a6
th lengt,8f2a34dabd0ae495
h betwee,1580bcde4174c817
n any tw,2aff3a10e44e6c07
o input ,7e0f8a23989e19c9
and outp,ae71ec0ef3f8c71d
ut posit,0f7724d673bdd649
ions in ,8999dd3b9e030bd4
networks,f33b25ec4c3b0319
 compose,de8a598a85a5b6da
d of the,3634e5fb2dd4465c
 differe,11c42df9b14d8755
nt layer,bb754a76c29ad50c
 types A,28ce8310c5ccbff5
s noted ,179cd8799440296d
in Table,e6a9684292f01b5f
 1 a sel,1a69ac3d96ae3fe0
fattenti,d69981598133981a
on layer,377361476cc9af58
 connect,d7ef20bfea86d483
s all po,16001c8079b5690f
sitions ,d29dc9c6d2c7c305
with a c,577933ff21bc59fd
onstant ,b5815d667c940617
number o,e84f0dbd41c5a64b
f sequen,e48960df205e002c
tially e,f216565649834e69
xecuted ,706cc641bca7bb02
operatio,b555404a5bf94708
ns where,1d2123d7b23d8c9d
as a rec,86fd57c7739b512c
urrent l,34f95b0a8766839a
ayer req,195fa1e9b3f3ab9a
uires On,cf2b6170a2ef2392
sequenti,99f765addf7ecf39
al opera,3408a821742d666d
tions In,cb7a0e2f8d22c76e
 terms o,3654c763800949c5
f comput,ee5f80284fcf8fa8
ational ,538280590a6b71fb
complexi,ebb665930102edc5
ty selfa,d37b7be6d2d4ba07
ttention,85bc5ed972bfbba3
 layers ,bb7ce030d2ada352
are fast,a44335ed79fc34ec
er than ,d34124caa71104f7
recurren,74ab74d6f033b00a
t layers,ea054bc262494fa4
 when th,24ffadb1cef23339
e sequen,a49f78fe52a50258
ce 6leng,64e67da8ad932aaf
th nis s,59d449fe20193bd8
maller t,45252c8a5497a418
han the ,c34c311408134eba
represen,f6d1b187a40f6daa
tation d,51d86b1f9bd524b9
imension,56d42a83541eec87
ality d ,b6ddc7672859a9d8
which is,6e7c66eb6324e630
 most of,9b6121197a81fdfa
ten the ,ba153e5f3c94387c
case wit,feb0a3351cc6b356
h senten,bf09e753aa56dd7b
ce repre,9d480b5274583417
sentatio,a15190ef9d6b87c3
ns used ,96376f1fc048838e
by state,236aae3206ae94b7
oftheart,801c99ecc4d91233
 models ,65857f2fc8272551
in machi,9d9972777405bf8a
ne trans,3418f2f1e0840156
lations ,e14ce11a0e0e6f32
such as ,a13acbcbc130d8f3
wordpiec,12bb7a26f61ca087
e 38 and,10b3ccd62cf36ab8
 bytepai,221db3b981f6ecfc
r  31 re,1d4dfc0c67e2c3ad
presenta,c480bce416158bda
tions To,d22bdf4c2f6812fa
 improve,1a7d07421fe488a5
 computa,97562bd823b42f83
tional p,159826cbd28de450
erforman,3c0d3746630152ca
ce for t,14bec4770a70d2e3
asks inv,2ee5296e527a3ffd
olving v,f4e7fbf5440b1f8b
ery long,ee86bf6ac1461133
 sequenc,6bb5277aefacd2e8
es selfa,ed0ad3208e014431
ttention,85bc5ed972bfbba3
 could b,cd5343db4bb9cc91
e restri,66abfe078eafb4aa
cted to ,ee5711b93310d39c
consider,bfea95baa40cc7a2
ing only,37659343a12d7c83
 a neigh,155fc0f603a4761e
borhood ,c587b18d53dffcae
of size ,5fecc2acb7c9e6bd
rin the ,818e1dc8940268f7
input se,885d28422079b751
quence c,27e2a51be870aa5d
entered ,5157fd7834c44fe2
around t,c61b7469f50d8d75
he respe,07705df1dc54635b
ctive ou,b36d85b8693821b4
tput pos,3a1538a7b5075d03
ition Th,bc6ece6e7d624b50
is would,72893f4b3392bb9d
 increas,609f0b01bf262218
e the ma,f5eec1ef4bded6e4
ximum pa,d586a66537e773a6
th lengt,8f2a34dabd0ae495
h to Onr,fb9fee970b2d3b43
 We plan,d734382793757c9b
 to inve,674d470c4b66413d
stigate ,90e57b94ae21f5a0
this app,953910b0f73f3e94
roach fu,2bd6c88cef692ca6
rther in,b71812e75c841496
 future ,889e529816465b7d
work A s,22e5bc1989c5e336
ingle co,d9a10602cb645792
nvolutio,cad3b8c253fcc908
nal laye,f2edea179edcb06d
r with k,3510d33caa805a03
ernel wi,af5f420272f07c8d
dth k  n,329569d6d4addff2
 does no,ec43f772268b3b06
t connec,bb158aa64db727ef
t all pa,517dd69417cc5c72
irs of i,1474030b655a936b
nput and,8adbbe919df37c7d
 output ,19facf784e4552fe
position,4034928247d45df9
s Doing ,84c92876a9dbde95
so requi,5e4590fc3e96fc35
res a st,0c1764bd847ea321
ack of O,9313134144c923af
nkconvol,67bb8d82170eb947
utional ,547c0e6b2f505837
layers i,6dec750fcc2e3ac0
n the ca,c290daef91b786e6
se of co,0bb24cbddd7ec844
ntiguous,c82bda90343112db
 kernels,2bd97c83966a8397
 orOlogk,b88c42c880b1ace6
nin the ,5251cc7194c6778a
case of ,f35713b0b4a01c18
dilated ,00bda1d25273da54
convolut,1a59192276be6cdb
ions  18,47373cf5171b694b
 increas,609f0b01bf262218
ing the ,2947ff827952db0e
length o,259f4646ac4903b0
f the lo,46faeea7e9413689
ngest pa,0730deda1d758d93
ths betw,0f39152c77152726
een any ,ad0f13daf2a5674e
two posi,3b2b3d61ab08a6d8
tions in,3fb4349b32e778ae
 the net,1c958ad33fd678c5
work Con,9ff4d8e5d38d0ea9
volution,56558c321b3c32b8
al layer,646516d7d0538465
s are ge,e5a1525e0c2c4aee
nerally ,39fb57a571af9751
more exp,9ec5e32fc8075515
ensive t,4642c45cd6468a37
han recu,3841156d8df57fef
rrent la,92cc4cfc4e785818
yers by ,77be08e151ccb66a
a factor,09582fd5aa26ad0a
 of k Se,1781942228deee41
parable ,e25a9f5391e08cd2
convolut,1a59192276be6cdb
ions  6 ,30489e8de6ea6c33
however ,89fa3782d3dcc7b6
decrease,271fc5da802c3003
 the com,0d4b2bd701e565f7
plexity ,277f1d4d53e1b394
consider,bfea95baa40cc7a2
ably to ,83f350ae7faf5407
Okndnd2 ,43c5ec2d51623e25
Even wit,604a2b2cecadafbb
h kn how,3c05722097b3c059
ever the,28cfd16bfe4e9920
 complex,83d6eae3ab72c409
ity of a,6e5f54f762627653
 separab,44e9a83179635166
le convo,e63da8469e42b8e3
lution i,12d71f7dacab40f8
s equal ,d3c266e0e3af5c27
to the c,cd8219dddf0e5bb0
ombinati,43e0cb1e1256d061
on of a ,5d5d35f5b2eb7e96
selfatte,1b332c20f7771399
ntion la,1224f5077dd583eb
yer and ,128991538a9b25f2
a pointw,36eb30f6f15aed61
ise feed,8828bb42e4e11f41
forward ,ffc3f35a00980dff
layer th,223939962d1d8924
e approa,db3a0d3ed25911d4
ch we ta,bd2c5e9babd10fd9
ke in ou,c4a300405675402b
r model ,2b61b6658c343d07
As side ,dac6d77d7f35f25f
benefit ,50967523d3896104
selfatte,1b332c20f7771399
ntion co,ad778884a8e2d125
uld yiel,692d8edec3fe7fe0
d more i,f44fdea7ec2f15d4
nterpret,9ce1fc2ef9180ade
able mod,cbaa27adda1824df
els We i,eb486ab304fad69e
nspect a,e24aba0416716e29
ttention,85bc5ed972bfbba3
 distrib,1ced2a8f0336f0f5
utions f,a6cfadc90e895164
rom our ,71f5c55f07d52322
models a,862c681ae0d91bf0
nd prese,9e84d2de50268663
nt and d,aca5c036d216d985
iscuss e,b15eeea0f1ccdccd
xamples ,5571805be848275d
in the a,7688c152275df472
ppendix ,dfad134e0024418f
Not only,5858f5da676e2b53
 do indi,5521406305ff5c3c
vidual a,b9d2132f032891a2
ttention,85bc5ed972bfbba3
 heads c,6fb87f28fb9c8405
learly l,abd815d07dbd7831
earn to ,eebcddbac290b753
perform ,2bbb98727268142b
differen,5e33ca0bae70f944
t tasks ,f4318b7e87c8636d
many app,04b78ac8db28e978
ear to e,cd4b29d47617dec3
xhibit b,cffa79acc1008230
ehavior ,3b15d19104a5306f
related ,f300c0777f5cbd60
to the s,0e453b37087d86b0
yntactic,de0a19a7d02a2979
 and sem,37dcd6b93660d5ed
antic st,71f63673b0a3fb80
ructure ,0a3aea2a895a7728
of the s,37821af26bde94ce
entences,9fc74c7e6369812a
 5 Train,1deb0c48a6aca27c
ing This,ef10a5f4b4c92d2a
 section,00eb117c1d3c0671
 describ,026e6b572dcc5c5d
es the t,fe63247a1de637f3
raining ,de4c0ef9abe955af
regime f,f937908ac7732645
or our m,5d5037fb953dfafe
odels 51,821d5c9168f0c2f3
 Trainin,a73a58d5ded8e024
g Data a,e8470f50345e9ac0
nd Batch,7bb9da018c10f7ad
ing We t,1492d5b5a959312e
rained o,368f29554768c648
n the st,05f0a8cbf9c17c58
andard W,dc9fa9f4b84970a8
MT 2014 ,2add0dd348eeadd6
EnglishG,93e8a0a7057f9901
erman da,9ff8cdc49b28b1c1
taset co,60a03318a30ae2b0
nsisting,37be30e8130808ee
 of abou,f0faf675d970be5e
t 45 mil,fa28115cd4ad1110
lion sen,0ae6bb2790dcfeb9
tence pa,dc7d4b916b02e83f
irs Sent,890e8b24eceb587f
ences we,ab69fc3d34289f06
re encod,28339cb6a19b2c60
ed using,cc2d469c454ec536
 bytepai,221db3b981f6ecfc
r encodi,787902b60d195efe
ng  3 wh,6fd42a19f621852b
ich has ,c56c3318e73da933
a shared,f03df25ee268bb6a
 source ,c6191a0eaa873b54
target v,e5a5ecbadd5a140d
ocabular,16a4c84416c03d2f
y of abo,249e812c28f6f5f0
ut 37000,954484b360361e03
 tokens ,76904a60ec2793ea
For Engl,59d143c8cefee9f8
ishFrenc,6535c6208ab37218
h we use,2bf5c0192815a73b
d the si,7b05783219992414
gnifican,b63fd22f7fe34262
tly larg,ecb0c573100032eb
er WMT 2,ba094e31c3f95cfe
014 Engl,eaacdc031101c2c7
ishFrenc,6535c6208ab37218
h datase,f3304863dc1a08ce
t consis,9a024197e26a48f3
ting of ,17aa2bb61ae52d87
36M sent,7f2e962bfb6f67f0
ences an,5f239790aface765
d split ,c6117f466e8edb47
tokens i,e81a20b76cdfe080
nto a 32,d6129484eeb514a6
000 word,ef01ae9c083e222a
piece vo,de6f6e4a6fe786ba
cabulary,0a95f17046b9369b
  38 Sen,b62949a47022575b
tence pa,dc7d4b916b02e83f
irs were,6e070cf3f0f65b71
 batched,12c748941992ace3
 togethe,1e52722866af14ba
r by app,5af9846628538ec1
roximate,999b1101056996b1
 sequenc,6bb5277aefacd2e8
e length,cabffba3f82e822f
 Each tr,6b717f7edd74f852
aining b,028a6e7b2f499e7b
atch con,375296a6cfa21414
tained a,443f0f6ce0771235
 set of ,26e4eaf95f8d83bb
sentence,7a95dcd323a0e54b
 pairs c,65fa725f18b36800
ontainin,e77b79372e68e71f
g approx,6c5ba7cbd8331f44
imately ,c9d5f325552d9db6
25000 so,fc255015dadd29b8
urce tok,882d8b263233584f
ens and ,b9685f2aa413e7c6
25000 ta,65fbde6a485e43f3
rget tok,ca2c885440fbfa87
ens 52 H,adade30085922896
ardware ,a6ab21f581a86f4a
and Sche,94c58033ebf7f749
dule We ,e04272559bdfecd3
trained ,c0a2995787a3e8df
our mode,b45bbece25661dd4
ls on on,9c3e4ea0c63ef4f8
e machin,6a946a0d7b3993f9
e with 8,ed2d3b28bf43b81f
 NVIDIA ,aa6af6ae2ce0926f
P100 GPU,47a2195b0abce89f
s For ou,43e8a96cd3924649
r base m,d01e72b7aa83c6fb
odels us,455e72b4bd54e46a
ing the ,2947ff827952db0e
hyperpar,ce42e5323077fa83
ameters ,a74e6f4d709274ef
describe,13b42cdfecf62a12
d throug,0e4780701be6d108
hout the,1f8030cda756ff85
 paper e,31c8f9db8a29d5f3
ach trai,293ab83e03179063
ning ste,e260edf7f29c6208
p took a,bd4ad56d8accb481
bout 04 ,ea3206a9c47d59bc
seconds ,46a7b103bc1dc670
We train,a3a5a66a3c934f17
ed the b,0c4d0f91a587d94c
ase mode,d8c6dcdd7ed75b10
ls for a,802ca72a449e7c1e
 total o,2ae3b407ed5f067a
f 100000,87b321eab53f7752
 steps o,2babbb46392993af
r 12 hou,f2ed32295c03331e
rs For o,9c46d5e3f5f16df4
ur big m,07e7983915b2c765
odelsdes,a36a159deca504c4
cribed o,93d17e98b36fcc04
n the bo,5329dca179ce643b
ttom lin,50dc642a4219c758
e of tab,6cbd612cd21f86ee
le 3 ste,1904db4e214d23a2
p time w,54d0f62bb8bb0ea2
as 10 se,b0b46ea575d08e57
conds Th,3771ce345235725e
e big mo,b3af21db5c295d4e
dels wer,3d7984494285a21f
e traine,f5d7475091d983d1
d for 30,89be13ce38a80786
0000 ste,6199ee177a54e949
ps 35 da,4833a772d8abf7fd
ys 53 Op,829d7e71a08014eb
timizer ,11e6d30478d5f55a
We used ,2c1c665660f8a4de
the Adam,4c45cf5d3ee1610f
 optimiz,45f981f0f80e60ab
er  20 w,17ac01198ffc5173
ith 1 09,037d489ba7c1170f
2 098and,4ea24bc505cdcffa
 109 We ,bba3015e8d6f879e
varied t,f477f843346cb5c3
he learn,a0b7295b6ba9af04
ing rate,907dcba22d1fa163
 over th,8a6addfd047876e0
e course,ccb85e0979019383
 of trai,5046929f305e84a2
ning acc,769d6a1c47e80085
ording t,68bff7709f327094
o the fo,89f094bb8427ebe9
rmula lr,3c95a2f04aceb0e1
ate d05 ,4efce780683110ec
modelmin,09fbfca35da40500
stepnum0,1258ff18c046c98e
5 step n,5aaa5740aa8a842c
umwarmup,0907c344d6d2d02d
 steps15,18a01c6fbe683937
 3 This ,2cf81763ac7ebda7
correspo,4a466285c5a65fb2
nds to i,ebcbe589bba40126
ncreasin,3fbe483f29653562
g the le,7e4f9a0f3aaea932
arning r,f8369d4056f7e4fe
ate line,7feeaec7fda0a138
arly for,ac36ba8081122820
 the fir,98183c3d12a1180e
st warmu,fdc166f7dde0e2d7
p steps ,b57d874352f02a8b
training,cc6705b601ca3259
 steps a,14e66c5a46e7131e
nd decre,218395e2e93732b5
asing it,e543c2ce3b3fcb79
 thereaf,a2df142002b2e524
ter prop,9cab863ee6a3e9dc
ortional,8d3a6d122eedd139
ly to th,2fa8a53b71928ec4
e invers,917433abba0e92cb
e square,7869ffeb52eb5074
 root of,8183e668b501a0f1
 the ste,4730ae137f29895f
p number,57990ea5ae7617dc
 We used,75280885720d9cbd
 warmup ,70f40575110f4e5c
steps  4,d48305b6a383eeb7
000  54 ,841acd3f1443b7b7
Regulari,9c98693b12d800ec
zation W,b03346da5cd3ff7e
e employ,6ae4daf50becbb3d
 three t,5f3f40bbc66ff12a
ypes of ,708b62e68b2e1916
regulari,60dc5fe9a3366b95
zation d,dd5aaeb4daf3a0c4
uring tr,ddb402c2bc18d674
aining 7,6eb08170c0b3b6c2
Table 2 ,cfd5df495ef95810
The Tran,cc664bbfc620f2be
sformer ,9b1ff2d17403bd20
achieves,e5bbc986abed523e
 better ,a3c27ba0fb75ea1c
BLEU sco,f02567db9e10eaf4
res than,4857d4fcf78a864e
 previou,d0df9ee16f7cad53
s stateo,8a1461d261f4422d
ftheart ,a1a11a3ad2247210
models o,f8e648edcbc729ee
n the En,f57e8089829aa6f6
glishtoG,f4167e171daf9e24
erman an,c06bbc43682799bf
d Englis,efae611828c1c0a2
htoFrenc,b27c04f3a8a4dc30
h newste,29071f2e751bccc7
st2014 t,1423ac47472046ca
ests at ,47beb7115c2f847a
a fracti,b46b64196003ab42
on of th,ce7918faeeda93bc
e traini,1d1baec227d75daf
ng cost ,ae9b6a47c66e1fe7
ModelBLE,785605152b603840
U Traini,ac042067c4da38b8
ng Cost ,298db938f81e008b
FLOPs EN,20aeceda2bad6a53
DE ENFR ,7c68647142f3f41f
ENDE ENF,c96d8a48b015e117
R ByteNe,34bd98947848397d
t 18 237,8a7f4ead9228b299
5 DeepAt,7eb89be7d94a8f69
t  PosUn,27695e4f9f43cd51
k 39 392,bd37b36297b6cd14
 101020 ,ae8dce3b1a517a40
GNMT  RL,33f040a32b8ddc45
 38 246 ,0d944c680ad72d8a
3992 231,35d100f8f606dc91
01914102,920ccbae14f111d7
0 ConvS2,5b3b1d502a22f198
S 9 2516,fd4dde9e462684f2
 4046 96,1b5e5602a0b23839
10181510,c01e8e22ca65e176
20 MoE 3,68d1e46fa5a47c8d
2 2603 4,c0b497f87ae128cd
056 2010,6af1e97cee2e2793
19121020,3106b9122ad1ddda
 DeepAtt,4124dfe995116ea5
  PosUnk,9d0f30e3b24e0be2
 Ensembl,e103179f972f1407
e 39 404,117ddcc6ae7c7f3b
 801020 ,7c1a3997ebb0e7a9
GNMT  RL,33f040a32b8ddc45
 Ensembl,e103179f972f1407
e 38 263,6652fe0f450b66cc
0 4116 1,05ea367d8f8dfe53
81020111,e107b6a2b5141d90
021 Conv,45c6c1311984054e
S2S Ense,f8064d84560b9189
mble 9 2,7fa9ff20f873abfb
636 4129,aa92d5dfea5a3830
 7710191,7ba369de5a819cad
21021 Tr,9161ac63072ba61c
ansforme,f80b6aafdb7deed7
r base m,d01e72b7aa83c6fb
odel 273,a20d25a673ae6a5c
 381 331,acdd4e2a9217b698
018 Tran,6ba8d7f4451380ad
sformer ,9b1ff2d17403bd20
big 284 ,b97947e0565e0bf2
418 2310,f914dfb792eb59d6
19 Resid,dd8f1c18006b1d35
ual Drop,9721da657c5e61f3
out We a,c40f80a1139e8c64
pply dro,2cef0911cae1a9bd
pout  33,b2ca545e9d265018
 to the ,35d66849ae64e18d
output o,b28340bbd5231cfa
f each s,ebf013f1e733ab40
ublayer ,b6bceab880eb4a61
before i,81783be2e2a50321
t is add,5bc485f681d005dd
ed to th,249681f67b178e32
e sublay,68484ac65291266b
er input,04f0b2b3b115c9a3
 and nor,ef2f1fddbfc3ef04
malized ,e0285d222944e21b
In addit,81eea2508bcfe2c3
ion we a,1f7a0091ecdc219d
pply dro,2cef0911cae1a9bd
pout to ,5389c211b4d18434
the sums,2753dab10efb9114
 of the ,9b6ac6a00cf3b660
embeddin,bcd424e3a35ed7f6
gs and t,42def9a86f1289c0
he posit,71688a82ed0d3636
ional en,a3fce52314a94c36
codings ,473ece67e00643fc
in both ,21e6434ac184f23c
the enco,d609985d29afee2e
der and ,53c8ea4fcb0d41e5
decoder ,591b3552c50896f9
stacks F,02702fa7787f1696
or the b,5cee6e5065b8d6d7
ase mode,d8c6dcdd7ed75b10
l we use,ca589efee8863c5d
 a rate ,8e7beb92eb7c6124
of Pdrop,0bdbabd749318fe5
 01 Labe,cdeb6ff7ecebb82d
l Smooth,9b27c390b8f89368
ing Duri,a993d867dacd511c
ng train,c67fa6231ddad87e
ing we e,3cad21ff54eb4cd4
mployed ,251d1af3cd709bcf
label sm,cc210d3fbeba93b8
oothing ,a6e5ed08ca85d83f
of value,ae25e94866034920
 ls 0136,6e3f8648214ff0c1
 This hu,8127fbdac151c6fb
rts perp,8052024c5646c182
lexity a,b52a3a8207abee83
s the mo,91a6f8462f4a446a
del lear,949c13497839789b
ns to be,8a1022733cb5e4a6
 more un,8ec522f8ba061fce
sure but,4d0222d6b5cfb5f4
 improve,1a7d07421fe488a5
s accura,312578c222bfb6d9
cy and B,8fe818f0aeb9825d
LEU scor,7f661042fbee7831
e 6 Resu,f21e3cc5c04c76ba
lts 61 M,96b27a135b930221
achine T,f2d9bb1e817009e2
ranslati,981bf9fc69af53da
on On th,c64908d4d5473ce8
e WMT 20,b70861db48a68a44
14 Engli,a21b9c7eb1c27331
shtoGerm,9ac4cb920194e5e3
an trans,5565d73f5db54404
lation t,a0ed57b3d89ffd92
ask the ,02a1c60e7647ad00
big tran,929216160fe045d2
sformer ,9b1ff2d17403bd20
model Tr,dc3b018779ae5b85
ansforme,f80b6aafdb7deed7
r big in,4166cd9879b209bd
 Table 2,772b3b6349bc6ef3
 outperf,b6357763d5a84f96
orms the,549319f10c2d511b
 best pr,bacbfdca6963802c
eviously,ccbef743ddecbc4c
 reporte,c10ba71cd8e43479
d models,6ce6905f5ff746c0
 includi,e017cdfc95ea5035
ng ensem,57a43485baf1c998
bles by ,c48ceffeba5db6a2
more tha,71dbe6971133c193
n 20 BLE,30f4e9e93c2fe665
U establ,702cdae840356d64
ishing a,522b91eea8594a83
 new sta,d1926a59d0b717ef
teofthea,1801e81fcb019df5
rt BLEU ,ffae9d6874056730
score of,967bfa8f29c4d8db
 284 The,70c7935261f3df5a
 configu,b2d37673a94ef284
ration o,403c66797f2c9fd8
f this m,f7c072b02c1d027e
odel is ,e2217b54a51e6e24
listed i,585844b47c22add0
n the bo,5329dca179ce643b
ttom lin,50dc642a4219c758
e of Tab,94e08e2bb7952e60
le 3 Tra,a6be9938f99b575d
ining to,f8dd8b0ad394af34
ok 35day,7d7625a54fd613c0
s on 8P1,d405a5b3ffb22e75
00 GPUs ,48b765cb329ed771
Even our,ea34d7b1b5c12a81
 base mo,fa6d6fcc6d354ef1
del surp,dc353020e9704a21
asses al,b86e8a0a21d4a0c2
l previo,eceafb8b6db9b717
usly pub,5595c9011137cdb6
lished m,5858cfd5fd3589a1
odels an,9abaefae6c075458
d ensemb,a23b58437de92cb0
les at a,0c9e96d208401b8a
 fractio,65cfe7d2e2fa4bd3
n of the,581d6db2f5f2ed41
 trainin,11f5d6d8dd9856c6
g cost o,f5f8e7ea61492050
f any of,b708c3b764ab6135
 the com,0d4b2bd701e565f7
petitive,bc2140de5f151324
 models ,65857f2fc8272551
On the W,7af0335c1da02658
MT 2014 ,2add0dd348eeadd6
Englisht,370c6d7938f2d41b
oFrench ,f640edff20cf2a0f
translat,4c988b3bee262e44
ion task,ac43ec0ea591e4c1
 our big,1dbc0a5d06bddca9
 model a,ad16dc3b00de6281
chieves ,862e89c65c4f494d
a BLEU s,b9e8f817f3362a2f
core of ,d485c6eb453ae140
410 outp,c5a937ac77efc083
erformin,94e33167f1d596df
g all of,a0a334a00642ce89
 the pre,2c7695f36af8a1f9
viously ,b31482e97551bed7
publishe,2fd0430a8e4e7694
d single,0bc01a8fbfa08dc4
 models ,65857f2fc8272551
at less ,4e9a436fc74cf409
than 14t,3c65fe0cdbc5986f
he train,7c73c98c5398361f
ing cost,69e7943520516f80
 of the ,9b6ac6a00cf3b660
previous,84df19b68336c604
 stateof,c01b52114e9d925b
theart m,0e8266109a9a6291
odel The,76aacde846c98432
 Transfo,72516c3ad58d8340
rmer big,8f8e82f65cf8df69
 model t,9bb910fdeec8242e
rained f,ea543af7cdda4bbe
or Engli,f551aa0c08098e82
shtoFren,810f96845da408fb
ch used ,013c673fd8ca3bfc
dropout ,da78578824562a66
rate Pdr,290219da65715aa3
op 01 in,daf63a38c817bf68
stead of,083040434eb6bf19
 03 For ,c5d86a577e26ce24
the base,0ad79f8063f8051d
 models ,65857f2fc8272551
we used ,1db02a32f847c568
a single,cdbcfc9a39f42bca
 model o,cdf5cc71666bde4d
btained ,7263a9d6d5d08f64
by avera,f91be81808b2aca3
ging the,dfb19d552804146d
 last 5 ,7b7344f6d9f59870
checkpoi,68ccf640f21e2bcb
nts whic,360abf33f575712e
h were w,a6acb9a0af6dce66
ritten a,0d09feb041e6ae23
t 10minu,fbf34e6cf0514e49
te inter,6e956c68b7212d73
vals For,1964aa4a4ceb6d9f
 the big,802f0ff353361a20
 models ,65857f2fc8272551
we avera,5d6240c65a515df0
ged the ,b2d4e06156a29d37
last 20 ,2278e00f338a8c0a
checkpoi,68ccf640f21e2bcb
nts We u,55c88d70258b552e
sed beam,9ad2fcf5b60ddf8d
 search ,cf97509617d07ffc
with a b,6903ece45319c6a5
eam size,0c87406e95874805
 of 4and,a44e675a0e17c833
 length ,542b1ccbbbbaed10
penalty ,d8dd22f529606bf9
 0638 Th,8c7e2dcc25e98c50
ese hype,9b45c2f4edf5f685
rparamet,db23d915899d16c9
ers were,eb926238e544c41c
 chosen ,7f0390a214e81a82
after ex,ace5778eb46836e9
periment,f9beeb97c53f82db
ation on,3372d8282cc06e57
 the dev,e41a5022fdd9af76
elopment,fcea818a5b1b0b8b
 set We ,faca6699fba33200
set the ,143edc2c61c22934
maximum ,4f3f4457c1922cd2
output l,a1a661bcaa9ccec0
ength du,36aa79e99dd46b5e
ring inf,8437d96ecb3e47a9
erence t,f9bc320dac946fdc
o input ,7e0f8a23989e19c9
length  ,151c2a67e09261a0
50 but t,582f71c5cfb99cd1
erminate,3c4724712f4b76d9
 early w,2dd2100cbc632f0e
hen poss,680de00f84495681
ible 38 ,8a7c16fc8a89b90e
Table 2 ,cfd5df495ef95810
summariz,90fadcf32cd7f7e5
es our r,daa382a179200f5c
esults a,9fb927af914c281c
nd compa,4e978bd4dc2e6d0d
res our ,63a2e722c6dcaa8d
translat,4c988b3bee262e44
ion qual,70bb4ffa8fb7c441
ity and ,b2d9f3a9ac87218c
training,cc6705b601ca3259
 costs t,a2a2b145d26be22a
o other ,79e4e197f22fd1c8
model ar,82e53621afb00e49
chitectu,2ca55f5812eadb97
res from,e9944107e27c8395
 the lit,877ab7832846daa5
erature ,5a6e4e3262698a6c
We estim,8c6643ff09eb1082
ate the ,ab86c71664e5d2bb
number o,e84f0dbd41c5a64b
f floati,e4528cd02f4e63e4
ng point,7c2682e2fd6c96ce
 operati,6b59c379c055e67b
ons used,7db952c70b0103a8
 to trai,6eb529e91b77d2fd
n a mode,4fb21f9d52fcc0ba
l by mul,b899804c6c821fc9
tiplying,de9d9feb3ca9c89a
 the tra,9bb69cb46491aa95
ining ti,5a780e60d260adb5
me the n,64f1957ebde283b9
umber of,6c45933b97f00ed6
 GPUs us,198c0454e5716d15
ed and a,e897baafeac5c452
n estima,78fbb741523ea42e
te of th,d19462ab3c4854f5
e sustai,f3f3106a6ef65c1c
ned sing,eb002dcc6e32ea1e
leprecis,017a706adb2e5936
ion floa,d1eda4a84aea68fe
tingpoin,9443ec019d192314
t capaci,5d247cd01339ec32
ty of ea,4012616c63afc2c6
ch GPU5 ,152b4b2c9e5f297e
62 Model,d41c78db4be4e155
 Variati,a03b7ef021aaef06
ons To e,3d82bc5bc05b1776
valuate ,5c6f8e6cf3137e6f
the impo,c4a871e0c6a00517
rtance o,cb4044d9e60a3cd5
f differ,e937eec88d425653
ent comp,d6a7861597b3694f
onents o,47d9c748e5b1f96e
f the Tr,638be6393a1c21a3
ansforme,f80b6aafdb7deed7
r we var,d69bf9330a31dc78
ied our ,d837735c928b4fdb
base mod,8153ebdee173b5e4
el in di,afb7d10882890c0f
fferent ,7ee507263031685a
ways mea,d87cb72e4ac298e5
suring t,f7342a9af98b107d
he chang,f386d0fc68d6e7e6
e in per,2c8f0e3a23958ead
formance,87cb667097972c4c
 on Engl,4ba4d61a9f78b24c
ishtoGer,71ed4e490cbcf1e7
man tran,f5f9dc7b1deb7966
slation ,ca559f4beb69a80c
on the 5,15d7c19078ecc929
We used ,2c1c665660f8a4de
values o,6458a5cbd5ad8784
f 28 37 ,07536ca48dd2d50a
60 and 9,7fa8f9bbac81fe57
5 TFLOPS,c8137d7d7e991eef
 for K80,fca15b2259433437
 K40 M40,e1438a91160d1e1b
 and P10,6feb00de4134c752
0 respec,f3fdaea6f438d3b5
tively 8,46a54128333c776f
Table 3 ,e5fd361bef1aa4ff
Variatio,5a7f73e2fcc4e776
ns on th,786264c092bfc28b
e Transf,0087ab46e62d6805
ormer ar,c3ce6d288017e738
chitectu,2ca55f5812eadb97
re Unlis,399fce82af5d531d
ted valu,65e8a7e883e7122e
es are i,b97990e47121021d
dentical,fa0d7cc87c18674c
 to thos,2c3aea569bfb1dba
e of the,48eae0d382c0ae65
 base mo,fa6d6fcc6d354ef1
del All ,db04b05714b0f57f
metrics ,8dcf8ecc67f39aeb
are on t,a760fabd8b129cad
he Engli,7bdce2204e1b65de
shtoGerm,9ac4cb920194e5e3
an trans,5565d73f5db54404
lation d,c4d6dbb2ffe2358a
evelopme,da7931e68c0fc180
nt set n,523c7257317e42a1
ewstest2,fa14f026fdd78dac
013 List,1bff182c0143a5d7
ed perpl,b8ce2f539f5b7aa3
exities ,0bf26d653e475135
are perw,108eccc852c578d9
ordpiece,35a5d276160b737f
 accordi,dc90de1ee7826351
ng to ou,865371f90fbd1f94
r bytepa,60dfb34a3c2b1f9e
ir encod,db79e992905244cf
ing and ,c1adb765db7a6d2a
should n,250509678cdd642d
ot be co,d3a634b050433dc3
mpared t,a984b1c553ee1c39
o perwor,15db69b4d9b0eedd
d perple,f34aae91a5f12264
xities N,a3c66858abc2da99
 d model,042cf0db7e69d86f
 dff h d,1afabbe21b56c90c
 k dvPdr,4f1667bd11c4c7b9
op lstra,95d364964b9b2679
in PPL B,fefbe831a2851565
LEU para,5ead83275705ba19
ms steps,1b4f325bf2bf129f
 dev dev,3b6e4663e33b5780
 106 bas,313bd6f25b7d45cf
e 6 512 ,fc6ce41c03f34456
2048 8 6,19c0e26410080140
4 64 01 ,c7145fab8e33a904
01 100K ,4755214a7d2e3bb6
492 258 ,dcf4434875b5ee54
65 A1 51,34eb8e8493d13eb8
2 512 52,e26d374e35bd8fb9
9 249 4 ,e8cd8cb09a0cdeff
128 128 ,f66ee4f92c3e6c89
500 255 ,5240c58e345d69a3
16 32 32,835b61f9fe1756fc
 491 258,273e4f6eb06333b1
 32 16 1,30ddc2fc1ce679bc
6 501 25,fd1043c7af39236b
4 B16 51,5b339ca5e483b085
6 251 58,0f213d6c39958ad3
 32 501 ,00e597c1a2a4bb6a
254 60 C,7331bb30fb53cc91
2 611 23,d41f63d7e18ec3e1
7 36 4 5,ffcab79f7ed62de5
19 253 5,7e92fef9f458e960
0 8 488 ,9531a2f585bc6c08
255 80 2,ffff4f8cf6486f05
56 32 32,ba67bdb42bc11e07
 575 245,fdf1b8402b13b84b
 28 1024,335c06baf810097a
 128 128,772318c981784cde
 466 260,529e8e945ef743dc
 168 102,869b163810e86f7f
4 512 25,9fac38c845eec536
4 53 409,b72c270b5826e273
6 475 26,914793ed55094481
2 90 D00,87ab4f07ee97e182
 577 246,0db224701b5d14ed
 02 495 ,c4440b5879dca24f
255 00 4,c151d28f1fd7ec9f
67 253 0,fca6dba33d841cd1
2 547 25,00d0a52fe895cb4f
7 E posi,9cb21d0676b8f032
tional e,bcf44d5ac022001d
mbedding,2c167765f9fb12d3
 instead,570ee3d1ca1da8cb
 of sinu,8359b725c3acb8e7
soids 49,c0d54a6cfcd6f9a5
2 257 bi,88375270dc59cfd0
g 6 1024,0bf5014f592c35b2
 4096 16,7b5c918242614729
 03 300K,1fd66e9fceeae1bb
 433 264,176fed3c664b0185
 213 dev,104573c617898a94
elopment,fcea818a5b1b0b8b
 set new,6c34a347ca131624
stest201,c779d285322ef707
3 We use,d47fced218a071c5
d beam s,91b4d734ee327c98
earch as,e9efdeb4efd25931
 describ,026e6b572dcc5c5d
ed in th,5832224339108f6a
e previo,24e47ff48a126c27
us secti,3ecff65f74eff9f6
on but n,a330fabf87069bb1
o checkp,1192771af64b781c
oint ave,ef09ed77bb705a58
raging W,f13b6404b0a70737
e presen,979a3fe8ca57362d
t these ,94d1f6605c71f4a5
results ,3f7ee478d45b9552
in Table,e6a9684292f01b5f
 3 In Ta,d0b63e0d7df3f50b
ble 3 ro,cd172e69bc81b646
ws A we ,1f7a8e5127e7a1df
vary the,c63e499850e51a5b
 number ,33e682400a3995ef
of atten,c1c3511b0419b908
tion hea,d77db099e9e0ffbd
ds and t,13e0361f5834f619
he atten,6f2980990938969c
tion key,9fdcd32b3d5bbb96
 and val,5b325620d72e1dd7
ue dimen,417bde5ba75c56a2
sions ke,208d29371498cb97
eping th,084b518662a96c76
e amount,6778af024300df83
 of comp,d26d19d9bfd7d627
utation ,5cf2ba6db6148567
constant,d8b7bc2d4fe7d778
 as desc,5d024608845d9b9e
ribed in,4da14752f2e18fd2
 Section,0065f3536c3979ae
 322 Whi,2e59bfc7cdffadb4
le singl,ae99dd6d692ac904
ehead at,4e753f062d2fb890
tention ,cad263e520747b9e
is 09 BL,4351cdbed2b030fc
EU worse,2213444264611d23
 than th,696f947dbc090949
e best s,d1ce340459d15434
etting q,b4660ea2e7f43563
uality a,4190459ed8f153b4
lso drop,76d5096865b9942a
s off wi,8943dd5b2eb3c4a3
th too m,cd9fb0b7bc68fd8a
any head,af1e04b833771bc2
s In Tab,bc5d1e666ff2eceb
le 3 row,8574d402636a624d
s B we o,71e7b8467d9dc221
bserve t,8a664afe32f922db
hat redu,9f231dceac26d031
cing the,e8ea5517c013b4cc
 attenti,67e0943da99a2c7e
on key s,55c190cfa4aa81b4
ize dkhu,af5afa0e5d064125
rts mode,9b5053d2f3cc148f
l qualit,9e845caa2fe0be76
y This s,9c3f6ffadabc95fa
uggests ,d85fd098b4646613
that det,5bd3cb21ee59fc18
ermining,f2a8bef448765dcb
 compati,67445c3c2abc3730
bility i,012f113ff4857d03
s not ea,3ef1709070e14e41
sy and t,f5a079cf54eba45b
hat a mo,e4690103d0fa23ac
re sophi,d8d0fa475595b1f8
sticated,512d3c42b63b8070
 compati,67445c3c2abc3730
bility f,838484e1d2988fb2
unction ,1ebd50ba67dbcfd3
than dot,57dd9c25290f6688
 product,28620acf51825938
 may be ,30b5b96daddde3a1
benefici,b488547f964b22b1
al We fu,a7f845ac5fccce31
rther ob,cc848c92ce131463
serve in,a511905b29fc54fa
 rows C ,29a06571acd4dfb4
and D th,e94ebbafc2e5e765
at as ex,d509f4956e39eb13
pected b,6ada7f60c3d3da8e
igger mo,b57d297832cf3e95
dels are,64f766f326b42274
 better ,a3c27ba0fb75ea1c
and drop,a868153734df94bd
out is v,a9518b9171c69a63
ery help,ed5b5ce680857df4
ful in a,9dc386628387eae1
voiding ,4b6b984bdfc4918a
overfitt,4b30b7863bd0130f
ing In r,a47e4964774fda09
ow E we ,7bf70ebc4aa85360
replace ,984f08e518fb166f
our sinu,ded180827b6ca95c
soidal p,8d61ae5874a9b8ab
ositiona,75fcf20e41f290b5
l encodi,bf4f5cbb04dfc570
ng with ,88c1ce25b7375efa
learned ,349a2a00c4146a05
position,4034928247d45df9
al embed,583dc6a012056426
dings  9,d5dc2c100db769ad
 and obs,6ace14ea68174a44
erve nea,99ff41aba58396de
rly iden,680f3dc0dd4ff15d
tical re,39e783e8faacec18
sults to,3794821c50749efb
 the bas,405497a4749330a6
e model ,b4ba57f65ec6fbc3
63 Engli,ec03fc9f333ca408
sh Const,688c27d24ce2a9a6
ituency ,dd48ddad5a550c7a
Parsing ,c10e023389d04481
To evalu,787acc1d2885056a
ate if t,ccda8c1c58d72d9d
he Trans,8308591e26f5db10
former c,bff932bb7d0ee870
an gener,f9a9b6e33bdff0b1
alize to,12d0264f59414d2f
 other t,9b6fd06d5c238452
asks we ,70f566cf3d3b7e80
performe,bb92d6f9f5ea59e8
d experi,acf40d042532ef91
ments on,85301f1b8f484276
 English,14c02cc4ee868358
 constit,45f51eb841f9ac9b
uency pa,73848ce11507e377
rsing Th,8de8180781a26d22
is task ,9576ceb0bf84c215
presents,4c749f4ff7192bf6
 specifi,3ec2873d7d426208
c challe,1a0abb9eb7a900ee
nges the,ec35387fd32f4fa6
 output ,19facf784e4552fe
is subje,93ff80f778b4826c
ct to st,fa32d2d142fc2511
rong str,830d1579c23a9ed6
uctural ,4f56be4d0de8b246
constrai,2b00b4b6a7e095b9
nts and ,07d0fd6ef0cec629
is signi,57cab08f8ae00c74
ficantly,38f5750bba027147
 longer ,2e462e6be0cb5f76
than the,265c8cf1fbdcf6ab
 input F,4b15cddc61477ce4
urthermo,c0b99f4b3735a631
re RNN s,7d7a3c77481f1815
equencet,4bb7db477b854028
osequenc,9f64e08737dfd72d
e models,23d83518f528551f
 have no,daacac1ff9a07818
t been a,72c27875cb0d9ee7
ble to a,54f0ade1e6eca7f6
ttain st,3c444c7a9b14e2d0
ateofthe,c9bef2c2c69ab69a
art resu,49bfc26e35ce1d0c
lts in s,ac97f5457cd7fa13
malldata,96efee3b1971911b
 regimes,1dcfa1fbbd589015
 37 We t,22a5efadf023b0df
rained a,896190f7c1f892f5
 4layer ,b3705eb446837da5
transfor,3c789f6638b71deb
mer with,a32b5e8e2b90e5b9
 dmodel ,570fff4a5be56565
 1024 on,2aa31f8bf3904cbe
 the Wal,534ba24a7e6ed34c
l Street,00adee9dd2d8be31
 Journal,6c6a0cf24eb22dd1
 WSJ por,fe4d445862acd2c9
tion of ,3136476dd9ce213a
the Penn,df9dcb863ef0c252
 Treeban,b77199e9123142b4
k  25 ab,c75652f3abe99a97
out 40K ,61bb86c88bf11ecb
training,cc6705b601ca3259
 sentenc,b1ea3a995f6f59ba
es We al,aff1e845af32ee34
so train,fe97002c11bb91f1
ed it in,832f9f01511591c4
 a semis,a7ab4d09ade79b1f
upervise,439165e195759367
d settin,f15b245ec97ebf96
g using ,a7e0d427f7792f8b
the larg,879e51907ff7db3d
er highc,f6335ad1211f63c7
onfidenc,642f763d1eb13a52
e and Be,1e54cfd5a8dda4a3
rkleyPar,f12c0d4936f9c198
ser corp,e568e093a58abb1e
ora from,29715256903250da
 with ap,d713402cac6b1019
proximat,9069468dfb4e2f0d
ely 17M ,edac450a5297871c
sentence,7a95dcd323a0e54b
s 37 We ,8c2eb1b79b94de4b
used a v,b2a70e7ea6b02cb7
ocabular,16a4c84416c03d2f
y of 16K,d9ade2f798d61bb1
 tokens ,76904a60ec2793ea
for the ,ce5e4f0c111fcf74
WSJ only,62fd59b956e9bfb1
 setting,90ac526be679ce8b
 and a v,4dd4b6e409298b4c
ocabular,16a4c84416c03d2f
y of 32K,55cd7f7a89848dda
 tokens ,76904a60ec2793ea
for the ,ce5e4f0c111fcf74
semisupe,43b2bee90dc77ba9
rvised s,3de8d08c735c6f9a
etting W,c80d8540d8aba74a
e perfor,c39dad182e477095
med only,af2c490b979a1ce0
 a small,6ca88518835f424c
 number ,33e682400a3995ef
of exper,bb2e23ed521e9b7b
iments t,9be3cfedf08075ae
o select,9b3696e780c8d8ba
 the dro,700f558e6271a78e
pout bot,5839ba939f008d30
h attent,8bd7556778552616
ion and ,8aa39f7604053603
residual,b82b07e9d100c148
 section,00eb117c1d3c0671
 54 lear,135636a9230d8a62
ning rat,173b33cd91a12296
es and b,cf94069c15f3e2b4
eam size,0c87406e95874805
 on the ,22f638a325a23447
Section ,fccde8c752ccb389
22 devel,4c9f48c68dfd793b
opment s,65cf7c11364dbe04
et all o,62059b68e42c3436
ther par,a0bf17a02905802d
ameters ,a74e6f4d709274ef
remained,e2fe3226faec034e
 unchang,20b69162dbf4c55c
ed from ,6f14aa18aba049c4
the Engl,4ec36703fae565f6
ishtoGer,71ed4e490cbcf1e7
man base,fa53e3e3cb9acbd0
 transla,02d29aea68c40834
tion mod,040514d7e732c429
el Durin,8dfac62a590444c2
g infere,8324266419a1eced
nce we 9,c485cb9013262831
Table 4 ,851e50831fe5db3c
The Tran,cc664bbfc620f2be
sformer ,9b1ff2d17403bd20
generali,7f2fd99bd2392a72
zes well,3914f6397c014c52
 to Engl,af5b8ead1b284c30
ish cons,eba66081b7101527
tituency,a4f4a79009d397fd
 parsing,1fe8dd2e5de7ccbb
 Results,dc9eb01f62204ac2
 are on ,9e7a715fdcd4514e
Section ,fccde8c752ccb389
23 of WS,abfda1bf37d33e91
J Parser,80c7ee8c6bfbea0d
 Trainin,a73a58d5ded8e024
g WSJ 23,b8f7618bbe807dc4
 F1 Viny,83f9e7a7e4699956
als  Kai,e67780737122107a
ser el a,5320cd71804bacc0
l 2014 3,006746df7f82f0ce
7 WSJ on,34d68bfe7c20b32e
ly discr,5ca5df35faaa42cb
iminativ,6b1cf25a7b07bead
e 883 Pe,f158722a5e6d52a2
trov et ,52905dfa542fb05b
al 2006 ,1e339625faee1eba
29 WSJ o,7b0a540d09fc41c3
nly disc,927874dd8edc6540
riminati,86aa19750eda6f92
ve 904 Z,8307d7dff8249cea
hu et al,98bff1f77db3e09b
 2013 40,04b0a1bad129fb25
 WSJ onl,ecc3cb748e8cddd8
y discri,4be30469ea5cc4ac
minative,8738b7c865ac79ef
 904 Dye,c2d0e64b2f2a9142
r et al ,753bab7660443a24
2016 8 W,c8a47a982f1eda71
SJ only ,19e32d10c9ee05f0
discrimi,7663821dfabbd9d2
native 9,7d8c972306ce4022
17 Trans,71c03f0f1e3cf964
former 4,085db85311f0054e
 layers ,bb7ce030d2ada352
WSJ only,62fd59b956e9bfb1
 discrim,56df319841eaac42
inative ,fef5befb94399c06
913 Zhu ,d36a041387de0e25
et al 20,d6a88b50a26cae8d
13 40 se,a4d32b681552bb2c
misuperv,d5d0636379036c33
ised 913,968c471ca66ad585
 Huang  ,89db46f10cfe7798
Harper 2,99cfbdc0bd14e107
009 14 s,1c34c18fac5d04e4
emisuper,45e46180f7e94077
vised 91,f9bd1ed294e3f63a
3 McClos,eeea2b0ce96e684a
ky et al,1cda6af1056fd378
 2006 26,a80b2125f75f5dee
 semisup,49bb6581bb4e7257
ervised ,d1ad8e5b47784a81
921 Viny,317fc51f1bae06b8
als  Kai,e67780737122107a
ser el a,5320cd71804bacc0
l 2014 3,006746df7f82f0ce
7 semisu,99d9815031459d37
pervised,1511c4736feb3bd1
 921 Tra,9abaeb6141aec7e6
nsformer,0d5b4724f951f0ed
 4 layer,fabdd870a32e08f0
s semisu,f567fdcdfaeeaa83
pervised,1511c4736feb3bd1
 927 Luo,40d43f48a90e5d3a
ng et al,814c2ed98b0d17c0
 2015 23,f835b8e9e777d4e7
 multita,8d81c425f173cf06
sk 930 D,b7b13d2058f57a2d
yer et a,cf55a8782d0b5ef3
l 2016 8,45e29ca926c603b5
 generat,6535bb0f6692ab84
ive 933 ,8ab03258acca03ad
increase,5b93acaf6c22c280
d the ma,497ba8a0a8d9244d
ximum ou,e9c4b8da94a83403
tput len,95b435185c543c15
gth to i,3e1dba58e35da700
nput len,2548f4874f272b70
gth  300,6b3ca0502669ceed
 We used,75280885720d9cbd
 a beam ,6785d2f1acb247a2
size of ,8aae32612928f470
21and 03,dbe759b0fe287f84
 for bot,c236b4dc2eee9a25
h WSJ on,2a269b5b5e5c70fc
ly and t,70b27804d3a5a0e9
he semis,261fe13f2d1bb399
upervise,439165e195759367
d settin,f15b245ec97ebf96
g Our re,ee0cdbf4c067474e
sults in,2564a60e84f83c12
 Table 4,78a914316a8356fa
 show th,147e8c12e0f4996e
at despi,42167121dc65612f
te the l,a3d1d0a3d6f3f636
ack of t,1eacc970e8ae2259
askspeci,8a757b380cafc5af
fic tuni,2b8a9883feffcf25
ng our m,671d59cf79399cb2
odel per,c2acd18dbb1550f3
forms su,a74de1b227173e87
r prisin,4b8b7b6fc63b93f0
gly well,18d5d26da336c87a
 yieldin,2172ee2d70ced1fe
g better,8ff01781dcbcd69c
 results,1c89191cf0bc1c03
 than al,10579653f4d1064a
l previo,eceafb8b6db9b717
usly rep,c5927ee8d0737523
orted mo,6aeb674690c3cd14
dels wit,d7ff36e1177fb277
h the ex,88d73bd82e738b66
ception ,6597ecd9ddf7e2ca
of the R,1283b54af35cde06
ecurrent,557afc274eba1ccf
 Neural ,50581c29a38732f5
Network ,e125b1bb9e2be920
Grammar ,2ed8e32511320b01
8 In con,3ea66df93cc6e694
trast to,b98c18ba6de374be
 RNN seq,2aba66bf4e0a5a53
uencetos,1a8e36c0d47daeb7
equence ,7f7590452fd1721e
models  ,899ac8634f4df200
37 the T,d8845aafb090ceb2
ransform,b5223829664b7efc
er outpe,fb92d41d3008e5eb
rforms t,e763635f1e8222fa
he Berke,2ab545b836d9c092
ley Pars,15650abb3b87b50d
er 29 ev,cb4abd66e56b1810
en when ,3c617a5160e1646e
training,cc6705b601ca3259
 only on,5676a55576e0cd88
 the WSJ,db0e9aa82cceb34f
 trainin,11f5d6d8dd9856c6
g set of,12777527e88ec84b
 40K sen,3140ca599c4b9abb
tences 7,cc6e3c9ba3981a98
 Conclus,ac1e9ec1213afded
ion In t,f8030aa9a714b952
his work,9d7cdff70a5e5a88
 we pres,eadfa299c6fc5c87
ented th,7efcc8119c76fcad
e Transf,0087ab46e62d6805
ormer th,1cce19f07584387d
e first ,f969bfac6ee8501a
sequence,a42083d3d5b60c3c
 transdu,5c61acccb894c031
ction mo,492e073e9112af7b
del base,6cc4bb38c241b59f
d entire,4599754e249aa93b
ly on at,ccad2b2f71706565
tention ,cad263e520747b9e
replacin,ee169431380e9e67
g the re,b0ab2e1ff8e2dab8
current ,996ee94b05e7bae1
layers m,f598256fcd5a15ec
ost comm,5ecb068bb4260305
only use,642090d79a107cbb
d in enc,d8ddb2ee29b52477
oderdeco,81ffae3db8ed69eb
der arch,c370f4731044827c
itecture,b8b0d0b359129a43
s with m,09a6eba1be220ca7
ultihead,9025ca216733a263
ed selfa,17dd3ff9c7732483
ttention,85bc5ed972bfbba3
 For tra,ae50a57b16c3ebf7
nslation,8aa1f4f0ef540adc
 tasks t,a394a07f3225cb95
he Trans,8308591e26f5db10
former c,bff932bb7d0ee870
an be tr,04d12e6fd360a7bf
ained si,36865af443eda517
gnifican,b63fd22f7fe34262
tly fast,dc423798e13b9b12
er than ,d34124caa71104f7
architec,2fab88023db0cc22
tures ba,0e53dcc9b713c042
sed on r,867b2808e8725077
ecurrent,557afc274eba1ccf
 or conv,42a15eb546e63c87
olutiona,f56fb05e1abb2fcd
l layers,7a901696c60ca64e
 On both,56d4e30b1d2e858e
 WMT 201,769a1cd48f19871f
4 Englis,b13fb301f61d4b24
htoGerma,52bb3faba9e05f5a
n and WM,4d5220e9f278c6b3
T 2014 E,7f9d658ce578a169
nglishto,66f4bb0140ca636f
French t,a5e1e028a1d3af2d
ranslati,981bf9fc69af53da
on tasks,8da00707ecf43a5c
 we achi,3b6c37d3fe4a1fad
eve a ne,447ef797189f4959
w state ,3c99e2ee9029dac7
of the a,c7d6d361371c1553
rt In th,da500c018d6718d8
e former,9047b06c723712ec
 task ou,38c7a759bf2bf5eb
r best m,bf2e6a55c77ebd53
odel out,3cf4b8e2b2869965
performs,0bdd63540e4e5ec6
 even al,1753bcb264b28cbe
l previo,eceafb8b6db9b717
usly rep,c5927ee8d0737523
orted en,252cec37a42b738f
sembles ,22d09563ed6bfb51
We are e,1a6f19716e80c877
xcited a,763ad9161da5515a
bout the,f5d26498179fcb0f
 future ,889e529816465b7d
of atten,c1c3511b0419b908
tionbase,fe7cc3d437ebf705
d models,6ce6905f5ff746c0
 and pla,42b768b530917af8
n to app,30803edd13d2fa7f
ly them ,645b9d7e25c49ac3
to other,58ed8665ecb8fb3f
 tasks W,0b411ad7e3babb56
e plan t,dca66ceb2bae2467
o extend,dd4370d0abe0b75a
 the Tra,9ce9002c7a2677bc
nsformer,0d5b4724f951f0ed
 to prob,1789cb886c45100f
lems inv,570735b393932302
olving i,d431220cb6212c1c
nput and,8adbbe919df37c7d
 output ,19facf784e4552fe
modaliti,d25da5197b11ac4c
es other,24bde44a3180927f
 than te,253d33e75c88da7a
xt and t,99ef7afcdc2130e5
o invest,ff6cd790e132951f
igate lo,e11877ffd2d459a8
cal rest,2ee00df290dc850f
ricted a,9b6fc4aea516f3fe
ttention,85bc5ed972bfbba3
 mechani,d0890888520d0210
sms to e,ed7923c73c5813e7
fficient,7f9d2aa0a44ddf6a
ly handl,33cf06229007195e
e large ,f3da87bfaa6b9b77
inputs a,97afc73e39bbe084
nd outpu,1d0ce7701d08890d
ts such ,83df341957520f0b
as image,4d5f229ddb3782e5
s audio ,91e1e421190073c5
and vide,ce55ca9688d0ae99
o Making,24825e48aac1f656
 generat,6535bb0f6692ab84
ion less,1e5393fa54ff033a
 sequent,5e4d07e3bfc101f5
ial is a,0cb91516edb46f59
nother r,ff9d22a9a228be77
esearch ,44d279403f28f289
goals of,1d706121397d77c3
 ours Th,274ca5e37b07b985
e code w,345b560b1b5248ea
e used t,39d13caf76554a6c
o train ,ade5666eb692d94e
and eval,880d124662b513eb
uate our,b084c1a47a6b3d59
 models ,65857f2fc8272551
is avail,670237bf1d94dd3e
able at ,9179c153e8aecd51
httpsgit,82ecd9794e5f5824
hubcom t,b60253b913061f7f
ensorflo,69dcd08a495fe999
wtensor2,83d386a65b762913
tensor  ,bf8f755f347c0bd6
Acknowle,e8a878374cc57b45
dgements,ee5c76e6de6507de
 We are ,506bfea73faa5ed7
grateful,32e67273239dd967
 to Nal ,b3be6608a8c4f661
Kalchbre,afa1d941bbea78f3
nner and,6742b7b1e3b9b73c
 Stephan,52d118fe7da80399
 Gouws f,12438abffb1220e5
or their,8d461dda384aa20b
 fruitfu,0469b20ee5aa1e76
l commen,40ce2cc589f8c98f
ts corre,591cfe9a64ce37d0
ctions a,71c2eb8028c90db4
nd inspi,d192a491b1309825
ration R,1aef6797ba58d545
eference,a407c7b92a4a198f
s 1Jimmy,b93c4c037a51a78a
 Lei Ba ,5c8f510e85ed2699
Jamie Ry,30ea9879310041fb
an Kiros,1e4c2f01c6d8c254
 and Geo,7f2c401bc5a251c0
ffrey E ,be1055036d196873
Hinton L,8a708e2244a4e9cc
ayer nor,c071a142ad815bac
malizati,de46abc2aaac1bd7
on arXiv,4d6adf709fd1ac63
 preprin,9ab9a74e56aa71c6
t arXiv1,0bf951c2774269fd
60706450,b2d37f797c65ac51
  2016 2,a12aa28916e44cc1
Dzmitry ,4e93bcea9d09c5e8
Bahdanau,7daae58eb530c660
 Kyunghy,93c426038318d895
un Cho a,243d0d24c80b5cb6
nd Yoshu,c7bed4104b339340
a Bengio,7440bce56e009448
 Neural ,50581c29a38732f5
machine ,24667252bee72d4b
translat,4c988b3bee262e44
ion by j,09ca86dafa039ec8
ointly l,273f6540333ae36b
earning ,a0d256e731f7bc25
to align,ac59bc6ac62cdc57
 and tra,fd8d0f57f18512fe
nslate C,454e3d176f1bdfe3
oRR  abs,cd5552aaeff2f35d
14090473,c9b5359e75ef6e51
 2014 3D,4139bf12ec3a22ae
enny Bri,ff039468cd40309a
tz Anna ,912be0b90d0f4169
Goldie M,c5622bb683187b95
inhThang,197276fc0a8beaea
 Luong a,530107417a579e9e
nd Quoc ,4e1b91f14a34c020
V  Le Ma,19ed1d2f6e1064f0
ssive ex,53d7fcedfe691573
ploratio,75d67b9b96297408
n of neu,08efa7a17dec5368
ral mach,f75ebaa051d6697e
ine tran,62f150c5e82da0d5
slation ,ca559f4beb69a80c
architec,2fab88023db0cc22
tures Co,55a9f88c6b1645c7
RR  abs1,8b409e441bc4d9ad
70303906,28614a75aac6d30b
 2017 4J,43fe855270335424
ianpeng ,9ad19ee81d45862a
Cheng Li,6d952aea804f7f08
 Dong an,d24a705f6f823cb4
d Mirell,754fe094ab1ec08a
a Lapata,2e6015cd88ef10a9
 Long sh,b1dffe5ccd1d5f94
ortterm ,dc04989d276d67f6
memoryne,04e28de9a0139337
tworks f,d8319901be61e0f8
or machi,c1a0811ecd303783
ne readi,d863596584cea375
ng arXiv,b298a925a73f10fa
 preprin,9ab9a74e56aa71c6
t arXiv1,0bf951c2774269fd
60106733,a21f6ddc0afccdc2
  2016 1,39ad0681264fe313
05Kyungh,b68bee5373df77fc
yun Cho ,b454950c7c6d4b33
Bart van,2d46c5978d4e853c
 Merrien,5ca928af4a23911c
boer Cag,dbe354a4767b345c
lar Gulc,1e83bf453c84d0b8
ehre Fet,b51ccf911ee134dc
hi Bouga,756a74c61b646b2b
res Holg,28f6d1e40fdc5bbb
er Schwe,50afc73893f95165
nk and Y,743e73464752ed20
oshua Be,c2e1db46bd6a7fd5
ngio Lea,7e18c8eb7f455c5f
rning ph,9c2f49135be720bf
rase rep,c3e700a211cc9382
resentat,6d20ef203ea5d67c
ions usi,340dd36ca12973f3
ng rnn e,d725e22bd3f2ff9d
ncoderde,92f3efaf8b2d0e46
coder fo,c33150e63da20d3a
r statis,afce7664dc969c5b
tical ma,9dc6fa0239d1b25a
chine tr,c8e7d598e43a414a
anslatio,d55d7ecba4bc4e6d
n CoRR  ,1782a605631db6ce
abs14061,8a439ce0e78df311
078 2014,1cd2a9c77c624940
 6Franco,81a38609d71d1b90
is Choll,79046e769e6fca9f
et Xcept,260ff02be72e15b9
ion Deep,b071f1a886263dfa
 learnin,c1927839c7004bc1
g with d,adee380605de5033
epthwise,d3f4791d3ce4f159
 separab,44e9a83179635166
le convo,e63da8469e42b8e3
lutions ,2e8f04e601236139
arXiv pr,7af973d4cb81fe87
eprint a,e15030bd0b49c8c9
rXiv1610,931e697289af19b0
02357  2,9576976892402ca3
016 7Jun,77be63d8b829737e
young Ch,e6b4aa7afcf71f3c
ung agla,f25a7331b3384a44
r Glehre,6bd6a9204a115f9f
 Kyunghy,93c426038318d895
un Cho a,243d0d24c80b5cb6
nd Yoshu,c7bed4104b339340
a Bengio,7440bce56e009448
 Empiric,664e997f3a12859a
al evalu,d190479a58371977
ation of,57505888e6db322e
 gated r,0304177c80b2476c
ecurrent,557afc274eba1ccf
 neural ,249625498a5a364a
networks,f33b25ec4c3b0319
 on sequ,bd66ff473ceb6c40
ence mod,07a94035a9cc0103
eling Co,6b49585644ac9290
RR  abs1,8b409e441bc4d9ad
4123555 ,482a586eaa847775
2014 8Ch,a9252db06e778daa
ris Dyer,bfae6fd1f8a8389c
 Adhigun,c24b1e5790811d65
a Kuncor,13f410dde10e996a
o Miguel,00dcbf5035fb7c87
 Ballest,060b1eda1f57c3e3
eros and,5889a398b9b96fb5
 Noah A ,0c4666f0b7c3733e
Smith Re,3e748653bd22c449
current ,996ee94b05e7bae1
neural n,860281f8b417d7ef
etwork g,d6e0efa68bf3f937
rammars ,eaabfc9ab1cc5157
In Proc ,5b9ca26aa346d1ab
of NAACL,ba99c3b8b343cc93
  2016 9,0addc5b4c3bb2b27
Jonas Ge,6ff07fa8e9acba60
hring Mi,8bf65dd6797c1d28
chael Au,f1bfce9d1a735bda
li David,723a4297d8c5c1d6
 Grangie,1ff8ecdaec46ae07
r Denis ,343ca4e871b53804
Yarats a,89361ce0e78d5cfc
nd Yann ,335b64b7d59ffc94
N Dauphi,094040f85129b45d
n Convol,1b2e0bc3aa2fa323
u tional,135bc9416da49ed4
 sequenc,6bb5277aefacd2e8
e to seq,92caa7f15070ede8
uence le,faa1ca98cc455249
arning a,1d842ce72304961d
rXiv pre,d37c371e4bde12db
print ar,3dd8c97be37185b0
Xiv17050,ce885ba1351482ab
3122v2  ,6d4ef24c662afb92
2017 10 ,fff2c7d641fefac0
Alex Gra,ec6c0e46db897a5d
ves Gene,c595ddb1873c81fb
rating s,260efeff20dcc287
equences,1f7618e2ac5d2d75
 with re,f7cedbd945287b29
current ,996ee94b05e7bae1
neural n,860281f8b417d7ef
etworks ,c6a429ecfbe5252d
arXiv pr,7af973d4cb81fe87
eprint a,e15030bd0b49c8c9
rXiv1308,2545d985cc02cff2
0850  20,557d57900ca4b0a9
13 11 Ka,8252183b2fd26472
iming He,939c087eb60eea8c
 Xiangyu,7fd77b1ac6849b3d
 Zhang S,8699107057d2a356
haoqing ,b1ec9f5007e10544
Ren and ,40287b12f632f10d
Jian Sun,77944bbe1de85b8d
 Deep re,5d5d8160af312a13
sidual l,d540b9850ba4d71c
earning ,a0d256e731f7bc25
for im a,d3eb1ed387776d64
ge recog,5425bfac80c084b3
nition I,4c75daf84acf049b
n Procee,7f0d220591046dda
dings of,71e81120c6efb8b6
 the IEE,f968500a17419012
E Confer,26f9340803f38cf3
ence on ,eb42bff334ad8720
Computer,db96b369f39e4098
 Vision ,7a58272e4968022c
and Patt,8ce87f4437be1cb2
ern Reco,39df5612758314f9
gnition ,65921aa8751c161c
 pages 7,d5210b106499cdf8
70778 20,ebd4e2a36f6eafa9
16 12 Se,98807fe18d1aa94a
pp Hochr,0ff7c940eba97a1a
eiter Yo,f4e62e62ef67ca92
shua Ben,ad1128031d20cb2e
gio Paol,1e20b0fb110bdf3a
o Frasco,f95b46ec2af6296e
ni and J,281afbd4905faa1f
rgen Sch,051a204e675f4f07
midhuber,c372e3823d2f06ca
 Gradien,17bff6444f2ccb46
t flow i,6dd65adbeb19fd76
n recurr,80ec113ecba8d5df
ent nets,92708ddbb6751198
 the dif,89ff1739e71c276c
ficulty ,1e8e4ce7e1aacfa5
of learn,82fa3e9e551aa24a
ing long,d52dfaa017a6af1c
term dep,2b27c26122fda10d
endencie,0074d62ec592115e
s 2001 1,3142c7d2059a2887
3 Sepp H,410eb1f630d8bf3e
ochreite,c354d23d3f70ef31
r and Jr,b59293a3c91842a5
gen Schm,22bffa8006fd31a2
idhuber ,c0d8b522a9a8833d
Long sho,43970d83509380c7
rtterm m,c2933678020e1844
emory Ne,de721ed32443985b
ural com,f4c851f65ef155ba
putation,506ece9fd5645282
  981735,34f2b08a32a7b048
1780 199,f6ecaa992de231d5
7 14 Zho,05900548b86403bd
ngqiang ,dedd9884dd59cebd
Huang an,141e76485d92d42d
d Mary H,fe79815f69b98412
arper Se,518347ae21adc54f
lftraini,8d8c58304b060210
ng PCFG ,6c768adf757b09c3
grammars,dfdd9ded3360f46b
 with la,0b1aba75724799a3
tent ann,deed773863eb5023
otations,8c7b73f73bc6d043
 across ,160234af631ad66c
language,d93de49002657d21
s In Pro,f0c5b4ac3069972f
ceedings,e01b18606f6f8484
 of the ,9b6ac6a00cf3b660
2009 Con,4b2735a62d62bf2a
ference ,111aca174480b0ac
on Empir,392107080d8b99c7
ical Met,232c994ee9ac6d6a
hods in ,b4dc70dd94a084e8
Natural ,310c91ea3ae9e1db
Language,d55ac60e7e97403a
 Process,83a39ff074f1ef2f
ing  pag,d3249065612c91f4
es 83284,384b96bdfdd10bdc
1 ACL Au,b91d8464b5fcb06d
gust 200,c41991a3ff332286
9 15 Raf,dd992df213f3a8e7
al Jozef,9e23d67bab7a9372
owicz Or,b8cabdc7788cba73
iol Viny,5e6b2e5f838617d0
als Mike,b91c9788c6b7d5a2
 Schuste,061fa51e4b59651e
r Noam S,c0d2fb0ee3908020
hazeer a,28792176250a5d4d
nd Yongh,220b3a2e70743721
ui Wu Ex,e92b2a22499477f3
ploring ,dc83b0f3a62fcf43
the limi,af2bb6178bf9374b
ts of la,ecb3612e856cb008
nguage m,55443a5aca1b149d
odeling ,0f2960194c7e2c5b
arXiv pr,7af973d4cb81fe87
eprint a,e15030bd0b49c8c9
rXiv1602,3c5e7f7ee84bf20b
02410  2,789f03cf3e86be79
016 16 u,a2adbbee3e0231f1
kasz Kai,2cf6d13308f53791
ser and ,96b45cb08923f303
Samy Ben,ee737bded27a8e6d
gio Can ,09b8ba1007b5f3c5
active m,bd0918c0efbb122c
emory re,05612381707daf63
place at,3f30a67aaab4156e
tention ,cad263e520747b9e
In Advan,b7517d56a0868962
ces in N,cb0f4103261e50a4
eural In,05ee6cb4c2383212
formatio,a34683d33f384dd5
n Proces,247e865143d57d8a
sing Sys,35185e82e6be852a
tems NIP,4217556afa153486
S  2016 ,4d0f11535e2018db
17 ukasz,3516c74bae5737bb
 Kaiser ,7135117fcf20b625
and Ilya,9fe314a92a431b60
 Sutskev,aeb0a53cf22a6a94
er Neura,ae1a61e1c6d23263
l GPUs l,6516c640b0ea7175
earn alg,e54ef09ea093d3ad
orithms ,21b35d8875bf55f4
In Inter,58378dc978f70972
national,2710aa1490f9f8fa
 Confere,6469de7866e302c7
nce on L,c85d8181aeff0c9f
earning ,a0d256e731f7bc25
Represen,9df64d5d99d9726c
tations ,4ce5e32ad35aa1a5
ICLR  20,85a2a7eb66d25522
16 18 Na,9d4daf3ab2126531
l Kalchb,227003e7f8f97efe
renner L,642f9ea1a8075a02
asse Esp,1aaafdc57706fcf0
eholt Ka,98a3f6973205569a
ren Simo,846f431588393a01
nyan Aar,25bd0553d0d5fc41
on van d,0e1347f3a09a4d9f
en Oord ,5333a9f545f0359c
Alex Gra,ec6c0e46db897a5d
ves and ,68d4b10c275f0830
Ko ray K,57bdb01239d6f75a
avukcuog,5d4edd7cf707cc5c
lu Neura,27cc49abfdc51965
l machin,6a712a42901b7edb
e transl,268efe14cfcb6a32
ation in,095b5ada87ab8017
 linear ,359c1a1ff705b99a
time arX,0edeaeed20526440
iv prepr,3c333bc81b82cb22
int arXi,f2783e2a602cde6b
v1610100,e3a7430ee278db3b
99v2  20,46939e3d213ad042
17 19 Yo,4fa3d0a8ad4b053a
on Kim C,1afcd8e28000815f
arl Dent,75e4d6108efeabc8
on Luong,4f9182dc3d6e96fd
 Hoang a,20c03104c079b42a
nd Alexa,4ef755e4a94c3106
nder M R,89ca9df25752444f
ush Stru,86917ed679056b62
ctured a,d0c677f8c5893a42
ttention,85bc5ed972bfbba3
 network,c98e2aacf19ac6c3
s InInte,977fde37f9f92491
rnationa,53b7435fbad33f99
l Confer,5a13a518fd4019b0
ence on ,eb42bff334ad8720
Learning,773a72c13943a2a2
 Represe,f9efa330cd2cfada
ntations,d3025998e55b30dd
  2017 2,cb2eca1c65a4983b
0 Dieder,f3e1efdf309de41f
ik Kingm,b59fe1dae5f4d0ad
a and Ji,b7acf6f0543ca45a
mmy Ba A,0c8f81e9799e8d9b
dam A me,387734a536563a04
thod for,b19780f5de6ec5d2
 stochas,6de6bc4de03c86dc
tic opti,9482b6ff815de516
mization,29e18bd484b9b667
 In ICLR,59a51ebd8991cfd5
  2015 2,d37e010bc039a663
1 Oleksi,61aef9ed67eb4e5e
i Kuchai,73395a634f4e44e0
ev and B,84746227db0b6eeb
oris Gin,0d5121fc1c1883ad
sburg Fa,95b8dea547277632
ctorizat,674cb2a41ef2acb9
ion tric,678e5dcb2f46ed50
ks for L,0300b92f18f55e42
STM netw,345681c15e31cbce
orks arX,735357db187f44d1
iv prepr,3c333bc81b82cb22
int arXi,f2783e2a602cde6b
v1703107,448a012eb9638574
22  2017,8f2cd32c20382f2a
 22 Zhou,5d9f5386722465f4
han Lin ,c2b511317833013a
Minwei F,1a5e4a35d688246f
eng Cice,c9d22b7b6156cbd7
ro Nogue,e95577927ceb95ac
ira dos ,39fb9b918dc15d73
Santos M,d0c88a18a543a478
o Yu Bin,20edbb2b430e9ed3
g Xiang ,aaf64fc6c55ef20e
Bowen Zh,883a86564954bd6a
ou and Y,ac914f236c7b27a6
oshua Be,c2e1db46bd6a7fd5
ngio A s,de07f1c0fcfc3073
tructure,24d76a1e0cbd2a5d
d selfat,1f62b18c4cda2742
tentive ,17ebcaa33ac0af1e
sentence,7a95dcd323a0e54b
 embeddi,beb86f786b88025f
ng arXiv,b298a925a73f10fa
 preprin,9ab9a74e56aa71c6
t arXiv1,0bf951c2774269fd
70303130,3a03ae6f0298ace8
  2017 2,cb2eca1c65a4983b
3 MinhTh,d28157b52fde43b8
ang Luon,e1f85ecd0fe02862
g Quoc V,156550bcb198adf5
  Le Ily,68f068a559a84bbb
a Sutske,b88161df323c918d
ver Orio,935c7b25b808204e
l Vinyal,48b65ad5ae00903b
s and Lu,acb3a888ff419e6e
kasz Kai,2cf6d13308f53791
ser Mult,766cc15204291537
itask se,76081520346d487e
quence t,5ea6328eee507a55
o sequen,d3bf950705af024f
ce learn,1dbe4433c2d55018
ing arXi,da04ebbd91bef361
v prepri,bcd206bb778c8c66
nt arXiv,c000844219da5c3b
15110611,4751a032fbc51aa7
4  2015 ,97351a8c1321786f
24 MinhT,e67a0123d1216581
hang Luo,c68456d89ee42590
ng Hieu ,648dd27ca57540d5
Pham and,94f0075134ba9b3d
 Christo,21c25fd480202fdb
pher D M,61827db6e49c1ab5
anning E,6000cdf11f2abf2e
ffective,2545dfbfd95ed928
 approac,0eeb60d37221a1f8
hes to a,44d57e1ff5f517f1
ttention,85bc5ed972bfbba3
 based n,57e210807f790b30
eural ma,86568ca462cb61bb
chine tr,c8e7d598e43a414a
anslatio,d55d7ecba4bc4e6d
n arXiv ,a84a2597a605a1df
preprint,402392e91179d58d
 arXiv15,48c127a73cba257c
0804025 ,456d20fb67ab679c
 2015 11,1efa89279bbd2c38
25 Mitch,de69a0c8c91ec9b3
ell P Ma,94e5a5d9b9c25dfa
rcus Mar,42dea643ff453f31
y Ann Ma,424240a0a6d96e79
rcinkiew,cb878f144a97908b
icz and ,53a1b804f7002454
Beatrice,876eb87d4ef8a2ed
 Santori,488b61ecfc69259e
ni Build,a38aa7c0c3ea13d2
ing a la,eeb6ec2a53530dc2
rge anno,2adb1399576f1736
tated co,904d58d340849822
rpus of ,8a1af5a322d0f85c
english ,c98d9780a24868ec
The penn,7d4a549bf9662a55
 treeban,692c4226d17b8ad3
k Comput,64a247c7b16c3c32
ational ,538280590a6b71fb
linguist,cb56c31356d74271
ics  192,5f49a5dbb90a9c60
313330 1,0a8e21d3fc7291ba
993 26 D,f9c931a86b9a7148
avid McC,e72a171cae5a8383
losky Eu,ec16c4809d8fbaf4
gene Cha,70ce43301d785b8b
rniak an,a0b9550ebac3aafd
d Mark J,09e84ef425b09526
ohnson E,c5e6f9cc9d84aae4
ffective,2545dfbfd95ed928
 selftra,dd0ca86cb48c3205
ining fo,3ad84ea94f800e3c
r parsin,312dfbdc64bc7aee
g In Pro,ffc9bbc49e2e44e8
ceedings,e01b18606f6f8484
 of the ,9b6ac6a00cf3b660
Human La,d1dcdfa1e29fc3db
nguage T,38ddcb6cf7e02880
echnolog,b272e6095b70a58f
y Confer,d78e5dfb35e0fa51
ence of ,bc9f893a6283f4de
the NAAC,af5ed6fca8e7123e
L Main C,242fd41c96c6f462
onferenc,542ab8c6cb44fbd7
e  pages,7770e039397a2b56
 152159 ,1f0355efc61adb25
ACL June,2f0ba46b412f6401
 2006 27,21f0f9b4828a495b
 Ankur P,811154d067d0dc80
arikh Os,16870ba19a7c2156
car Tcks,cf51afc20d337506
trm Dipa,8900f50f2ec4fc42
njan Das,1ec546db69a4552f
 and Jak,db8c9843aa7cbc8f
ob Uszko,bd47fdcb257870cb
reit A d,7511aa091e21d120
ecomposa,438bb837338506ba
ble atte,899f47181f23f7f1
ntion mo,905c291cd4ad7aec
del In E,c718e34d3e1ce979
mpirical,95e40751f1e03b66
 Methods,1178d421e440e156
 in Natu,9434760f8f9848eb
ral Lang,18036b59f8b6bb9d
uage Pro,6a578c7a2924a04d
cessing ,c885df4e60a8b63c
 2016 28,347f26995cb8522c
 Romain ,ea5993190d0cdddf
Paulus C,af5ceb1f22a7019e
aiming X,d0a2f64153b82b0f
iong and,b656ad1960c6ec79
 Richard,42b47b60c1ea04c0
 Socher ,e0c9bc03fc727a6b
A deep r,82a2d3ba7162531d
einforce,81a121a8ca033f6f
d model ,ebdfd3dc48311365
for abst,1986b38bf91691d9
ractive ,ca81f0e8f7c876ae
summariz,90fadcf32cd7f7e5
ation ar,66d37b1ca5964fff
Xiv prep,86d2ade32af51033
rint arX,eb4b0bd736cbed56
iv170504,8d9830cdc9e554d1
304  201,f728fe2fc2a2dfa2
7 29 Sla,65ac8f7b991daed5
v Petrov,1689e8f3da5ad419
 Leon Ba,bb6c262a5bcfe918
rrett Ro,4506bc209bc6e58f
main Thi,ca975325285e3989
baux and,40394d34d1ab2239
 Dan Kle,bcce16553ab4347d
in Learn,186e2b2b43ef59e6
ing accu,600379836d3ce412
rate com,c1165df516b1a150
pact and,a8fa8b2601f53742
 interpr,e5e4960e1415fa52
etable t,6282004258abb3e7
ree anno,b623ee3154cea155
tation I,4560fbfabf407031
n Procee,7f0d220591046dda
dings of,71e81120c6efb8b6
 the 21s,08536f7d6a7baa7b
t Intern,34df102fd2b708cc
ational ,538280590a6b71fb
Conferen,3b6a999b0f1d4fe5
ce on Co,d9b427726fe5065b
mputatio,c9b30741d0e919b3
nal Ling,591daa6602651b9d
uistics ,c3ba4ccbae236aa9
and 44th,74a2b0d2286ef740
 Annual ,c788f507233f016a
Meeting ,6d16bdc0b70b0558
of the A,805e88a1f593d2b9
CL  page,9c776fb1172f95dd
s 433440,fe4c22bff18bf179
 ACL Jul,bee111d6e09f3a72
y 2006 3,96bb0ca7c422fde5
0 Ofir P,45b34e63d69000f1
ress and,fb5b1d4a94680c25
 Lior Wo,d68796b3546c6a48
lf Using,7c8fc9a17deb6c6e
 the out,29b9a683a10cb76c
put embe,aa99e6a14ea1ff46
dding to,2489297f13c8e7cf
 improve,1a7d07421fe488a5
 languag,844faf006fae05e7
e models,23d83518f528551f
 arXiv p,f0f25d329926f413
reprint ,7f819de1bbdeb039
arXiv160,91b9d554c321c573
805859  ,6c21b31a8a179792
2016 31 ,225a84a7281afbac
Rico Sen,19e6d82596f1af71
nrich Ba,e1942ef29bafbf6c
rry Hadd,7f692eb36796687d
ow and A,21bd80c8f6788b9c
lexandra,2ddc68cb233d5a21
 Birch N,c3470005d75d8198
eural ma,86568ca462cb61bb
chine tr,c8e7d598e43a414a
anslatio,d55d7ecba4bc4e6d
n of rar,bd822b75650b704f
e words ,4eb020a298f97664
with sub,8986d24ba695c092
word uni,f787c56c5cbf8b84
ts arXiv,3a8801f623c79f7c
 preprin,9ab9a74e56aa71c6
t arXiv1,0bf951c2774269fd
50807909,72f4107129037bb3
  2015 3,90070ab5693e88ba
2 Noam S,5dfcea5b86b0c567
hazeer A,a427bce339abc9db
zalia Mi,ed1cea6ba2186b02
rhoseini,0a002eb1bcd829c5
 Krzyszt,52367e1aa3d5ae80
of Mazia,ca7ad43075342233
rz Andy ,841d96843adf0149
Davis Qu,0f9862614fa19a99
oc Le Ge,2ce4ac50d919b156
offrey H,56a8680456429238
inton an,06f129a9a1ac796e
d Jeff D,74febc7c4ffabf11
ean Outr,694029d1fb4f428e
ageously,32042b8a124d284b
 large n,6c781014fd3322c6
eural ne,9d6d23a959fa504f
tworks T,09e2b0c3899aef15
he spars,c7f4f31067187218
elygated,d6bf06b055b54d2e
 mixture,bb553b32f6ee506f
ofexpert,f041f55a50c682ef
s layer ,c3c25ceb7f460fc9
arXiv pr,7af973d4cb81fe87
eprint a,e15030bd0b49c8c9
rXiv1701,5fa00a0b9f8cf826
06538  2,6b730886d4142eff
017 33 N,0c9c52e62ea289fd
itish Sr,f7e16842f1da5fa9
ivastava,2ecfc941fc0217c3
 Geoffre,b3082e80b987ccc9
y E Hint,de2b74db74548850
on Alex ,10444ca73d2900a3
Krizhevs,e993c31a092be851
ky Ilya ,448e79054bd120bf
Sutskeve,8111a87298d3e213
r and Ru,bbd810b641ebb935
slan Sal,d6e2452dad58b9d7
akhutdi ,898ecbf576496765
nov Drop,f0244497ccbaaec9
out a si,02830a9dc8dc1643
mple way,d7fa0e3f3e94dc20
 to prev,be8b8f5ede3dc0d1
ent neur,c64326f4e5d044e4
al netwo,96d4304f6e49a5f1
rks from,b5fbaee31dcbbf26
 overfit,7b729646c2b85ff5
ting Jou,dc9b9488aff2257a
rnal of ,cff5ced2342a7168
Machine ,5d56133a8be5007b
Learning,773a72c13943a2a2
 Researc,f472c48f65a448fa
h  15119,6a3703471c226f95
291958 2,9813e0138f79e8a6
014 34 S,c515b71274070f68
ainbayar,005f5b9b2da7a6e3
 Sukhbaa,97e12f83bc1db829
tar Arth,fa4526e9ce8c694a
ur Szlam,98529ac8f04323da
 Jason W,fbbcd64b0e83525c
eston an,8c5e3d26acdf1769
d Rob Fe,ca7d45747005af74
rgus End,bf1c69a313dcb64c
toend me,8ef4b3d876fbff69
mory net,2ef38a25bdfa31ea
works In,4712979f2d288af5
 C Corte,06a4bbcb892e0348
s N D La,c9b81ed8145c7df4
wrence D,15122e5134bc2ba9
 D Lee M,6e8ad861ed3d96f9
 Sugiyam,15a09d2adbfc9b86
a and R ,9f57a7d5e1b1d0f8
Garnett ,fa8f012abc140c83
editors ,e25a07e1542808a6
Advances,9904c2eb3bc8290d
 in Neur,42f4561804a73d85
al Infor,7e8170ed1ee466c9
mation P,065a10f303768f70
rocessin,3aae46fbb42a22c6
g System,9bfe645e549c5e7e
s 28  pa,04eeb18d25bbc716
ges 2440,75e3cd558e1b9331
2448 Cur,48069b1e0d698c78
ran Asso,444a60fe54bf8ba8
ciates I,e579425d433ffd05
nc 2015 ,e737f44c671a1687
35 Ilya ,dd0e56fc4dca0c89
Sutskeve,8111a87298d3e213
r Oriol ,20c1f84dd2aeabaa
Vinyals ,01c76d4f91dd3541
and Quoc,b90c4eeed5ebc131
 VV Le S,d7451ea6bfa19ca0
equence ,7f7590452fd1721e
to seque,5402594c30935f58
nce lear,f29d9102687d9daa
ning wit,01c5b56521c01136
h neural,849a112297426698
 network,c98e2aacf19ac6c3
s In Adv,fca6c7fb58a73c49
ances in,26aa6f05bfa7a73b
 Neural ,50581c29a38732f5
Informat,7f02a95a5826914f
ion Proc,316874cfcd623a18
essing S,4990fd02c9e3faca
ystems  ,2a80b49d03b04206
pages 31,b93470f985514d7b
043112 2,9910a303f1916fbf
014 36 C,3578167af48b124e
hristian,9bd733ee520c9af0
 Szegedy,e5417230215a594c
 Vincent,e41019b95edd4d23
 Vanhouc,c21d94ad0ae7a58e
ke Serge,6ba92e27e17d3011
y Ioffe ,32da9598876fc41e
Jonathon,5879f9a08ceb43d3
 Shlens ,42f3f16ca6f0d91e
and Zbig,e1b1b92c883165d9
niew Woj,8d0aea6df6c70fe0
na Rethi,217cb9dd5a7ff5a4
nking th,9bf2bbe4ff7708df
e incept,4e4e7c652018db37
ion arch,896eca0fc1245ad6
itecture,b8b0d0b359129a43
 for com,f767b6e6fef668bf
puter vi,98470dee9b02baea
sion CoR,fe86c76edbdcb739
R  abs15,3062eb79600677bb
1200567 ,327db38bb57087b1
2015 37 ,5f808c7dfa112ed3
Vinyals ,01c76d4f91dd3541
 Kaiser ,7135117fcf20b625
Koo Petr,9f8e1f29e4042861
ov Sutsk,7de6185f0614352c
ever and,51d40ac8926cdc83
 Hinton ,0e622fd6d73f721d
Grammar ,2ed8e32511320b01
as a for,1a08555090b9f9b6
eign lan,3d873c4ce1d8acfa
guage In,b335076de90c4287
 Advance,77da8b26fb44272f
s in Neu,b1de4595adb3db52
ral Info,640f29136dac8477
rmation ,558c28915ee0d184
Processi,952f031f985b0004
ng Syste,fa81d4f04d99aadb
ms  2015,b48bba1dde375301
 38 Yong,043d7d43a4f928ed
hui Wu M,fc8841a0c431cb7e
ike Schu,c72fb824692310a8
ster Zhi,3cb037a113935b6c
feng Che,c2bde82d372074c5
n Quoc V,739c0b3550af17ff
 Le Moha,cc5c6a063a63e6c0
mmad Nor,7a3f42e0658aa7dc
ouzi Wol,66f78b9368926143
fgang Ma,84167dfc7cf75733
cherey M,bbbf1ecd3c5c433e
axim Kri,26c9dab222630538
kun Yuan,94a4597a114b58a7
 Cao Qin,e235c2a6b0440e7a
 Gao Kla,990d618f6267b294
us Mache,fc40718e4debafff
rey et a,b5800b8cb95e6adb
l Google,422cf0e7eeacfc0b
s neural,6a96db7e163eac80
 machine,459eb79b42a17eb7
 transla,02d29aea68c40834
tion sys,6e979fe4ad9fae67
tem Brid,d542caa7d7695ef9
ging the,dfb19d552804146d
 gap bet,37176962eb9236a7
ween hum,e3cce832077b7ac8
an and m,fcfd75a9fd6b6274
achine t,1102e17a363047ea
ranslati,981bf9fc69af53da
on arXiv,4d6adf709fd1ac63
 preprin,9ab9a74e56aa71c6
t arXiv1,0bf951c2774269fd
60908144,93fdf206ee5ce609
  2016 3,53587f2d9e20d5ea
9 Jie Zh,41817678266962d8
ou Ying ,e79e902358c7d4d2
Cao Xugu,034a6089f7f5a4ff
ang Wang,97f8d3a79e63ec35
 Peng Li,db4d4f04a5339d00
 and Wei,92e194117a32b67d
 Xu Deep,4711548ee72de4ac
 recurre,38ec7150053f276f
nt model,9fd3a3b748ee16a0
s with f,9a20688db30662f6
astforwa,60a47053c13e19a4
rd conne,3208779845b834c6
ctions f,41ba5e32cafd200d
or neura,f7e92ffc401c81dd
l machin,6a712a42901b7edb
e transl,268efe14cfcb6a32
ation Co,326f06ed086966a7
RR  abs1,8b409e441bc4d9ad
60604199,c225e29daa8eddf1
 2016 40,97abe6ee09793bf6
 Muhua Z,21479eedd53fe6ee
hu Yue Z,74ee2b25f7a12e78
hang Wen,b16a7523ac2758ee
liang Ch,eba556fcc0014eaa
en Min Z,8ad9a356971c19b6
hang and,42ff4939aea62eab
 Jingbo ,a8e85b72c2ec4e5b
Zhu Fast,5c6665f7992ff271
 and acc,e6c689fe99f1f905
urate sh,92700724f969a509
iftreduc,8b2fee62b18ce442
e consti,6c73bd4ca5b4cf9e
tuent pa,9dac8ee8c1db0d0d
rsing In,4b43951fec452356
 Proceed,ade0932d49b9f727
ings of ,0b68456f67c42113
the 51st,1d35c65f461b5da5
 Annual ,c788f507233f016a
Meeting ,6d16bdc0b70b0558
of the A,805e88a1f593d2b9
CL Volum,9d65349c75a3830c
e 1 Long,b6b2352c2daeee2c
 Papers ,62f793bb013b0455
 pages 4,171f53424bdcd3e5
34443 AC,edc1c3fdbdeb49e3
L August,188e42bf0de254e8
 2013 12,966a11ea397bc27b
Attentio,71c490306dff5ac5
n Visual,404eb98631da629a
izations,aee61b26459e24f0
 InputIn,c8977182ab8fec8c
put Laye,0c3bac841bdbb798
r5 It is,e92f454cc9fdd79d
 in this,938a2e09e0895d37
 spirit ,ee83a61e97e6c30c
that a m,fcb20695fbf46aad
ajority ,b697cc8f656bfb17
of Ameri,281be1555a7ef13f
can gove,aafb9809d1de0cac
rnments ,8a9689abdd2932fe
have pas,8fec020c9373f028
sed new ,010caf3fc06569d2
laws sin,46c2f275cad49726
ce 2009 ,7a2acea020885f47
making t,17dcfb27fef12cd6
he regis,313c3b4e971324d4
tration ,51b5776d5f2f7b1c
or votin,fbf3663a2aa8b14e
g proces,ea8856e337da02b8
s more d,c21639e90e46353e
ifficult,c7c2ca6d67530cfd
  EOS pa,3c954a2d943cecfa
d pad pa,5f82531783e8aa7d
d pad pa,5f82531783e8aa7d
d pad It,e14ce1b428dd2b83
 is in t,9fe3feb6b4ed313c
his spir,100edbcbb00b9151
it that ,d11eefc861619e3b
a majori,324834f4b26f5557
ty of Am,890c78367ef5b9fe
erican g,27a056469e8f67ff
overnmen,c974abe8a3e19d24
ts have ,207dbf3d409a9c3a
passed n,5c3b35b3e8db5106
ew laws ,2a9a9fbe29835de3
since 20,e96a13bfe621b7e1
09 makin,616b2f1cc3f040db
g the re,b0ab2e1ff8e2dab8
gistrati,0f0068b155852eff
on or vo,d1b379e76173c18f
ting pro,6ae69e620d18b2b0
cess mor,3ad51174644a5369
e diffic,009bc9a3b22aace7
ult  EOS,1a38d26cf18b4979
 pad pad,120f9e986dba69b9
 pad pad,120f9e986dba69b9
 pad pad,120f9e986dba69b9
 Figure ,3cf81ca726fe1e2f
3 An exa,40d26dfbefe43490
mple of ,03902607554cbbfc
the atte,204ba92da6a2b676
ntion me,627dc4076409ec75
chanism ,c26d4e8958db26d5
followin,a43f45be10963fa2
g longdi,1b19e8e31bcee6da
stance d,23d5245302282457
ependenc,dacc34f309eb57b3
ies in t,68339d1a98ec8449
he encod,c7369a90fef1f3b6
er selfa,05b053c1f9f435df
ttention,85bc5ed972bfbba3
 in laye,f8c8dcad2790196e
r 5 of 6,6611c78c63015c7e
 Many of,939a81468e873b94
 the att,b9f5f12a2f2ec2df
ention h,8d880e7b255c578a
eads att,c5943fc33544ce32
end to a,b37af11803001433
 distant,c953a0fa4de3ab3f
 depende,7e4f13084a49a2ec
ncy of t,2d114c37f3aa5799
he verb ,6f8ec596b8855996
making c,0ff81dd7693b0559
ompletin,6edcbb244110fe04
g the ph,f0ead5ce05d9ceb5
rase mak,04c073bbbbbbd7eb
ingmore ,e04337aac3d2fd16
difficul,caaee3043fd454e6
t Attent,39d13e83523f8309
ions her,f8e073846b587137
e shown ,1ae90aef682dcdf7
only for,2d2db73e774caadb
 the wor,257dd10be9ea93e3
d making,593df2ef3f314a88
 Differe,8e042e916d53e482
nt color,178982ae9d90cfaf
s repres,ef42983610275b95
ent diff,4745f79ee7d98d82
erent he,96af21a7a9a5c276
ads Best,5321f42bbcbe375e
 viewed ,00853a7df3daa69d
in color,75be8450c117b1b9
 13Input,88ab9a4a4d4ef1d1
Input La,4c140cfc80d58fac
yer5 The,cc8b8799f25e9f0e
 Law wil,d5a9e5974bdba422
l never ,8fc3b6ae7dea4dbd
be perfe,79ca229271dea2a1
ct  but ,b3a22c30d4a5ffd2
its appl,92d7bfedbe93f366
ication ,262a6a9c8796a78a
should b,09711164544779ef
e just  ,da4280708a3df1a9
this is ,24b6aedf54da044d
what we ,be015e7e231dfb32
are miss,c892b5533e673897
ing  in ,92ed8f0d50a1425e
my opini,edc9a28ed32e386a
on  EOS ,b0fbd180d175d77b
pad The ,c5467c5e7e52ec20
Law will,7277b111ddde3c1e
 never b,6470153899dd8208
e perfec,a59c2fb3eec697db
t  but i,a885e1af188abe71
ts appli,829d78472793dcc5
cation s,19899aba7a10db21
hould be,83a9e17bc5a78a05
 just  t,825bd9178cc6df96
his is w,67dbd30dff907ebd
hat we a,4838212b5b3e37a7
re missi,3ee5bb8ee2f9002a
ng  in m,21f7c183f4b862ad
y opinio,97dbfcb368b8b0e5
n  EOS p,fe7327a330248a9c
ad Input,278a20bb487f4830
Input La,4c140cfc80d58fac
yer5 The,cc8b8799f25e9f0e
 Law wil,d5a9e5974bdba422
l never ,8fc3b6ae7dea4dbd
be perfe,79ca229271dea2a1
ct  but ,b3a22c30d4a5ffd2
its appl,92d7bfedbe93f366
ication ,262a6a9c8796a78a
should b,09711164544779ef
e just  ,da4280708a3df1a9
this is ,24b6aedf54da044d
what we ,be015e7e231dfb32
are miss,c892b5533e673897
ing  in ,92ed8f0d50a1425e
my opini,edc9a28ed32e386a
on  EOS ,b0fbd180d175d77b
pad The ,c5467c5e7e52ec20
Law will,7277b111ddde3c1e
 never b,6470153899dd8208
e perfec,a59c2fb3eec697db
t  but i,a885e1af188abe71
ts appli,829d78472793dcc5
cation s,19899aba7a10db21
hould be,83a9e17bc5a78a05
 just  t,825bd9178cc6df96
his is w,67dbd30dff907ebd
hat we a,4838212b5b3e37a7
re missi,3ee5bb8ee2f9002a
ng  in m,21f7c183f4b862ad
y opinio,97dbfcb368b8b0e5
n  EOS p,fe7327a330248a9c
adFigure,407c2bd9d8052a4b
 4 Two a,8d14c7a01fc42ec0
ttention,85bc5ed972bfbba3
 heads a,5ac30088b6a695af
lso in l,9f4bdf4019951646
ayer 5 o,57ce4f8c370a0b9b
f 6 appa,80556b794aa5cda1
rently i,c998cb0c6e554e80
nvolved ,e9149e5c8cd68cff
in anaph,034d05d08d47f0d7
ora reso,a05e1792ce021368
lution T,789099a57c99a33b
op Full ,bf409e6e883093cf
attentio,b8c71d44b636988a
ns for h,e6ce7f9fd88b4edf
ead 5 Bo,0c155f3ba2e3996f
ttom Iso,8334abfa403bd71d
lated at,a6ccfc61196e2d87
tentions,079a1801b13dedfd
 from ju,883486366e4d0a49
st the w,c0d4be7966b4b1d5
ord its ,3b588b213b875d0c
for atte,2a8a594fa50c9589
ntion he,c5d8a8d164413b2d
ads 5 an,df508177c0b8abc3
d 6 Note,0482bcbb1e8b9e07
 that th,2e92c3bfbe850fc4
e attent,dd0d0ab7d67382f4
ions are,649c1728e538f54e
 very sh,dafe9cee28e51a98
arp for ,19518b174ea042a1
this wor,7a2d38145d901075
d 14Inpu,78291ae9cd089508
tInput L,a2ddc0acadcaf682
ayer5 Th,ddebb34341439970
e Law wi,7fe8e55af58749df
ll never,0713d09153874d81
 be perf,d2a4a63cbdce6c70
ect  but,3229230dd6c7206e
 its app,9a1df8e7efbce263
lication,00b25ae1a351ca1d
 should ,70944e4bf7c15710
be just ,2052a92979164c40
 this is,9c0eb6272023d6bd
 what we,24fc1d0e62330040
 are mis,33ef6320be9803da
sing  in,eda313eafcea9b9b
 my opin,3e65980f83ffab47
ion  EOS,90758b6cecfab255
 pad The,203cdaa2c6456935
 Law wil,d5a9e5974bdba422
l never ,8fc3b6ae7dea4dbd
be perfe,79ca229271dea2a1
ct  but ,b3a22c30d4a5ffd2
its appl,92d7bfedbe93f366
ication ,262a6a9c8796a78a
should b,09711164544779ef
e just  ,da4280708a3df1a9
this is ,24b6aedf54da044d
what we ,be015e7e231dfb32
are miss,c892b5533e673897
ing  in ,92ed8f0d50a1425e
my opini,edc9a28ed32e386a
on  EOS ,b0fbd180d175d77b
pad Inpu,7bbdc8ae000c670c
tInput L,a2ddc0acadcaf682
ayer5 Th,ddebb34341439970
e Law wi,7fe8e55af58749df
ll never,0713d09153874d81
 be perf,d2a4a63cbdce6c70
ect  but,3229230dd6c7206e
 its app,9a1df8e7efbce263
lication,00b25ae1a351ca1d
 should ,70944e4bf7c15710
be just ,2052a92979164c40
 this is,9c0eb6272023d6bd
 what we,24fc1d0e62330040
 are mis,33ef6320be9803da
sing  in,eda313eafcea9b9b
 my opin,3e65980f83ffab47
ion  EOS,90758b6cecfab255
 pad The,203cdaa2c6456935
 Law wil,d5a9e5974bdba422
l never ,8fc3b6ae7dea4dbd
be perfe,79ca229271dea2a1
ct  but ,b3a22c30d4a5ffd2
its appl,92d7bfedbe93f366
ication ,262a6a9c8796a78a
should b,09711164544779ef
e just  ,da4280708a3df1a9
this is ,24b6aedf54da044d
what we ,be015e7e231dfb32
are miss,c892b5533e673897
ing  in ,92ed8f0d50a1425e
my opini,edc9a28ed32e386a
on  EOS ,b0fbd180d175d77b
padFigur,1f95fa79a574132a
e 5 Many,afbd71a238a2dfc8
 of the ,9b6ac6a00cf3b660
attentio,b8c71d44b636988a
n heads ,89735f1a46d62403
exhibit ,991eaeda4a6e93f5
behaviou,8aff0ffe83dfa3d0
r that s,6c644280d16af6c4
eems rel,72b66b0396fe4d46
ated to ,7b8fac425cb8c26c
the stru,87741b98c914871f
cture of,3df11ffbd0a18b8d
 the sen,f19f6396e780319c
tence We,aaca5af231287817
 give tw,6bebfff39faf3b9c
o such e,7574670199cb9e03
xamples ,5571805be848275d
above fr,b305e44205f588d9
om two d,62aa912d6aff8d86
ifferent,1e7a204649b6dc37
 heads f,68f69a029667ab33
rom the ,76689b7b77392d9e
encoder ,1f79d3eae2c5ad6c
selfatte,1b332c20f7771399
ntion at,e0772ab75b8b2a51
 layer 5,47734113db6c065d
 of 6 Th,1d717c30d1fe58d1
e heads ,afeb856ef2cf2f5a
clearly ,411d16fb9c24baf4
learned ,349a2a00c4146a05
to perfo,5b0a911b94cb66bc
rm diffe,02247be04e5de247
rent tas,36c1e9bc10898b1f
ks 15   ,df6e32b7e4bf650d
